{"type":"FeatureCollection","features":[{"type":"Feature","id":"fire:20240613:01c837c269","geometry":{"type":"Point","coordinates":[35.73169,33.36375]},"properties":{"entity_type":"fire_detection","acq_date":"2024-06-13","acq_time_utc":"23:41","day_night":"Night","geom_origin":"satellite_pixel_centre","spatial_precision":"satellite_pixel"}},{"type":"Feature","id":"fire:20240613:17057de852","geometry":{"type":"Point","coordinates":[35.73557,33.35919]},"properties":{"entity_type":"fire_detection","acq_date":"2024-06-13","acq_time_utc":"23:41","day_night":"Night","geom_origin":"satellite_pixel_centre","spatial_precision":"satellite_pixel"}},{"type":"Feature","id":"fire:20240613:195907283f","geometry":{"type":"Point","coordinates":[35.7488,33.3589]},"properties":{"entity_type":"fire_detection","acq_date":"2024-06-13","acq_time_utc":"11:19","day_night":"Day","geom_origin":"satellite_pixel_centre","spatial_precision":"satellite_pixel"}},{"type":"Feature","id":"fire:20240613:2d7374dce0","geometry":{"type":"Point","coordinates":[35.30196,33.43373]},"properties":{"entity_type":"fire_detection","acq_date":"2024-06-13","acq_time_utc":"00:00","day_night":"Night","geom_origin":"satellite_pixel_centre","spatial_precision":"satellite_pixel"}},{"type":"Feature","id":"fire:20240613:3525101b81","geometry":{"type":"Point","coordinates":[35.48932,33.14399]},"properties":{"entity_type":"fire_detection","acq_date":"2024-06-13","acq_time_utc":"11:19","day_night":"Day","geom_origin":"satellite_pixel_centre","spatial_precision":"satellite_pixel"}},{"type":"Feature","id":"fire:20240613:6b2bf07d41","geometry":{"type":"Point","coordinates":[35.73089,33.36009]},"properties":{"entity_type":"fire_detection","acq_date":"2024-06-13","acq_time_utc":"23:41","day_night":"Night","geom_origin":"satellite_pixel_centre","spatial_precision":"satellite_pixel"}},{"type":"Feature","id":"fire:20240613:7c1d276769","geometry":{"type":"Point","coordinates":[35.35091,33.06738]},"properties":{"entity_type":"fire_detection","acq_date":"2024-06-13","acq_time_utc":"11:19","day_night":"Day","geom_origin":"satellite_pixel_centre","spatial_precision":"satellite_pixel"}},{"type":"Feature","id":"fire:20240613:867bb36fa6","geometry":{"type":"Point","coordinates":[35.51481,33.27761]},"properties":{"entity_type":"fire_detection","acq_date":"2024-06-13","acq_time_utc":"11:19","day_night":"Day","geom_origin":"satellite_pixel_centre","spatial_precision":"satellite_pixel"}},{"type":"Feature","id":"fire:20240613:93e57a5b5c","geometry":{"type":"Point","coordinates":[35.34875,33.06832]},"properties":{"entity_type":"fire_detection","acq_date":"2024-06-13","acq_time_utc":"11:19","day_night":"Day","geom_origin":"satellite_pixel_centre","spatial_precision":"satellite_pixel"}},{"type":"Feature","id":"fire:20240613:bb31f19b53","geometry":{"type":"Point","coordinates":[35.60981,33.44971]},"properties":{"entity_type":"fire_detection","acq_date":"2024-06-13","acq_time_utc":"11:19","day_night":"Day","geom_origin":"satellite_pixel_centre","spatial_precision":"satellite_pixel"}},{"type":"Feature","id":"fire:20240613:bc07d19bb8","geometry":{"type":"Point","coordinates":[35.4859,33.14374]},"properties":{"entity_type":"fire_detection","acq_date":"2024-06-13","acq_time_utc":"11:19","day_night":"Day","geom_origin":"satellite_pixel_centre","spatial_precision":"satellite_pixel"}},{"type":"Feature","id":"fire:20240613:c59c5b2593","geometry":{"type":"Point","coordinates":[35.73637,33.36285]},"properties":{"entity_type":"fire_detection","acq_date":"2024-06-13","acq_time_utc":"23:41","day_night":"Night","geom_origin":"satellite_pixel_centre","spatial_precision":"satellite_pixel"}},{"type":"Feature","id":"fire:20240613:d5479cd898","geometry":{"type":"Point","coordinates":[35.51155,33.27736]},"properties":{"entity_type":"fire_detection","acq_date":"2024-06-13","acq_time_utc":"11:19","day_night":"Day","geom_origin":"satellite_pixel_centre","spatial_precision":"satellite_pixel"}},{"type":"Feature","id":"fire:20240614:087d0e0f93","geometry":{"type":"Point","coordinates":[35.31007,33.11757]},"properties":{"entity_type":"fire_detection","acq_date":"2024-06-14","acq_time_utc":"23:22","day_night":"Night","geom_origin":"satellite_pixel_centre","spatial_precision":"satellite_pixel"}},{"type":"Feature","id":"fire:20240614:103acf6f55","geometry":{"type":"Point","coordinates":[35.30527,33.11488]},"properties":{"entity_type":"fire_detection","acq_date":"2024-06-14","acq_time_utc":"23:22","day_night":"Night","geom_origin":"satellite_pixel_centre","spatial_precision":"satellite_pixel"}},{"type":"Feature","id":"fire:20240614:17594d1782","geometry":{"type":"Point","coordinates":[35.59544,33.26088]},"properties":{"entity_type":"fire_detection","acq_date":"2024-06-14","acq_time_utc":"11:00","day_night":"Day","geom_origin":"satellite_pixel_centre","spatial_precision":"satellite_pixel"}},{"type":"Feature","id":"fire:20240614:18c38d0bd4","geometry":{"type":"Point","coordinates":[35.73146,33.35667]},"properties":{"entity_type":"fire_detection","acq_date":"2024-06-14","acq_time_utc":"23:22","day_night":"Night","geom_origin":"satellite_pixel_centre","spatial_precision":"satellite_pixel"}},{"type":"Feature","id":"fire:20240614:21c149664b","geometry":{"type":"Point","coordinates":[36.29329,34.47181]},"properties":{"entity_type":"fire_detection","acq_date":"2024-06-14","acq_time_utc":"23:22","day_night":"Night","geom_origin":"satellite_pixel_centre","spatial_precision":"satellite_pixel"}},{"type":"Feature","id":"fire:20240614:292a59711b","geometry":{"type":"Point","coordinates":[35.73561,33.35604]},"properties":{"entity_type":"fire_detection","acq_date":"2024-06-14","acq_time_utc":"23:22","day_night":"Night","geom_origin":"satellite_pixel_centre","spatial_precision":"satellite_pixel"}},{"type":"Feature","id":"fire:20240614:30a6354ed0","geometry":{"type":"Point","coordinates":[35.75046,33.35698]},"properties":{"entity_type":"fire_detection","acq_date":"2024-06-14","acq_time_utc":"11:00","day_night":"Day","geom_origin":"satellite_pixel_centre","spatial_precision":"satellite_pixel"}},{"type":"Feature","id":"fire:20240614:312a7024e5","geometry":{"type":"Point","coordinates":[35.73635,33.35932]},"properties":{"entity_type":"fire_detection","acq_date":"2024-06-14","acq_time_utc":"23:22","day_night":"Night","geom_origin":"satellite_pixel_centre","spatial_precision":"satellite_pixel"}},{"type":"Feature","id":"fire:20240614:4bf0c0ce5a","geometry":{"type":"Point","coordinates":[35.74048,33.35869]},"properties":{"entity_type":"fire_detection","acq_date":"2024-06-14","acq_time_utc":"23:22","day_night":"Night","geom_origin":"satellite_pixel_centre","spatial_precision":"satellite_pixel"}},{"type":"Feature","id":"fire:20240614:644ed9da34","geometry":{"type":"Point","coordinates":[35.74911,33.36082]},"properties":{"entity_type":"fire_detection","acq_date":"2024-06-14","acq_time_utc":"11:00","day_night":"Day","geom_origin":"satellite_pixel_centre","spatial_precision":"satellite_pixel"}},{"type":"Feature","id":"fire:20240614:975c372317","geometry":{"type":"Point","coordinates":[35.73899,33.35213]},"properties":{"entity_type":"fire_detection","acq_date":"2024-06-14","acq_time_utc":"23:22","day_night":"Night","geom_origin":"satellite_pixel_centre","spatial_precision":"satellite_pixel"}},{"type":"Feature","id":"fire:20240614:a8d94cbd83","geometry":{"type":"Point","coordinates":[36.42086,34.37009]},"properties":{"entity_type":"fire_detection","acq_date":"2024-06-14","acq_time_utc":"11:00","day_night":"Day","geom_origin":"satellite_pixel_centre","spatial_precision":"satellite_pixel"}},{"type":"Feature","id":"fire:20240614:aa09c30fe2","geometry":{"type":"Point","coordinates":[35.73486,33.35277]},"properties":{"entity_type":"fire_detection","acq_date":"2024-06-14","acq_time_utc":"23:22","day_night":"Night","geom_origin":"satellite_pixel_centre","spatial_precision":"satellite_pixel"}},{"type":"Feature","id":"fire:20240614:ca31910b63","geometry":{"type":"Point","coordinates":[35.73221,33.35995]},"properties":{"entity_type":"fire_detection","acq_date":"2024-06-14","acq_time_utc":"23:22","day_night":"Night","geom_origin":"satellite_pixel_centre","spatial_precision":"satellite_pixel"}},{"type":"Feature","id":"fire:20240614:dfd83f00ed","geometry":{"type":"Point","coordinates":[35.73974,33.35541]},"properties":{"entity_type":"fire_detection","acq_date":"2024-06-14","acq_time_utc":"23:22","day_night":"Night","geom_origin":"satellite_pixel_centre","spatial_precision":"satellite_pixel"}},{"type":"Feature","id":"fire:20240614:e4abbf6f70","geometry":{"type":"Point","coordinates":[35.75534,33.36148]},"properties":{"entity_type":"fire_detection","acq_date":"2024-06-14","acq_time_utc":"11:00","day_night":"Day","geom_origin":"satellite_pixel_centre","spatial_precision":"satellite_pixel"}},{"type":"Feature","id":"fire:20240614:e5870e6089","geometry":{"type":"Point","coordinates":[35.58529,33.26653]},"properties":{"entity_type":"fire_detection","acq_date":"2024-06-14","acq_time_utc":"23:22","day_night":"Night","geom_origin":"satellite_pixel_centre","spatial_precision":"satellite_pixel"}},{"type":"Feature","id":"fire:20240614:fdbddf9524","geometry":{"type":"Point","coordinates":[35.59422,33.26857]},"properties":{"entity_type":"fire_detection","acq_date":"2024-06-14","acq_time_utc":"23:22","day_night":"Night","geom_origin":"satellite_pixel_centre","spatial_precision":"satellite_pixel"}},{"type":"Feature","id":"fire:20240615:0708c0c190","geometry":{"type":"Point","coordinates":[35.15415,33.12321]},"properties":{"entity_type":"fire_detection","acq_date":"2024-06-15","acq_time_utc":"10:41","day_night":"Day","geom_origin":"satellite_pixel_centre","spatial_precision":"satellite_pixel"}},{"type":"Feature","id":"fire:20240615:713b6682e9","geometry":{"type":"Point","coordinates":[35.58458,33.27247]},"properties":{"entity_type":"fire_detection","acq_date":"2024-06-15","acq_time_utc":"23:03","day_night":"Night","geom_origin":"satellite_pixel_centre","spatial_precision":"satellite_pixel"}},{"type":"Feature","id":"fire:20240615:b16c2a3435","geometry":{"type":"Point","coordinates":[35.58603,33.27261]},"properties":{"entity_type":"fire_detection","acq_date":"2024-06-15","acq_time_utc":"23:03","day_night":"Night","geom_origin":"satellite_pixel_centre","spatial_precision":"satellite_pixel"}},{"type":"Feature","id":"fire:20240616:100dd09a47","geometry":{"type":"Point","coordinates":[35.95564,33.78262]},"properties":{"entity_type":"fire_detection","acq_date":"2024-06-16","acq_time_utc":"22:44","day_night":"Night","geom_origin":"satellite_pixel_centre","spatial_precision":"satellite_pixel"}},{"type":"Feature","id":"fire:20240616:237ce3dde2","geometry":{"type":"Point","coordinates":[35.69228,33.71175]},"properties":{"entity_type":"fire_detection","acq_date":"2024-06-16","acq_time_utc":"10:22","day_night":"Day","geom_origin":"satellite_pixel_centre","spatial_precision":"satellite_pixel"}},{"type":"Feature","id":"fire:20240616:7852e2859f","geometry":{"type":"Point","coordinates":[35.55291,33.79551]},"properties":{"entity_type":"fire_detection","acq_date":"2024-06-16","acq_time_utc":"10:22","day_night":"Day","geom_origin":"satellite_pixel_centre","spatial_precision":"satellite_pixel"}},{"type":"Feature","id":"fire:20240618:28274978eb","geometry":{"type":"Point","coordinates":[35.5755,33.26594]},"properties":{"entity_type":"fire_detection","acq_date":"2024-06-18","acq_time_utc":"09:45","day_night":"Day","geom_origin":"satellite_pixel_centre","spatial_precision":"satellite_pixel"}},{"type":"Feature","id":"fire:20240618:70d6aa7700","geometry":{"type":"Point","coordinates":[35.29306,33.37024]},"properties":{"entity_type":"fire_detection","acq_date":"2024-06-18","acq_time_utc":"11:25","day_night":"Day","geom_origin":"satellite_pixel_centre","spatial_precision":"satellite_pixel"}},{"type":"Feature","id":"fire:20240619:4720971657","geometry":{"type":"Point","coordinates":[35.2306,33.09565]},"properties":{"entity_type":"fire_detection","acq_date":"2024-06-19","acq_time_utc":"11:06","day_night":"Day","geom_origin":"satellite_pixel_centre","spatial_precision":"satellite_pixel"}},{"type":"Feature","id":"fire:20240619:76e4e70489","geometry":{"type":"Point","coordinates":[36.2201,34.15408]},"properties":{"entity_type":"fire_detection","acq_date":"2024-06-19","acq_time_utc":"23:28","day_night":"Night","geom_origin":"satellite_pixel_centre","spatial_precision":"satellite_pixel"}},{"type":"Feature","id":"fire:20240620:5bc743556d","geometry":{"type":"Point","coordinates":[35.77948,33.59439]},"properties":{"entity_type":"fire_detection","acq_date":"2024-06-20","acq_time_utc":"10:47","day_night":"Day","geom_origin":"satellite_pixel_centre","spatial_precision":"satellite_pixel"}},{"type":"Feature","id":"fire:20240620:7e6eda909a","geometry":{"type":"Point","coordinates":[35.93938,33.7207]},"properties":{"entity_type":"fire_detection","acq_date":"2024-06-20","acq_time_utc":"23:09","day_night":"Night","geom_origin":"satellite_pixel_centre","spatial_precision":"satellite_pixel"}},{"type":"Feature","id":"fire:20240620:85ae6733c4","geometry":{"type":"Point","coordinates":[35.21054,33.0982]},"properties":{"entity_type":"fire_detection","acq_date":"2024-06-20","acq_time_utc":"10:47","day_night":"Day","geom_origin":"satellite_pixel_centre","spatial_precision":"satellite_pixel"}},{"type":"Feature","id":"fire:20240620:94d8f9924d","geometry":{"type":"Point","coordinates":[35.95015,33.72496]},"properties":{"entity_type":"fire_detection","acq_date":"2024-06-20","acq_time_utc":"10:47","day_night":"Day","geom_origin":"satellite_pixel_centre","spatial_precision":"satellite_pixel"}},{"type":"Feature","id":"fire:20240620:9c51311c87","geometry":{"type":"Point","coordinates":[36.02322,33.93426]},"properties":{"entity_type":"fire_detection","acq_date":"2024-06-20","acq_time_utc":"10:47","day_night":"Day","geom_origin":"satellite_pixel_centre","spatial_precision":"satellite_pixel"}},{"type":"Feature","id":"fire:20240620:e37b7f026d","geometry":{"type":"Point","coordinates":[35.95387,33.72896]},"properties":{"entity_type":"fire_detection","acq_date":"2024-06-20","acq_time_utc":"10:47","day_night":"Day","geom_origin":"satellite_pixel_centre","spatial_precision":"satellite_pixel"}},{"type":"Feature","id":"fire:20240620:f7112b77f4","geometry":{"type":"Point","coordinates":[35.94462,33.72003]},"properties":{"entity_type":"fire_detection","acq_date":"2024-06-20","acq_time_utc":"23:09","day_night":"Night","geom_origin":"satellite_pixel_centre","spatial_precision":"satellite_pixel"}},{"type":"Feature","id":"fire:20240620:ff9278431a","geometry":{"type":"Point","coordinates":[35.95443,33.72551]},"properties":{"entity_type":"fire_detection","acq_date":"2024-06-20","acq_time_utc":"10:47","day_night":"Day","geom_origin":"satellite_pixel_centre","spatial_precision":"satellite_pixel"}},{"type":"Feature","id":"fire:20240621:2dcb5cb7c0","geometry":{"type":"Point","coordinates":[35.43739,33.4006]},"properties":{"entity_type":"fire_detection","acq_date":"2024-06-21","acq_time_utc":"22:51","day_night":"Night","geom_origin":"satellite_pixel_centre","spatial_precision":"satellite_pixel"}},{"type":"Feature","id":"fire:20240621:b54c1dcdf5","geometry":{"type":"Point","coordinates":[35.97202,34.48703]},"properties":{"entity_type":"fire_detection","acq_date":"2024-06-21","acq_time_utc":"22:50","day_night":"Night","geom_origin":"satellite_pixel_centre","spatial_precision":"satellite_pixel"}},{"type":"Feature","id":"fire:20240621:c0c10c7020","geometry":{"type":"Point","coordinates":[35.43861,33.40115]},"properties":{"entity_type":"fire_detection","acq_date":"2024-06-21","acq_time_utc":"22:51","day_night":"Night","geom_origin":"satellite_pixel_centre","spatial_precision":"satellite_pixel"}},{"type":"Feature","id":"fire:20240622:0e3a7d9d5d","geometry":{"type":"Point","coordinates":[35.82867,33.61347]},"properties":{"entity_type":"fire_detection","acq_date":"2024-06-22","acq_time_utc":"10:09","day_night":"Day","geom_origin":"satellite_pixel_centre","spatial_precision":"satellite_pixel"}},{"type":"Feature","id":"fire:20240622:286a4cacbf","geometry":{"type":"Point","coordinates":[35.82918,33.82121]},"properties":{"entity_type":"fire_detection","acq_date":"2024-06-22","acq_time_utc":"10:09","day_night":"Day","geom_origin":"satellite_pixel_centre","spatial_precision":"satellite_pixel"}},{"type":"Feature","id":"fire:20240622:ef9c4d7cf9","geometry":{"type":"Point","coordinates":[35.83334,33.61446]},"properties":{"entity_type":"fire_detection","acq_date":"2024-06-22","acq_time_utc":"10:09","day_night":"Day","geom_origin":"satellite_pixel_centre","spatial_precision":"satellite_pixel"}},{"type":"Feature","id":"fire:20240622:f39428a1c7","geometry":{"type":"Point","coordinates":[35.85017,33.81244]},"properties":{"entity_type":"fire_detection","acq_date":"2024-06-22","acq_time_utc":"10:09","day_night":"Day","geom_origin":"satellite_pixel_centre","spatial_precision":"satellite_pixel"}},{"type":"Feature","id":"fire:20240623:04da312fe1","geometry":{"type":"Point","coordinates":[36.13448,34.62126]},"properties":{"entity_type":"fire_detection","acq_date":"2024-06-23","acq_time_utc":"09:51","day_night":"Day","geom_origin":"satellite_pixel_centre","spatial_precision":"satellite_pixel"}},{"type":"Feature","id":"fire:20240623:1c7401571a","geometry":{"type":"Point","coordinates":[35.92022,34.38725]},"properties":{"entity_type":"fire_detection","acq_date":"2024-06-23","acq_time_utc":"23:53","day_night":"Night","geom_origin":"satellite_pixel_centre","spatial_precision":"satellite_pixel"}},{"type":"Feature","id":"fire:20240623:2070470739","geometry":{"type":"Point","coordinates":[36.1436,34.6221]},"properties":{"entity_type":"fire_detection","acq_date":"2024-06-23","acq_time_utc":"11:31","day_night":"Day","geom_origin":"satellite_pixel_centre","spatial_precision":"satellite_pixel"}},{"type":"Feature","id":"fire:20240623:2e1cf311e5","geometry":{"type":"Point","coordinates":[36.13224,34.62169]},"properties":{"entity_type":"fire_detection","acq_date":"2024-06-23","acq_time_utc":"11:31","day_night":"Day","geom_origin":"satellite_pixel_centre","spatial_precision":"satellite_pixel"}},{"type":"Feature","id":"fire:20240623:34350f5cb4","geometry":{"type":"Point","coordinates":[36.14268,34.62003]},"properties":{"entity_type":"fire_detection","acq_date":"2024-06-23","acq_time_utc":"11:31","day_night":"Day","geom_origin":"satellite_pixel_centre","spatial_precision":"satellite_pixel"}},{"type":"Feature","id":"fire:20240623:359b4c07f0","geometry":{"type":"Point","coordinates":[36.14153,34.54985]},"properties":{"entity_type":"fire_detection","acq_date":"2024-06-23","acq_time_utc":"11:31","day_night":"Day","geom_origin":"satellite_pixel_centre","spatial_precision":"satellite_pixel"}},{"type":"Feature","id":"fire:20240623:49118f3e2a","geometry":{"type":"Point","coordinates":[36.15908,34.54824]},"properties":{"entity_type":"fire_detection","acq_date":"2024-06-23","acq_time_utc":"11:31","day_night":"Day","geom_origin":"satellite_pixel_centre","spatial_precision":"satellite_pixel"}},{"type":"Feature","id":"fire:20240623:4cc505831c","geometry":{"type":"Point","coordinates":[36.14532,34.54361]},"properties":{"entity_type":"fire_detection","acq_date":"2024-06-23","acq_time_utc":"11:31","day_night":"Day","geom_origin":"satellite_pixel_centre","spatial_precision":"satellite_pixel"}},{"type":"Feature","id":"fire:20240623:51848d6632","geometry":{"type":"Point","coordinates":[36.14869,34.62028]},"properties":{"entity_type":"fire_detection","acq_date":"2024-06-23","acq_time_utc":"11:31","day_night":"Day","geom_origin":"satellite_pixel_centre","spatial_precision":"satellite_pixel"}},{"type":"Feature","id":"fire:20240623:5462f0755c","geometry":{"type":"Point","coordinates":[36.13782,34.62189]},"properties":{"entity_type":"fire_detection","acq_date":"2024-06-23","acq_time_utc":"11:31","day_night":"Day","geom_origin":"satellite_pixel_centre","spatial_precision":"satellite_pixel"}},{"type":"Feature","id":"fire:20240623:5ea0714375","geometry":{"type":"Point","coordinates":[36.00239,33.96577]},"properties":{"entity_type":"fire_detection","acq_date":"2024-06-23","acq_time_utc":"09:51","day_night":"Day","geom_origin":"satellite_pixel_centre","spatial_precision":"satellite_pixel"}},{"type":"Feature","id":"fire:20240623:614942f007","geometry":{"type":"Point","coordinates":[36.1314,34.61956]},"properties":{"entity_type":"fire_detection","acq_date":"2024-06-23","acq_time_utc":"11:31","day_night":"Day","geom_origin":"satellite_pixel_centre","spatial_precision":"satellite_pixel"}},{"type":"Feature","id":"fire:20240623:881312bf61","geometry":{"type":"Point","coordinates":[36.15149,34.54384]},"properties":{"entity_type":"fire_detection","acq_date":"2024-06-23","acq_time_utc":"11:31","day_night":"Day","geom_origin":"satellite_pixel_centre","spatial_precision":"satellite_pixel"}},{"type":"Feature","id":"fire:20240623:9cde3930e9","geometry":{"type":"Point","coordinates":[36.14645,34.5477]},"properties":{"entity_type":"fire_detection","acq_date":"2024-06-23","acq_time_utc":"11:31","day_night":"Day","geom_origin":"satellite_pixel_centre","spatial_precision":"satellite_pixel"}},{"type":"Feature","id":"fire:20240623:9f3c16dc10","geometry":{"type":"Point","coordinates":[36.14067,34.54744]},"properties":{"entity_type":"fire_detection","acq_date":"2024-06-23","acq_time_utc":"11:31","day_night":"Day","geom_origin":"satellite_pixel_centre","spatial_precision":"satellite_pixel"}},{"type":"Feature","id":"fire:20240623:a24a52f5be","geometry":{"type":"Point","coordinates":[36.14981,34.61594]},"properties":{"entity_type":"fire_detection","acq_date":"2024-06-23","acq_time_utc":"11:31","day_night":"Day","geom_origin":"satellite_pixel_centre","spatial_precision":"satellite_pixel"}},{"type":"Feature","id":"fire:20240623:a2b05e296d","geometry":{"type":"Point","coordinates":[36.13794,34.61552]},"properties":{"entity_type":"fire_detection","acq_date":"2024-06-23","acq_time_utc":"11:31","day_night":"Day","geom_origin":"satellite_pixel_centre","spatial_precision":"satellite_pixel"}},{"type":"Feature","id":"fire:20240623:aa3af22190","geometry":{"type":"Point","coordinates":[36.15964,34.55053]},"properties":{"entity_type":"fire_detection","acq_date":"2024-06-23","acq_time_utc":"11:31","day_night":"Day","geom_origin":"satellite_pixel_centre","spatial_precision":"satellite_pixel"}},{"type":"Feature","id":"fire:20240623:ba87e66e22","geometry":{"type":"Point","coordinates":[36.15254,34.54796]},"properties":{"entity_type":"fire_detection","acq_date":"2024-06-23","acq_time_utc":"11:31","day_night":"Day","geom_origin":"satellite_pixel_centre","spatial_precision":"satellite_pixel"}},{"type":"Feature","id":"fire:20240623:be260d498e","geometry":{"type":"Point","coordinates":[36.13041,34.62024]},"properties":{"entity_type":"fire_detection","acq_date":"2024-06-23","acq_time_utc":"09:51","day_night":"Day","geom_origin":"satellite_pixel_centre","spatial_precision":"satellite_pixel"}},{"type":"Feature","id":"fire:20240623:c1bb518856","geometry":{"type":"Point","coordinates":[36.14381,34.61573]},"properties":{"entity_type":"fire_detection","acq_date":"2024-06-23","acq_time_utc":"11:31","day_night":"Day","geom_origin":"satellite_pixel_centre","spatial_precision":"satellite_pixel"}},{"type":"Feature","id":"fire:20240623:e169471d2a","geometry":{"type":"Point","coordinates":[36.13943,34.54339]},"properties":{"entity_type":"fire_detection","acq_date":"2024-06-23","acq_time_utc":"11:31","day_night":"Day","geom_origin":"satellite_pixel_centre","spatial_precision":"satellite_pixel"}},{"type":"Feature","id":"fire:20240623:f78f991ce8","geometry":{"type":"Point","coordinates":[36.14722,34.55006]},"properties":{"entity_type":"fire_detection","acq_date":"2024-06-23","acq_time_utc":"11:31","day_night":"Day","geom_origin":"satellite_pixel_centre","spatial_precision":"satellite_pixel"}},{"type":"Feature","id":"fire:20240623:fa673d5ad3","geometry":{"type":"Point","coordinates":[36.00198,34.58767]},"properties":{"entity_type":"fire_detection","acq_date":"2024-06-23","acq_time_utc":"09:51","day_night":"Day","geom_origin":"satellite_pixel_centre","spatial_precision":"satellite_pixel"}},{"type":"Feature","id":"fire:20240623:ffcd1b8431","geometry":{"type":"Point","coordinates":[36.13692,34.61979]},"properties":{"entity_type":"fire_detection","acq_date":"2024-06-23","acq_time_utc":"11:31","day_night":"Day","geom_origin":"satellite_pixel_centre","spatial_precision":"satellite_pixel"}},{"type":"Feature","id":"fire:20240624:4500f89aab","geometry":{"type":"Point","coordinates":[36.07879,33.84682]},"properties":{"entity_type":"fire_detection","acq_date":"2024-06-24","acq_time_utc":"11:12","day_night":"Day","geom_origin":"satellite_pixel_centre","spatial_precision":"satellite_pixel"}},{"type":"Feature","id":"fire:20240624:5a12342fce","geometry":{"type":"Point","coordinates":[35.49202,33.47842]},"properties":{"entity_type":"fire_detection","acq_date":"2024-06-24","acq_time_utc":"23:34","day_night":"Night","geom_origin":"satellite_pixel_centre","spatial_precision":"satellite_pixel"}},{"type":"Feature","id":"fire:20240624:5e93220160","geometry":{"type":"Point","coordinates":[35.3051,33.43812]},"properties":{"entity_type":"fire_detection","acq_date":"2024-06-24","acq_time_utc":"11:12","day_night":"Day","geom_origin":"satellite_pixel_centre","spatial_precision":"satellite_pixel"}},{"type":"Feature","id":"fire:20240624:84229c0354","geometry":{"type":"Point","coordinates":[35.52861,33.27279]},"properties":{"entity_type":"fire_detection","acq_date":"2024-06-24","acq_time_utc":"11:12","day_night":"Day","geom_origin":"satellite_pixel_centre","spatial_precision":"satellite_pixel"}},{"type":"Feature","id":"fire:20240624:9adcc22d94","geometry":{"type":"Point","coordinates":[35.8629,33.53964]},"properties":{"entity_type":"fire_detection","acq_date":"2024-06-24","acq_time_utc":"11:12","day_night":"Day","geom_origin":"satellite_pixel_centre","spatial_precision":"satellite_pixel"}},{"type":"Feature","id":"fire:20240624:a84f88db56","geometry":{"type":"Point","coordinates":[35.69463,33.49564]},"properties":{"entity_type":"fire_detection","acq_date":"2024-06-24","acq_time_utc":"23:34","day_night":"Night","geom_origin":"satellite_pixel_centre","spatial_precision":"satellite_pixel"}},{"type":"Feature","id":"fire:20240624:c605b3e715","geometry":{"type":"Point","coordinates":[35.54025,33.27204]},"properties":{"entity_type":"fire_detection","acq_date":"2024-06-24","acq_time_utc":"23:34","day_night":"Night","geom_origin":"satellite_pixel_centre","spatial_precision":"satellite_pixel"}},{"type":"Feature","id":"fire:20240624:ddbbb2598e","geometry":{"type":"Point","coordinates":[36.07331,33.84637]},"properties":{"entity_type":"fire_detection","acq_date":"2024-06-24","acq_time_utc":"11:12","day_night":"Day","geom_origin":"satellite_pixel_centre","spatial_precision":"satellite_pixel"}},{"type":"Feature","id":"fire:20240624:e5e4212aa3","geometry":{"type":"Point","coordinates":[35.69899,33.49486]},"properties":{"entity_type":"fire_detection","acq_date":"2024-06-24","acq_time_utc":"23:34","day_night":"Night","geom_origin":"satellite_pixel_centre","spatial_precision":"satellite_pixel"}},{"type":"Feature","id":"fire:20240624:f52770628e","geometry":{"type":"Point","coordinates":[36.07338,33.84153]},"properties":{"entity_type":"fire_detection","acq_date":"2024-06-24","acq_time_utc":"11:12","day_night":"Day","geom_origin":"satellite_pixel_centre","spatial_precision":"satellite_pixel"}},{"type":"Feature","id":"fire:20240625:67dc2728ac","geometry":{"type":"Point","coordinates":[35.23508,33.22282]},"properties":{"entity_type":"fire_detection","acq_date":"2024-06-25","acq_time_utc":"10:53","day_night":"Day","geom_origin":"satellite_pixel_centre","spatial_precision":"satellite_pixel"}},{"type":"Feature","id":"fire:20240625:ad8333467f","geometry":{"type":"Point","coordinates":[35.4327,33.67627]},"properties":{"entity_type":"fire_detection","acq_date":"2024-06-25","acq_time_utc":"10:53","day_night":"Day","geom_origin":"satellite_pixel_centre","spatial_precision":"satellite_pixel"}},{"type":"Feature","id":"fire:20240625:b8e9f232e7","geometry":{"type":"Point","coordinates":[35.98204,33.85833]},"properties":{"entity_type":"fire_detection","acq_date":"2024-06-25","acq_time_utc":"10:53","day_night":"Day","geom_origin":"satellite_pixel_centre","spatial_precision":"satellite_pixel"}},{"type":"Feature","id":"fire:20240626:5bf8bcefb9","geometry":{"type":"Point","coordinates":[35.46776,33.09986]},"properties":{"entity_type":"fire_detection","acq_date":"2024-06-26","acq_time_utc":"22:57","day_night":"Night","geom_origin":"satellite_pixel_centre","spatial_precision":"satellite_pixel"}},{"type":"Feature","id":"fire:20240627:cbea4387f5","geometry":{"type":"Point","coordinates":[35.56211,33.32301]},"properties":{"entity_type":"fire_detection","acq_date":"2024-06-27","acq_time_utc":"10:15","day_night":"Day","geom_origin":"satellite_pixel_centre","spatial_precision":"satellite_pixel"}},{"type":"Feature","id":"fire:20240627:f72f3f6e25","geometry":{"type":"Point","coordinates":[35.40331,33.64196]},"properties":{"entity_type":"fire_detection","acq_date":"2024-06-27","acq_time_utc":"10:15","day_night":"Day","geom_origin":"satellite_pixel_centre","spatial_precision":"satellite_pixel"}},{"type":"Feature","id":"fire:20240628:05ba0294a4","geometry":{"type":"Point","coordinates":[36.16583,34.14175]},"properties":{"entity_type":"fire_detection","acq_date":"2024-06-28","acq_time_utc":"11:37","day_night":"Day","geom_origin":"satellite_pixel_centre","spatial_precision":"satellite_pixel"}},{"type":"Feature","id":"fire:20240628:8e9ea65a82","geometry":{"type":"Point","coordinates":[36.16643,34.14228]},"properties":{"entity_type":"fire_detection","acq_date":"2024-06-28","acq_time_utc":"11:37","day_night":"Day","geom_origin":"satellite_pixel_centre","spatial_precision":"satellite_pixel"}},{"type":"Feature","id":"fire:20240629:8cfe3c6323","geometry":{"type":"Point","coordinates":[35.90316,34.27305]},"properties":{"entity_type":"fire_detection","acq_date":"2024-06-29","acq_time_utc":"11:19","day_night":"Day","geom_origin":"satellite_pixel_centre","spatial_precision":"satellite_pixel"}},{"type":"Feature","id":"fire:20240629:9d33309f8d","geometry":{"type":"Point","coordinates":[35.60853,33.62411]},"properties":{"entity_type":"fire_detection","acq_date":"2024-06-29","acq_time_utc":"23:41","day_night":"Night","geom_origin":"satellite_pixel_centre","spatial_precision":"satellite_pixel"}},{"type":"Feature","id":"fire:20240703:50cd680dd2","geometry":{"type":"Point","coordinates":[35.34715,33.26672]},"properties":{"entity_type":"fire_detection","acq_date":"2024-07-03","acq_time_utc":"00:24","day_night":"Night","geom_origin":"satellite_pixel_centre","spatial_precision":"satellite_pixel"}},{"type":"Feature","id":"fire:20240703:b4281315e9","geometry":{"type":"Point","coordinates":[35.90588,33.89307]},"properties":{"entity_type":"fire_detection","acq_date":"2024-07-03","acq_time_utc":"10:03","day_night":"Day","geom_origin":"satellite_pixel_centre","spatial_precision":"satellite_pixel"}},{"type":"Feature","id":"fire:20240703:dd7635a8d0","geometry":{"type":"Point","coordinates":[35.58835,33.34224]},"properties":{"entity_type":"fire_detection","acq_date":"2024-07-03","acq_time_utc":"10:03","day_night":"Day","geom_origin":"satellite_pixel_centre","spatial_precision":"satellite_pixel"}},{"type":"Feature","id":"fire:20240703:ed324b2c09","geometry":{"type":"Point","coordinates":[35.34931,33.26724]},"properties":{"entity_type":"fire_detection","acq_date":"2024-07-03","acq_time_utc":"00:24","day_night":"Night","geom_origin":"satellite_pixel_centre","spatial_precision":"satellite_pixel"}},{"type":"Feature","id":"fire:20240704:1123284d74","geometry":{"type":"Point","coordinates":[35.44512,33.14098]},"properties":{"entity_type":"fire_detection","acq_date":"2024-07-04","acq_time_utc":"09:44","day_night":"Day","geom_origin":"satellite_pixel_centre","spatial_precision":"satellite_pixel"}},{"type":"Feature","id":"fire:20240704:1bd91f7966","geometry":{"type":"Point","coordinates":[35.63518,33.27988]},"properties":{"entity_type":"fire_detection","acq_date":"2024-07-04","acq_time_utc":"23:47","day_night":"Night","geom_origin":"satellite_pixel_centre","spatial_precision":"satellite_pixel"}},{"type":"Feature","id":"fire:20240704:45b76389ed","geometry":{"type":"Point","coordinates":[35.27951,33.37817]},"properties":{"entity_type":"fire_detection","acq_date":"2024-07-04","acq_time_utc":"00:06","day_night":"Night","geom_origin":"satellite_pixel_centre","spatial_precision":"satellite_pixel"}},{"type":"Feature","id":"fire:20240704:5ebef82ca2","geometry":{"type":"Point","coordinates":[35.46678,33.28474]},"properties":{"entity_type":"fire_detection","acq_date":"2024-07-04","acq_time_utc":"09:44","day_night":"Day","geom_origin":"satellite_pixel_centre","spatial_precision":"satellite_pixel"}},{"type":"Feature","id":"fire:20240704:67018e6bb3","geometry":{"type":"Point","coordinates":[35.46487,33.28375]},"properties":{"entity_type":"fire_detection","acq_date":"2024-07-04","acq_time_utc":"09:44","day_night":"Day","geom_origin":"satellite_pixel_centre","spatial_precision":"satellite_pixel"}},{"type":"Feature","id":"fire:20240704:763a01df06","geometry":{"type":"Point","coordinates":[35.45551,33.14382]},"properties":{"entity_type":"fire_detection","acq_date":"2024-07-04","acq_time_utc":"09:44","day_night":"Day","geom_origin":"satellite_pixel_centre","spatial_precision":"satellite_pixel"}},{"type":"Feature","id":"fire:20240704:7cb3da6f9f","geometry":{"type":"Point","coordinates":[35.45038,33.14242]},"properties":{"entity_type":"fire_detection","acq_date":"2024-07-04","acq_time_utc":"09:44","day_night":"Day","geom_origin":"satellite_pixel_centre","spatial_precision":"satellite_pixel"}},{"type":"Feature","id":"fire:20240704:8bc9063837","geometry":{"type":"Point","coordinates":[35.45121,33.14305]},"properties":{"entity_type":"fire_detection","acq_date":"2024-07-04","acq_time_utc":"11:25","day_night":"Day","geom_origin":"satellite_pixel_centre","spatial_precision":"satellite_pixel"}},{"type":"Feature","id":"fire:20240704:af897bf540","geometry":{"type":"Point","coordinates":[35.44996,33.14175]},"properties":{"entity_type":"fire_detection","acq_date":"2024-07-04","acq_time_utc":"09:44","day_night":"Day","geom_origin":"satellite_pixel_centre","spatial_precision":"satellite_pixel"}},{"type":"Feature","id":"fire:20240704:b226efc773","geometry":{"type":"Point","coordinates":[35.45506,33.14318]},"properties":{"entity_type":"fire_detection","acq_date":"2024-07-04","acq_time_utc":"09:44","day_night":"Day","geom_origin":"satellite_pixel_centre","spatial_precision":"satellite_pixel"}},{"type":"Feature","id":"fire:20240704:bc9893d866","geometry":{"type":"Point","coordinates":[35.34438,33.4933]},"properties":{"entity_type":"fire_detection","acq_date":"2024-07-04","acq_time_utc":"09:44","day_night":"Day","geom_origin":"satellite_pixel_centre","spatial_precision":"satellite_pixel"}},{"type":"Feature","id":"fire:20240704:c05c61d377","geometry":{"type":"Point","coordinates":[35.4447,33.14028]},"properties":{"entity_type":"fire_detection","acq_date":"2024-07-04","acq_time_utc":"09:44","day_night":"Day","geom_origin":"satellite_pixel_centre","spatial_precision":"satellite_pixel"}},{"type":"Feature","id":"fire:20240704:c088fdab5a","geometry":{"type":"Point","coordinates":[35.47367,33.25523]},"properties":{"entity_type":"fire_detection","acq_date":"2024-07-04","acq_time_utc":"11:25","day_night":"Day","geom_origin":"satellite_pixel_centre","spatial_precision":"satellite_pixel"}},{"type":"Feature","id":"fire:20240704:e612890791","geometry":{"type":"Point","coordinates":[35.45094,33.13745]},"properties":{"entity_type":"fire_detection","acq_date":"2024-07-04","acq_time_utc":"11:25","day_night":"Day","geom_origin":"satellite_pixel_centre","spatial_precision":"satellite_pixel"}},{"type":"Feature","id":"fire:20240704:f7b74ad709","geometry":{"type":"Point","coordinates":[35.44635,33.13717]},"properties":{"entity_type":"fire_detection","acq_date":"2024-07-04","acq_time_utc":"11:25","day_night":"Day","geom_origin":"satellite_pixel_centre","spatial_precision":"satellite_pixel"}},{"type":"Feature","id":"fire:20240705:8e7608e926","geometry":{"type":"Point","coordinates":[35.68245,33.35319]},"properties":{"entity_type":"fire_detection","acq_date":"2024-07-05","acq_time_utc":"11:06","day_night":"Day","geom_origin":"satellite_pixel_centre","spatial_precision":"satellite_pixel"}},{"type":"Feature","id":"fire:20240705:b10edadca4","geometry":{"type":"Point","coordinates":[35.67778,33.35274]},"properties":{"entity_type":"fire_detection","acq_date":"2024-07-05","acq_time_utc":"11:06","day_night":"Day","geom_origin":"satellite_pixel_centre","spatial_precision":"satellite_pixel"}},{"type":"Feature","id":"fire:20240705:d091cbbfad","geometry":{"type":"Point","coordinates":[35.56319,33.45298]},"properties":{"entity_type":"fire_detection","acq_date":"2024-07-05","acq_time_utc":"11:06","day_night":"Day","geom_origin":"satellite_pixel_centre","spatial_precision":"satellite_pixel"}},{"type":"Feature","id":"fire:20240706:1b9c05ded7","geometry":{"type":"Point","coordinates":[35.80803,33.63082]},"properties":{"entity_type":"fire_detection","acq_date":"2024-07-06","acq_time_utc":"10:47","day_night":"Day","geom_origin":"satellite_pixel_centre","spatial_precision":"satellite_pixel"}},{"type":"Feature","id":"fire:20240706:ad4a9c6a65","geometry":{"type":"Point","coordinates":[36.42,34.10649]},"properties":{"entity_type":"fire_detection","acq_date":"2024-07-06","acq_time_utc":"10:47","day_night":"Day","geom_origin":"satellite_pixel_centre","spatial_precision":"satellite_pixel"}},{"type":"Feature","id":"fire:20240706:af7195a740","geometry":{"type":"Point","coordinates":[36.26579,34.60867]},"properties":{"entity_type":"fire_detection","acq_date":"2024-07-06","acq_time_utc":"10:47","day_night":"Day","geom_origin":"satellite_pixel_centre","spatial_precision":"satellite_pixel"}},{"type":"Feature","id":"fire:20240707:dfd3377482","geometry":{"type":"Point","coordinates":[36.18365,34.01616]},"properties":{"entity_type":"fire_detection","acq_date":"2024-07-07","acq_time_utc":"22:50","day_night":"Night","geom_origin":"satellite_pixel_centre","spatial_precision":"satellite_pixel"}},{"type":"Feature","id":"fire:20240707:ec34177b02","geometry":{"type":"Point","coordinates":[36.18312,34.01158]},"properties":{"entity_type":"fire_detection","acq_date":"2024-07-07","acq_time_utc":"22:50","day_night":"Night","geom_origin":"satellite_pixel_centre","spatial_precision":"satellite_pixel"}},{"type":"Feature","id":"fire:20240708:105b8e8517","geometry":{"type":"Point","coordinates":[35.8469,33.73399]},"properties":{"entity_type":"fire_detection","acq_date":"2024-07-08","acq_time_utc":"10:09","day_night":"Day","geom_origin":"satellite_pixel_centre","spatial_precision":"satellite_pixel"}},{"type":"Feature","id":"fire:20240708:3705dc4ad5","geometry":{"type":"Point","coordinates":[35.35546,33.08445]},"properties":{"entity_type":"fire_detection","acq_date":"2024-07-08","acq_time_utc":"10:09","day_night":"Day","geom_origin":"satellite_pixel_centre","spatial_precision":"satellite_pixel"}},{"type":"Feature","id":"fire:20240708:88df76c585","geometry":{"type":"Point","coordinates":[35.84817,33.72984]},"properties":{"entity_type":"fire_detection","acq_date":"2024-07-08","acq_time_utc":"10:09","day_night":"Day","geom_origin":"satellite_pixel_centre","spatial_precision":"satellite_pixel"}},{"type":"Feature","id":"fire:20240709:10df8b0d0d","geometry":{"type":"Point","coordinates":[35.60709,33.34304]},"properties":{"entity_type":"fire_detection","acq_date":"2024-07-09","acq_time_utc":"09:51","day_night":"Day","geom_origin":"satellite_pixel_centre","spatial_precision":"satellite_pixel"}},{"type":"Feature","id":"fire:20240709:214d4d15b4","geometry":{"type":"Point","coordinates":[35.61056,33.33988]},"properties":{"entity_type":"fire_detection","acq_date":"2024-07-09","acq_time_utc":"09:51","day_night":"Day","geom_origin":"satellite_pixel_centre","spatial_precision":"satellite_pixel"}},{"type":"Feature","id":"fire:20240709:4cf37d084e","geometry":{"type":"Point","coordinates":[35.58453,33.28379]},"properties":{"entity_type":"fire_detection","acq_date":"2024-07-09","acq_time_utc":"23:53","day_night":"Night","geom_origin":"satellite_pixel_centre","spatial_precision":"satellite_pixel"}},{"type":"Feature","id":"fire:20240709:a4e44b5ecd","geometry":{"type":"Point","coordinates":[35.52056,33.24574]},"properties":{"entity_type":"fire_detection","acq_date":"2024-07-09","acq_time_utc":"11:31","day_night":"Day","geom_origin":"satellite_pixel_centre","spatial_precision":"satellite_pixel"}},{"type":"Feature","id":"fire:20240709:ce6cfa5064","geometry":{"type":"Point","coordinates":[35.60571,33.33864]},"properties":{"entity_type":"fire_detection","acq_date":"2024-07-09","acq_time_utc":"09:51","day_night":"Day","geom_origin":"satellite_pixel_centre","spatial_precision":"satellite_pixel"}},{"type":"Feature","id":"fire:20240709:d1ff51435b","geometry":{"type":"Point","coordinates":[35.83506,34.44604]},"properties":{"entity_type":"fire_detection","acq_date":"2024-07-09","acq_time_utc":"09:51","day_night":"Day","geom_origin":"satellite_pixel_centre","spatial_precision":"satellite_pixel"}},{"type":"Feature","id":"fire:20240710:7270ad7985","geometry":{"type":"Point","coordinates":[35.65179,33.47903]},"properties":{"entity_type":"fire_detection","acq_date":"2024-07-10","acq_time_utc":"09:32","day_night":"Day","geom_origin":"satellite_pixel_centre","spatial_precision":"satellite_pixel"}},{"type":"Feature","id":"fire:20240710:b0c3113ef3","geometry":{"type":"Point","coordinates":[35.34017,33.49754]},"properties":{"entity_type":"fire_detection","acq_date":"2024-07-10","acq_time_utc":"23:34","day_night":"Night","geom_origin":"satellite_pixel_centre","spatial_precision":"satellite_pixel"}},{"type":"Feature","id":"fire:20240711:4063b3d6ac","geometry":{"type":"Point","coordinates":[35.50363,33.14388]},"properties":{"entity_type":"fire_detection","acq_date":"2024-07-11","acq_time_utc":"10:53","day_night":"Day","geom_origin":"satellite_pixel_centre","spatial_precision":"satellite_pixel"}},{"type":"Feature","id":"fire:20240711:5c7afccf09","geometry":{"type":"Point","coordinates":[36.18902,33.95609]},"properties":{"entity_type":"fire_detection","acq_date":"2024-07-11","acq_time_utc":"23:15","day_night":"Night","geom_origin":"satellite_pixel_centre","spatial_precision":"satellite_pixel"}},{"type":"Feature","id":"fire:20240711:7390298a07","geometry":{"type":"Point","coordinates":[35.50106,33.15814]},"properties":{"entity_type":"fire_detection","acq_date":"2024-07-11","acq_time_utc":"10:53","day_night":"Day","geom_origin":"satellite_pixel_centre","spatial_precision":"satellite_pixel"}},{"type":"Feature","id":"fire:20240711:8524e40715","geometry":{"type":"Point","coordinates":[35.50434,33.14032]},"properties":{"entity_type":"fire_detection","acq_date":"2024-07-11","acq_time_utc":"10:53","day_night":"Day","geom_origin":"satellite_pixel_centre","spatial_precision":"satellite_pixel"}},{"type":"Feature","id":"fire:20240711:a16c4a3d3d","geometry":{"type":"Point","coordinates":[35.50858,33.14449]},"properties":{"entity_type":"fire_detection","acq_date":"2024-07-11","acq_time_utc":"10:53","day_night":"Day","geom_origin":"satellite_pixel_centre","spatial_precision":"satellite_pixel"}},{"type":"Feature","id":"fire:20240711:afe7bc39d7","geometry":{"type":"Point","coordinates":[36.1539,34.62294]},"properties":{"entity_type":"fire_detection","acq_date":"2024-07-11","acq_time_utc":"10:54","day_night":"Day","geom_origin":"satellite_pixel_centre","spatial_precision":"satellite_pixel"}},{"type":"Feature","id":"fire:20240711:de38026bc1","geometry":{"type":"Point","coordinates":[35.49944,33.13971]},"properties":{"entity_type":"fire_detection","acq_date":"2024-07-11","acq_time_utc":"10:53","day_night":"Day","geom_origin":"satellite_pixel_centre","spatial_precision":"satellite_pixel"}},{"type":"Feature","id":"fire:20240711:e99f46dd71","geometry":{"type":"Point","coordinates":[35.49018,33.15716]},"properties":{"entity_type":"fire_detection","acq_date":"2024-07-11","acq_time_utc":"23:16","day_night":"Night","geom_origin":"satellite_pixel_centre","spatial_precision":"satellite_pixel"}},{"type":"Feature","id":"fire:20240713:237b4b994f","geometry":{"type":"Point","coordinates":[35.72213,33.60442]},"properties":{"entity_type":"fire_detection","acq_date":"2024-07-13","acq_time_utc":"10:16","day_night":"Day","geom_origin":"satellite_pixel_centre","spatial_precision":"satellite_pixel"}},{"type":"Feature","id":"fire:20240713:646393ce1f","geometry":{"type":"Point","coordinates":[35.93905,34.4497]},"properties":{"entity_type":"fire_detection","acq_date":"2024-07-13","acq_time_utc":"10:16","day_night":"Day","geom_origin":"satellite_pixel_centre","spatial_precision":"satellite_pixel"}},{"type":"Feature","id":"fire:20240713:7ee0572bd5","geometry":{"type":"Point","coordinates":[35.88982,33.85218]},"properties":{"entity_type":"fire_detection","acq_date":"2024-07-13","acq_time_utc":"22:38","day_night":"Night","geom_origin":"satellite_pixel_centre","spatial_precision":"satellite_pixel"}},{"type":"Feature","id":"fire:20240713:93b88df863","geometry":{"type":"Point","coordinates":[35.93345,34.44861]},"properties":{"entity_type":"fire_detection","acq_date":"2024-07-13","acq_time_utc":"10:16","day_night":"Day","geom_origin":"satellite_pixel_centre","spatial_precision":"satellite_pixel"}},{"type":"Feature","id":"fire:20240713:d7d66bc91a","geometry":{"type":"Point","coordinates":[35.8883,33.85085]},"properties":{"entity_type":"fire_detection","acq_date":"2024-07-13","acq_time_utc":"22:38","day_night":"Night","geom_origin":"satellite_pixel_centre","spatial_precision":"satellite_pixel"}},{"type":"Feature","id":"fire:20240713:d9d63ba4d1","geometry":{"type":"Point","coordinates":[35.71558,33.33116]},"properties":{"entity_type":"fire_detection","acq_date":"2024-07-13","acq_time_utc":"22:38","day_night":"Night","geom_origin":"satellite_pixel_centre","spatial_precision":"satellite_pixel"}},{"type":"Feature","id":"fire:20240713:dbe8273eab","geometry":{"type":"Point","coordinates":[35.3258,33.3599]},"properties":{"entity_type":"fire_detection","acq_date":"2024-07-13","acq_time_utc":"10:16","day_night":"Day","geom_origin":"satellite_pixel_centre","spatial_precision":"satellite_pixel"}},{"type":"Feature","id":"fire:20240714:9476fab856","geometry":{"type":"Point","coordinates":[35.2392,33.09266]},"properties":{"entity_type":"fire_detection","acq_date":"2024-07-14","acq_time_utc":"11:37","day_night":"Day","geom_origin":"satellite_pixel_centre","spatial_precision":"satellite_pixel"}},{"type":"Feature","id":"fire:20240715:787494c0ac","geometry":{"type":"Point","coordinates":[35.53873,33.32071]},"properties":{"entity_type":"fire_detection","acq_date":"2024-07-15","acq_time_utc":"23:41","day_night":"Night","geom_origin":"satellite_pixel_centre","spatial_precision":"satellite_pixel"}},{"type":"Feature","id":"fire:20240716:242264c93c","geometry":{"type":"Point","coordinates":[36.21323,34.01395]},"properties":{"entity_type":"fire_detection","acq_date":"2024-07-16","acq_time_utc":"11:00","day_night":"Day","geom_origin":"satellite_pixel_centre","spatial_precision":"satellite_pixel"}},{"type":"Feature","id":"fire:20240716:2cba68fd2a","geometry":{"type":"Point","coordinates":[35.53596,33.31071]},"properties":{"entity_type":"fire_detection","acq_date":"2024-07-16","acq_time_utc":"11:00","day_night":"Day","geom_origin":"satellite_pixel_centre","spatial_precision":"satellite_pixel"}},{"type":"Feature","id":"fire:20240718:741a0f4928","geometry":{"type":"Point","coordinates":[35.78532,34.25835]},"properties":{"entity_type":"fire_detection","acq_date":"2024-07-18","acq_time_utc":"10:22","day_night":"Day","geom_origin":"satellite_pixel_centre","spatial_precision":"satellite_pixel"}},{"type":"Feature","id":"fire:20240718:7fbef52d99","geometry":{"type":"Point","coordinates":[35.85487,34.42171]},"properties":{"entity_type":"fire_detection","acq_date":"2024-07-18","acq_time_utc":"10:22","day_night":"Day","geom_origin":"satellite_pixel_centre","spatial_precision":"satellite_pixel"}},{"type":"Feature","id":"fire:20240718:b409869b5a","geometry":{"type":"Point","coordinates":[35.79016,34.25924]},"properties":{"entity_type":"fire_detection","acq_date":"2024-07-18","acq_time_utc":"10:22","day_night":"Day","geom_origin":"satellite_pixel_centre","spatial_precision":"satellite_pixel"}},{"type":"Feature","id":"fire:20240718:d58ec26c3a","geometry":{"type":"Point","coordinates":[35.79123,34.25572]},"properties":{"entity_type":"fire_detection","acq_date":"2024-07-18","acq_time_utc":"10:22","day_night":"Day","geom_origin":"satellite_pixel_centre","spatial_precision":"satellite_pixel"}},{"type":"Feature","id":"fire:20240719:21047fbfbe","geometry":{"type":"Point","coordinates":[35.95308,33.78534]},"properties":{"entity_type":"fire_detection","acq_date":"2024-07-19","acq_time_utc":"00:24","day_night":"Night","geom_origin":"satellite_pixel_centre","spatial_precision":"satellite_pixel"}},{"type":"Feature","id":"fire:20240719:ecdcd8ace2","geometry":{"type":"Point","coordinates":[35.8856,34.44756]},"properties":{"entity_type":"fire_detection","acq_date":"2024-07-19","acq_time_utc":"10:03","day_night":"Day","geom_origin":"satellite_pixel_centre","spatial_precision":"satellite_pixel"}},{"type":"Feature","id":"fire:20240720:665ace497d","geometry":{"type":"Point","coordinates":[35.7091,33.32722]},"properties":{"entity_type":"fire_detection","acq_date":"2024-07-20","acq_time_utc":"00:06","day_night":"Night","geom_origin":"satellite_pixel_centre","spatial_precision":"satellite_pixel"}},{"type":"Feature","id":"fire:20240721:561ae8454e","geometry":{"type":"Point","coordinates":[35.65137,33.31644]},"properties":{"entity_type":"fire_detection","acq_date":"2024-07-21","acq_time_utc":"11:06","day_night":"Day","geom_origin":"satellite_pixel_centre","spatial_precision":"satellite_pixel"}},{"type":"Feature","id":"fire:20240722:28ebfda6ce","geometry":{"type":"Point","coordinates":[36.23695,34.23756]},"properties":{"entity_type":"fire_detection","acq_date":"2024-07-22","acq_time_utc":"10:47","day_night":"Day","geom_origin":"satellite_pixel_centre","spatial_precision":"satellite_pixel"}},{"type":"Feature","id":"fire:20240722:2c1b89cca2","geometry":{"type":"Point","coordinates":[36.23202,34.23692]},"properties":{"entity_type":"fire_detection","acq_date":"2024-07-22","acq_time_utc":"10:47","day_night":"Day","geom_origin":"satellite_pixel_centre","spatial_precision":"satellite_pixel"}},{"type":"Feature","id":"fire:20240722:2c63ee3040","geometry":{"type":"Point","coordinates":[36.23295,34.23348]},"properties":{"entity_type":"fire_detection","acq_date":"2024-07-22","acq_time_utc":"10:47","day_night":"Day","geom_origin":"satellite_pixel_centre","spatial_precision":"satellite_pixel"}},{"type":"Feature","id":"fire:20240722:2e86f3faa6","geometry":{"type":"Point","coordinates":[36.18832,33.95433]},"properties":{"entity_type":"fire_detection","acq_date":"2024-07-22","acq_time_utc":"23:09","day_night":"Night","geom_origin":"satellite_pixel_centre","spatial_precision":"satellite_pixel"}},{"type":"Feature","id":"fire:20240722:7de957010a","geometry":{"type":"Point","coordinates":[36.23789,34.23411]},"properties":{"entity_type":"fire_detection","acq_date":"2024-07-22","acq_time_utc":"10:47","day_night":"Day","geom_origin":"satellite_pixel_centre","spatial_precision":"satellite_pixel"}},{"type":"Feature","id":"fire:20240722:7e29214082","geometry":{"type":"Point","coordinates":[35.66812,33.70978]},"properties":{"entity_type":"fire_detection","acq_date":"2024-07-22","acq_time_utc":"10:47","day_night":"Day","geom_origin":"satellite_pixel_centre","spatial_precision":"satellite_pixel"}},{"type":"Feature","id":"fire:20240722:91bdae8a8b","geometry":{"type":"Point","coordinates":[36.2339,34.23003]},"properties":{"entity_type":"fire_detection","acq_date":"2024-07-22","acq_time_utc":"10:47","day_night":"Day","geom_origin":"satellite_pixel_centre","spatial_precision":"satellite_pixel"}},{"type":"Feature","id":"fire:20240722:b163078523","geometry":{"type":"Point","coordinates":[36.22799,34.23284]},"properties":{"entity_type":"fire_detection","acq_date":"2024-07-22","acq_time_utc":"10:47","day_night":"Day","geom_origin":"satellite_pixel_centre","spatial_precision":"satellite_pixel"}},{"type":"Feature","id":"fire:20240724:0a430f87b6","geometry":{"type":"Point","coordinates":[35.69018,33.8283]},"properties":{"entity_type":"fire_detection","acq_date":"2024-07-24","acq_time_utc":"10:09","day_night":"Day","geom_origin":"satellite_pixel_centre","spatial_precision":"satellite_pixel"}},{"type":"Feature","id":"fire:20240724:13eed862cd","geometry":{"type":"Point","coordinates":[35.69237,33.82909]},"properties":{"entity_type":"fire_detection","acq_date":"2024-07-24","acq_time_utc":"10:09","day_night":"Day","geom_origin":"satellite_pixel_centre","spatial_precision":"satellite_pixel"}},{"type":"Feature","id":"fire:20240724:471b296ece","geometry":{"type":"Point","coordinates":[35.68528,33.82723]},"properties":{"entity_type":"fire_detection","acq_date":"2024-07-24","acq_time_utc":"10:09","day_night":"Day","geom_origin":"satellite_pixel_centre","spatial_precision":"satellite_pixel"}},{"type":"Feature","id":"fire:20240724:6b8fe960e5","geometry":{"type":"Point","coordinates":[35.68906,33.82396]},"properties":{"entity_type":"fire_detection","acq_date":"2024-07-24","acq_time_utc":"10:09","day_night":"Day","geom_origin":"satellite_pixel_centre","spatial_precision":"satellite_pixel"}},{"type":"Feature","id":"fire:20240724:9b7a129523","geometry":{"type":"Point","coordinates":[35.68438,33.83148]},"properties":{"entity_type":"fire_detection","acq_date":"2024-07-24","acq_time_utc":"10:09","day_night":"Day","geom_origin":"satellite_pixel_centre","spatial_precision":"satellite_pixel"}},{"type":"Feature","id":"fire:20240724:af343e3295","geometry":{"type":"Point","coordinates":[35.68249,33.82702]},"properties":{"entity_type":"fire_detection","acq_date":"2024-07-24","acq_time_utc":"10:09","day_night":"Day","geom_origin":"satellite_pixel_centre","spatial_precision":"satellite_pixel"}},{"type":"Feature","id":"fire:20240724:e954badb86","geometry":{"type":"Point","coordinates":[35.68732,33.82803]},"properties":{"entity_type":"fire_detection","acq_date":"2024-07-24","acq_time_utc":"10:09","day_night":"Day","geom_origin":"satellite_pixel_centre","spatial_precision":"satellite_pixel"}},{"type":"Feature","id":"fire:20240725:39eac5617a","geometry":{"type":"Point","coordinates":[35.68888,33.32048]},"properties":{"entity_type":"fire_detection","acq_date":"2024-07-25","acq_time_utc":"23:53","day_night":"Night","geom_origin":"satellite_pixel_centre","spatial_precision":"satellite_pixel"}},{"type":"Feature","id":"fire:20240725:ac24972b5a","geometry":{"type":"Point","coordinates":[35.99849,34.0923]},"properties":{"entity_type":"fire_detection","acq_date":"2024-07-25","acq_time_utc":"11:31","day_night":"Day","geom_origin":"satellite_pixel_centre","spatial_precision":"satellite_pixel"}},{"type":"Feature","id":"fire:20240725:e906e4a0fb","geometry":{"type":"Point","coordinates":[35.99079,34.09198]},"properties":{"entity_type":"fire_detection","acq_date":"2024-07-25","acq_time_utc":"11:31","day_night":"Day","geom_origin":"satellite_pixel_centre","spatial_precision":"satellite_pixel"}},{"type":"Feature","id":"fire:20240726:2765bc1a8f","geometry":{"type":"Point","coordinates":[35.43448,33.68789]},"properties":{"entity_type":"fire_detection","acq_date":"2024-07-26","acq_time_utc":"11:12","day_night":"Day","geom_origin":"satellite_pixel_centre","spatial_precision":"satellite_pixel"}},{"type":"Feature","id":"fire:20240726:9558e043a6","geometry":{"type":"Point","coordinates":[36.05901,34.4641]},"properties":{"entity_type":"fire_detection","acq_date":"2024-07-26","acq_time_utc":"11:12","day_night":"Day","geom_origin":"satellite_pixel_centre","spatial_precision":"satellite_pixel"}},{"type":"Feature","id":"fire:20240727:3936608bf6","geometry":{"type":"Point","coordinates":[36.06046,34.46421]},"properties":{"entity_type":"fire_detection","acq_date":"2024-07-27","acq_time_utc":"23:15","day_night":"Night","geom_origin":"satellite_pixel_centre","spatial_precision":"satellite_pixel"}},{"type":"Feature","id":"fire:20240727:c9e4cdb0b7","geometry":{"type":"Point","coordinates":[36.05897,34.46534]},"properties":{"entity_type":"fire_detection","acq_date":"2024-07-27","acq_time_utc":"23:15","day_night":"Night","geom_origin":"satellite_pixel_centre","spatial_precision":"satellite_pixel"}},{"type":"Feature","id":"fire:20240727:d4660510e2","geometry":{"type":"Point","coordinates":[35.67776,33.57679]},"properties":{"entity_type":"fire_detection","acq_date":"2024-07-27","acq_time_utc":"23:16","day_night":"Night","geom_origin":"satellite_pixel_centre","spatial_precision":"satellite_pixel"}},{"type":"Feature","id":"fire:20240727:ef7a3ce0bc","geometry":{"type":"Point","coordinates":[35.67848,33.58017]},"properties":{"entity_type":"fire_detection","acq_date":"2024-07-27","acq_time_utc":"23:16","day_night":"Night","geom_origin":"satellite_pixel_centre","spatial_precision":"satellite_pixel"}},{"type":"Feature","id":"fire:20240728:57ca9413c1","geometry":{"type":"Point","coordinates":[36.06027,34.46256]},"properties":{"entity_type":"fire_detection","acq_date":"2024-07-28","acq_time_utc":"10:35","day_night":"Day","geom_origin":"satellite_pixel_centre","spatial_precision":"satellite_pixel"}},{"type":"Feature","id":"fire:20240728:6b6926f2f6","geometry":{"type":"Point","coordinates":[36.06049,34.46643]},"properties":{"entity_type":"fire_detection","acq_date":"2024-07-28","acq_time_utc":"22:57","day_night":"Night","geom_origin":"satellite_pixel_centre","spatial_precision":"satellite_pixel"}},{"type":"Feature","id":"fire:20240728:7a10fa772f","geometry":{"type":"Point","coordinates":[36.05953,34.46584]},"properties":{"entity_type":"fire_detection","acq_date":"2024-07-28","acq_time_utc":"10:35","day_night":"Day","geom_origin":"satellite_pixel_centre","spatial_precision":"satellite_pixel"}},{"type":"Feature","id":"fire:20240728:877c006ef4","geometry":{"type":"Point","coordinates":[36.13193,34.62217]},"properties":{"entity_type":"fire_detection","acq_date":"2024-07-28","acq_time_utc":"22:56","day_night":"Night","geom_origin":"satellite_pixel_centre","spatial_precision":"satellite_pixel"}},{"type":"Feature","id":"fire:20240729:4abe55d42e","geometry":{"type":"Point","coordinates":[35.31704,33.44017]},"properties":{"entity_type":"fire_detection","acq_date":"2024-07-29","acq_time_utc":"10:16","day_night":"Day","geom_origin":"satellite_pixel_centre","spatial_precision":"satellite_pixel"}},{"type":"Feature","id":"fire:20240729:4eee659d7f","geometry":{"type":"Point","coordinates":[35.63616,33.30957]},"properties":{"entity_type":"fire_detection","acq_date":"2024-07-29","acq_time_utc":"10:16","day_night":"Day","geom_origin":"satellite_pixel_centre","spatial_precision":"satellite_pixel"}},{"type":"Feature","id":"fire:20240729:6a99e57666","geometry":{"type":"Point","coordinates":[35.49846,33.20484]},"properties":{"entity_type":"fire_detection","acq_date":"2024-07-29","acq_time_utc":"10:16","day_night":"Day","geom_origin":"satellite_pixel_centre","spatial_precision":"satellite_pixel"}},{"type":"Feature","id":"fire:20240729:960e4aaad7","geometry":{"type":"Point","coordinates":[35.61695,33.27438]},"properties":{"entity_type":"fire_detection","acq_date":"2024-07-29","acq_time_utc":"22:38","day_night":"Night","geom_origin":"satellite_pixel_centre","spatial_precision":"satellite_pixel"}},{"type":"Feature","id":"fire:20240729:985842a6de","geometry":{"type":"Point","coordinates":[35.61876,33.27745]},"properties":{"entity_type":"fire_detection","acq_date":"2024-07-29","acq_time_utc":"22:38","day_night":"Night","geom_origin":"satellite_pixel_centre","spatial_precision":"satellite_pixel"}},{"type":"Feature","id":"fire:20240729:99b6a95292","geometry":{"type":"Point","coordinates":[35.50391,33.20179]},"properties":{"entity_type":"fire_detection","acq_date":"2024-07-29","acq_time_utc":"10:16","day_night":"Day","geom_origin":"satellite_pixel_centre","spatial_precision":"satellite_pixel"}},{"type":"Feature","id":"fire:20240729:9ddd30dc6d","geometry":{"type":"Point","coordinates":[35.62108,33.27411]},"properties":{"entity_type":"fire_detection","acq_date":"2024-07-29","acq_time_utc":"22:38","day_night":"Night","geom_origin":"satellite_pixel_centre","spatial_precision":"satellite_pixel"}},{"type":"Feature","id":"fire:20240729:a84d19493c","geometry":{"type":"Point","coordinates":[35.99778,34.40161]},"properties":{"entity_type":"fire_detection","acq_date":"2024-07-29","acq_time_utc":"22:38","day_night":"Night","geom_origin":"satellite_pixel_centre","spatial_precision":"satellite_pixel"}},{"type":"Feature","id":"fire:20240729:a85a66d2ac","geometry":{"type":"Point","coordinates":[35.99902,34.40253]},"properties":{"entity_type":"fire_detection","acq_date":"2024-07-29","acq_time_utc":"22:38","day_night":"Night","geom_origin":"satellite_pixel_centre","spatial_precision":"satellite_pixel"}},{"type":"Feature","id":"fire:20240729:fc9a091329","geometry":{"type":"Point","coordinates":[35.6304,33.3084]},"properties":{"entity_type":"fire_detection","acq_date":"2024-07-29","acq_time_utc":"10:16","day_night":"Day","geom_origin":"satellite_pixel_centre","spatial_precision":"satellite_pixel"}},{"type":"Feature","id":"fire:20240730:02a516321a","geometry":{"type":"Point","coordinates":[35.50746,33.76879]},"properties":{"entity_type":"fire_detection","acq_date":"2024-07-30","acq_time_utc":"00:18","day_night":"Night","geom_origin":"satellite_pixel_centre","spatial_precision":"satellite_pixel"}},{"type":"Feature","id":"fire:20240730:0939131910","geometry":{"type":"Point","coordinates":[35.74619,34.37103]},"properties":{"entity_type":"fire_detection","acq_date":"2024-07-30","acq_time_utc":"11:38","day_night":"Day","geom_origin":"satellite_pixel_centre","spatial_precision":"satellite_pixel"}},{"type":"Feature","id":"fire:20240730:0a4c006dc3","geometry":{"type":"Point","coordinates":[35.50774,33.77216]},"properties":{"entity_type":"fire_detection","acq_date":"2024-07-30","acq_time_utc":"00:18","day_night":"Night","geom_origin":"satellite_pixel_centre","spatial_precision":"satellite_pixel"}},{"type":"Feature","id":"fire:20240731:3e52ab030d","geometry":{"type":"Point","coordinates":[35.74694,34.37212]},"properties":{"entity_type":"fire_detection","acq_date":"2024-07-31","acq_time_utc":"11:19","day_night":"Day","geom_origin":"satellite_pixel_centre","spatial_precision":"satellite_pixel"}},{"type":"Feature","id":"fire:20240801:b57d74b11b","geometry":{"type":"Point","coordinates":[35.67505,34.30157]},"properties":{"entity_type":"fire_detection","acq_date":"2024-08-01","acq_time_utc":"11:00","day_night":"Day","geom_origin":"satellite_pixel_centre","spatial_precision":"satellite_pixel"}},{"type":"Feature","id":"fire:20240802:63f98969e1","geometry":{"type":"Point","coordinates":[35.78885,33.55835]},"properties":{"entity_type":"fire_detection","acq_date":"2024-08-02","acq_time_utc":"10:41","day_night":"Day","geom_origin":"satellite_pixel_centre","spatial_precision":"satellite_pixel"}},{"type":"Feature","id":"fire:20240802:8e87619c5a","geometry":{"type":"Point","coordinates":[35.96381,34.29951]},"properties":{"entity_type":"fire_detection","acq_date":"2024-08-02","acq_time_utc":"10:41","day_night":"Day","geom_origin":"satellite_pixel_centre","spatial_precision":"satellite_pixel"}},{"type":"Feature","id":"fire:20240802:8f7354618b","geometry":{"type":"Point","coordinates":[35.89414,33.84505]},"properties":{"entity_type":"fire_detection","acq_date":"2024-08-02","acq_time_utc":"10:41","day_night":"Day","geom_origin":"satellite_pixel_centre","spatial_precision":"satellite_pixel"}},{"type":"Feature","id":"fire:20240802:dada73c770","geometry":{"type":"Point","coordinates":[36.35783,34.62654]},"properties":{"entity_type":"fire_detection","acq_date":"2024-08-02","acq_time_utc":"10:41","day_night":"Day","geom_origin":"satellite_pixel_centre","spatial_precision":"satellite_pixel"}},{"type":"Feature","id":"fire:20240802:e7b64a97bd","geometry":{"type":"Point","coordinates":[35.2744,33.10183]},"properties":{"entity_type":"fire_detection","acq_date":"2024-08-02","acq_time_utc":"10:41","day_night":"Day","geom_origin":"satellite_pixel_centre","spatial_precision":"satellite_pixel"}},{"type":"Feature","id":"fire:20240803:1d026b09a2","geometry":{"type":"Point","coordinates":[36.30687,34.67995]},"properties":{"entity_type":"fire_detection","acq_date":"2024-08-03","acq_time_utc":"10:22","day_night":"Day","geom_origin":"satellite_pixel_centre","spatial_precision":"satellite_pixel"}},{"type":"Feature","id":"fire:20240803:5353115ef0","geometry":{"type":"Point","coordinates":[35.5416,33.80949]},"properties":{"entity_type":"fire_detection","acq_date":"2024-08-03","acq_time_utc":"10:22","day_night":"Day","geom_origin":"satellite_pixel_centre","spatial_precision":"satellite_pixel"}},{"type":"Feature","id":"fire:20240803:b0bd32f425","geometry":{"type":"Point","coordinates":[35.46756,33.72757]},"properties":{"entity_type":"fire_detection","acq_date":"2024-08-03","acq_time_utc":"10:22","day_night":"Day","geom_origin":"satellite_pixel_centre","spatial_precision":"satellite_pixel"}},{"type":"Feature","id":"fire:20240805:8ae5e2aa99","geometry":{"type":"Point","coordinates":[36.13976,34.43456]},"properties":{"entity_type":"fire_detection","acq_date":"2024-08-05","acq_time_utc":"23:47","day_night":"Night","geom_origin":"satellite_pixel_centre","spatial_precision":"satellite_pixel"}},{"type":"Feature","id":"fire:20240805:f780b9bdf0","geometry":{"type":"Point","coordinates":[36.1363,34.43527]},"properties":{"entity_type":"fire_detection","acq_date":"2024-08-05","acq_time_utc":"23:47","day_night":"Night","geom_origin":"satellite_pixel_centre","spatial_precision":"satellite_pixel"}},{"type":"Feature","id":"fire:20240806:16a2b807c8","geometry":{"type":"Point","coordinates":[35.29199,33.41664]},"properties":{"entity_type":"fire_detection","acq_date":"2024-08-06","acq_time_utc":"11:06","day_night":"Day","geom_origin":"satellite_pixel_centre","spatial_precision":"satellite_pixel"}},{"type":"Feature","id":"fire:20240806:3b6f0aafa0","geometry":{"type":"Point","coordinates":[36.14099,34.43338]},"properties":{"entity_type":"fire_detection","acq_date":"2024-08-06","acq_time_utc":"11:06","day_night":"Day","geom_origin":"satellite_pixel_centre","spatial_precision":"satellite_pixel"}},{"type":"Feature","id":"fire:20240806:46488ac5ac","geometry":{"type":"Point","coordinates":[36.13975,34.43388]},"properties":{"entity_type":"fire_detection","acq_date":"2024-08-06","acq_time_utc":"23:28","day_night":"Night","geom_origin":"satellite_pixel_centre","spatial_precision":"satellite_pixel"}},{"type":"Feature","id":"fire:20240806:5608c3cf1a","geometry":{"type":"Point","coordinates":[36.1437,34.43322]},"properties":{"entity_type":"fire_detection","acq_date":"2024-08-06","acq_time_utc":"23:28","day_night":"Night","geom_origin":"satellite_pixel_centre","spatial_precision":"satellite_pixel"}},{"type":"Feature","id":"fire:20240806:9882ebb94d","geometry":{"type":"Point","coordinates":[35.29478,33.41605]},"properties":{"entity_type":"fire_detection","acq_date":"2024-08-06","acq_time_utc":"11:06","day_night":"Day","geom_origin":"satellite_pixel_centre","spatial_precision":"satellite_pixel"}},{"type":"Feature","id":"fire:20240806:a0b306c239","geometry":{"type":"Point","coordinates":[35.65975,34.22055]},"properties":{"entity_type":"fire_detection","acq_date":"2024-08-06","acq_time_utc":"11:06","day_night":"Day","geom_origin":"satellite_pixel_centre","spatial_precision":"satellite_pixel"}},{"type":"Feature","id":"fire:20240806:f2557692a3","geometry":{"type":"Point","coordinates":[36.14467,34.43371]},"properties":{"entity_type":"fire_detection","acq_date":"2024-08-06","acq_time_utc":"11:06","day_night":"Day","geom_origin":"satellite_pixel_centre","spatial_precision":"satellite_pixel"}},{"type":"Feature","id":"fire:20240806:f35b1f1f0f","geometry":{"type":"Point","coordinates":[36.13682,34.43301]},"properties":{"entity_type":"fire_detection","acq_date":"2024-08-06","acq_time_utc":"11:06","day_night":"Day","geom_origin":"satellite_pixel_centre","spatial_precision":"satellite_pixel"}},{"type":"Feature","id":"fire:20240807:130ebf25c3","geometry":{"type":"Point","coordinates":[36.14664,34.4297]},"properties":{"entity_type":"fire_detection","acq_date":"2024-08-07","acq_time_utc":"10:47","day_night":"Day","geom_origin":"satellite_pixel_centre","spatial_precision":"satellite_pixel"}},{"type":"Feature","id":"fire:20240807:67a3f28108","geometry":{"type":"Point","coordinates":[35.81332,33.53857]},"properties":{"entity_type":"fire_detection","acq_date":"2024-08-07","acq_time_utc":"10:47","day_night":"Day","geom_origin":"satellite_pixel_centre","spatial_precision":"satellite_pixel"}},{"type":"Feature","id":"fire:20240807:6d41d8d2bd","geometry":{"type":"Point","coordinates":[35.22109,33.29137]},"properties":{"entity_type":"fire_detection","acq_date":"2024-08-07","acq_time_utc":"10:47","day_night":"Day","geom_origin":"satellite_pixel_centre","spatial_precision":"satellite_pixel"}},{"type":"Feature","id":"fire:20240807:7aa740dff8","geometry":{"type":"Point","coordinates":[36.14189,34.43267]},"properties":{"entity_type":"fire_detection","acq_date":"2024-08-07","acq_time_utc":"10:47","day_night":"Day","geom_origin":"satellite_pixel_centre","spatial_precision":"satellite_pixel"}},{"type":"Feature","id":"fire:20240807:86733574f2","geometry":{"type":"Point","coordinates":[36.14367,34.43184]},"properties":{"entity_type":"fire_detection","acq_date":"2024-08-07","acq_time_utc":"23:09","day_night":"Night","geom_origin":"satellite_pixel_centre","spatial_precision":"satellite_pixel"}},{"type":"Feature","id":"fire:20240807:90fe2f8937","geometry":{"type":"Point","coordinates":[36.14591,34.43318]},"properties":{"entity_type":"fire_detection","acq_date":"2024-08-07","acq_time_utc":"10:47","day_night":"Day","geom_origin":"satellite_pixel_centre","spatial_precision":"satellite_pixel"}},{"type":"Feature","id":"fire:20240807:a02c31fc37","geometry":{"type":"Point","coordinates":[35.41372,33.29234]},"properties":{"entity_type":"fire_detection","acq_date":"2024-08-07","acq_time_utc":"10:47","day_night":"Day","geom_origin":"satellite_pixel_centre","spatial_precision":"satellite_pixel"}},{"type":"Feature","id":"fire:20240807:fbd4205421","geometry":{"type":"Point","coordinates":[35.40944,33.29175]},"properties":{"entity_type":"fire_detection","acq_date":"2024-08-07","acq_time_utc":"10:47","day_night":"Day","geom_origin":"satellite_pixel_centre","spatial_precision":"satellite_pixel"}},{"type":"Feature","id":"fire:20240807:ffd396b24b","geometry":{"type":"Point","coordinates":[36.13774,34.43215]},"properties":{"entity_type":"fire_detection","acq_date":"2024-08-07","acq_time_utc":"10:47","day_night":"Day","geom_origin":"satellite_pixel_centre","spatial_precision":"satellite_pixel"}},{"type":"Feature","id":"fire:20240808:4764e38b45","geometry":{"type":"Point","coordinates":[35.51162,33.90434]},"properties":{"entity_type":"fire_detection","acq_date":"2024-08-08","acq_time_utc":"10:28","day_night":"Day","geom_origin":"satellite_pixel_centre","spatial_precision":"satellite_pixel"}},{"type":"Feature","id":"fire:20240809:0267f7302b","geometry":{"type":"Point","coordinates":[35.68243,33.74257]},"properties":{"entity_type":"fire_detection","acq_date":"2024-08-09","acq_time_utc":"10:09","day_night":"Day","geom_origin":"satellite_pixel_centre","spatial_precision":"satellite_pixel"}},{"type":"Feature","id":"fire:20240810:51bea9aa78","geometry":{"type":"Point","coordinates":[35.83331,33.80077]},"properties":{"entity_type":"fire_detection","acq_date":"2024-08-10","acq_time_utc":"09:51","day_night":"Day","geom_origin":"satellite_pixel_centre","spatial_precision":"satellite_pixel"}},{"type":"Feature","id":"fire:20240810:7d8d661c91","geometry":{"type":"Point","coordinates":[35.21678,33.2487]},"properties":{"entity_type":"fire_detection","acq_date":"2024-08-10","acq_time_utc":"11:31","day_night":"Day","geom_origin":"satellite_pixel_centre","spatial_precision":"satellite_pixel"}},{"type":"Feature","id":"fire:20240810:9463af4ddc","geometry":{"type":"Point","coordinates":[35.38721,33.43547]},"properties":{"entity_type":"fire_detection","acq_date":"2024-08-10","acq_time_utc":"00:12","day_night":"Night","geom_origin":"satellite_pixel_centre","spatial_precision":"satellite_pixel"}},{"type":"Feature","id":"fire:20240811:1ad54855fa","geometry":{"type":"Point","coordinates":[35.30334,33.43159]},"properties":{"entity_type":"fire_detection","acq_date":"2024-08-11","acq_time_utc":"11:12","day_night":"Day","geom_origin":"satellite_pixel_centre","spatial_precision":"satellite_pixel"}},{"type":"Feature","id":"fire:20240811:96072df548","geometry":{"type":"Point","coordinates":[35.7898,34.26029]},"properties":{"entity_type":"fire_detection","acq_date":"2024-08-11","acq_time_utc":"11:12","day_night":"Day","geom_origin":"satellite_pixel_centre","spatial_precision":"satellite_pixel"}},{"type":"Feature","id":"fire:20240811:b5bfdafee8","geometry":{"type":"Point","coordinates":[35.838,34.42902]},"properties":{"entity_type":"fire_detection","acq_date":"2024-08-11","acq_time_utc":"23:34","day_night":"Night","geom_origin":"satellite_pixel_centre","spatial_precision":"satellite_pixel"}},{"type":"Feature","id":"fire:20240812:010600d00b","geometry":{"type":"Point","coordinates":[35.95524,34.43873]},"properties":{"entity_type":"fire_detection","acq_date":"2024-08-12","acq_time_utc":"10:54","day_night":"Day","geom_origin":"satellite_pixel_centre","spatial_precision":"satellite_pixel"}},{"type":"Feature","id":"fire:20240812:46a45caede","geometry":{"type":"Point","coordinates":[35.5448,33.69667]},"properties":{"entity_type":"fire_detection","acq_date":"2024-08-12","acq_time_utc":"23:16","day_night":"Night","geom_origin":"satellite_pixel_centre","spatial_precision":"satellite_pixel"}},{"type":"Feature","id":"fire:20240812:d5f746ee28","geometry":{"type":"Point","coordinates":[35.70113,33.33562]},"properties":{"entity_type":"fire_detection","acq_date":"2024-08-12","acq_time_utc":"23:16","day_night":"Night","geom_origin":"satellite_pixel_centre","spatial_precision":"satellite_pixel"}},{"type":"Feature","id":"fire:20240813:438a6fab01","geometry":{"type":"Point","coordinates":[35.83285,34.4191]},"properties":{"entity_type":"fire_detection","acq_date":"2024-08-13","acq_time_utc":"10:35","day_night":"Day","geom_origin":"satellite_pixel_centre","spatial_precision":"satellite_pixel"}},{"type":"Feature","id":"fire:20240814:13e260c7a2","geometry":{"type":"Point","coordinates":[36.2804,34.47004]},"properties":{"entity_type":"fire_detection","acq_date":"2024-08-14","acq_time_utc":"22:38","day_night":"Night","geom_origin":"satellite_pixel_centre","spatial_precision":"satellite_pixel"}},{"type":"Feature","id":"fire:20240814:fbb4fb2e65","geometry":{"type":"Point","coordinates":[36.27958,34.47089]},"properties":{"entity_type":"fire_detection","acq_date":"2024-08-14","acq_time_utc":"22:37","day_night":"Night","geom_origin":"satellite_pixel_centre","spatial_precision":"satellite_pixel"}},{"type":"Feature","id":"fire:20240815:9a4f21e3d2","geometry":{"type":"Point","coordinates":[35.80637,33.78539]},"properties":{"entity_type":"fire_detection","acq_date":"2024-08-15","acq_time_utc":"22:19","day_night":"Night","geom_origin":"satellite_pixel_centre","spatial_precision":"satellite_pixel"}},{"type":"Feature","id":"fire:20240816:0acc8d15af","geometry":{"type":"Point","coordinates":[35.57494,33.29303]},"properties":{"entity_type":"fire_detection","acq_date":"2024-08-16","acq_time_utc":"09:38","day_night":"Day","geom_origin":"satellite_pixel_centre","spatial_precision":"satellite_pixel"}},{"type":"Feature","id":"fire:20240816:38671783c0","geometry":{"type":"Point","coordinates":[35.57861,33.29539]},"properties":{"entity_type":"fire_detection","acq_date":"2024-08-16","acq_time_utc":"09:38","day_night":"Day","geom_origin":"satellite_pixel_centre","spatial_precision":"satellite_pixel"}},{"type":"Feature","id":"fire:20240816:388861c89a","geometry":{"type":"Point","coordinates":[35.58522,33.28741]},"properties":{"entity_type":"fire_detection","acq_date":"2024-08-16","acq_time_utc":"11:18","day_night":"Day","geom_origin":"satellite_pixel_centre","spatial_precision":"satellite_pixel"}},{"type":"Feature","id":"fire:20240816:5f74ccf009","geometry":{"type":"Point","coordinates":[35.57787,33.29204]},"properties":{"entity_type":"fire_detection","acq_date":"2024-08-16","acq_time_utc":"11:18","day_night":"Day","geom_origin":"satellite_pixel_centre","spatial_precision":"satellite_pixel"}},{"type":"Feature","id":"fire:20240816:6058559805","geometry":{"type":"Point","coordinates":[35.54345,33.32566]},"properties":{"entity_type":"fire_detection","acq_date":"2024-08-16","acq_time_utc":"11:18","day_night":"Day","geom_origin":"satellite_pixel_centre","spatial_precision":"satellite_pixel"}},{"type":"Feature","id":"fire:20240816:64e2944111","geometry":{"type":"Point","coordinates":[35.47685,33.73392]},"properties":{"entity_type":"fire_detection","acq_date":"2024-08-16","acq_time_utc":"11:18","day_night":"Day","geom_origin":"satellite_pixel_centre","spatial_precision":"satellite_pixel"}},{"type":"Feature","id":"fire:20240816:68607f6198","geometry":{"type":"Point","coordinates":[35.38543,33.06577]},"properties":{"entity_type":"fire_detection","acq_date":"2024-08-16","acq_time_utc":"11:18","day_night":"Day","geom_origin":"satellite_pixel_centre","spatial_precision":"satellite_pixel"}},{"type":"Feature","id":"fire:20240816:7250a255d0","geometry":{"type":"Point","coordinates":[35.48,33.73416]},"properties":{"entity_type":"fire_detection","acq_date":"2024-08-16","acq_time_utc":"11:18","day_night":"Day","geom_origin":"satellite_pixel_centre","spatial_precision":"satellite_pixel"}},{"type":"Feature","id":"fire:20240816:8044c90bd6","geometry":{"type":"Point","coordinates":[35.57377,33.29691]},"properties":{"entity_type":"fire_detection","acq_date":"2024-08-16","acq_time_utc":"11:18","day_night":"Day","geom_origin":"satellite_pixel_centre","spatial_precision":"satellite_pixel"}},{"type":"Feature","id":"fire:20240816:a0425bba71","geometry":{"type":"Point","coordinates":[35.47873,33.73647]},"properties":{"entity_type":"fire_detection","acq_date":"2024-08-16","acq_time_utc":"11:19","day_night":"Day","geom_origin":"satellite_pixel_centre","spatial_precision":"satellite_pixel"}},{"type":"Feature","id":"fire:20240816:a31000a6b7","geometry":{"type":"Point","coordinates":[35.58485,33.29256]},"properties":{"entity_type":"fire_detection","acq_date":"2024-08-16","acq_time_utc":"11:18","day_night":"Day","geom_origin":"satellite_pixel_centre","spatial_precision":"satellite_pixel"}},{"type":"Feature","id":"fire:20240816:a5c89d843a","geometry":{"type":"Point","coordinates":[35.5774,33.29718]},"properties":{"entity_type":"fire_detection","acq_date":"2024-08-16","acq_time_utc":"11:18","day_night":"Day","geom_origin":"satellite_pixel_centre","spatial_precision":"satellite_pixel"}},{"type":"Feature","id":"fire:20240816:c5d6592c7a","geometry":{"type":"Point","coordinates":[35.58182,33.28715]},"properties":{"entity_type":"fire_detection","acq_date":"2024-08-16","acq_time_utc":"11:18","day_night":"Day","geom_origin":"satellite_pixel_centre","spatial_precision":"satellite_pixel"}},{"type":"Feature","id":"fire:20240816:d6abdf627e","geometry":{"type":"Point","coordinates":[35.54275,33.32287]},"properties":{"entity_type":"fire_detection","acq_date":"2024-08-16","acq_time_utc":"11:18","day_night":"Day","geom_origin":"satellite_pixel_centre","spatial_precision":"satellite_pixel"}},{"type":"Feature","id":"fire:20240816:da1ecf1120","geometry":{"type":"Point","coordinates":[35.57831,33.2869]},"properties":{"entity_type":"fire_detection","acq_date":"2024-08-16","acq_time_utc":"11:18","day_night":"Day","geom_origin":"satellite_pixel_centre","spatial_precision":"satellite_pixel"}},{"type":"Feature","id":"fire:20240816:dfc5593880","geometry":{"type":"Point","coordinates":[35.47561,33.73626]},"properties":{"entity_type":"fire_detection","acq_date":"2024-08-16","acq_time_utc":"11:19","day_night":"Day","geom_origin":"satellite_pixel_centre","spatial_precision":"satellite_pixel"}},{"type":"Feature","id":"fire:20240816:f4a66815fb","geometry":{"type":"Point","coordinates":[35.58139,33.28914]},"properties":{"entity_type":"fire_detection","acq_date":"2024-08-16","acq_time_utc":"09:38","day_night":"Day","geom_origin":"satellite_pixel_centre","spatial_precision":"satellite_pixel"}},{"type":"Feature","id":"fire:20240816:fc7f7456a6","geometry":{"type":"Point","coordinates":[35.58875,33.28767]},"properties":{"entity_type":"fire_detection","acq_date":"2024-08-16","acq_time_utc":"11:18","day_night":"Day","geom_origin":"satellite_pixel_centre","spatial_precision":"satellite_pixel"}},{"type":"Feature","id":"fire:20240817:4de363eeb1","geometry":{"type":"Point","coordinates":[35.59805,33.31823]},"properties":{"entity_type":"fire_detection","acq_date":"2024-08-17","acq_time_utc":"10:59","day_night":"Day","geom_origin":"satellite_pixel_centre","spatial_precision":"satellite_pixel"}},{"type":"Feature","id":"fire:20240818:08f81183ae","geometry":{"type":"Point","coordinates":[35.55459,33.67079]},"properties":{"entity_type":"fire_detection","acq_date":"2024-08-18","acq_time_utc":"10:41","day_night":"Day","geom_origin":"satellite_pixel_centre","spatial_precision":"satellite_pixel"}},{"type":"Feature","id":"fire:20240818:d50ac0d376","geometry":{"type":"Point","coordinates":[35.75995,33.36452]},"properties":{"entity_type":"fire_detection","acq_date":"2024-08-18","acq_time_utc":"10:41","day_night":"Day","geom_origin":"satellite_pixel_centre","spatial_precision":"satellite_pixel"}},{"type":"Feature","id":"fire:20240818:e3b80b1fb1","geometry":{"type":"Point","coordinates":[35.75578,33.36391]},"properties":{"entity_type":"fire_detection","acq_date":"2024-08-18","acq_time_utc":"10:41","day_night":"Day","geom_origin":"satellite_pixel_centre","spatial_precision":"satellite_pixel"}},{"type":"Feature","id":"fire:20240819:c8636e5e65","geometry":{"type":"Point","coordinates":[35.27256,33.42607]},"properties":{"entity_type":"fire_detection","acq_date":"2024-08-19","acq_time_utc":"10:22","day_night":"Day","geom_origin":"satellite_pixel_centre","spatial_precision":"satellite_pixel"}},{"type":"Feature","id":"fire:20240821:414e11caf0","geometry":{"type":"Point","coordinates":[36.14419,34.36575]},"properties":{"entity_type":"fire_detection","acq_date":"2024-08-21","acq_time_utc":"00:05","day_night":"Night","geom_origin":"satellite_pixel_centre","spatial_precision":"satellite_pixel"}},{"type":"Feature","id":"fire:20240821:6c03435ef6","geometry":{"type":"Point","coordinates":[35.40525,33.49074]},"properties":{"entity_type":"fire_detection","acq_date":"2024-08-21","acq_time_utc":"09:44","day_night":"Day","geom_origin":"satellite_pixel_centre","spatial_precision":"satellite_pixel"}},{"type":"Feature","id":"fire:20240821:d182aa1403","geometry":{"type":"Point","coordinates":[35.40725,33.49081]},"properties":{"entity_type":"fire_detection","acq_date":"2024-08-21","acq_time_utc":"09:44","day_night":"Day","geom_origin":"satellite_pixel_centre","spatial_precision":"satellite_pixel"}},{"type":"Feature","id":"fire:20240821:f7dfea322d","geometry":{"type":"Point","coordinates":[35.63394,34.16628]},"properties":{"entity_type":"fire_detection","acq_date":"2024-08-21","acq_time_utc":"11:25","day_night":"Day","geom_origin":"satellite_pixel_centre","spatial_precision":"satellite_pixel"}},{"type":"Feature","id":"fire:20240821:f959c9dfd0","geometry":{"type":"Point","coordinates":[35.402,33.48939]},"properties":{"entity_type":"fire_detection","acq_date":"2024-08-21","acq_time_utc":"09:44","day_night":"Day","geom_origin":"satellite_pixel_centre","spatial_precision":"satellite_pixel"}},{"type":"Feature","id":"fire:20240822:51f4ffb572","geometry":{"type":"Point","coordinates":[35.42324,33.09813]},"properties":{"entity_type":"fire_detection","acq_date":"2024-08-22","acq_time_utc":"11:06","day_night":"Day","geom_origin":"satellite_pixel_centre","spatial_precision":"satellite_pixel"}},{"type":"Feature","id":"fire:20240822:d635337868","geometry":{"type":"Point","coordinates":[35.41873,33.09769]},"properties":{"entity_type":"fire_detection","acq_date":"2024-08-22","acq_time_utc":"11:06","day_night":"Day","geom_origin":"satellite_pixel_centre","spatial_precision":"satellite_pixel"}},{"type":"Feature","id":"fire:20240823:39f1396b8c","geometry":{"type":"Point","coordinates":[35.37906,33.52468]},"properties":{"entity_type":"fire_detection","acq_date":"2024-08-23","acq_time_utc":"10:47","day_night":"Day","geom_origin":"satellite_pixel_centre","spatial_precision":"satellite_pixel"}},{"type":"Feature","id":"fire:20240823:3f4142a74e","geometry":{"type":"Point","coordinates":[35.37962,33.52129]},"properties":{"entity_type":"fire_detection","acq_date":"2024-08-23","acq_time_utc":"10:47","day_night":"Day","geom_origin":"satellite_pixel_centre","spatial_precision":"satellite_pixel"}},{"type":"Feature","id":"fire:20240823:46d4ffaee0","geometry":{"type":"Point","coordinates":[35.37477,33.5241]},"properties":{"entity_type":"fire_detection","acq_date":"2024-08-23","acq_time_utc":"10:47","day_night":"Day","geom_origin":"satellite_pixel_centre","spatial_precision":"satellite_pixel"}},{"type":"Feature","id":"fire:20240823:a93bba6f9a","geometry":{"type":"Point","coordinates":[35.35152,33.05832]},"properties":{"entity_type":"fire_detection","acq_date":"2024-08-23","acq_time_utc":"10:47","day_night":"Day","geom_origin":"satellite_pixel_centre","spatial_precision":"satellite_pixel"}},{"type":"Feature","id":"fire:20240823:b838647165","geometry":{"type":"Point","coordinates":[35.37424,33.52748]},"properties":{"entity_type":"fire_detection","acq_date":"2024-08-23","acq_time_utc":"10:47","day_night":"Day","geom_origin":"satellite_pixel_centre","spatial_precision":"satellite_pixel"}},{"type":"Feature","id":"fire:20240825:2123de6a5e","geometry":{"type":"Point","coordinates":[35.39639,33.14539]},"properties":{"entity_type":"fire_detection","acq_date":"2024-08-25","acq_time_utc":"10:09","day_night":"Day","geom_origin":"satellite_pixel_centre","spatial_precision":"satellite_pixel"}},{"type":"Feature","id":"fire:20240825:36cad78567","geometry":{"type":"Point","coordinates":[36.13132,34.48667]},"properties":{"entity_type":"fire_detection","acq_date":"2024-08-25","acq_time_utc":"10:09","day_night":"Day","geom_origin":"satellite_pixel_centre","spatial_precision":"satellite_pixel"}},{"type":"Feature","id":"fire:20240825:570a92d86c","geometry":{"type":"Point","coordinates":[35.9454,33.75079]},"properties":{"entity_type":"fire_detection","acq_date":"2024-08-25","acq_time_utc":"10:09","day_night":"Day","geom_origin":"satellite_pixel_centre","spatial_precision":"satellite_pixel"}},{"type":"Feature","id":"fire:20240825:62187131e0","geometry":{"type":"Point","coordinates":[35.39416,33.14433]},"properties":{"entity_type":"fire_detection","acq_date":"2024-08-25","acq_time_utc":"10:09","day_night":"Day","geom_origin":"satellite_pixel_centre","spatial_precision":"satellite_pixel"}},{"type":"Feature","id":"fire:20240825:aad553638b","geometry":{"type":"Point","coordinates":[35.20194,33.11626]},"properties":{"entity_type":"fire_detection","acq_date":"2024-08-25","acq_time_utc":"10:09","day_night":"Day","geom_origin":"satellite_pixel_centre","spatial_precision":"satellite_pixel"}},{"type":"Feature","id":"fire:20240825:ceb8b205b7","geometry":{"type":"Point","coordinates":[36.05485,34.46228]},"properties":{"entity_type":"fire_detection","acq_date":"2024-08-25","acq_time_utc":"10:09","day_night":"Day","geom_origin":"satellite_pixel_centre","spatial_precision":"satellite_pixel"}},{"type":"Feature","id":"fire:20240825:da5f50de0b","geometry":{"type":"Point","coordinates":[35.3911,33.14423]},"properties":{"entity_type":"fire_detection","acq_date":"2024-08-25","acq_time_utc":"10:09","day_night":"Day","geom_origin":"satellite_pixel_centre","spatial_precision":"satellite_pixel"}},{"type":"Feature","id":"fire:20240826:42348970c9","geometry":{"type":"Point","coordinates":[35.39999,33.31228]},"properties":{"entity_type":"fire_detection","acq_date":"2024-08-26","acq_time_utc":"09:50","day_night":"Day","geom_origin":"satellite_pixel_centre","spatial_precision":"satellite_pixel"}},{"type":"Feature","id":"fire:20240826:5831dfa8b0","geometry":{"type":"Point","coordinates":[35.8479,34.44944]},"properties":{"entity_type":"fire_detection","acq_date":"2024-08-26","acq_time_utc":"23:53","day_night":"Night","geom_origin":"satellite_pixel_centre","spatial_precision":"satellite_pixel"}},{"type":"Feature","id":"fire:20240827:0529130502","geometry":{"type":"Point","coordinates":[35.28318,33.26429]},"properties":{"entity_type":"fire_detection","acq_date":"2024-08-27","acq_time_utc":"11:12","day_night":"Day","geom_origin":"satellite_pixel_centre","spatial_precision":"satellite_pixel"}},{"type":"Feature","id":"fire:20240827:2549b53336","geometry":{"type":"Point","coordinates":[35.28252,33.26887]},"properties":{"entity_type":"fire_detection","acq_date":"2024-08-27","acq_time_utc":"11:12","day_night":"Day","geom_origin":"satellite_pixel_centre","spatial_precision":"satellite_pixel"}},{"type":"Feature","id":"fire:20240827:c163a4a301","geometry":{"type":"Point","coordinates":[35.27765,33.26382]},"properties":{"entity_type":"fire_detection","acq_date":"2024-08-27","acq_time_utc":"11:12","day_night":"Day","geom_origin":"satellite_pixel_centre","spatial_precision":"satellite_pixel"}},{"type":"Feature","id":"fire:20240827:e185f5676d","geometry":{"type":"Point","coordinates":[35.27933,33.26389]},"properties":{"entity_type":"fire_detection","acq_date":"2024-08-27","acq_time_utc":"11:12","day_night":"Day","geom_origin":"satellite_pixel_centre","spatial_precision":"satellite_pixel"}},{"type":"Feature","id":"fire:20240829:50ca170112","geometry":{"type":"Point","coordinates":[35.16644,33.12291]},"properties":{"entity_type":"fire_detection","acq_date":"2024-08-29","acq_time_utc":"22:57","day_night":"Night","geom_origin":"satellite_pixel_centre","spatial_precision":"satellite_pixel"}},{"type":"Feature","id":"fire:20240829:7979dade4c","geometry":{"type":"Point","coordinates":[35.17176,33.12238]},"properties":{"entity_type":"fire_detection","acq_date":"2024-08-29","acq_time_utc":"22:57","day_night":"Night","geom_origin":"satellite_pixel_centre","spatial_precision":"satellite_pixel"}},{"type":"Feature","id":"fire:20240829:ef14059960","geometry":{"type":"Point","coordinates":[35.17723,33.12185]},"properties":{"entity_type":"fire_detection","acq_date":"2024-08-29","acq_time_utc":"22:57","day_night":"Night","geom_origin":"satellite_pixel_centre","spatial_precision":"satellite_pixel"}},{"type":"Feature","id":"fire:20240831:687864e453","geometry":{"type":"Point","coordinates":[35.61162,33.2805]},"properties":{"entity_type":"fire_detection","acq_date":"2024-08-31","acq_time_utc":"11:37","day_night":"Day","geom_origin":"satellite_pixel_centre","spatial_precision":"satellite_pixel"}},{"type":"Feature","id":"fire:20240831:795713ef59","geometry":{"type":"Point","coordinates":[35.61956,33.2808]},"properties":{"entity_type":"fire_detection","acq_date":"2024-08-31","acq_time_utc":"11:37","day_night":"Day","geom_origin":"satellite_pixel_centre","spatial_precision":"satellite_pixel"}},{"type":"Feature","id":"fire:20240831:b8cdc9cd68","geometry":{"type":"Point","coordinates":[35.61807,33.27735]},"properties":{"entity_type":"fire_detection","acq_date":"2024-08-31","acq_time_utc":"11:37","day_night":"Day","geom_origin":"satellite_pixel_centre","spatial_precision":"satellite_pixel"}},{"type":"Feature","id":"fire:20240901:4ad25c095d","geometry":{"type":"Point","coordinates":[36.30625,34.64883]},"properties":{"entity_type":"fire_detection","acq_date":"2024-09-01","acq_time_utc":"11:18","day_night":"Day","geom_origin":"satellite_pixel_centre","spatial_precision":"satellite_pixel"}},{"type":"Feature","id":"fire:20240901:6f08eee787","geometry":{"type":"Point","coordinates":[35.29449,33.4395]},"properties":{"entity_type":"fire_detection","acq_date":"2024-09-01","acq_time_utc":"11:18","day_night":"Day","geom_origin":"satellite_pixel_centre","spatial_precision":"satellite_pixel"}},{"type":"Feature","id":"fire:20240901:a67c2ddfa5","geometry":{"type":"Point","coordinates":[36.12628,34.59162]},"properties":{"entity_type":"fire_detection","acq_date":"2024-09-01","acq_time_utc":"23:40","day_night":"Night","geom_origin":"satellite_pixel_centre","spatial_precision":"satellite_pixel"}},{"type":"Feature","id":"fire:20240901:d71f8e47b9","geometry":{"type":"Point","coordinates":[36.25508,33.99661]},"properties":{"entity_type":"fire_detection","acq_date":"2024-09-01","acq_time_utc":"23:40","day_night":"Night","geom_origin":"satellite_pixel_centre","spatial_precision":"satellite_pixel"}},{"type":"Feature","id":"fire:20240901:f5632deacf","geometry":{"type":"Point","coordinates":[35.14925,33.09136]},"properties":{"entity_type":"fire_detection","acq_date":"2024-09-01","acq_time_utc":"23:40","day_night":"Night","geom_origin":"satellite_pixel_centre","spatial_precision":"satellite_pixel"}},{"type":"Feature","id":"fire:20240902:5c15aca5bb","geometry":{"type":"Point","coordinates":[35.72916,34.33632]},"properties":{"entity_type":"fire_detection","acq_date":"2024-09-02","acq_time_utc":"23:21","day_night":"Night","geom_origin":"satellite_pixel_centre","spatial_precision":"satellite_pixel"}},{"type":"Feature","id":"fire:20240902:b32c3e39a5","geometry":{"type":"Point","coordinates":[35.76809,34.29641]},"properties":{"entity_type":"fire_detection","acq_date":"2024-09-02","acq_time_utc":"23:21","day_night":"Night","geom_origin":"satellite_pixel_centre","spatial_precision":"satellite_pixel"}},{"type":"Feature","id":"fire:20240902:c66f452de0","geometry":{"type":"Point","coordinates":[35.87777,33.73972]},"properties":{"entity_type":"fire_detection","acq_date":"2024-09-02","acq_time_utc":"10:59","day_night":"Day","geom_origin":"satellite_pixel_centre","spatial_precision":"satellite_pixel"}},{"type":"Feature","id":"fire:20240903:2221518880","geometry":{"type":"Point","coordinates":[35.24383,33.30523]},"properties":{"entity_type":"fire_detection","acq_date":"2024-09-03","acq_time_utc":"23:03","day_night":"Night","geom_origin":"satellite_pixel_centre","spatial_precision":"satellite_pixel"}},{"type":"Feature","id":"fire:20240903:acfb092458","geometry":{"type":"Point","coordinates":[35.52244,33.36715]},"properties":{"entity_type":"fire_detection","acq_date":"2024-09-03","acq_time_utc":"10:40","day_night":"Day","geom_origin":"satellite_pixel_centre","spatial_precision":"satellite_pixel"}},{"type":"Feature","id":"fire:20240903:fbd9b5d268","geometry":{"type":"Point","coordinates":[35.98389,34.6424]},"properties":{"entity_type":"fire_detection","acq_date":"2024-09-03","acq_time_utc":"10:41","day_night":"Day","geom_origin":"satellite_pixel_centre","spatial_precision":"satellite_pixel"}},{"type":"Feature","id":"fire:20240904:47c0bda6f0","geometry":{"type":"Point","coordinates":[35.23353,33.25258]},"properties":{"entity_type":"fire_detection","acq_date":"2024-09-04","acq_time_utc":"10:21","day_night":"Day","geom_origin":"satellite_pixel_centre","spatial_precision":"satellite_pixel"}},{"type":"Feature","id":"fire:20240904:6b4b1f0ba2","geometry":{"type":"Point","coordinates":[35.11898,33.10469]},"properties":{"entity_type":"fire_detection","acq_date":"2024-09-04","acq_time_utc":"10:21","day_night":"Day","geom_origin":"satellite_pixel_centre","spatial_precision":"satellite_pixel"}},{"type":"Feature","id":"fire:20240904:d32385147c","geometry":{"type":"Point","coordinates":[35.12168,33.10465]},"properties":{"entity_type":"fire_detection","acq_date":"2024-09-04","acq_time_utc":"10:21","day_night":"Day","geom_origin":"satellite_pixel_centre","spatial_precision":"satellite_pixel"}},{"type":"Feature","id":"fire:20240906:2c47afa200","geometry":{"type":"Point","coordinates":[35.58136,33.28821]},"properties":{"entity_type":"fire_detection","acq_date":"2024-09-06","acq_time_utc":"11:24","day_night":"Day","geom_origin":"satellite_pixel_centre","spatial_precision":"satellite_pixel"}},{"type":"Feature","id":"fire:20240906:4624fdbede","geometry":{"type":"Point","coordinates":[35.73034,34.33602]},"properties":{"entity_type":"fire_detection","acq_date":"2024-09-06","acq_time_utc":"00:05","day_night":"Night","geom_origin":"satellite_pixel_centre","spatial_precision":"satellite_pixel"}},{"type":"Feature","id":"fire:20240906:82dddcba46","geometry":{"type":"Point","coordinates":[35.58104,33.28458]},"properties":{"entity_type":"fire_detection","acq_date":"2024-09-06","acq_time_utc":"11:24","day_night":"Day","geom_origin":"satellite_pixel_centre","spatial_precision":"satellite_pixel"}},{"type":"Feature","id":"fire:20240906:860813190c","geometry":{"type":"Point","coordinates":[35.57706,33.28796]},"properties":{"entity_type":"fire_detection","acq_date":"2024-09-06","acq_time_utc":"11:24","day_night":"Day","geom_origin":"satellite_pixel_centre","spatial_precision":"satellite_pixel"}},{"type":"Feature","id":"fire:20240906:94def7b78b","geometry":{"type":"Point","coordinates":[35.57634,33.28992]},"properties":{"entity_type":"fire_detection","acq_date":"2024-09-06","acq_time_utc":"11:24","day_night":"Day","geom_origin":"satellite_pixel_centre","spatial_precision":"satellite_pixel"}},{"type":"Feature","id":"fire:20240906:ed1c750bf8","geometry":{"type":"Point","coordinates":[35.42132,33.62833]},"properties":{"entity_type":"fire_detection","acq_date":"2024-09-06","acq_time_utc":"00:05","day_night":"Night","geom_origin":"satellite_pixel_centre","spatial_precision":"satellite_pixel"}},{"type":"Feature","id":"fire:20240907:7c06c8be8f","geometry":{"type":"Point","coordinates":[35.19897,33.11031]},"properties":{"entity_type":"fire_detection","acq_date":"2024-09-07","acq_time_utc":"11:05","day_night":"Day","geom_origin":"satellite_pixel_centre","spatial_precision":"satellite_pixel"}},{"type":"Feature","id":"fire:20240907:ad9cf321e9","geometry":{"type":"Point","coordinates":[35.73215,34.33573]},"properties":{"entity_type":"fire_detection","acq_date":"2024-09-07","acq_time_utc":"23:27","day_night":"Night","geom_origin":"satellite_pixel_centre","spatial_precision":"satellite_pixel"}},{"type":"Feature","id":"fire:20240907:c2e5dd7020","geometry":{"type":"Point","coordinates":[35.23322,33.2546]},"properties":{"entity_type":"fire_detection","acq_date":"2024-09-07","acq_time_utc":"11:05","day_night":"Day","geom_origin":"satellite_pixel_centre","spatial_precision":"satellite_pixel"}},{"type":"Feature","id":"fire:20240908:1dac7e0130","geometry":{"type":"Point","coordinates":[35.28583,33.26592]},"properties":{"entity_type":"fire_detection","acq_date":"2024-09-08","acq_time_utc":"10:46","day_night":"Day","geom_origin":"satellite_pixel_centre","spatial_precision":"satellite_pixel"}},{"type":"Feature","id":"fire:20240908:44ab3049c0","geometry":{"type":"Point","coordinates":[35.72115,34.17663]},"properties":{"entity_type":"fire_detection","acq_date":"2024-09-08","acq_time_utc":"10:47","day_night":"Day","geom_origin":"satellite_pixel_centre","spatial_precision":"satellite_pixel"}},{"type":"Feature","id":"fire:20240908:c9e4ef603f","geometry":{"type":"Point","coordinates":[35.23178,33.25163]},"properties":{"entity_type":"fire_detection","acq_date":"2024-09-08","acq_time_utc":"10:46","day_night":"Day","geom_origin":"satellite_pixel_centre","spatial_precision":"satellite_pixel"}},{"type":"Feature","id":"fire:20240909:54a5939553","geometry":{"type":"Point","coordinates":[35.31821,33.38005]},"properties":{"entity_type":"fire_detection","acq_date":"2024-09-09","acq_time_utc":"10:28","day_night":"Day","geom_origin":"satellite_pixel_centre","spatial_precision":"satellite_pixel"}},{"type":"Feature","id":"fire:20240909:c795b33071","geometry":{"type":"Point","coordinates":[36.14426,34.36301]},"properties":{"entity_type":"fire_detection","acq_date":"2024-09-09","acq_time_utc":"22:50","day_night":"Night","geom_origin":"satellite_pixel_centre","spatial_precision":"satellite_pixel"}},{"type":"Feature","id":"fire:20240910:5be4eded0d","geometry":{"type":"Point","coordinates":[35.30396,33.37568]},"properties":{"entity_type":"fire_detection","acq_date":"2024-09-10","acq_time_utc":"10:09","day_night":"Day","geom_origin":"satellite_pixel_centre","spatial_precision":"satellite_pixel"}},{"type":"Feature","id":"fire:20240911:3bd16730d1","geometry":{"type":"Point","coordinates":[35.32273,33.2348]},"properties":{"entity_type":"fire_detection","acq_date":"2024-09-11","acq_time_utc":"09:50","day_night":"Day","geom_origin":"satellite_pixel_centre","spatial_precision":"satellite_pixel"}},{"type":"Feature","id":"fire:20240911:731282ba10","geometry":{"type":"Point","coordinates":[35.27084,33.10447]},"properties":{"entity_type":"fire_detection","acq_date":"2024-09-11","acq_time_utc":"23:53","day_night":"Night","geom_origin":"satellite_pixel_centre","spatial_precision":"satellite_pixel"}},{"type":"Feature","id":"fire:20240911:9a43ee9579","geometry":{"type":"Point","coordinates":[35.29957,33.14751]},"properties":{"entity_type":"fire_detection","acq_date":"2024-09-11","acq_time_utc":"09:50","day_night":"Day","geom_origin":"satellite_pixel_centre","spatial_precision":"satellite_pixel"}},{"type":"Feature","id":"fire:20240911:a92710cb5d","geometry":{"type":"Point","coordinates":[35.32303,33.23277]},"properties":{"entity_type":"fire_detection","acq_date":"2024-09-11","acq_time_utc":"09:50","day_night":"Day","geom_origin":"satellite_pixel_centre","spatial_precision":"satellite_pixel"}},{"type":"Feature","id":"fire:20240911:e13af2073c","geometry":{"type":"Point","coordinates":[35.3212,33.23565]},"properties":{"entity_type":"fire_detection","acq_date":"2024-09-11","acq_time_utc":"11:30","day_night":"Day","geom_origin":"satellite_pixel_centre","spatial_precision":"satellite_pixel"}},{"type":"Feature","id":"fire:20240912:35d14bc5f6","geometry":{"type":"Point","coordinates":[35.9685,34.28387]},"properties":{"entity_type":"fire_detection","acq_date":"2024-09-12","acq_time_utc":"23:33","day_night":"Night","geom_origin":"satellite_pixel_centre","spatial_precision":"satellite_pixel"}},{"type":"Feature","id":"fire:20240912:896bc15fa2","geometry":{"type":"Point","coordinates":[35.64721,33.34536]},"properties":{"entity_type":"fire_detection","acq_date":"2024-09-12","acq_time_utc":"11:11","day_night":"Day","geom_origin":"satellite_pixel_centre","spatial_precision":"satellite_pixel"}},{"type":"Feature","id":"fire:20240912:966db82265","geometry":{"type":"Point","coordinates":[35.66963,33.82813]},"properties":{"entity_type":"fire_detection","acq_date":"2024-09-12","acq_time_utc":"09:31","day_night":"Day","geom_origin":"satellite_pixel_centre","spatial_precision":"satellite_pixel"}},{"type":"Feature","id":"fire:20240912:a1124e1e62","geometry":{"type":"Point","coordinates":[35.70812,34.19743]},"properties":{"entity_type":"fire_detection","acq_date":"2024-09-12","acq_time_utc":"11:12","day_night":"Day","geom_origin":"satellite_pixel_centre","spatial_precision":"satellite_pixel"}},{"type":"Feature","id":"fire:20240912:b3d2dcd386","geometry":{"type":"Point","coordinates":[35.41684,33.09867]},"properties":{"entity_type":"fire_detection","acq_date":"2024-09-12","acq_time_utc":"23:34","day_night":"Night","geom_origin":"satellite_pixel_centre","spatial_precision":"satellite_pixel"}},{"type":"Feature","id":"fire:20240912:d6366d16a0","geometry":{"type":"Point","coordinates":[35.6018,33.70216]},"properties":{"entity_type":"fire_detection","acq_date":"2024-09-12","acq_time_utc":"23:34","day_night":"Night","geom_origin":"satellite_pixel_centre","spatial_precision":"satellite_pixel"}},{"type":"Feature","id":"fire:20240912:f1e3326c25","geometry":{"type":"Point","coordinates":[35.5972,33.70297]},"properties":{"entity_type":"fire_detection","acq_date":"2024-09-12","acq_time_utc":"23:34","day_night":"Night","geom_origin":"satellite_pixel_centre","spatial_precision":"satellite_pixel"}},{"type":"Feature","id":"fire:20240912:f8cf90b368","geometry":{"type":"Point","coordinates":[35.59114,33.34801]},"properties":{"entity_type":"fire_detection","acq_date":"2024-09-12","acq_time_utc":"11:11","day_night":"Day","geom_origin":"satellite_pixel_centre","spatial_precision":"satellite_pixel"}},{"type":"Feature","id":"fire:20240912:fd8f8e6193","geometry":{"type":"Point","coordinates":[35.6445,33.3477]},"properties":{"entity_type":"fire_detection","acq_date":"2024-09-12","acq_time_utc":"11:11","day_night":"Day","geom_origin":"satellite_pixel_centre","spatial_precision":"satellite_pixel"}},{"type":"Feature","id":"fire:20240913:3c91371889","geometry":{"type":"Point","coordinates":[35.73049,34.3361]},"properties":{"entity_type":"fire_detection","acq_date":"2024-09-13","acq_time_utc":"23:15","day_night":"Night","geom_origin":"satellite_pixel_centre","spatial_precision":"satellite_pixel"}},{"type":"Feature","id":"fire:20240913:9a3ee0a72d","geometry":{"type":"Point","coordinates":[35.97872,34.64236]},"properties":{"entity_type":"fire_detection","acq_date":"2024-09-13","acq_time_utc":"10:53","day_night":"Day","geom_origin":"satellite_pixel_centre","spatial_precision":"satellite_pixel"}},{"type":"Feature","id":"fire:20240913:a771c89630","geometry":{"type":"Point","coordinates":[36.03984,34.54543]},"properties":{"entity_type":"fire_detection","acq_date":"2024-09-13","acq_time_utc":"23:15","day_night":"Night","geom_origin":"satellite_pixel_centre","spatial_precision":"satellite_pixel"}},{"type":"Feature","id":"fire:20240913:be33704b4a","geometry":{"type":"Point","coordinates":[35.96566,33.91911]},"properties":{"entity_type":"fire_detection","acq_date":"2024-09-13","acq_time_utc":"23:15","day_night":"Night","geom_origin":"satellite_pixel_centre","spatial_precision":"satellite_pixel"}},{"type":"Feature","id":"fire:20240914:d5b1fba5e4","geometry":{"type":"Point","coordinates":[35.21875,33.10881]},"properties":{"entity_type":"fire_detection","acq_date":"2024-09-14","acq_time_utc":"10:34","day_night":"Day","geom_origin":"satellite_pixel_centre","spatial_precision":"satellite_pixel"}},{"type":"Feature","id":"fire:20240915:882328dd00","geometry":{"type":"Point","coordinates":[36.02672,34.47094]},"properties":{"entity_type":"fire_detection","acq_date":"2024-09-15","acq_time_utc":"10:15","day_night":"Day","geom_origin":"satellite_pixel_centre","spatial_precision":"satellite_pixel"}},{"type":"Feature","id":"fire:20240916:f8ff7f0f4f","geometry":{"type":"Point","coordinates":[35.28127,33.38196]},"properties":{"entity_type":"fire_detection","acq_date":"2024-09-16","acq_time_utc":"00:17","day_night":"Night","geom_origin":"satellite_pixel_centre","spatial_precision":"satellite_pixel"}},{"type":"Feature","id":"fire:20240917:feb68fd9c5","geometry":{"type":"Point","coordinates":[35.58296,33.27691]},"properties":{"entity_type":"fire_detection","acq_date":"2024-09-17","acq_time_utc":"11:18","day_night":"Day","geom_origin":"satellite_pixel_centre","spatial_precision":"satellite_pixel"}},{"type":"Feature","id":"fire:20240918:5a9854ac70","geometry":{"type":"Point","coordinates":[35.7318,34.33561]},"properties":{"entity_type":"fire_detection","acq_date":"2024-09-18","acq_time_utc":"23:21","day_night":"Night","geom_origin":"satellite_pixel_centre","spatial_precision":"satellite_pixel"}},{"type":"Feature","id":"fire:20240918:669b180af7","geometry":{"type":"Point","coordinates":[36.33004,34.62598]},"properties":{"entity_type":"fire_detection","acq_date":"2024-09-18","acq_time_utc":"23:21","day_night":"Night","geom_origin":"satellite_pixel_centre","spatial_precision":"satellite_pixel"}},{"type":"Feature","id":"fire:20240918:844464710e","geometry":{"type":"Point","coordinates":[35.52888,33.68703]},"properties":{"entity_type":"fire_detection","acq_date":"2024-09-18","acq_time_utc":"10:59","day_night":"Day","geom_origin":"satellite_pixel_centre","spatial_precision":"satellite_pixel"}},{"type":"Feature","id":"fire:20240919:8d2fc78e62","geometry":{"type":"Point","coordinates":[36.28584,34.20354]},"properties":{"entity_type":"fire_detection","acq_date":"2024-09-19","acq_time_utc":"10:40","day_night":"Day","geom_origin":"satellite_pixel_centre","spatial_precision":"satellite_pixel"}},{"type":"Feature","id":"fire:20240919:b38c1e81df","geometry":{"type":"Point","coordinates":[35.44151,33.42554]},"properties":{"entity_type":"fire_detection","acq_date":"2024-09-19","acq_time_utc":"10:40","day_night":"Day","geom_origin":"satellite_pixel_centre","spatial_precision":"satellite_pixel"}},{"type":"Feature","id":"fire:20240919:c88cefec78","geometry":{"type":"Point","coordinates":[35.44221,33.42226]},"properties":{"entity_type":"fire_detection","acq_date":"2024-09-19","acq_time_utc":"10:40","day_night":"Day","geom_origin":"satellite_pixel_centre","spatial_precision":"satellite_pixel"}},{"type":"Feature","id":"fire:20240920:296f629f7e","geometry":{"type":"Point","coordinates":[35.40369,33.43235]},"properties":{"entity_type":"fire_detection","acq_date":"2024-09-20","acq_time_utc":"10:21","day_night":"Day","geom_origin":"satellite_pixel_centre","spatial_precision":"satellite_pixel"}},{"type":"Feature","id":"fire:20240920:4b45d973fb","geometry":{"type":"Point","coordinates":[35.40124,33.43023]},"properties":{"entity_type":"fire_detection","acq_date":"2024-09-20","acq_time_utc":"10:21","day_night":"Day","geom_origin":"satellite_pixel_centre","spatial_precision":"satellite_pixel"}},{"type":"Feature","id":"fire:20240920:7d7ca30928","geometry":{"type":"Point","coordinates":[35.40465,33.42868]},"properties":{"entity_type":"fire_detection","acq_date":"2024-09-20","acq_time_utc":"10:21","day_night":"Day","geom_origin":"satellite_pixel_centre","spatial_precision":"satellite_pixel"}},{"type":"Feature","id":"fire:20240920:b35814c069","geometry":{"type":"Point","coordinates":[36.17953,34.55475]},"properties":{"entity_type":"fire_detection","acq_date":"2024-09-20","acq_time_utc":"10:21","day_night":"Day","geom_origin":"satellite_pixel_centre","spatial_precision":"satellite_pixel"}},{"type":"Feature","id":"fire:20240920:da0bf2b6a2","geometry":{"type":"Point","coordinates":[35.63255,33.41792]},"properties":{"entity_type":"fire_detection","acq_date":"2024-09-20","acq_time_utc":"10:21","day_night":"Day","geom_origin":"satellite_pixel_centre","spatial_precision":"satellite_pixel"}},{"type":"Feature","id":"fire:20240920:e051850cc1","geometry":{"type":"Point","coordinates":[35.63148,33.42152]},"properties":{"entity_type":"fire_detection","acq_date":"2024-09-20","acq_time_utc":"10:21","day_night":"Day","geom_origin":"satellite_pixel_centre","spatial_precision":"satellite_pixel"}},{"type":"Feature","id":"fire:20240920:e6bd5c6ea2","geometry":{"type":"Point","coordinates":[35.40648,33.43124]},"properties":{"entity_type":"fire_detection","acq_date":"2024-09-20","acq_time_utc":"10:21","day_night":"Day","geom_origin":"satellite_pixel_centre","spatial_precision":"satellite_pixel"}},{"type":"Feature","id":"fire:20240921:03f3325f38","geometry":{"type":"Point","coordinates":[35.52464,33.50924]},"properties":{"entity_type":"fire_detection","acq_date":"2024-09-21","acq_time_utc":"22:24","day_night":"Night","geom_origin":"satellite_pixel_centre","spatial_precision":"satellite_pixel"}},{"type":"Feature","id":"fire:20240921:56fa26bc83","geometry":{"type":"Point","coordinates":[35.53403,33.4113]},"properties":{"entity_type":"fire_detection","acq_date":"2024-09-21","acq_time_utc":"11:43","day_night":"Day","geom_origin":"satellite_pixel_centre","spatial_precision":"satellite_pixel"}},{"type":"Feature","id":"fire:20240921:5cc0d7d304","geometry":{"type":"Point","coordinates":[35.61968,33.41769]},"properties":{"entity_type":"fire_detection","acq_date":"2024-09-21","acq_time_utc":"11:43","day_night":"Day","geom_origin":"satellite_pixel_centre","spatial_precision":"satellite_pixel"}},{"type":"Feature","id":"fire:20240921:6e2712d763","geometry":{"type":"Point","coordinates":[35.417,33.42667]},"properties":{"entity_type":"fire_detection","acq_date":"2024-09-21","acq_time_utc":"11:43","day_night":"Day","geom_origin":"satellite_pixel_centre","spatial_precision":"satellite_pixel"}},{"type":"Feature","id":"fire:20240921:961e8dfb59","geometry":{"type":"Point","coordinates":[35.41892,33.45173]},"properties":{"entity_type":"fire_detection","acq_date":"2024-09-21","acq_time_utc":"11:43","day_night":"Day","geom_origin":"satellite_pixel_centre","spatial_precision":"satellite_pixel"}},{"type":"Feature","id":"fire:20240921:b0cf251f61","geometry":{"type":"Point","coordinates":[35.541,33.40849]},"properties":{"entity_type":"fire_detection","acq_date":"2024-09-21","acq_time_utc":"11:43","day_night":"Day","geom_origin":"satellite_pixel_centre","spatial_precision":"satellite_pixel"}},{"type":"Feature","id":"fire:20240921:d0c41a9714","geometry":{"type":"Point","coordinates":[35.41151,33.45155]},"properties":{"entity_type":"fire_detection","acq_date":"2024-09-21","acq_time_utc":"11:43","day_night":"Day","geom_origin":"satellite_pixel_centre","spatial_precision":"satellite_pixel"}},{"type":"Feature","id":"fire:20240921:f3a0c50973","geometry":{"type":"Point","coordinates":[35.41698,33.45521]},"properties":{"entity_type":"fire_detection","acq_date":"2024-09-21","acq_time_utc":"11:43","day_night":"Day","geom_origin":"satellite_pixel_centre","spatial_precision":"satellite_pixel"}},{"type":"Feature","id":"fire:20240922:9caddf79fe","geometry":{"type":"Point","coordinates":[35.45866,33.31273]},"properties":{"entity_type":"fire_detection","acq_date":"2024-09-22","acq_time_utc":"00:05","day_night":"Night","geom_origin":"satellite_pixel_centre","spatial_precision":"satellite_pixel"}},{"type":"Feature","id":"fire:20240923:022ad4859d","geometry":{"type":"Point","coordinates":[35.2515,33.19961]},"properties":{"entity_type":"fire_detection","acq_date":"2024-09-23","acq_time_utc":"11:05","day_night":"Day","geom_origin":"satellite_pixel_centre","spatial_precision":"satellite_pixel"}},{"type":"Feature","id":"fire:20240923:05c7e34859","geometry":{"type":"Point","coordinates":[35.50261,33.23291]},"properties":{"entity_type":"fire_detection","acq_date":"2024-09-23","acq_time_utc":"11:05","day_night":"Day","geom_origin":"satellite_pixel_centre","spatial_precision":"satellite_pixel"}},{"type":"Feature","id":"fire:20240923:060601685c","geometry":{"type":"Point","coordinates":[35.44796,33.35156]},"properties":{"entity_type":"fire_detection","acq_date":"2024-09-23","acq_time_utc":"11:05","day_night":"Day","geom_origin":"satellite_pixel_centre","spatial_precision":"satellite_pixel"}},{"type":"Feature","id":"fire:20240923:0735360b48","geometry":{"type":"Point","coordinates":[35.33377,33.212]},"properties":{"entity_type":"fire_detection","acq_date":"2024-09-23","acq_time_utc":"11:05","day_night":"Day","geom_origin":"satellite_pixel_centre","spatial_precision":"satellite_pixel"}},{"type":"Feature","id":"fire:20240923:09dfe80e9a","geometry":{"type":"Point","coordinates":[35.33598,33.38253]},"properties":{"entity_type":"fire_detection","acq_date":"2024-09-23","acq_time_utc":"11:05","day_night":"Day","geom_origin":"satellite_pixel_centre","spatial_precision":"satellite_pixel"}},{"type":"Feature","id":"fire:20240923:0a1ce39665","geometry":{"type":"Point","coordinates":[35.49945,33.45079]},"properties":{"entity_type":"fire_detection","acq_date":"2024-09-23","acq_time_utc":"11:05","day_night":"Day","geom_origin":"satellite_pixel_centre","spatial_precision":"satellite_pixel"}},{"type":"Feature","id":"fire:20240923:0c3e0e807e","geometry":{"type":"Point","coordinates":[35.36593,33.32651]},"properties":{"entity_type":"fire_detection","acq_date":"2024-09-23","acq_time_utc":"11:05","day_night":"Day","geom_origin":"satellite_pixel_centre","spatial_precision":"satellite_pixel"}},{"type":"Feature","id":"fire:20240923:0d90d3f1a8","geometry":{"type":"Point","coordinates":[35.32463,33.36872]},"properties":{"entity_type":"fire_detection","acq_date":"2024-09-23","acq_time_utc":"11:05","day_night":"Day","geom_origin":"satellite_pixel_centre","spatial_precision":"satellite_pixel"}},{"type":"Feature","id":"fire:20240923:0e3cacdef8","geometry":{"type":"Point","coordinates":[35.22906,33.15721]},"properties":{"entity_type":"fire_detection","acq_date":"2024-09-23","acq_time_utc":"11:05","day_night":"Day","geom_origin":"satellite_pixel_centre","spatial_precision":"satellite_pixel"}},{"type":"Feature","id":"fire:20240923:0f703abc7d","geometry":{"type":"Point","coordinates":[35.3819,33.34076]},"properties":{"entity_type":"fire_detection","acq_date":"2024-09-23","acq_time_utc":"11:05","day_night":"Day","geom_origin":"satellite_pixel_centre","spatial_precision":"satellite_pixel"}},{"type":"Feature","id":"fire:20240923:10e0feaa1e","geometry":{"type":"Point","coordinates":[35.50385,33.42569]},"properties":{"entity_type":"fire_detection","acq_date":"2024-09-23","acq_time_utc":"11:05","day_night":"Day","geom_origin":"satellite_pixel_centre","spatial_precision":"satellite_pixel"}},{"type":"Feature","id":"fire:20240923:15eed0f83c","geometry":{"type":"Point","coordinates":[35.41843,33.41319]},"properties":{"entity_type":"fire_detection","acq_date":"2024-09-23","acq_time_utc":"11:05","day_night":"Day","geom_origin":"satellite_pixel_centre","spatial_precision":"satellite_pixel"}},{"type":"Feature","id":"fire:20240923:16e25298c0","geometry":{"type":"Point","coordinates":[35.21132,33.16372]},"properties":{"entity_type":"fire_detection","acq_date":"2024-09-23","acq_time_utc":"11:05","day_night":"Day","geom_origin":"satellite_pixel_centre","spatial_precision":"satellite_pixel"}},{"type":"Feature","id":"fire:20240923:1720276bb9","geometry":{"type":"Point","coordinates":[35.44353,33.35112]},"properties":{"entity_type":"fire_detection","acq_date":"2024-09-23","acq_time_utc":"11:05","day_night":"Day","geom_origin":"satellite_pixel_centre","spatial_precision":"satellite_pixel"}},{"type":"Feature","id":"fire:20240923:17cb1dce81","geometry":{"type":"Point","coordinates":[35.42924,33.35817]},"properties":{"entity_type":"fire_detection","acq_date":"2024-09-23","acq_time_utc":"11:05","day_night":"Day","geom_origin":"satellite_pixel_centre","spatial_precision":"satellite_pixel"}},{"type":"Feature","id":"fire:20240923:198629a51f","geometry":{"type":"Point","coordinates":[35.15691,33.11224]},"properties":{"entity_type":"fire_detection","acq_date":"2024-09-23","acq_time_utc":"11:05","day_night":"Day","geom_origin":"satellite_pixel_centre","spatial_precision":"satellite_pixel"}},{"type":"Feature","id":"fire:20240923:1b46124e85","geometry":{"type":"Point","coordinates":[35.31136,33.16994]},"properties":{"entity_type":"fire_detection","acq_date":"2024-09-23","acq_time_utc":"11:05","day_night":"Day","geom_origin":"satellite_pixel_centre","spatial_precision":"satellite_pixel"}},{"type":"Feature","id":"fire:20240923:1c6501be51","geometry":{"type":"Point","coordinates":[35.23189,33.13243]},"properties":{"entity_type":"fire_detection","acq_date":"2024-09-23","acq_time_utc":"11:05","day_night":"Day","geom_origin":"satellite_pixel_centre","spatial_precision":"satellite_pixel"}},{"type":"Feature","id":"fire:20240923:2166057955","geometry":{"type":"Point","coordinates":[35.236,33.21898]},"properties":{"entity_type":"fire_detection","acq_date":"2024-09-23","acq_time_utc":"11:05","day_night":"Day","geom_origin":"satellite_pixel_centre","spatial_precision":"satellite_pixel"}},{"type":"Feature","id":"fire:20240923:21fe105161","geometry":{"type":"Point","coordinates":[35.39085,33.34165]},"properties":{"entity_type":"fire_detection","acq_date":"2024-09-23","acq_time_utc":"11:05","day_night":"Day","geom_origin":"satellite_pixel_centre","spatial_precision":"satellite_pixel"}},{"type":"Feature","id":"fire:20240923:23fcf46c49","geometry":{"type":"Point","coordinates":[35.50311,33.42987]},"properties":{"entity_type":"fire_detection","acq_date":"2024-09-23","acq_time_utc":"11:05","day_night":"Day","geom_origin":"satellite_pixel_centre","spatial_precision":"satellite_pixel"}},{"type":"Feature","id":"fire:20240923:2b3528f5e6","geometry":{"type":"Point","coordinates":[35.36976,33.33111]},"properties":{"entity_type":"fire_detection","acq_date":"2024-09-23","acq_time_utc":"11:05","day_night":"Day","geom_origin":"satellite_pixel_centre","spatial_precision":"satellite_pixel"}},{"type":"Feature","id":"fire:20240923:2ef707a7be","geometry":{"type":"Point","coordinates":[35.37507,33.3232]},"properties":{"entity_type":"fire_detection","acq_date":"2024-09-23","acq_time_utc":"11:05","day_night":"Day","geom_origin":"satellite_pixel_centre","spatial_precision":"satellite_pixel"}},{"type":"Feature","id":"fire:20240923:2f7602b414","geometry":{"type":"Point","coordinates":[35.25576,33.20004]},"properties":{"entity_type":"fire_detection","acq_date":"2024-09-23","acq_time_utc":"11:05","day_night":"Day","geom_origin":"satellite_pixel_centre","spatial_precision":"satellite_pixel"}},{"type":"Feature","id":"fire:20240923:37c4745001","geometry":{"type":"Point","coordinates":[35.3251,33.21114]},"properties":{"entity_type":"fire_detection","acq_date":"2024-09-23","acq_time_utc":"11:05","day_night":"Day","geom_origin":"satellite_pixel_centre","spatial_precision":"satellite_pixel"}},{"type":"Feature","id":"fire:20240923:38055c93a7","geometry":{"type":"Point","coordinates":[35.40463,33.20277]},"properties":{"entity_type":"fire_detection","acq_date":"2024-09-23","acq_time_utc":"23:27","day_night":"Night","geom_origin":"satellite_pixel_centre","spatial_precision":"satellite_pixel"}},{"type":"Feature","id":"fire:20240923:3d6affa22c","geometry":{"type":"Point","coordinates":[35.49822,33.23248]},"properties":{"entity_type":"fire_detection","acq_date":"2024-09-23","acq_time_utc":"11:05","day_night":"Day","geom_origin":"satellite_pixel_centre","spatial_precision":"satellite_pixel"}},{"type":"Feature","id":"fire:20240923:3d6c9971a9","geometry":{"type":"Point","coordinates":[35.44429,33.34696]},"properties":{"entity_type":"fire_detection","acq_date":"2024-09-23","acq_time_utc":"11:05","day_night":"Day","geom_origin":"satellite_pixel_centre","spatial_precision":"satellite_pixel"}},{"type":"Feature","id":"fire:20240923:44d748ccf6","geometry":{"type":"Point","coordinates":[35.28669,33.15481]},"properties":{"entity_type":"fire_detection","acq_date":"2024-09-23","acq_time_utc":"11:05","day_night":"Day","geom_origin":"satellite_pixel_centre","spatial_precision":"satellite_pixel"}},{"type":"Feature","id":"fire:20240923:465a7d2525","geometry":{"type":"Point","coordinates":[35.64663,33.51659]},"properties":{"entity_type":"fire_detection","acq_date":"2024-09-23","acq_time_utc":"11:05","day_night":"Day","geom_origin":"satellite_pixel_centre","spatial_precision":"satellite_pixel"}},{"type":"Feature","id":"fire:20240923:484d81b31d","geometry":{"type":"Point","coordinates":[35.32898,33.21573]},"properties":{"entity_type":"fire_detection","acq_date":"2024-09-23","acq_time_utc":"11:05","day_night":"Day","geom_origin":"satellite_pixel_centre","spatial_precision":"satellite_pixel"}},{"type":"Feature","id":"fire:20240923:4abcb181e8","geometry":{"type":"Point","coordinates":[35.41802,33.41739]},"properties":{"entity_type":"fire_detection","acq_date":"2024-09-23","acq_time_utc":"11:05","day_night":"Day","geom_origin":"satellite_pixel_centre","spatial_precision":"satellite_pixel"}},{"type":"Feature","id":"fire:20240923:4ef5bbb310","geometry":{"type":"Point","coordinates":[35.44212,33.39454]},"properties":{"entity_type":"fire_detection","acq_date":"2024-09-23","acq_time_utc":"23:27","day_night":"Night","geom_origin":"satellite_pixel_centre","spatial_precision":"satellite_pixel"}},{"type":"Feature","id":"fire:20240923:4fb4b1c0ff","geometry":{"type":"Point","coordinates":[35.33809,33.21243]},"properties":{"entity_type":"fire_detection","acq_date":"2024-09-23","acq_time_utc":"11:05","day_night":"Day","geom_origin":"satellite_pixel_centre","spatial_precision":"satellite_pixel"}},{"type":"Feature","id":"fire:20240923:565640807d","geometry":{"type":"Point","coordinates":[35.2739,33.23119]},"properties":{"entity_type":"fire_detection","acq_date":"2024-09-23","acq_time_utc":"11:05","day_night":"Day","geom_origin":"satellite_pixel_centre","spatial_precision":"satellite_pixel"}},{"type":"Feature","id":"fire:20240923:57f0d7eaf0","geometry":{"type":"Point","coordinates":[35.15276,33.11181]},"properties":{"entity_type":"fire_detection","acq_date":"2024-09-23","acq_time_utc":"11:05","day_night":"Day","geom_origin":"satellite_pixel_centre","spatial_precision":"satellite_pixel"}},{"type":"Feature","id":"fire:20240923:59e8280625","geometry":{"type":"Point","coordinates":[35.3254,33.20697]},"properties":{"entity_type":"fire_detection","acq_date":"2024-09-23","acq_time_utc":"11:05","day_night":"Day","geom_origin":"satellite_pixel_centre","spatial_precision":"satellite_pixel"}},{"type":"Feature","id":"fire:20240923:5a4e0d0107","geometry":{"type":"Point","coordinates":[35.38639,33.34121]},"properties":{"entity_type":"fire_detection","acq_date":"2024-09-23","acq_time_utc":"11:05","day_night":"Day","geom_origin":"satellite_pixel_centre","spatial_precision":"satellite_pixel"}},{"type":"Feature","id":"fire:20240923:5ee252762e","geometry":{"type":"Point","coordinates":[35.33326,33.28769]},"properties":{"entity_type":"fire_detection","acq_date":"2024-09-23","acq_time_utc":"11:05","day_night":"Day","geom_origin":"satellite_pixel_centre","spatial_precision":"satellite_pixel"}},{"type":"Feature","id":"fire:20240923:61d042275b","geometry":{"type":"Point","coordinates":[35.23338,33.15766]},"properties":{"entity_type":"fire_detection","acq_date":"2024-09-23","acq_time_utc":"11:05","day_night":"Day","geom_origin":"satellite_pixel_centre","spatial_precision":"satellite_pixel"}},{"type":"Feature","id":"fire:20240923:62daa5e969","geometry":{"type":"Point","coordinates":[35.3903,33.34583]},"properties":{"entity_type":"fire_detection","acq_date":"2024-09-23","acq_time_utc":"11:05","day_night":"Day","geom_origin":"satellite_pixel_centre","spatial_precision":"satellite_pixel"}},{"type":"Feature","id":"fire:20240923:6870e0f6ce","geometry":{"type":"Point","coordinates":[35.34076,33.3788]},"properties":{"entity_type":"fire_detection","acq_date":"2024-09-23","acq_time_utc":"11:05","day_night":"Day","geom_origin":"satellite_pixel_centre","spatial_precision":"satellite_pixel"}},{"type":"Feature","id":"fire:20240923:7001605afb","geometry":{"type":"Point","coordinates":[35.21163,33.15957]},"properties":{"entity_type":"fire_detection","acq_date":"2024-09-23","acq_time_utc":"11:05","day_night":"Day","geom_origin":"satellite_pixel_centre","spatial_precision":"satellite_pixel"}},{"type":"Feature","id":"fire:20240923:77c83ab2c2","geometry":{"type":"Point","coordinates":[35.22448,33.16091]},"properties":{"entity_type":"fire_detection","acq_date":"2024-09-23","acq_time_utc":"11:05","day_night":"Day","geom_origin":"satellite_pixel_centre","spatial_precision":"satellite_pixel"}},{"type":"Feature","id":"fire:20240923:78c83e93db","geometry":{"type":"Point","coordinates":[35.43912,33.35069]},"properties":{"entity_type":"fire_detection","acq_date":"2024-09-23","acq_time_utc":"11:05","day_night":"Day","geom_origin":"satellite_pixel_centre","spatial_precision":"satellite_pixel"}},{"type":"Feature","id":"fire:20240923:7a8a88e3fd","geometry":{"type":"Point","coordinates":[35.49076,33.44994]},"properties":{"entity_type":"fire_detection","acq_date":"2024-09-23","acq_time_utc":"11:05","day_night":"Day","geom_origin":"satellite_pixel_centre","spatial_precision":"satellite_pixel"}},{"type":"Feature","id":"fire:20240923:8232953bab","geometry":{"type":"Point","coordinates":[35.43041,33.23003]},"properties":{"entity_type":"fire_detection","acq_date":"2024-09-23","acq_time_utc":"11:05","day_night":"Day","geom_origin":"satellite_pixel_centre","spatial_precision":"satellite_pixel"}},{"type":"Feature","id":"fire:20240923:851f3ae0dd","geometry":{"type":"Point","coordinates":[35.43897,33.34392]},"properties":{"entity_type":"fire_detection","acq_date":"2024-09-23","acq_time_utc":"23:27","day_night":"Night","geom_origin":"satellite_pixel_centre","spatial_precision":"satellite_pixel"}},{"type":"Feature","id":"fire:20240923:88109e1b06","geometry":{"type":"Point","coordinates":[35.44878,33.3474]},"properties":{"entity_type":"fire_detection","acq_date":"2024-09-23","acq_time_utc":"11:05","day_night":"Day","geom_origin":"satellite_pixel_centre","spatial_precision":"satellite_pixel"}},{"type":"Feature","id":"fire:20240923:93dc053ecd","geometry":{"type":"Point","coordinates":[35.30702,33.16949]},"properties":{"entity_type":"fire_detection","acq_date":"2024-09-23","acq_time_utc":"11:05","day_night":"Day","geom_origin":"satellite_pixel_centre","spatial_precision":"satellite_pixel"}},{"type":"Feature","id":"fire:20240923:94519747d5","geometry":{"type":"Point","coordinates":[35.36374,33.26133]},"properties":{"entity_type":"fire_detection","acq_date":"2024-09-23","acq_time_utc":"11:05","day_night":"Day","geom_origin":"satellite_pixel_centre","spatial_precision":"satellite_pixel"}},{"type":"Feature","id":"fire:20240923:95aa2a7358","geometry":{"type":"Point","coordinates":[35.43669,33.37162]},"properties":{"entity_type":"fire_detection","acq_date":"2024-09-23","acq_time_utc":"11:05","day_night":"Day","geom_origin":"satellite_pixel_centre","spatial_precision":"satellite_pixel"}},{"type":"Feature","id":"fire:20240923:963dad70ef","geometry":{"type":"Point","coordinates":[35.41541,33.4002]},"properties":{"entity_type":"fire_detection","acq_date":"2024-09-23","acq_time_utc":"11:05","day_night":"Day","geom_origin":"satellite_pixel_centre","spatial_precision":"satellite_pixel"}},{"type":"Feature","id":"fire:20240923:97062459a7","geometry":{"type":"Point","coordinates":[35.23779,33.15812]},"properties":{"entity_type":"fire_detection","acq_date":"2024-09-23","acq_time_utc":"11:05","day_night":"Day","geom_origin":"satellite_pixel_centre","spatial_precision":"satellite_pixel"}},{"type":"Feature","id":"fire:20240923:9b73475468","geometry":{"type":"Point","coordinates":[35.21212,33.15545]},"properties":{"entity_type":"fire_detection","acq_date":"2024-09-23","acq_time_utc":"11:05","day_night":"Day","geom_origin":"satellite_pixel_centre","spatial_precision":"satellite_pixel"}},{"type":"Feature","id":"fire:20240923:9b982c1437","geometry":{"type":"Point","coordinates":[35.23375,33.15351]},"properties":{"entity_type":"fire_detection","acq_date":"2024-09-23","acq_time_utc":"11:05","day_night":"Day","geom_origin":"satellite_pixel_centre","spatial_precision":"satellite_pixel"}},{"type":"Feature","id":"fire:20240923:9c80adb5da","geometry":{"type":"Point","coordinates":[35.21632,33.15588]},"properties":{"entity_type":"fire_detection","acq_date":"2024-09-23","acq_time_utc":"11:05","day_night":"Day","geom_origin":"satellite_pixel_centre","spatial_precision":"satellite_pixel"}},{"type":"Feature","id":"fire:20240923:9dddbc1396","geometry":{"type":"Point","coordinates":[35.3859,33.34538]},"properties":{"entity_type":"fire_detection","acq_date":"2024-09-23","acq_time_utc":"11:05","day_night":"Day","geom_origin":"satellite_pixel_centre","spatial_precision":"satellite_pixel"}},{"type":"Feature","id":"fire:20240923:9fb033d7ea","geometry":{"type":"Point","coordinates":[35.32357,33.30968]},"properties":{"entity_type":"fire_detection","acq_date":"2024-09-23","acq_time_utc":"11:05","day_night":"Day","geom_origin":"satellite_pixel_centre","spatial_precision":"satellite_pixel"}},{"type":"Feature","id":"fire:20240923:a051a75c2a","geometry":{"type":"Point","coordinates":[35.29083,33.15524]},"properties":{"entity_type":"fire_detection","acq_date":"2024-09-23","acq_time_utc":"11:05","day_night":"Day","geom_origin":"satellite_pixel_centre","spatial_precision":"satellite_pixel"}},{"type":"Feature","id":"fire:20240923:a152745508","geometry":{"type":"Point","coordinates":[35.4848,33.12426]},"properties":{"entity_type":"fire_detection","acq_date":"2024-09-23","acq_time_utc":"11:05","day_night":"Day","geom_origin":"satellite_pixel_centre","spatial_precision":"satellite_pixel"}},{"type":"Feature","id":"fire:20240923:a8f5a7aeec","geometry":{"type":"Point","coordinates":[35.26258,33.25099]},"properties":{"entity_type":"fire_detection","acq_date":"2024-09-23","acq_time_utc":"11:05","day_night":"Day","geom_origin":"satellite_pixel_centre","spatial_precision":"satellite_pixel"}},{"type":"Feature","id":"fire:20240923:ad81f51f3f","geometry":{"type":"Point","coordinates":[35.34399,33.28643]},"properties":{"entity_type":"fire_detection","acq_date":"2024-09-23","acq_time_utc":"11:05","day_night":"Day","geom_origin":"satellite_pixel_centre","spatial_precision":"satellite_pixel"}},{"type":"Feature","id":"fire:20240923:aedb778633","geometry":{"type":"Point","coordinates":[35.35955,33.29041]},"properties":{"entity_type":"fire_detection","acq_date":"2024-09-23","acq_time_utc":"11:05","day_night":"Day","geom_origin":"satellite_pixel_centre","spatial_precision":"satellite_pixel"}},{"type":"Feature","id":"fire:20240923:b11c96eab1","geometry":{"type":"Point","coordinates":[35.22878,33.16136]},"properties":{"entity_type":"fire_detection","acq_date":"2024-09-23","acq_time_utc":"11:05","day_night":"Day","geom_origin":"satellite_pixel_centre","spatial_precision":"satellite_pixel"}},{"type":"Feature","id":"fire:20240923:b4683561bd","geometry":{"type":"Point","coordinates":[35.2982,33.25044]},"properties":{"entity_type":"fire_detection","acq_date":"2024-09-23","acq_time_utc":"11:05","day_night":"Day","geom_origin":"satellite_pixel_centre","spatial_precision":"satellite_pixel"}},{"type":"Feature","id":"fire:20240923:bbfb11b4ae","geometry":{"type":"Point","coordinates":[35.23636,33.13289]},"properties":{"entity_type":"fire_detection","acq_date":"2024-09-23","acq_time_utc":"11:05","day_night":"Day","geom_origin":"satellite_pixel_centre","spatial_precision":"satellite_pixel"}},{"type":"Feature","id":"fire:20240923:bc6f11748b","geometry":{"type":"Point","coordinates":[35.22477,33.15676]},"properties":{"entity_type":"fire_detection","acq_date":"2024-09-23","acq_time_utc":"11:05","day_night":"Day","geom_origin":"satellite_pixel_centre","spatial_precision":"satellite_pixel"}},{"type":"Feature","id":"fire:20240923:be3c42f2ec","geometry":{"type":"Point","coordinates":[35.21587,33.16002]},"properties":{"entity_type":"fire_detection","acq_date":"2024-09-23","acq_time_utc":"11:05","day_night":"Day","geom_origin":"satellite_pixel_centre","spatial_precision":"satellite_pixel"}},{"type":"Feature","id":"fire:20240923:c2904c3eed","geometry":{"type":"Point","coordinates":[35.43487,33.34459]},"properties":{"entity_type":"fire_detection","acq_date":"2024-09-23","acq_time_utc":"23:27","day_night":"Night","geom_origin":"satellite_pixel_centre","spatial_precision":"satellite_pixel"}},{"type":"Feature","id":"fire:20240923:c2afd04264","geometry":{"type":"Point","coordinates":[35.31761,33.2356]},"properties":{"entity_type":"fire_detection","acq_date":"2024-09-23","acq_time_utc":"11:05","day_night":"Day","geom_origin":"satellite_pixel_centre","spatial_precision":"satellite_pixel"}},{"type":"Feature","id":"fire:20240923:c3f1b35c20","geometry":{"type":"Point","coordinates":[35.46675,33.11824]},"properties":{"entity_type":"fire_detection","acq_date":"2024-09-23","acq_time_utc":"11:05","day_night":"Day","geom_origin":"satellite_pixel_centre","spatial_precision":"satellite_pixel"}},{"type":"Feature","id":"fire:20240923:c6850ca42d","geometry":{"type":"Point","coordinates":[35.37745,33.34032]},"properties":{"entity_type":"fire_detection","acq_date":"2024-09-23","acq_time_utc":"11:05","day_night":"Day","geom_origin":"satellite_pixel_centre","spatial_precision":"satellite_pixel"}},{"type":"Feature","id":"fire:20240923:cd367503ad","geometry":{"type":"Point","coordinates":[35.41415,33.48054]},"properties":{"entity_type":"fire_detection","acq_date":"2024-09-23","acq_time_utc":"11:05","day_night":"Day","geom_origin":"satellite_pixel_centre","spatial_precision":"satellite_pixel"}},{"type":"Feature","id":"fire:20240923:ce72cb9949","geometry":{"type":"Point","coordinates":[35.14419,33.11093]},"properties":{"entity_type":"fire_detection","acq_date":"2024-09-23","acq_time_utc":"11:05","day_night":"Day","geom_origin":"satellite_pixel_centre","spatial_precision":"satellite_pixel"}},{"type":"Feature","id":"fire:20240923:ced2b3daa0","geometry":{"type":"Point","coordinates":[35.49009,33.45413]},"properties":{"entity_type":"fire_detection","acq_date":"2024-09-23","acq_time_utc":"11:05","day_night":"Day","geom_origin":"satellite_pixel_centre","spatial_precision":"satellite_pixel"}},{"type":"Feature","id":"fire:20240923:d5d9d35d01","geometry":{"type":"Point","coordinates":[35.33033,33.28931]},"properties":{"entity_type":"fire_detection","acq_date":"2024-09-23","acq_time_utc":"11:05","day_night":"Day","geom_origin":"satellite_pixel_centre","spatial_precision":"satellite_pixel"}},{"type":"Feature","id":"fire:20240923:d6b1db3197","geometry":{"type":"Point","coordinates":[35.37458,33.32737]},"properties":{"entity_type":"fire_detection","acq_date":"2024-09-23","acq_time_utc":"11:05","day_night":"Day","geom_origin":"satellite_pixel_centre","spatial_precision":"satellite_pixel"}},{"type":"Feature","id":"fire:20240923:d72d94fe49","geometry":{"type":"Point","coordinates":[35.4429,33.39345]},"properties":{"entity_type":"fire_detection","acq_date":"2024-09-23","acq_time_utc":"11:05","day_night":"Day","geom_origin":"satellite_pixel_centre","spatial_precision":"satellite_pixel"}},{"type":"Feature","id":"fire:20240923:df4c7ca147","geometry":{"type":"Point","coordinates":[36.02917,34.04251]},"properties":{"entity_type":"fire_detection","acq_date":"2024-09-23","acq_time_utc":"23:27","day_night":"Night","geom_origin":"satellite_pixel_centre","spatial_precision":"satellite_pixel"}},{"type":"Feature","id":"fire:20240923:e2c429bdd6","geometry":{"type":"Point","coordinates":[35.33474,33.28974]},"properties":{"entity_type":"fire_detection","acq_date":"2024-09-23","acq_time_utc":"11:05","day_night":"Day","geom_origin":"satellite_pixel_centre","spatial_precision":"satellite_pixel"}},{"type":"Feature","id":"fire:20240923:e63eae7f01","geometry":{"type":"Point","coordinates":[35.34206,33.40998]},"properties":{"entity_type":"fire_detection","acq_date":"2024-09-23","acq_time_utc":"11:05","day_night":"Day","geom_origin":"satellite_pixel_centre","spatial_precision":"satellite_pixel"}},{"type":"Feature","id":"fire:20240923:e8762f9701","geometry":{"type":"Point","coordinates":[36.05413,34.0555]},"properties":{"entity_type":"fire_detection","acq_date":"2024-09-23","acq_time_utc":"23:27","day_night":"Night","geom_origin":"satellite_pixel_centre","spatial_precision":"satellite_pixel"}},{"type":"Feature","id":"fire:20240923:ea661c362b","geometry":{"type":"Point","coordinates":[35.25226,33.30682]},"properties":{"entity_type":"fire_detection","acq_date":"2024-09-23","acq_time_utc":"11:05","day_night":"Day","geom_origin":"satellite_pixel_centre","spatial_precision":"satellite_pixel"}},{"type":"Feature","id":"fire:20240923:f2f05d43e0","geometry":{"type":"Point","coordinates":[35.3181,33.23145]},"properties":{"entity_type":"fire_detection","acq_date":"2024-09-23","acq_time_utc":"11:05","day_night":"Day","geom_origin":"satellite_pixel_centre","spatial_precision":"satellite_pixel"}},{"type":"Feature","id":"fire:20240923:f40277c3a5","geometry":{"type":"Point","coordinates":[35.14373,33.1192]},"properties":{"entity_type":"fire_detection","acq_date":"2024-09-23","acq_time_utc":"11:05","day_night":"Day","geom_origin":"satellite_pixel_centre","spatial_precision":"satellite_pixel"}},{"type":"Feature","id":"fire:20240923:f4e2d87b51","geometry":{"type":"Point","coordinates":[35.32945,33.21157]},"properties":{"entity_type":"fire_detection","acq_date":"2024-09-23","acq_time_utc":"11:05","day_night":"Day","geom_origin":"satellite_pixel_centre","spatial_precision":"satellite_pixel"}},{"type":"Feature","id":"fire:20240923:f5f2a87087","geometry":{"type":"Point","coordinates":[35.32013,33.36827]},"properties":{"entity_type":"fire_detection","acq_date":"2024-09-23","acq_time_utc":"11:05","day_night":"Day","geom_origin":"satellite_pixel_centre","spatial_precision":"satellite_pixel"}},{"type":"Feature","id":"fire:20240923:f7fda35cd1","geometry":{"type":"Point","coordinates":[35.24799,33.30639]},"properties":{"entity_type":"fire_detection","acq_date":"2024-09-23","acq_time_utc":"11:05","day_night":"Day","geom_origin":"satellite_pixel_centre","spatial_precision":"satellite_pixel"}},{"type":"Feature","id":"fire:20240923:f959751ea0","geometry":{"type":"Point","coordinates":[35.40591,33.23604]},"properties":{"entity_type":"fire_detection","acq_date":"2024-09-23","acq_time_utc":"11:05","day_night":"Day","geom_origin":"satellite_pixel_centre","spatial_precision":"satellite_pixel"}},{"type":"Feature","id":"fire:20240923:fd30fabf61","geometry":{"type":"Point","coordinates":[35.14396,33.11506]},"properties":{"entity_type":"fire_detection","acq_date":"2024-09-23","acq_time_utc":"11:05","day_night":"Day","geom_origin":"satellite_pixel_centre","spatial_precision":"satellite_pixel"}},{"type":"Feature","id":"fire:20240923:fefa7e520a","geometry":{"type":"Point","coordinates":[35.33646,33.37836]},"properties":{"entity_type":"fire_detection","acq_date":"2024-09-23","acq_time_utc":"11:05","day_night":"Day","geom_origin":"satellite_pixel_centre","spatial_precision":"satellite_pixel"}},{"type":"Feature","id":"fire:20240924:056856abb3","geometry":{"type":"Point","coordinates":[35.37045,33.16788]},"properties":{"entity_type":"fire_detection","acq_date":"2024-09-24","acq_time_utc":"10:46","day_night":"Day","geom_origin":"satellite_pixel_centre","spatial_precision":"satellite_pixel"}},{"type":"Feature","id":"fire:20240924:2d87988365","geometry":{"type":"Point","coordinates":[35.37111,33.16453]},"properties":{"entity_type":"fire_detection","acq_date":"2024-09-24","acq_time_utc":"10:46","day_night":"Day","geom_origin":"satellite_pixel_centre","spatial_precision":"satellite_pixel"}},{"type":"Feature","id":"fire:20240924:3ab388af20","geometry":{"type":"Point","coordinates":[35.56509,33.38393]},"properties":{"entity_type":"fire_detection","acq_date":"2024-09-24","acq_time_utc":"10:46","day_night":"Day","geom_origin":"satellite_pixel_centre","spatial_precision":"satellite_pixel"}},{"type":"Feature","id":"fire:20240924:5039cc6a19","geometry":{"type":"Point","coordinates":[35.33075,33.20207]},"properties":{"entity_type":"fire_detection","acq_date":"2024-09-24","acq_time_utc":"10:46","day_night":"Day","geom_origin":"satellite_pixel_centre","spatial_precision":"satellite_pixel"}},{"type":"Feature","id":"fire:20240924:61495bb367","geometry":{"type":"Point","coordinates":[35.32508,33.47053]},"properties":{"entity_type":"fire_detection","acq_date":"2024-09-24","acq_time_utc":"23:08","day_night":"Night","geom_origin":"satellite_pixel_centre","spatial_precision":"satellite_pixel"}},{"type":"Feature","id":"fire:20240924:a6025abc20","geometry":{"type":"Point","coordinates":[35.31787,33.22439]},"properties":{"entity_type":"fire_detection","acq_date":"2024-09-24","acq_time_utc":"10:46","day_night":"Day","geom_origin":"satellite_pixel_centre","spatial_precision":"satellite_pixel"}},{"type":"Feature","id":"fire:20240924:ac9c4062a5","geometry":{"type":"Point","coordinates":[35.58531,33.29568]},"properties":{"entity_type":"fire_detection","acq_date":"2024-09-24","acq_time_utc":"10:46","day_night":"Day","geom_origin":"satellite_pixel_centre","spatial_precision":"satellite_pixel"}},{"type":"Feature","id":"fire:20240924:c22a46961a","geometry":{"type":"Point","coordinates":[35.58636,33.43636]},"properties":{"entity_type":"fire_detection","acq_date":"2024-09-24","acq_time_utc":"10:46","day_night":"Day","geom_origin":"satellite_pixel_centre","spatial_precision":"satellite_pixel"}},{"type":"Feature","id":"fire:20240924:c957698508","geometry":{"type":"Point","coordinates":[35.37467,33.16846]},"properties":{"entity_type":"fire_detection","acq_date":"2024-09-24","acq_time_utc":"10:46","day_night":"Day","geom_origin":"satellite_pixel_centre","spatial_precision":"satellite_pixel"}},{"type":"Feature","id":"fire:20240924:d9830736c9","geometry":{"type":"Point","coordinates":[35.56938,33.38452]},"properties":{"entity_type":"fire_detection","acq_date":"2024-09-24","acq_time_utc":"10:46","day_night":"Day","geom_origin":"satellite_pixel_centre","spatial_precision":"satellite_pixel"}},{"type":"Feature","id":"fire:20240924:ed77c1e656","geometry":{"type":"Point","coordinates":[35.32651,33.20148]},"properties":{"entity_type":"fire_detection","acq_date":"2024-09-24","acq_time_utc":"10:46","day_night":"Day","geom_origin":"satellite_pixel_centre","spatial_precision":"satellite_pixel"}},{"type":"Feature","id":"fire:20240925:21d664208c","geometry":{"type":"Point","coordinates":[35.48148,33.3882]},"properties":{"entity_type":"fire_detection","acq_date":"2024-09-25","acq_time_utc":"10:27","day_night":"Day","geom_origin":"satellite_pixel_centre","spatial_precision":"satellite_pixel"}},{"type":"Feature","id":"fire:20240925:54c1eae6a4","geometry":{"type":"Point","coordinates":[35.93802,33.71071]},"properties":{"entity_type":"fire_detection","acq_date":"2024-09-25","acq_time_utc":"22:49","day_night":"Night","geom_origin":"satellite_pixel_centre","spatial_precision":"satellite_pixel"}},{"type":"Feature","id":"fire:20240925:5517bce782","geometry":{"type":"Point","coordinates":[35.36906,33.41515]},"properties":{"entity_type":"fire_detection","acq_date":"2024-09-25","acq_time_utc":"10:27","day_night":"Day","geom_origin":"satellite_pixel_centre","spatial_precision":"satellite_pixel"}},{"type":"Feature","id":"fire:20240925:5e3475cda9","geometry":{"type":"Point","coordinates":[35.29778,33.43571]},"properties":{"entity_type":"fire_detection","acq_date":"2024-09-25","acq_time_utc":"22:49","day_night":"Night","geom_origin":"satellite_pixel_centre","spatial_precision":"satellite_pixel"}},{"type":"Feature","id":"fire:20240925:6a5439a86a","geometry":{"type":"Point","coordinates":[35.94304,33.71223]},"properties":{"entity_type":"fire_detection","acq_date":"2024-09-25","acq_time_utc":"22:49","day_night":"Night","geom_origin":"satellite_pixel_centre","spatial_precision":"satellite_pixel"}},{"type":"Feature","id":"fire:20240925:8e4013a77d","geometry":{"type":"Point","coordinates":[35.4576,33.62818]},"properties":{"entity_type":"fire_detection","acq_date":"2024-09-25","acq_time_utc":"10:27","day_night":"Day","geom_origin":"satellite_pixel_centre","spatial_precision":"satellite_pixel"}},{"type":"Feature","id":"fire:20240925:94e2c09a84","geometry":{"type":"Point","coordinates":[35.48064,33.39165]},"properties":{"entity_type":"fire_detection","acq_date":"2024-09-25","acq_time_utc":"10:27","day_night":"Day","geom_origin":"satellite_pixel_centre","spatial_precision":"satellite_pixel"}},{"type":"Feature","id":"fire:20240925:a37826510c","geometry":{"type":"Point","coordinates":[35.36445,33.41434]},"properties":{"entity_type":"fire_detection","acq_date":"2024-09-25","acq_time_utc":"10:27","day_night":"Day","geom_origin":"satellite_pixel_centre","spatial_precision":"satellite_pixel"}},{"type":"Feature","id":"fire:20240925:d00653b6f0","geometry":{"type":"Point","coordinates":[35.45301,33.62737]},"properties":{"entity_type":"fire_detection","acq_date":"2024-09-25","acq_time_utc":"10:27","day_night":"Day","geom_origin":"satellite_pixel_centre","spatial_precision":"satellite_pixel"}},{"type":"Feature","id":"fire:20240925:ed3fd3bc1d","geometry":{"type":"Point","coordinates":[35.29763,33.4344]},"properties":{"entity_type":"fire_detection","acq_date":"2024-09-25","acq_time_utc":"22:49","day_night":"Night","geom_origin":"satellite_pixel_centre","spatial_precision":"satellite_pixel"}},{"type":"Feature","id":"fire:20240926:0287af4b8e","geometry":{"type":"Point","coordinates":[35.50161,33.35715]},"properties":{"entity_type":"fire_detection","acq_date":"2024-09-26","acq_time_utc":"10:08","day_night":"Day","geom_origin":"satellite_pixel_centre","spatial_precision":"satellite_pixel"}},{"type":"Feature","id":"fire:20240926:3b17c0260d","geometry":{"type":"Point","coordinates":[35.94611,33.70602]},"properties":{"entity_type":"fire_detection","acq_date":"2024-09-26","acq_time_utc":"10:08","day_night":"Day","geom_origin":"satellite_pixel_centre","spatial_precision":"satellite_pixel"}},{"type":"Feature","id":"fire:20240926:870daf2f36","geometry":{"type":"Point","coordinates":[35.70258,33.33581]},"properties":{"entity_type":"fire_detection","acq_date":"2024-09-26","acq_time_utc":"10:08","day_night":"Day","geom_origin":"satellite_pixel_centre","spatial_precision":"satellite_pixel"}},{"type":"Feature","id":"fire:20240927:2ab94f7e68","geometry":{"type":"Point","coordinates":[35.60555,33.27725]},"properties":{"entity_type":"fire_detection","acq_date":"2024-09-27","acq_time_utc":"09:49","day_night":"Day","geom_origin":"satellite_pixel_centre","spatial_precision":"satellite_pixel"}},{"type":"Feature","id":"fire:20240927:2c3f0e6a78","geometry":{"type":"Point","coordinates":[35.22775,33.14566]},"properties":{"entity_type":"fire_detection","acq_date":"2024-09-27","acq_time_utc":"11:30","day_night":"Day","geom_origin":"satellite_pixel_centre","spatial_precision":"satellite_pixel"}},{"type":"Feature","id":"fire:20240927:357f2412ff","geometry":{"type":"Point","coordinates":[36.09185,33.85592]},"properties":{"entity_type":"fire_detection","acq_date":"2024-09-27","acq_time_utc":"23:52","day_night":"Night","geom_origin":"satellite_pixel_centre","spatial_precision":"satellite_pixel"}},{"type":"Feature","id":"fire:20240927:41f08e67f6","geometry":{"type":"Point","coordinates":[36.04988,34.03676]},"properties":{"entity_type":"fire_detection","acq_date":"2024-09-27","acq_time_utc":"23:52","day_night":"Night","geom_origin":"satellite_pixel_centre","spatial_precision":"satellite_pixel"}},{"type":"Feature","id":"fire:20240927:4388890f1a","geometry":{"type":"Point","coordinates":[35.38855,33.1033]},"properties":{"entity_type":"fire_detection","acq_date":"2024-09-27","acq_time_utc":"11:30","day_night":"Day","geom_origin":"satellite_pixel_centre","spatial_precision":"satellite_pixel"}},{"type":"Feature","id":"fire:20240927:478ed27444","geometry":{"type":"Point","coordinates":[35.51607,33.81312]},"properties":{"entity_type":"fire_detection","acq_date":"2024-09-27","acq_time_utc":"23:52","day_night":"Night","geom_origin":"satellite_pixel_centre","spatial_precision":"satellite_pixel"}},{"type":"Feature","id":"fire:20240927:482510a966","geometry":{"type":"Point","coordinates":[36.08715,33.85695]},"properties":{"entity_type":"fire_detection","acq_date":"2024-09-27","acq_time_utc":"23:52","day_night":"Night","geom_origin":"satellite_pixel_centre","spatial_precision":"satellite_pixel"}},{"type":"Feature","id":"fire:20240927:48ee193e9a","geometry":{"type":"Point","coordinates":[36.02927,34.06384]},"properties":{"entity_type":"fire_detection","acq_date":"2024-09-27","acq_time_utc":"11:30","day_night":"Day","geom_origin":"satellite_pixel_centre","spatial_precision":"satellite_pixel"}},{"type":"Feature","id":"fire:20240927:55a2a688e3","geometry":{"type":"Point","coordinates":[35.42722,33.24916]},"properties":{"entity_type":"fire_detection","acq_date":"2024-09-27","acq_time_utc":"09:49","day_night":"Day","geom_origin":"satellite_pixel_centre","spatial_precision":"satellite_pixel"}},{"type":"Feature","id":"fire:20240927:6d84940bb3","geometry":{"type":"Point","coordinates":[36.05991,34.03453]},"properties":{"entity_type":"fire_detection","acq_date":"2024-09-27","acq_time_utc":"23:52","day_night":"Night","geom_origin":"satellite_pixel_centre","spatial_precision":"satellite_pixel"}},{"type":"Feature","id":"fire:20240927:766ce02547","geometry":{"type":"Point","coordinates":[35.41098,33.23278]},"properties":{"entity_type":"fire_detection","acq_date":"2024-09-27","acq_time_utc":"09:49","day_night":"Day","geom_origin":"satellite_pixel_centre","spatial_precision":"satellite_pixel"}},{"type":"Feature","id":"fire:20240927:7b65ea1df3","geometry":{"type":"Point","coordinates":[36.05144,34.04092]},"properties":{"entity_type":"fire_detection","acq_date":"2024-09-27","acq_time_utc":"23:52","day_night":"Night","geom_origin":"satellite_pixel_centre","spatial_precision":"satellite_pixel"}},{"type":"Feature","id":"fire:20240927:7fe5567398","geometry":{"type":"Point","coordinates":[35.2327,33.14591]},"properties":{"entity_type":"fire_detection","acq_date":"2024-09-27","acq_time_utc":"11:30","day_night":"Day","geom_origin":"satellite_pixel_centre","spatial_precision":"satellite_pixel"}},{"type":"Feature","id":"fire:20240927:80422e11f6","geometry":{"type":"Point","coordinates":[36.18642,34.02289]},"properties":{"entity_type":"fire_detection","acq_date":"2024-09-27","acq_time_utc":"00:11","day_night":"Night","geom_origin":"satellite_pixel_centre","spatial_precision":"satellite_pixel"}},{"type":"Feature","id":"fire:20240927:bcb8125053","geometry":{"type":"Point","coordinates":[35.38213,33.10517]},"properties":{"entity_type":"fire_detection","acq_date":"2024-09-27","acq_time_utc":"11:30","day_night":"Day","geom_origin":"satellite_pixel_centre","spatial_precision":"satellite_pixel"}},{"type":"Feature","id":"fire:20240927:cea8787d4f","geometry":{"type":"Point","coordinates":[36.0336,34.07032]},"properties":{"entity_type":"fire_detection","acq_date":"2024-09-27","acq_time_utc":"11:30","day_night":"Day","geom_origin":"satellite_pixel_centre","spatial_precision":"satellite_pixel"}},{"type":"Feature","id":"fire:20240927:dbb35eed7f","geometry":{"type":"Point","coordinates":[36.18359,34.02135]},"properties":{"entity_type":"fire_detection","acq_date":"2024-09-27","acq_time_utc":"00:11","day_night":"Night","geom_origin":"satellite_pixel_centre","spatial_precision":"satellite_pixel"}},{"type":"Feature","id":"fire:20240927:dc47491599","geometry":{"type":"Point","coordinates":[35.38365,33.10303]},"properties":{"entity_type":"fire_detection","acq_date":"2024-09-27","acq_time_utc":"11:30","day_night":"Day","geom_origin":"satellite_pixel_centre","spatial_precision":"satellite_pixel"}},{"type":"Feature","id":"fire:20240927:dcfcea42af","geometry":{"type":"Point","coordinates":[35.42494,33.25067]},"properties":{"entity_type":"fire_detection","acq_date":"2024-09-27","acq_time_utc":"09:49","day_night":"Day","geom_origin":"satellite_pixel_centre","spatial_precision":"satellite_pixel"}},{"type":"Feature","id":"fire:20240927:dd2181940e","geometry":{"type":"Point","coordinates":[36.05484,34.03566]},"properties":{"entity_type":"fire_detection","acq_date":"2024-09-27","acq_time_utc":"23:52","day_night":"Night","geom_origin":"satellite_pixel_centre","spatial_precision":"satellite_pixel"}},{"type":"Feature","id":"fire:20240927:e408c3ca2a","geometry":{"type":"Point","coordinates":[35.3871,33.10541]},"properties":{"entity_type":"fire_detection","acq_date":"2024-09-27","acq_time_utc":"11:30","day_night":"Day","geom_origin":"satellite_pixel_centre","spatial_precision":"satellite_pixel"}},{"type":"Feature","id":"fire:20240927:efd2a85146","geometry":{"type":"Point","coordinates":[35.93645,33.78977]},"properties":{"entity_type":"fire_detection","acq_date":"2024-09-27","acq_time_utc":"09:50","day_night":"Day","geom_origin":"satellite_pixel_centre","spatial_precision":"satellite_pixel"}},{"type":"Feature","id":"fire:20240927:f3be8b3d12","geometry":{"type":"Point","coordinates":[36.04204,34.05664]},"properties":{"entity_type":"fire_detection","acq_date":"2024-09-27","acq_time_utc":"09:50","day_night":"Day","geom_origin":"satellite_pixel_centre","spatial_precision":"satellite_pixel"}},{"type":"Feature","id":"fire:20240927:fc68fa95c6","geometry":{"type":"Point","coordinates":[35.51174,33.81406]},"properties":{"entity_type":"fire_detection","acq_date":"2024-09-27","acq_time_utc":"23:52","day_night":"Night","geom_origin":"satellite_pixel_centre","spatial_precision":"satellite_pixel"}},{"type":"Feature","id":"fire:20240927:ff84e473f1","geometry":{"type":"Point","coordinates":[35.83763,34.36858]},"properties":{"entity_type":"fire_detection","acq_date":"2024-09-27","acq_time_utc":"11:30","day_night":"Day","geom_origin":"satellite_pixel_centre","spatial_precision":"satellite_pixel"}},{"type":"Feature","id":"fire:20240928:2e7a1f0a9f","geometry":{"type":"Point","coordinates":[35.22496,33.15619]},"properties":{"entity_type":"fire_detection","acq_date":"2024-09-28","acq_time_utc":"11:11","day_night":"Day","geom_origin":"satellite_pixel_centre","spatial_precision":"satellite_pixel"}},{"type":"Feature","id":"fire:20240928:7c09cf6294","geometry":{"type":"Point","coordinates":[35.22539,33.15165]},"properties":{"entity_type":"fire_detection","acq_date":"2024-09-28","acq_time_utc":"11:11","day_night":"Day","geom_origin":"satellite_pixel_centre","spatial_precision":"satellite_pixel"}},{"type":"Feature","id":"fire:20240928:a91cdd4371","geometry":{"type":"Point","coordinates":[35.41667,33.13196]},"properties":{"entity_type":"fire_detection","acq_date":"2024-09-28","acq_time_utc":"11:11","day_night":"Day","geom_origin":"satellite_pixel_centre","spatial_precision":"satellite_pixel"}},{"type":"Feature","id":"fire:20240929:bf37086820","geometry":{"type":"Point","coordinates":[35.25632,33.12297]},"properties":{"entity_type":"fire_detection","acq_date":"2024-09-29","acq_time_utc":"10:52","day_night":"Day","geom_origin":"satellite_pixel_centre","spatial_precision":"satellite_pixel"}},{"type":"Feature","id":"fire:20240929:c2fc739653","geometry":{"type":"Point","coordinates":[35.36962,33.26321]},"properties":{"entity_type":"fire_detection","acq_date":"2024-09-29","acq_time_utc":"10:52","day_night":"Day","geom_origin":"satellite_pixel_centre","spatial_precision":"satellite_pixel"}},{"type":"Feature","id":"fire:20240930:10c158c0a4","geometry":{"type":"Point","coordinates":[35.57927,33.30262]},"properties":{"entity_type":"fire_detection","acq_date":"2024-09-30","acq_time_utc":"10:33","day_night":"Day","geom_origin":"satellite_pixel_centre","spatial_precision":"satellite_pixel"}},{"type":"Feature","id":"fire:20240930:393f72f64b","geometry":{"type":"Point","coordinates":[35.50087,33.28643]},"properties":{"entity_type":"fire_detection","acq_date":"2024-09-30","acq_time_utc":"10:33","day_night":"Day","geom_origin":"satellite_pixel_centre","spatial_precision":"satellite_pixel"}},{"type":"Feature","id":"fire:20240930:418ae39bca","geometry":{"type":"Point","coordinates":[35.57852,33.30592]},"properties":{"entity_type":"fire_detection","acq_date":"2024-09-30","acq_time_utc":"10:33","day_night":"Day","geom_origin":"satellite_pixel_centre","spatial_precision":"satellite_pixel"}},{"type":"Feature","id":"fire:20240930:508f7babb0","geometry":{"type":"Point","coordinates":[35.50164,33.28312]},"properties":{"entity_type":"fire_detection","acq_date":"2024-09-30","acq_time_utc":"10:33","day_night":"Day","geom_origin":"satellite_pixel_centre","spatial_precision":"satellite_pixel"}},{"type":"Feature","id":"fire:20240930:a0919ecbcd","geometry":{"type":"Point","coordinates":[35.61428,33.33914]},"properties":{"entity_type":"fire_detection","acq_date":"2024-09-30","acq_time_utc":"10:33","day_night":"Day","geom_origin":"satellite_pixel_centre","spatial_precision":"satellite_pixel"}},{"type":"Feature","id":"fire:20240930:aae3a50743","geometry":{"type":"Point","coordinates":[35.25691,33.11427]},"properties":{"entity_type":"fire_detection","acq_date":"2024-09-30","acq_time_utc":"10:33","day_night":"Day","geom_origin":"satellite_pixel_centre","spatial_precision":"satellite_pixel"}},{"type":"Feature","id":"fire:20240930:df4df11442","geometry":{"type":"Point","coordinates":[35.43294,33.20485]},"properties":{"entity_type":"fire_detection","acq_date":"2024-09-30","acq_time_utc":"22:56","day_night":"Night","geom_origin":"satellite_pixel_centre","spatial_precision":"satellite_pixel"}},{"type":"Feature","id":"fire:20241001:6e8424433b","geometry":{"type":"Point","coordinates":[35.28759,33.38826]},"properties":{"entity_type":"fire_detection","acq_date":"2024-10-01","acq_time_utc":"10:15","day_night":"Day","geom_origin":"satellite_pixel_centre","spatial_precision":"satellite_pixel"}},{"type":"Feature","id":"fire:20241002:01081060fe","geometry":{"type":"Point","coordinates":[35.29695,33.39141]},"properties":{"entity_type":"fire_detection","acq_date":"2024-10-02","acq_time_utc":"00:17","day_night":"Night","geom_origin":"satellite_pixel_centre","spatial_precision":"satellite_pixel"}},{"type":"Feature","id":"fire:20241002:1c8e77548a","geometry":{"type":"Point","coordinates":[35.29889,33.39721]},"properties":{"entity_type":"fire_detection","acq_date":"2024-10-02","acq_time_utc":"00:17","day_night":"Night","geom_origin":"satellite_pixel_centre","spatial_precision":"satellite_pixel"}},{"type":"Feature","id":"fire:20241002:1e296cd78c","geometry":{"type":"Point","coordinates":[35.85483,34.42956]},"properties":{"entity_type":"fire_detection","acq_date":"2024-10-02","acq_time_utc":"09:56","day_night":"Day","geom_origin":"satellite_pixel_centre","spatial_precision":"satellite_pixel"}},{"type":"Feature","id":"fire:20241002:2204d68cce","geometry":{"type":"Point","coordinates":[35.41785,33.0787]},"properties":{"entity_type":"fire_detection","acq_date":"2024-10-02","acq_time_utc":"09:56","day_night":"Day","geom_origin":"satellite_pixel_centre","spatial_precision":"satellite_pixel"}},{"type":"Feature","id":"fire:20241002:2b809a17d7","geometry":{"type":"Point","coordinates":[35.50918,33.84757]},"properties":{"entity_type":"fire_detection","acq_date":"2024-10-02","acq_time_utc":"00:17","day_night":"Night","geom_origin":"satellite_pixel_centre","spatial_precision":"satellite_pixel"}},{"type":"Feature","id":"fire:20241002:73b70e100e","geometry":{"type":"Point","coordinates":[35.86835,33.72655]},"properties":{"entity_type":"fire_detection","acq_date":"2024-10-02","acq_time_utc":"22:18","day_night":"Night","geom_origin":"satellite_pixel_centre","spatial_precision":"satellite_pixel"}},{"type":"Feature","id":"fire:20241002:7e99610629","geometry":{"type":"Point","coordinates":[35.44258,33.09041]},"properties":{"entity_type":"fire_detection","acq_date":"2024-10-02","acq_time_utc":"09:56","day_night":"Day","geom_origin":"satellite_pixel_centre","spatial_precision":"satellite_pixel"}},{"type":"Feature","id":"fire:20241002:bbc0ad6683","geometry":{"type":"Point","coordinates":[35.47487,33.10397]},"properties":{"entity_type":"fire_detection","acq_date":"2024-10-02","acq_time_utc":"09:56","day_night":"Day","geom_origin":"satellite_pixel_centre","spatial_precision":"satellite_pixel"}},{"type":"Feature","id":"fire:20241002:f03cf57df0","geometry":{"type":"Point","coordinates":[35.42364,33.07967]},"properties":{"entity_type":"fire_detection","acq_date":"2024-10-02","acq_time_utc":"11:36","day_night":"Day","geom_origin":"satellite_pixel_centre","spatial_precision":"satellite_pixel"}},{"type":"Feature","id":"fire:20241002:f5ff6d9a17","geometry":{"type":"Point","coordinates":[35.86931,33.72845]},"properties":{"entity_type":"fire_detection","acq_date":"2024-10-02","acq_time_utc":"22:18","day_night":"Night","geom_origin":"satellite_pixel_centre","spatial_precision":"satellite_pixel"}},{"type":"Feature","id":"fire:20241003:08635640af","geometry":{"type":"Point","coordinates":[35.44616,33.10358]},"properties":{"entity_type":"fire_detection","acq_date":"2024-10-03","acq_time_utc":"11:17","day_night":"Day","geom_origin":"satellite_pixel_centre","spatial_precision":"satellite_pixel"}},{"type":"Feature","id":"fire:20241003:0a43280403","geometry":{"type":"Point","coordinates":[35.55614,33.28234]},"properties":{"entity_type":"fire_detection","acq_date":"2024-10-03","acq_time_utc":"11:17","day_night":"Day","geom_origin":"satellite_pixel_centre","spatial_precision":"satellite_pixel"}},{"type":"Feature","id":"fire:20241003:22e2e0aeb4","geometry":{"type":"Point","coordinates":[35.44595,33.10865]},"properties":{"entity_type":"fire_detection","acq_date":"2024-10-03","acq_time_utc":"11:17","day_night":"Day","geom_origin":"satellite_pixel_centre","spatial_precision":"satellite_pixel"}},{"type":"Feature","id":"fire:20241003:331c2b30cf","geometry":{"type":"Point","coordinates":[35.30123,33.23405]},"properties":{"entity_type":"fire_detection","acq_date":"2024-10-03","acq_time_utc":"23:40","day_night":"Night","geom_origin":"satellite_pixel_centre","spatial_precision":"satellite_pixel"}},{"type":"Feature","id":"fire:20241003:9254586684","geometry":{"type":"Point","coordinates":[35.47575,33.62495]},"properties":{"entity_type":"fire_detection","acq_date":"2024-10-03","acq_time_utc":"11:18","day_night":"Day","geom_origin":"satellite_pixel_centre","spatial_precision":"satellite_pixel"}},{"type":"Feature","id":"fire:20241003:9b61f7c544","geometry":{"type":"Point","coordinates":[35.50998,33.83379]},"properties":{"entity_type":"fire_detection","acq_date":"2024-10-03","acq_time_utc":"23:40","day_night":"Night","geom_origin":"satellite_pixel_centre","spatial_precision":"satellite_pixel"}},{"type":"Feature","id":"fire:20241003:9cf2958a4a","geometry":{"type":"Point","coordinates":[35.43626,33.10284]},"properties":{"entity_type":"fire_detection","acq_date":"2024-10-03","acq_time_utc":"11:17","day_night":"Day","geom_origin":"satellite_pixel_centre","spatial_precision":"satellite_pixel"}},{"type":"Feature","id":"fire:20241003:a8c6480fae","geometry":{"type":"Point","coordinates":[35.43951,33.10309]},"properties":{"entity_type":"fire_detection","acq_date":"2024-10-03","acq_time_utc":"11:17","day_night":"Day","geom_origin":"satellite_pixel_centre","spatial_precision":"satellite_pixel"}},{"type":"Feature","id":"fire:20241003:d9035e0022","geometry":{"type":"Point","coordinates":[35.53471,33.50462]},"properties":{"entity_type":"fire_detection","acq_date":"2024-10-03","acq_time_utc":"11:17","day_night":"Day","geom_origin":"satellite_pixel_centre","spatial_precision":"satellite_pixel"}},{"type":"Feature","id":"fire:20241004:01142d0be5","geometry":{"type":"Point","coordinates":[35.44808,33.37966]},"properties":{"entity_type":"fire_detection","acq_date":"2024-10-04","acq_time_utc":"23:21","day_night":"Night","geom_origin":"satellite_pixel_centre","spatial_precision":"satellite_pixel"}},{"type":"Feature","id":"fire:20241004:37e625eb9c","geometry":{"type":"Point","coordinates":[35.90482,34.46584]},"properties":{"entity_type":"fire_detection","acq_date":"2024-10-04","acq_time_utc":"10:59","day_night":"Day","geom_origin":"satellite_pixel_centre","spatial_precision":"satellite_pixel"}},{"type":"Feature","id":"fire:20241004:40f00ea8f9","geometry":{"type":"Point","coordinates":[35.49754,33.28905]},"properties":{"entity_type":"fire_detection","acq_date":"2024-10-04","acq_time_utc":"10:58","day_night":"Day","geom_origin":"satellite_pixel_centre","spatial_precision":"satellite_pixel"}},{"type":"Feature","id":"fire:20241004:414c767dab","geometry":{"type":"Point","coordinates":[35.5739,33.32098]},"properties":{"entity_type":"fire_detection","acq_date":"2024-10-04","acq_time_utc":"10:58","day_night":"Day","geom_origin":"satellite_pixel_centre","spatial_precision":"satellite_pixel"}},{"type":"Feature","id":"fire:20241004:4de9cf3f00","geometry":{"type":"Point","coordinates":[35.41395,33.07267]},"properties":{"entity_type":"fire_detection","acq_date":"2024-10-04","acq_time_utc":"10:58","day_night":"Day","geom_origin":"satellite_pixel_centre","spatial_precision":"satellite_pixel"}},{"type":"Feature","id":"fire:20241004:66c4b6ba97","geometry":{"type":"Point","coordinates":[35.57456,33.31712]},"properties":{"entity_type":"fire_detection","acq_date":"2024-10-04","acq_time_utc":"10:58","day_night":"Day","geom_origin":"satellite_pixel_centre","spatial_precision":"satellite_pixel"}},{"type":"Feature","id":"fire:20241004:7560aa2a4a","geometry":{"type":"Point","coordinates":[35.44564,33.629]},"properties":{"entity_type":"fire_detection","acq_date":"2024-10-04","acq_time_utc":"10:59","day_night":"Day","geom_origin":"satellite_pixel_centre","spatial_precision":"satellite_pixel"}},{"type":"Feature","id":"fire:20241004:90ad60b6cd","geometry":{"type":"Point","coordinates":[35.58043,33.31776]},"properties":{"entity_type":"fire_detection","acq_date":"2024-10-04","acq_time_utc":"10:58","day_night":"Day","geom_origin":"satellite_pixel_centre","spatial_precision":"satellite_pixel"}},{"type":"Feature","id":"fire:20241004:99364159f7","geometry":{"type":"Point","coordinates":[35.87543,33.72669]},"properties":{"entity_type":"fire_detection","acq_date":"2024-10-04","acq_time_utc":"23:21","day_night":"Night","geom_origin":"satellite_pixel_centre","spatial_precision":"satellite_pixel"}},{"type":"Feature","id":"fire:20241004:a2f1fec4f4","geometry":{"type":"Point","coordinates":[35.45222,33.37904]},"properties":{"entity_type":"fire_detection","acq_date":"2024-10-04","acq_time_utc":"23:21","day_night":"Night","geom_origin":"satellite_pixel_centre","spatial_precision":"satellite_pixel"}},{"type":"Feature","id":"fire:20241004:ef61f10c12","geometry":{"type":"Point","coordinates":[35.98284,33.93828]},"properties":{"entity_type":"fire_detection","acq_date":"2024-10-04","acq_time_utc":"23:21","day_night":"Night","geom_origin":"satellite_pixel_centre","spatial_precision":"satellite_pixel"}},{"type":"Feature","id":"fire:20241005:051a53537f","geometry":{"type":"Point","coordinates":[35.79901,34.28555]},"properties":{"entity_type":"fire_detection","acq_date":"2024-10-05","acq_time_utc":"10:40","day_night":"Day","geom_origin":"satellite_pixel_centre","spatial_precision":"satellite_pixel"}},{"type":"Feature","id":"fire:20241005:11bae7997f","geometry":{"type":"Point","coordinates":[35.44763,33.10617]},"properties":{"entity_type":"fire_detection","acq_date":"2024-10-05","acq_time_utc":"10:40","day_night":"Day","geom_origin":"satellite_pixel_centre","spatial_precision":"satellite_pixel"}},{"type":"Feature","id":"fire:20241005:2c93e237ee","geometry":{"type":"Point","coordinates":[35.50069,33.86093]},"properties":{"entity_type":"fire_detection","acq_date":"2024-10-05","acq_time_utc":"23:02","day_night":"Night","geom_origin":"satellite_pixel_centre","spatial_precision":"satellite_pixel"}},{"type":"Feature","id":"fire:20241005:581725afeb","geometry":{"type":"Point","coordinates":[35.34907,33.09475]},"properties":{"entity_type":"fire_detection","acq_date":"2024-10-05","acq_time_utc":"10:40","day_night":"Day","geom_origin":"satellite_pixel_centre","spatial_precision":"satellite_pixel"}},{"type":"Feature","id":"fire:20241005:5cd2d7af5b","geometry":{"type":"Point","coordinates":[35.46873,33.12627]},"properties":{"entity_type":"fire_detection","acq_date":"2024-10-05","acq_time_utc":"10:40","day_night":"Day","geom_origin":"satellite_pixel_centre","spatial_precision":"satellite_pixel"}},{"type":"Feature","id":"fire:20241005:600e8d01d3","geometry":{"type":"Point","coordinates":[35.47282,33.12688]},"properties":{"entity_type":"fire_detection","acq_date":"2024-10-05","acq_time_utc":"10:40","day_night":"Day","geom_origin":"satellite_pixel_centre","spatial_precision":"satellite_pixel"}},{"type":"Feature","id":"fire:20241005:8779a73d89","geometry":{"type":"Point","coordinates":[35.53949,33.64646]},"properties":{"entity_type":"fire_detection","acq_date":"2024-10-05","acq_time_utc":"10:40","day_night":"Day","geom_origin":"satellite_pixel_centre","spatial_precision":"satellite_pixel"}},{"type":"Feature","id":"fire:20241006:0b8686d5e4","geometry":{"type":"Point","coordinates":[35.4199,33.21168]},"properties":{"entity_type":"fire_detection","acq_date":"2024-10-06","acq_time_utc":"10:21","day_night":"Day","geom_origin":"satellite_pixel_centre","spatial_precision":"satellite_pixel"}},{"type":"Feature","id":"fire:20241006:105730bfe8","geometry":{"type":"Point","coordinates":[35.8734,33.73118]},"properties":{"entity_type":"fire_detection","acq_date":"2024-10-06","acq_time_utc":"22:43","day_night":"Night","geom_origin":"satellite_pixel_centre","spatial_precision":"satellite_pixel"}},{"type":"Feature","id":"fire:20241006:3e4b6d02d7","geometry":{"type":"Point","coordinates":[35.93838,33.79122]},"properties":{"entity_type":"fire_detection","acq_date":"2024-10-06","acq_time_utc":"22:43","day_night":"Night","geom_origin":"satellite_pixel_centre","spatial_precision":"satellite_pixel"}},{"type":"Feature","id":"fire:20241006:967a1cde56","geometry":{"type":"Point","coordinates":[35.93856,33.79323]},"properties":{"entity_type":"fire_detection","acq_date":"2024-10-06","acq_time_utc":"22:43","day_night":"Night","geom_origin":"satellite_pixel_centre","spatial_precision":"satellite_pixel"}},{"type":"Feature","id":"fire:20241007:db14ef63c1","geometry":{"type":"Point","coordinates":[35.50869,33.15157]},"properties":{"entity_type":"fire_detection","acq_date":"2024-10-07","acq_time_utc":"10:02","day_night":"Day","geom_origin":"satellite_pixel_centre","spatial_precision":"satellite_pixel"}},{"type":"Feature","id":"fire:20241008:176ae58826","geometry":{"type":"Point","coordinates":[35.3402,33.06875]},"properties":{"entity_type":"fire_detection","acq_date":"2024-10-08","acq_time_utc":"11:24","day_night":"Day","geom_origin":"satellite_pixel_centre","spatial_precision":"satellite_pixel"}},{"type":"Feature","id":"fire:20241008:1bc9b49792","geometry":{"type":"Point","coordinates":[35.29398,33.15469]},"properties":{"entity_type":"fire_detection","acq_date":"2024-10-08","acq_time_utc":"11:24","day_night":"Day","geom_origin":"satellite_pixel_centre","spatial_precision":"satellite_pixel"}},{"type":"Feature","id":"fire:20241008:2219ed8c20","geometry":{"type":"Point","coordinates":[35.27496,33.12586]},"properties":{"entity_type":"fire_detection","acq_date":"2024-10-08","acq_time_utc":"11:24","day_night":"Day","geom_origin":"satellite_pixel_centre","spatial_precision":"satellite_pixel"}},{"type":"Feature","id":"fire:20241008:2eddf63465","geometry":{"type":"Point","coordinates":[35.11941,33.11082]},"properties":{"entity_type":"fire_detection","acq_date":"2024-10-08","acq_time_utc":"11:24","day_night":"Day","geom_origin":"satellite_pixel_centre","spatial_precision":"satellite_pixel"}},{"type":"Feature","id":"fire:20241008:3cf5797ab8","geometry":{"type":"Point","coordinates":[35.26937,33.13611]},"properties":{"entity_type":"fire_detection","acq_date":"2024-10-08","acq_time_utc":"11:24","day_night":"Day","geom_origin":"satellite_pixel_centre","spatial_precision":"satellite_pixel"}},{"type":"Feature","id":"fire:20241008:474f443341","geometry":{"type":"Point","coordinates":[35.11821,33.10935]},"properties":{"entity_type":"fire_detection","acq_date":"2024-10-08","acq_time_utc":"11:24","day_night":"Day","geom_origin":"satellite_pixel_centre","spatial_precision":"satellite_pixel"}},{"type":"Feature","id":"fire:20241008:49e2e57dd8","geometry":{"type":"Point","coordinates":[35.12207,33.10961]},"properties":{"entity_type":"fire_detection","acq_date":"2024-10-08","acq_time_utc":"11:24","day_night":"Day","geom_origin":"satellite_pixel_centre","spatial_precision":"satellite_pixel"}},{"type":"Feature","id":"fire:20241008:516fcaf695","geometry":{"type":"Point","coordinates":[35.26639,33.13639]},"properties":{"entity_type":"fire_detection","acq_date":"2024-10-08","acq_time_utc":"11:24","day_night":"Day","geom_origin":"satellite_pixel_centre","spatial_precision":"satellite_pixel"}},{"type":"Feature","id":"fire:20241008:5fb74dcad4","geometry":{"type":"Point","coordinates":[35.27368,33.12534]},"properties":{"entity_type":"fire_detection","acq_date":"2024-10-08","acq_time_utc":"11:24","day_night":"Day","geom_origin":"satellite_pixel_centre","spatial_precision":"satellite_pixel"}},{"type":"Feature","id":"fire:20241008:648807cc54","geometry":{"type":"Point","coordinates":[35.11907,33.11246]},"properties":{"entity_type":"fire_detection","acq_date":"2024-10-08","acq_time_utc":"09:43","day_night":"Day","geom_origin":"satellite_pixel_centre","spatial_precision":"satellite_pixel"}},{"type":"Feature","id":"fire:20241008:8aa2bc0c1b","geometry":{"type":"Point","coordinates":[35.26507,33.13582]},"properties":{"entity_type":"fire_detection","acq_date":"2024-10-08","acq_time_utc":"11:24","day_night":"Day","geom_origin":"satellite_pixel_centre","spatial_precision":"satellite_pixel"}},{"type":"Feature","id":"fire:20241008:974cb76ed6","geometry":{"type":"Point","coordinates":[35.34135,33.0671]},"properties":{"entity_type":"fire_detection","acq_date":"2024-10-08","acq_time_utc":"09:43","day_night":"Day","geom_origin":"satellite_pixel_centre","spatial_precision":"satellite_pixel"}},{"type":"Feature","id":"fire:20241008:99b5074dd8","geometry":{"type":"Point","coordinates":[35.3423,33.06911]},"properties":{"entity_type":"fire_detection","acq_date":"2024-10-08","acq_time_utc":"09:43","day_night":"Day","geom_origin":"satellite_pixel_centre","spatial_precision":"satellite_pixel"}},{"type":"Feature","id":"fire:20241008:b6236cb2bc","geometry":{"type":"Point","coordinates":[35.27081,33.13666]},"properties":{"entity_type":"fire_detection","acq_date":"2024-10-08","acq_time_utc":"11:24","day_night":"Day","geom_origin":"satellite_pixel_centre","spatial_precision":"satellite_pixel"}},{"type":"Feature","id":"fire:20241008:c3efac0cc7","geometry":{"type":"Point","coordinates":[35.12043,33.11024]},"properties":{"entity_type":"fire_detection","acq_date":"2024-10-08","acq_time_utc":"09:43","day_night":"Day","geom_origin":"satellite_pixel_centre","spatial_precision":"satellite_pixel"}},{"type":"Feature","id":"fire:20241008:c6b066b921","geometry":{"type":"Point","coordinates":[35.32449,33.10656]},"properties":{"entity_type":"fire_detection","acq_date":"2024-10-08","acq_time_utc":"11:24","day_night":"Day","geom_origin":"satellite_pixel_centre","spatial_precision":"satellite_pixel"}},{"type":"Feature","id":"fire:20241009:2cdb26be1e","geometry":{"type":"Point","coordinates":[35.954,33.78201]},"properties":{"entity_type":"fire_detection","acq_date":"2024-10-09","acq_time_utc":"23:27","day_night":"Night","geom_origin":"satellite_pixel_centre","spatial_precision":"satellite_pixel"}},{"type":"Feature","id":"fire:20241009:612abb102f","geometry":{"type":"Point","coordinates":[35.87366,33.72707]},"properties":{"entity_type":"fire_detection","acq_date":"2024-10-09","acq_time_utc":"23:27","day_night":"Night","geom_origin":"satellite_pixel_centre","spatial_precision":"satellite_pixel"}},{"type":"Feature","id":"fire:20241009:d53c47c7e9","geometry":{"type":"Point","coordinates":[35.51323,33.16737]},"properties":{"entity_type":"fire_detection","acq_date":"2024-10-09","acq_time_utc":"11:05","day_night":"Day","geom_origin":"satellite_pixel_centre","spatial_precision":"satellite_pixel"}},{"type":"Feature","id":"fire:20241009:dd8dfe61c5","geometry":{"type":"Point","coordinates":[35.34542,33.24916]},"properties":{"entity_type":"fire_detection","acq_date":"2024-10-09","acq_time_utc":"11:05","day_night":"Day","geom_origin":"satellite_pixel_centre","spatial_precision":"satellite_pixel"}},{"type":"Feature","id":"fire:20241010:0a580803d7","geometry":{"type":"Point","coordinates":[35.49658,33.12748]},"properties":{"entity_type":"fire_detection","acq_date":"2024-10-10","acq_time_utc":"10:46","day_night":"Day","geom_origin":"satellite_pixel_centre","spatial_precision":"satellite_pixel"}},{"type":"Feature","id":"fire:20241011:0329bd7476","geometry":{"type":"Point","coordinates":[35.4895,33.11702]},"properties":{"entity_type":"fire_detection","acq_date":"2024-10-11","acq_time_utc":"10:27","day_night":"Day","geom_origin":"satellite_pixel_centre","spatial_precision":"satellite_pixel"}},{"type":"Feature","id":"fire:20241011:2602a345c5","geometry":{"type":"Point","coordinates":[35.87614,33.73029]},"properties":{"entity_type":"fire_detection","acq_date":"2024-10-11","acq_time_utc":"22:50","day_night":"Night","geom_origin":"satellite_pixel_centre","spatial_precision":"satellite_pixel"}},{"type":"Feature","id":"fire:20241011:5f272230bb","geometry":{"type":"Point","coordinates":[35.49396,33.11779]},"properties":{"entity_type":"fire_detection","acq_date":"2024-10-11","acq_time_utc":"10:27","day_night":"Day","geom_origin":"satellite_pixel_centre","spatial_precision":"satellite_pixel"}},{"type":"Feature","id":"fire:20241011:71d9788839","geometry":{"type":"Point","coordinates":[35.49038,33.11358]},"properties":{"entity_type":"fire_detection","acq_date":"2024-10-11","acq_time_utc":"10:27","day_night":"Day","geom_origin":"satellite_pixel_centre","spatial_precision":"satellite_pixel"}},{"type":"Feature","id":"fire:20241011:8d72d47bda","geometry":{"type":"Point","coordinates":[35.48502,33.11623]},"properties":{"entity_type":"fire_detection","acq_date":"2024-10-11","acq_time_utc":"10:27","day_night":"Day","geom_origin":"satellite_pixel_centre","spatial_precision":"satellite_pixel"}},{"type":"Feature","id":"fire:20241011:90ea9aaa73","geometry":{"type":"Point","coordinates":[35.15588,33.12764]},"properties":{"entity_type":"fire_detection","acq_date":"2024-10-11","acq_time_utc":"10:27","day_night":"Day","geom_origin":"satellite_pixel_centre","spatial_precision":"satellite_pixel"}},{"type":"Feature","id":"fire:20241011:ae4cc919ff","geometry":{"type":"Point","coordinates":[35.48594,33.1128]},"properties":{"entity_type":"fire_detection","acq_date":"2024-10-11","acq_time_utc":"10:27","day_night":"Day","geom_origin":"satellite_pixel_centre","spatial_precision":"satellite_pixel"}},{"type":"Feature","id":"fire:20241011:b119ea6912","geometry":{"type":"Point","coordinates":[35.8752,33.72744]},"properties":{"entity_type":"fire_detection","acq_date":"2024-10-11","acq_time_utc":"22:50","day_night":"Night","geom_origin":"satellite_pixel_centre","spatial_precision":"satellite_pixel"}},{"type":"Feature","id":"fire:20241011:cff2cf2cd8","geometry":{"type":"Point","coordinates":[35.48795,33.22253]},"properties":{"entity_type":"fire_detection","acq_date":"2024-10-11","acq_time_utc":"10:27","day_night":"Day","geom_origin":"satellite_pixel_centre","spatial_precision":"satellite_pixel"}},{"type":"Feature","id":"fire:20241011:d50ef4bda2","geometry":{"type":"Point","coordinates":[35.29647,33.11629]},"properties":{"entity_type":"fire_detection","acq_date":"2024-10-11","acq_time_utc":"22:50","day_night":"Night","geom_origin":"satellite_pixel_centre","spatial_precision":"satellite_pixel"}},{"type":"Feature","id":"fire:20241011:f493452295","geometry":{"type":"Point","coordinates":[35.49783,33.13998]},"properties":{"entity_type":"fire_detection","acq_date":"2024-10-11","acq_time_utc":"10:27","day_night":"Day","geom_origin":"satellite_pixel_centre","spatial_precision":"satellite_pixel"}},{"type":"Feature","id":"fire:20241012:04e2a6157b","geometry":{"type":"Point","coordinates":[35.54011,33.40382]},"properties":{"entity_type":"fire_detection","acq_date":"2024-10-12","acq_time_utc":"10:09","day_night":"Day","geom_origin":"satellite_pixel_centre","spatial_precision":"satellite_pixel"}},{"type":"Feature","id":"fire:20241012:722b24783f","geometry":{"type":"Point","coordinates":[35.5751,33.35091]},"properties":{"entity_type":"fire_detection","acq_date":"2024-10-12","acq_time_utc":"10:08","day_night":"Day","geom_origin":"satellite_pixel_centre","spatial_precision":"satellite_pixel"}},{"type":"Feature","id":"fire:20241012:7e75f77424","geometry":{"type":"Point","coordinates":[35.56948,33.34971]},"properties":{"entity_type":"fire_detection","acq_date":"2024-10-12","acq_time_utc":"10:08","day_night":"Day","geom_origin":"satellite_pixel_centre","spatial_precision":"satellite_pixel"}},{"type":"Feature","id":"fire:20241013:20136a5f54","geometry":{"type":"Point","coordinates":[35.36182,33.09936]},"properties":{"entity_type":"fire_detection","acq_date":"2024-10-13","acq_time_utc":"11:30","day_night":"Day","geom_origin":"satellite_pixel_centre","spatial_precision":"satellite_pixel"}},{"type":"Feature","id":"fire:20241013:84a4f42f4c","geometry":{"type":"Point","coordinates":[35.3409,33.36387]},"properties":{"entity_type":"fire_detection","acq_date":"2024-10-13","acq_time_utc":"09:50","day_night":"Day","geom_origin":"satellite_pixel_centre","spatial_precision":"satellite_pixel"}},{"type":"Feature","id":"fire:20241013:e3409ccc80","geometry":{"type":"Point","coordinates":[35.52424,33.30083]},"properties":{"entity_type":"fire_detection","acq_date":"2024-10-13","acq_time_utc":"09:50","day_night":"Day","geom_origin":"satellite_pixel_centre","spatial_precision":"satellite_pixel"}},{"type":"Feature","id":"fire:20241014:0dbe8895fe","geometry":{"type":"Point","coordinates":[36.37428,34.22959]},"properties":{"entity_type":"fire_detection","acq_date":"2024-10-14","acq_time_utc":"23:33","day_night":"Night","geom_origin":"satellite_pixel_centre","spatial_precision":"satellite_pixel"}},{"type":"Feature","id":"fire:20241014:3e168623c3","geometry":{"type":"Point","coordinates":[35.16,33.09555]},"properties":{"entity_type":"fire_detection","acq_date":"2024-10-14","acq_time_utc":"11:11","day_night":"Day","geom_origin":"satellite_pixel_centre","spatial_precision":"satellite_pixel"}},{"type":"Feature","id":"fire:20241014:595e5c1933","geometry":{"type":"Point","coordinates":[35.30999,33.11291]},"properties":{"entity_type":"fire_detection","acq_date":"2024-10-14","acq_time_utc":"11:11","day_night":"Day","geom_origin":"satellite_pixel_centre","spatial_precision":"satellite_pixel"}},{"type":"Feature","id":"fire:20241014:8b0b465c02","geometry":{"type":"Point","coordinates":[35.41653,33.27494]},"properties":{"entity_type":"fire_detection","acq_date":"2024-10-14","acq_time_utc":"11:11","day_night":"Day","geom_origin":"satellite_pixel_centre","spatial_precision":"satellite_pixel"}},{"type":"Feature","id":"fire:20241014:bb4b944c53","geometry":{"type":"Point","coordinates":[35.15474,33.0951]},"properties":{"entity_type":"fire_detection","acq_date":"2024-10-14","acq_time_utc":"11:11","day_night":"Day","geom_origin":"satellite_pixel_centre","spatial_precision":"satellite_pixel"}},{"type":"Feature","id":"fire:20241014:df5c185cd3","geometry":{"type":"Point","coordinates":[35.61909,33.74122]},"properties":{"entity_type":"fire_detection","acq_date":"2024-10-14","acq_time_utc":"11:11","day_night":"Day","geom_origin":"satellite_pixel_centre","spatial_precision":"satellite_pixel"}},{"type":"Feature","id":"fire:20241014:f1001a0ce7","geometry":{"type":"Point","coordinates":[35.31254,33.11311]},"properties":{"entity_type":"fire_detection","acq_date":"2024-10-14","acq_time_utc":"11:11","day_night":"Day","geom_origin":"satellite_pixel_centre","spatial_precision":"satellite_pixel"}},{"type":"Feature","id":"fire:20241014:fadfe44a72","geometry":{"type":"Point","coordinates":[35.15751,33.09433]},"properties":{"entity_type":"fire_detection","acq_date":"2024-10-14","acq_time_utc":"11:11","day_night":"Day","geom_origin":"satellite_pixel_centre","spatial_precision":"satellite_pixel"}},{"type":"Feature","id":"fire:20241015:8ad524f27a","geometry":{"type":"Point","coordinates":[35.44023,33.29432]},"properties":{"entity_type":"fire_detection","acq_date":"2024-10-15","acq_time_utc":"10:52","day_night":"Day","geom_origin":"satellite_pixel_centre","spatial_precision":"satellite_pixel"}},{"type":"Feature","id":"fire:20241015:b4e9dc457b","geometry":{"type":"Point","coordinates":[35.45779,33.4007]},"properties":{"entity_type":"fire_detection","acq_date":"2024-10-15","acq_time_utc":"10:52","day_night":"Day","geom_origin":"satellite_pixel_centre","spatial_precision":"satellite_pixel"}},{"type":"Feature","id":"fire:20241016:1f4a344ab8","geometry":{"type":"Point","coordinates":[35.13557,33.09515]},"properties":{"entity_type":"fire_detection","acq_date":"2024-10-16","acq_time_utc":"22:56","day_night":"Night","geom_origin":"satellite_pixel_centre","spatial_precision":"satellite_pixel"}},{"type":"Feature","id":"fire:20241016:62b2d20fc6","geometry":{"type":"Point","coordinates":[35.51344,33.26976]},"properties":{"entity_type":"fire_detection","acq_date":"2024-10-16","acq_time_utc":"10:34","day_night":"Day","geom_origin":"satellite_pixel_centre","spatial_precision":"satellite_pixel"}},{"type":"Feature","id":"fire:20241016:a9628e968a","geometry":{"type":"Point","coordinates":[35.50623,33.22111]},"properties":{"entity_type":"fire_detection","acq_date":"2024-10-16","acq_time_utc":"10:34","day_night":"Day","geom_origin":"satellite_pixel_centre","spatial_precision":"satellite_pixel"}},{"type":"Feature","id":"fire:20241017:d463b0dd31","geometry":{"type":"Point","coordinates":[36.05897,34.41661]},"properties":{"entity_type":"fire_detection","acq_date":"2024-10-17","acq_time_utc":"10:15","day_night":"Day","geom_origin":"satellite_pixel_centre","spatial_precision":"satellite_pixel"}},{"type":"Feature","id":"fire:20241018:09fb5615c9","geometry":{"type":"Point","coordinates":[35.79298,34.29489]},"properties":{"entity_type":"fire_detection","acq_date":"2024-10-18","acq_time_utc":"23:58","day_night":"Night","geom_origin":"satellite_pixel_centre","spatial_precision":"satellite_pixel"}},{"type":"Feature","id":"fire:20241018:193fc183df","geometry":{"type":"Point","coordinates":[35.81221,33.73002]},"properties":{"entity_type":"fire_detection","acq_date":"2024-10-18","acq_time_utc":"11:37","day_night":"Day","geom_origin":"satellite_pixel_centre","spatial_precision":"satellite_pixel"}},{"type":"Feature","id":"fire:20241018:1b3c7a4cc7","geometry":{"type":"Point","coordinates":[35.81163,33.72786]},"properties":{"entity_type":"fire_detection","acq_date":"2024-10-18","acq_time_utc":"11:37","day_night":"Day","geom_origin":"satellite_pixel_centre","spatial_precision":"satellite_pixel"}},{"type":"Feature","id":"fire:20241018:293b9828ed","geometry":{"type":"Point","coordinates":[35.79125,34.29042]},"properties":{"entity_type":"fire_detection","acq_date":"2024-10-18","acq_time_utc":"23:58","day_night":"Night","geom_origin":"satellite_pixel_centre","spatial_precision":"satellite_pixel"}},{"type":"Feature","id":"fire:20241018:3378a0a1fc","geometry":{"type":"Point","coordinates":[35.79075,34.29195]},"properties":{"entity_type":"fire_detection","acq_date":"2024-10-18","acq_time_utc":"23:58","day_night":"Night","geom_origin":"satellite_pixel_centre","spatial_precision":"satellite_pixel"}},{"type":"Feature","id":"fire:20241018:436d215c2c","geometry":{"type":"Point","coordinates":[35.62335,33.34616]},"properties":{"entity_type":"fire_detection","acq_date":"2024-10-18","acq_time_utc":"09:56","day_night":"Day","geom_origin":"satellite_pixel_centre","spatial_precision":"satellite_pixel"}},{"type":"Feature","id":"fire:20241018:72fd0bd851","geometry":{"type":"Point","coordinates":[35.805,33.72981]},"properties":{"entity_type":"fire_detection","acq_date":"2024-10-18","acq_time_utc":"11:37","day_night":"Day","geom_origin":"satellite_pixel_centre","spatial_precision":"satellite_pixel"}},{"type":"Feature","id":"fire:20241018:7c6ccafa9f","geometry":{"type":"Point","coordinates":[35.62025,33.3454]},"properties":{"entity_type":"fire_detection","acq_date":"2024-10-18","acq_time_utc":"09:56","day_night":"Day","geom_origin":"satellite_pixel_centre","spatial_precision":"satellite_pixel"}},{"type":"Feature","id":"fire:20241018:8eebff812c","geometry":{"type":"Point","coordinates":[35.80442,33.72762]},"properties":{"entity_type":"fire_detection","acq_date":"2024-10-18","acq_time_utc":"11:37","day_night":"Day","geom_origin":"satellite_pixel_centre","spatial_precision":"satellite_pixel"}},{"type":"Feature","id":"fire:20241019:00ab7bca46","geometry":{"type":"Point","coordinates":[35.51691,33.23855]},"properties":{"entity_type":"fire_detection","acq_date":"2024-10-19","acq_time_utc":"11:18","day_night":"Day","geom_origin":"satellite_pixel_centre","spatial_precision":"satellite_pixel"}},{"type":"Feature","id":"fire:20241019:06b5e7abe4","geometry":{"type":"Point","coordinates":[35.65156,33.77686]},"properties":{"entity_type":"fire_detection","acq_date":"2024-10-19","acq_time_utc":"11:18","day_night":"Day","geom_origin":"satellite_pixel_centre","spatial_precision":"satellite_pixel"}},{"type":"Feature","id":"fire:20241019:154b49d553","geometry":{"type":"Point","coordinates":[35.52024,33.23879]},"properties":{"entity_type":"fire_detection","acq_date":"2024-10-19","acq_time_utc":"11:18","day_night":"Day","geom_origin":"satellite_pixel_centre","spatial_precision":"satellite_pixel"}},{"type":"Feature","id":"fire:20241019:44bcfa909c","geometry":{"type":"Point","coordinates":[35.49953,33.22403]},"properties":{"entity_type":"fire_detection","acq_date":"2024-10-19","acq_time_utc":"11:18","day_night":"Day","geom_origin":"satellite_pixel_centre","spatial_precision":"satellite_pixel"}},{"type":"Feature","id":"fire:20241019:505df3e5dc","geometry":{"type":"Point","coordinates":[35.64352,33.43585]},"properties":{"entity_type":"fire_detection","acq_date":"2024-10-19","acq_time_utc":"09:37","day_night":"Day","geom_origin":"satellite_pixel_centre","spatial_precision":"satellite_pixel"}},{"type":"Feature","id":"fire:20241019:747b29bed0","geometry":{"type":"Point","coordinates":[35.4206,33.54334]},"properties":{"entity_type":"fire_detection","acq_date":"2024-10-19","acq_time_utc":"23:40","day_night":"Night","geom_origin":"satellite_pixel_centre","spatial_precision":"satellite_pixel"}},{"type":"Feature","id":"fire:20241019:b4a973713d","geometry":{"type":"Point","coordinates":[35.81229,33.72406]},"properties":{"entity_type":"fire_detection","acq_date":"2024-10-19","acq_time_utc":"11:18","day_night":"Day","geom_origin":"satellite_pixel_centre","spatial_precision":"satellite_pixel"}},{"type":"Feature","id":"fire:20241019:e084f8c87c","geometry":{"type":"Point","coordinates":[35.60575,33.73539]},"properties":{"entity_type":"fire_detection","acq_date":"2024-10-19","acq_time_utc":"11:18","day_night":"Day","geom_origin":"satellite_pixel_centre","spatial_precision":"satellite_pixel"}},{"type":"Feature","id":"fire:20241019:fb0480932a","geometry":{"type":"Point","coordinates":[35.64159,33.43624]},"properties":{"entity_type":"fire_detection","acq_date":"2024-10-19","acq_time_utc":"09:37","day_night":"Day","geom_origin":"satellite_pixel_centre","spatial_precision":"satellite_pixel"}},{"type":"Feature","id":"fire:20241020:03f1cee66c","geometry":{"type":"Point","coordinates":[35.51152,33.24355]},"properties":{"entity_type":"fire_detection","acq_date":"2024-10-20","acq_time_utc":"10:59","day_night":"Day","geom_origin":"satellite_pixel_centre","spatial_precision":"satellite_pixel"}},{"type":"Feature","id":"fire:20241020:16e73744ac","geometry":{"type":"Point","coordinates":[35.31125,33.34002]},"properties":{"entity_type":"fire_detection","acq_date":"2024-10-20","acq_time_utc":"10:59","day_night":"Day","geom_origin":"satellite_pixel_centre","spatial_precision":"satellite_pixel"}},{"type":"Feature","id":"fire:20241020:2d02b56425","geometry":{"type":"Point","coordinates":[35.516,33.28051]},"properties":{"entity_type":"fire_detection","acq_date":"2024-10-20","acq_time_utc":"10:59","day_night":"Day","geom_origin":"satellite_pixel_centre","spatial_precision":"satellite_pixel"}},{"type":"Feature","id":"fire:20241020:3464f258fd","geometry":{"type":"Point","coordinates":[35.51523,33.2802]},"properties":{"entity_type":"fire_detection","acq_date":"2024-10-20","acq_time_utc":"23:21","day_night":"Night","geom_origin":"satellite_pixel_centre","spatial_precision":"satellite_pixel"}},{"type":"Feature","id":"fire:20241020:34ef776773","geometry":{"type":"Point","coordinates":[35.39263,33.11861]},"properties":{"entity_type":"fire_detection","acq_date":"2024-10-20","acq_time_utc":"10:59","day_night":"Day","geom_origin":"satellite_pixel_centre","spatial_precision":"satellite_pixel"}},{"type":"Feature","id":"fire:20241020:3e05ead77f","geometry":{"type":"Point","coordinates":[35.35095,33.09438]},"properties":{"entity_type":"fire_detection","acq_date":"2024-10-20","acq_time_utc":"10:59","day_night":"Day","geom_origin":"satellite_pixel_centre","spatial_precision":"satellite_pixel"}},{"type":"Feature","id":"fire:20241020:631d5a20a0","geometry":{"type":"Point","coordinates":[35.28399,33.10423]},"properties":{"entity_type":"fire_detection","acq_date":"2024-10-20","acq_time_utc":"23:21","day_night":"Night","geom_origin":"satellite_pixel_centre","spatial_precision":"satellite_pixel"}},{"type":"Feature","id":"fire:20241020:6613dcf71a","geometry":{"type":"Point","coordinates":[35.46181,33.12177]},"properties":{"entity_type":"fire_detection","acq_date":"2024-10-20","acq_time_utc":"23:21","day_night":"Night","geom_origin":"satellite_pixel_centre","spatial_precision":"satellite_pixel"}},{"type":"Feature","id":"fire:20241020:7f7c3f0480","geometry":{"type":"Point","coordinates":[35.34412,33.10141]},"properties":{"entity_type":"fire_detection","acq_date":"2024-10-20","acq_time_utc":"10:59","day_night":"Day","geom_origin":"satellite_pixel_centre","spatial_precision":"satellite_pixel"}},{"type":"Feature","id":"fire:20241020:89c6831216","geometry":{"type":"Point","coordinates":[35.38632,33.1218]},"properties":{"entity_type":"fire_detection","acq_date":"2024-10-20","acq_time_utc":"10:59","day_night":"Day","geom_origin":"satellite_pixel_centre","spatial_precision":"satellite_pixel"}},{"type":"Feature","id":"fire:20241020:8c24fd4892","geometry":{"type":"Point","coordinates":[35.38153,33.11735]},"properties":{"entity_type":"fire_detection","acq_date":"2024-10-20","acq_time_utc":"10:59","day_night":"Day","geom_origin":"satellite_pixel_centre","spatial_precision":"satellite_pixel"}},{"type":"Feature","id":"fire:20241020:91d3bdeda5","geometry":{"type":"Point","coordinates":[35.19725,33.1079]},"properties":{"entity_type":"fire_detection","acq_date":"2024-10-20","acq_time_utc":"10:59","day_night":"Day","geom_origin":"satellite_pixel_centre","spatial_precision":"satellite_pixel"}},{"type":"Feature","id":"fire:20241020:a44aad7261","geometry":{"type":"Point","coordinates":[35.29668,33.22701]},"properties":{"entity_type":"fire_detection","acq_date":"2024-10-20","acq_time_utc":"10:59","day_night":"Day","geom_origin":"satellite_pixel_centre","spatial_precision":"satellite_pixel"}},{"type":"Feature","id":"fire:20241020:a6070d6a0d","geometry":{"type":"Point","coordinates":[35.3974,33.12305]},"properties":{"entity_type":"fire_detection","acq_date":"2024-10-20","acq_time_utc":"10:59","day_night":"Day","geom_origin":"satellite_pixel_centre","spatial_precision":"satellite_pixel"}},{"type":"Feature","id":"fire:20241020:af3d863bc0","geometry":{"type":"Point","coordinates":[35.42397,33.13781]},"properties":{"entity_type":"fire_detection","acq_date":"2024-10-20","acq_time_utc":"10:59","day_night":"Day","geom_origin":"satellite_pixel_centre","spatial_precision":"satellite_pixel"}},{"type":"Feature","id":"fire:20241020:b2e960365d","geometry":{"type":"Point","coordinates":[35.51197,33.23966]},"properties":{"entity_type":"fire_detection","acq_date":"2024-10-20","acq_time_utc":"10:59","day_night":"Day","geom_origin":"satellite_pixel_centre","spatial_precision":"satellite_pixel"}},{"type":"Feature","id":"fire:20241020:b7fcb8a9ac","geometry":{"type":"Point","coordinates":[35.39185,33.12242]},"properties":{"entity_type":"fire_detection","acq_date":"2024-10-20","acq_time_utc":"10:59","day_night":"Day","geom_origin":"satellite_pixel_centre","spatial_precision":"satellite_pixel"}},{"type":"Feature","id":"fire:20241020:bf0f21c068","geometry":{"type":"Point","coordinates":[35.23758,33.09705]},"properties":{"entity_type":"fire_detection","acq_date":"2024-10-20","acq_time_utc":"10:59","day_night":"Day","geom_origin":"satellite_pixel_centre","spatial_precision":"satellite_pixel"}},{"type":"Feature","id":"fire:20241020:c1f2b66c80","geometry":{"type":"Point","coordinates":[35.38707,33.11798]},"properties":{"entity_type":"fire_detection","acq_date":"2024-10-20","acq_time_utc":"10:59","day_night":"Day","geom_origin":"satellite_pixel_centre","spatial_precision":"satellite_pixel"}},{"type":"Feature","id":"fire:20241020:ea7d0ad85b","geometry":{"type":"Point","coordinates":[35.73416,33.33583]},"properties":{"entity_type":"fire_detection","acq_date":"2024-10-20","acq_time_utc":"10:59","day_night":"Day","geom_origin":"satellite_pixel_centre","spatial_precision":"satellite_pixel"}},{"type":"Feature","id":"fire:20241021:015717c3b0","geometry":{"type":"Point","coordinates":[36.14246,34.59354]},"properties":{"entity_type":"fire_detection","acq_date":"2024-10-21","acq_time_utc":"10:40","day_night":"Day","geom_origin":"satellite_pixel_centre","spatial_precision":"satellite_pixel"}},{"type":"Feature","id":"fire:20241021:0a4d27da7c","geometry":{"type":"Point","coordinates":[35.50836,33.26679]},"properties":{"entity_type":"fire_detection","acq_date":"2024-10-21","acq_time_utc":"10:40","day_night":"Day","geom_origin":"satellite_pixel_centre","spatial_precision":"satellite_pixel"}},{"type":"Feature","id":"fire:20241021:2dbb3a966b","geometry":{"type":"Point","coordinates":[35.5467,33.34715]},"properties":{"entity_type":"fire_detection","acq_date":"2024-10-21","acq_time_utc":"10:40","day_night":"Day","geom_origin":"satellite_pixel_centre","spatial_precision":"satellite_pixel"}},{"type":"Feature","id":"fire:20241021:2fe8a38802","geometry":{"type":"Point","coordinates":[35.63054,33.39512]},"properties":{"entity_type":"fire_detection","acq_date":"2024-10-21","acq_time_utc":"23:02","day_night":"Night","geom_origin":"satellite_pixel_centre","spatial_precision":"satellite_pixel"}},{"type":"Feature","id":"fire:20241021:3f60c4e462","geometry":{"type":"Point","coordinates":[35.36222,33.09532]},"properties":{"entity_type":"fire_detection","acq_date":"2024-10-21","acq_time_utc":"10:40","day_night":"Day","geom_origin":"satellite_pixel_centre","spatial_precision":"satellite_pixel"}},{"type":"Feature","id":"fire:20241021:42d7df95d1","geometry":{"type":"Point","coordinates":[35.41213,33.40525]},"properties":{"entity_type":"fire_detection","acq_date":"2024-10-21","acq_time_utc":"10:40","day_night":"Day","geom_origin":"satellite_pixel_centre","spatial_precision":"satellite_pixel"}},{"type":"Feature","id":"fire:20241021:46efa85c66","geometry":{"type":"Point","coordinates":[35.63008,33.90848]},"properties":{"entity_type":"fire_detection","acq_date":"2024-10-21","acq_time_utc":"23:02","day_night":"Night","geom_origin":"satellite_pixel_centre","spatial_precision":"satellite_pixel"}},{"type":"Feature","id":"fire:20241021:4be2ef97b4","geometry":{"type":"Point","coordinates":[36.12991,34.62403]},"properties":{"entity_type":"fire_detection","acq_date":"2024-10-21","acq_time_utc":"23:02","day_night":"Night","geom_origin":"satellite_pixel_centre","spatial_precision":"satellite_pixel"}},{"type":"Feature","id":"fire:20241021:521d9b154e","geometry":{"type":"Point","coordinates":[35.42709,33.43462]},"properties":{"entity_type":"fire_detection","acq_date":"2024-10-21","acq_time_utc":"10:40","day_night":"Day","geom_origin":"satellite_pixel_centre","spatial_precision":"satellite_pixel"}},{"type":"Feature","id":"fire:20241021:565ab83060","geometry":{"type":"Point","coordinates":[35.32035,33.1333]},"properties":{"entity_type":"fire_detection","acq_date":"2024-10-21","acq_time_utc":"10:40","day_night":"Day","geom_origin":"satellite_pixel_centre","spatial_precision":"satellite_pixel"}},{"type":"Feature","id":"fire:20241021:6661eb4543","geometry":{"type":"Point","coordinates":[35.62922,33.3949]},"properties":{"entity_type":"fire_detection","acq_date":"2024-10-21","acq_time_utc":"23:02","day_night":"Night","geom_origin":"satellite_pixel_centre","spatial_precision":"satellite_pixel"}},{"type":"Feature","id":"fire:20241021:6abc82ab92","geometry":{"type":"Point","coordinates":[35.19929,33.10828]},"properties":{"entity_type":"fire_detection","acq_date":"2024-10-21","acq_time_utc":"10:40","day_night":"Day","geom_origin":"satellite_pixel_centre","spatial_precision":"satellite_pixel"}},{"type":"Feature","id":"fire:20241021:6b39d2257e","geometry":{"type":"Point","coordinates":[35.49595,33.29877]},"properties":{"entity_type":"fire_detection","acq_date":"2024-10-21","acq_time_utc":"23:02","day_night":"Night","geom_origin":"satellite_pixel_centre","spatial_precision":"satellite_pixel"}},{"type":"Feature","id":"fire:20241021:70cbbd07c3","geometry":{"type":"Point","coordinates":[35.46283,33.31782]},"properties":{"entity_type":"fire_detection","acq_date":"2024-10-21","acq_time_utc":"23:02","day_night":"Night","geom_origin":"satellite_pixel_centre","spatial_precision":"satellite_pixel"}},{"type":"Feature","id":"fire:20241021:7569f53b1a","geometry":{"type":"Point","coordinates":[35.46249,33.31859]},"properties":{"entity_type":"fire_detection","acq_date":"2024-10-21","acq_time_utc":"23:02","day_night":"Night","geom_origin":"satellite_pixel_centre","spatial_precision":"satellite_pixel"}},{"type":"Feature","id":"fire:20241021:762e57b912","geometry":{"type":"Point","coordinates":[35.31964,33.13659]},"properties":{"entity_type":"fire_detection","acq_date":"2024-10-21","acq_time_utc":"10:40","day_night":"Day","geom_origin":"satellite_pixel_centre","spatial_precision":"satellite_pixel"}},{"type":"Feature","id":"fire:20241021:78efb11a02","geometry":{"type":"Point","coordinates":[35.35813,33.09471]},"properties":{"entity_type":"fire_detection","acq_date":"2024-10-21","acq_time_utc":"10:40","day_night":"Day","geom_origin":"satellite_pixel_centre","spatial_precision":"satellite_pixel"}},{"type":"Feature","id":"fire:20241021:8ab9f3cb81","geometry":{"type":"Point","coordinates":[35.47723,33.12949]},"properties":{"entity_type":"fire_detection","acq_date":"2024-10-21","acq_time_utc":"10:40","day_night":"Day","geom_origin":"satellite_pixel_centre","spatial_precision":"satellite_pixel"}},{"type":"Feature","id":"fire:20241021:9116744105","geometry":{"type":"Point","coordinates":[35.27889,33.11012]},"properties":{"entity_type":"fire_detection","acq_date":"2024-10-21","acq_time_utc":"10:40","day_night":"Day","geom_origin":"satellite_pixel_centre","spatial_precision":"satellite_pixel"}},{"type":"Feature","id":"fire:20241021:a240755229","geometry":{"type":"Point","coordinates":[35.31791,33.10561]},"properties":{"entity_type":"fire_detection","acq_date":"2024-10-21","acq_time_utc":"10:40","day_night":"Day","geom_origin":"satellite_pixel_centre","spatial_precision":"satellite_pixel"}},{"type":"Feature","id":"fire:20241021:ab71b7b3d9","geometry":{"type":"Point","coordinates":[35.31627,33.13269]},"properties":{"entity_type":"fire_detection","acq_date":"2024-10-21","acq_time_utc":"10:40","day_night":"Day","geom_origin":"satellite_pixel_centre","spatial_precision":"satellite_pixel"}},{"type":"Feature","id":"fire:20241021:ac3d41035c","geometry":{"type":"Point","coordinates":[35.6237,33.90919]},"properties":{"entity_type":"fire_detection","acq_date":"2024-10-21","acq_time_utc":"23:02","day_night":"Night","geom_origin":"satellite_pixel_centre","spatial_precision":"satellite_pixel"}},{"type":"Feature","id":"fire:20241021:c25f178bcb","geometry":{"type":"Point","coordinates":[35.51176,33.27068]},"properties":{"entity_type":"fire_detection","acq_date":"2024-10-21","acq_time_utc":"10:40","day_night":"Day","geom_origin":"satellite_pixel_centre","spatial_precision":"satellite_pixel"}},{"type":"Feature","id":"fire:20241021:d69ca123cf","geometry":{"type":"Point","coordinates":[35.38673,33.49384]},"properties":{"entity_type":"fire_detection","acq_date":"2024-10-21","acq_time_utc":"23:02","day_night":"Night","geom_origin":"satellite_pixel_centre","spatial_precision":"satellite_pixel"}},{"type":"Feature","id":"fire:20241021:d92568f1fa","geometry":{"type":"Point","coordinates":[35.43948,33.14774]},"properties":{"entity_type":"fire_detection","acq_date":"2024-10-21","acq_time_utc":"10:40","day_night":"Day","geom_origin":"satellite_pixel_centre","spatial_precision":"satellite_pixel"}},{"type":"Feature","id":"fire:20241021:db212614f1","geometry":{"type":"Point","coordinates":[35.52954,33.26653]},"properties":{"entity_type":"fire_detection","acq_date":"2024-10-21","acq_time_utc":"10:40","day_night":"Day","geom_origin":"satellite_pixel_centre","spatial_precision":"satellite_pixel"}},{"type":"Feature","id":"fire:20241022:03fd9b13da","geometry":{"type":"Point","coordinates":[35.24207,33.11297]},"properties":{"entity_type":"fire_detection","acq_date":"2024-10-22","acq_time_utc":"10:21","day_night":"Day","geom_origin":"satellite_pixel_centre","spatial_precision":"satellite_pixel"}},{"type":"Feature","id":"fire:20241022:053e8b9a50","geometry":{"type":"Point","coordinates":[35.6216,33.33742]},"properties":{"entity_type":"fire_detection","acq_date":"2024-10-22","acq_time_utc":"10:21","day_night":"Day","geom_origin":"satellite_pixel_centre","spatial_precision":"satellite_pixel"}},{"type":"Feature","id":"fire:20241022:06e505cb4b","geometry":{"type":"Point","coordinates":[35.51714,33.19654]},"properties":{"entity_type":"fire_detection","acq_date":"2024-10-22","acq_time_utc":"10:21","day_night":"Day","geom_origin":"satellite_pixel_centre","spatial_precision":"satellite_pixel"}},{"type":"Feature","id":"fire:20241022:0c8e672e38","geometry":{"type":"Point","coordinates":[35.24314,33.1093]},"properties":{"entity_type":"fire_detection","acq_date":"2024-10-22","acq_time_utc":"10:21","day_night":"Day","geom_origin":"satellite_pixel_centre","spatial_precision":"satellite_pixel"}},{"type":"Feature","id":"fire:20241022:0fd81246c8","geometry":{"type":"Point","coordinates":[35.48764,33.11547]},"properties":{"entity_type":"fire_detection","acq_date":"2024-10-22","acq_time_utc":"10:21","day_night":"Day","geom_origin":"satellite_pixel_centre","spatial_precision":"satellite_pixel"}},{"type":"Feature","id":"fire:20241022:19b612d5da","geometry":{"type":"Point","coordinates":[35.62469,33.77348]},"properties":{"entity_type":"fire_detection","acq_date":"2024-10-22","acq_time_utc":"10:21","day_night":"Day","geom_origin":"satellite_pixel_centre","spatial_precision":"satellite_pixel"}},{"type":"Feature","id":"fire:20241022:20073c69d9","geometry":{"type":"Point","coordinates":[36.12693,34.62335]},"properties":{"entity_type":"fire_detection","acq_date":"2024-10-22","acq_time_utc":"10:21","day_night":"Day","geom_origin":"satellite_pixel_centre","spatial_precision":"satellite_pixel"}},{"type":"Feature","id":"fire:20241022:2341e81e77","geometry":{"type":"Point","coordinates":[35.57109,33.37198]},"properties":{"entity_type":"fire_detection","acq_date":"2024-10-22","acq_time_utc":"22:43","day_night":"Night","geom_origin":"satellite_pixel_centre","spatial_precision":"satellite_pixel"}},{"type":"Feature","id":"fire:20241022:27aa2f32da","geometry":{"type":"Point","coordinates":[35.57111,33.36678]},"properties":{"entity_type":"fire_detection","acq_date":"2024-10-22","acq_time_utc":"22:43","day_night":"Night","geom_origin":"satellite_pixel_centre","spatial_precision":"satellite_pixel"}},{"type":"Feature","id":"fire:20241022:300378f7fc","geometry":{"type":"Point","coordinates":[35.14014,33.09316]},"properties":{"entity_type":"fire_detection","acq_date":"2024-10-22","acq_time_utc":"10:21","day_night":"Day","geom_origin":"satellite_pixel_centre","spatial_precision":"satellite_pixel"}},{"type":"Feature","id":"fire:20241022:3d939e1c58","geometry":{"type":"Point","coordinates":[35.50972,33.23785]},"properties":{"entity_type":"fire_detection","acq_date":"2024-10-22","acq_time_utc":"22:43","day_night":"Night","geom_origin":"satellite_pixel_centre","spatial_precision":"satellite_pixel"}},{"type":"Feature","id":"fire:20241022:3e13970f18","geometry":{"type":"Point","coordinates":[36.19961,34.61468]},"properties":{"entity_type":"fire_detection","acq_date":"2024-10-22","acq_time_utc":"10:21","day_night":"Day","geom_origin":"satellite_pixel_centre","spatial_precision":"satellite_pixel"}},{"type":"Feature","id":"fire:20241022:3f0df28a47","geometry":{"type":"Point","coordinates":[35.14294,33.09294]},"properties":{"entity_type":"fire_detection","acq_date":"2024-10-22","acq_time_utc":"10:21","day_night":"Day","geom_origin":"satellite_pixel_centre","spatial_precision":"satellite_pixel"}},{"type":"Feature","id":"fire:20241022:4d322106a2","geometry":{"type":"Point","coordinates":[35.27379,33.3622]},"properties":{"entity_type":"fire_detection","acq_date":"2024-10-22","acq_time_utc":"10:21","day_night":"Day","geom_origin":"satellite_pixel_centre","spatial_precision":"satellite_pixel"}},{"type":"Feature","id":"fire:20241022:5865c9eab5","geometry":{"type":"Point","coordinates":[35.54032,33.28393]},"properties":{"entity_type":"fire_detection","acq_date":"2024-10-22","acq_time_utc":"22:43","day_night":"Night","geom_origin":"satellite_pixel_centre","spatial_precision":"satellite_pixel"}},{"type":"Feature","id":"fire:20241022:6aea088539","geometry":{"type":"Point","coordinates":[35.13923,33.09689]},"properties":{"entity_type":"fire_detection","acq_date":"2024-10-22","acq_time_utc":"10:21","day_night":"Day","geom_origin":"satellite_pixel_centre","spatial_precision":"satellite_pixel"}},{"type":"Feature","id":"fire:20241022:6bd77097a8","geometry":{"type":"Point","coordinates":[35.30315,33.10764]},"properties":{"entity_type":"fire_detection","acq_date":"2024-10-22","acq_time_utc":"10:21","day_night":"Day","geom_origin":"satellite_pixel_centre","spatial_precision":"satellite_pixel"}},{"type":"Feature","id":"fire:20241022:8c9c7bf891","geometry":{"type":"Point","coordinates":[35.85706,34.31923]},"properties":{"entity_type":"fire_detection","acq_date":"2024-10-22","acq_time_utc":"22:43","day_night":"Night","geom_origin":"satellite_pixel_centre","spatial_precision":"satellite_pixel"}},{"type":"Feature","id":"fire:20241022:8d8f221eda","geometry":{"type":"Point","coordinates":[35.23677,33.11195]},"properties":{"entity_type":"fire_detection","acq_date":"2024-10-22","acq_time_utc":"10:21","day_night":"Day","geom_origin":"satellite_pixel_centre","spatial_precision":"satellite_pixel"}},{"type":"Feature","id":"fire:20241022:90054c981d","geometry":{"type":"Point","coordinates":[35.13743,33.0919]},"properties":{"entity_type":"fire_detection","acq_date":"2024-10-22","acq_time_utc":"10:21","day_night":"Day","geom_origin":"satellite_pixel_centre","spatial_precision":"satellite_pixel"}},{"type":"Feature","id":"fire:20241022:91a3186b20","geometry":{"type":"Point","coordinates":[35.14204,33.09666]},"properties":{"entity_type":"fire_detection","acq_date":"2024-10-22","acq_time_utc":"10:21","day_night":"Day","geom_origin":"satellite_pixel_centre","spatial_precision":"satellite_pixel"}},{"type":"Feature","id":"fire:20241022:9331c892b6","geometry":{"type":"Point","coordinates":[35.49908,33.25955]},"properties":{"entity_type":"fire_detection","acq_date":"2024-10-22","acq_time_utc":"22:43","day_night":"Night","geom_origin":"satellite_pixel_centre","spatial_precision":"satellite_pixel"}},{"type":"Feature","id":"fire:20241022:964526fb84","geometry":{"type":"Point","coordinates":[35.36761,33.14495]},"properties":{"entity_type":"fire_detection","acq_date":"2024-10-22","acq_time_utc":"10:21","day_night":"Day","geom_origin":"satellite_pixel_centre","spatial_precision":"satellite_pixel"}},{"type":"Feature","id":"fire:20241022:9f841a5f9f","geometry":{"type":"Point","coordinates":[35.63056,33.90707]},"properties":{"entity_type":"fire_detection","acq_date":"2024-10-22","acq_time_utc":"10:21","day_night":"Day","geom_origin":"satellite_pixel_centre","spatial_precision":"satellite_pixel"}},{"type":"Feature","id":"fire:20241022:a149dc95d6","geometry":{"type":"Point","coordinates":[35.52676,33.30577]},"properties":{"entity_type":"fire_detection","acq_date":"2024-10-22","acq_time_utc":"22:43","day_night":"Night","geom_origin":"satellite_pixel_centre","spatial_precision":"satellite_pixel"}},{"type":"Feature","id":"fire:20241022:a29cfb11b2","geometry":{"type":"Point","coordinates":[35.28656,33.10838]},"properties":{"entity_type":"fire_detection","acq_date":"2024-10-22","acq_time_utc":"10:21","day_night":"Day","geom_origin":"satellite_pixel_centre","spatial_precision":"satellite_pixel"}},{"type":"Feature","id":"fire:20241022:a8e7ff9dd1","geometry":{"type":"Point","coordinates":[35.57519,33.3769]},"properties":{"entity_type":"fire_detection","acq_date":"2024-10-22","acq_time_utc":"22:43","day_night":"Night","geom_origin":"satellite_pixel_centre","spatial_precision":"satellite_pixel"}},{"type":"Feature","id":"fire:20241022:ae8f66375b","geometry":{"type":"Point","coordinates":[35.49996,33.2607]},"properties":{"entity_type":"fire_detection","acq_date":"2024-10-22","acq_time_utc":"22:43","day_night":"Night","geom_origin":"satellite_pixel_centre","spatial_precision":"satellite_pixel"}},{"type":"Feature","id":"fire:20241022:af8c5eab9e","geometry":{"type":"Point","coordinates":[35.26731,33.1077]},"properties":{"entity_type":"fire_detection","acq_date":"2024-10-22","acq_time_utc":"22:44","day_night":"Night","geom_origin":"satellite_pixel_centre","spatial_precision":"satellite_pixel"}},{"type":"Feature","id":"fire:20241022:b4b6cf3cac","geometry":{"type":"Point","coordinates":[35.50893,33.27052]},"properties":{"entity_type":"fire_detection","acq_date":"2024-10-22","acq_time_utc":"22:43","day_night":"Night","geom_origin":"satellite_pixel_centre","spatial_precision":"satellite_pixel"}},{"type":"Feature","id":"fire:20241022:baffe5841b","geometry":{"type":"Point","coordinates":[35.14076,33.10033]},"properties":{"entity_type":"fire_detection","acq_date":"2024-10-22","acq_time_utc":"10:21","day_night":"Day","geom_origin":"satellite_pixel_centre","spatial_precision":"satellite_pixel"}},{"type":"Feature","id":"fire:20241022:bce871fa44","geometry":{"type":"Point","coordinates":[35.13788,33.10052]},"properties":{"entity_type":"fire_detection","acq_date":"2024-10-22","acq_time_utc":"10:21","day_night":"Day","geom_origin":"satellite_pixel_centre","spatial_precision":"satellite_pixel"}},{"type":"Feature","id":"fire:20241022:bd2b79c3cd","geometry":{"type":"Point","coordinates":[35.50473,33.83437]},"properties":{"entity_type":"fire_detection","acq_date":"2024-10-22","acq_time_utc":"10:21","day_night":"Day","geom_origin":"satellite_pixel_centre","spatial_precision":"satellite_pixel"}},{"type":"Feature","id":"fire:20241022:cb5a9dae67","geometry":{"type":"Point","coordinates":[35.2398,33.11121]},"properties":{"entity_type":"fire_detection","acq_date":"2024-10-22","acq_time_utc":"10:21","day_night":"Day","geom_origin":"satellite_pixel_centre","spatial_precision":"satellite_pixel"}},{"type":"Feature","id":"fire:20241022:cc35cb0e65","geometry":{"type":"Point","coordinates":[35.23786,33.0992]},"properties":{"entity_type":"fire_detection","acq_date":"2024-10-22","acq_time_utc":"10:21","day_night":"Day","geom_origin":"satellite_pixel_centre","spatial_precision":"satellite_pixel"}},{"type":"Feature","id":"fire:20241022:ce68e3e49b","geometry":{"type":"Point","coordinates":[35.57117,33.37021]},"properties":{"entity_type":"fire_detection","acq_date":"2024-10-22","acq_time_utc":"22:43","day_night":"Night","geom_origin":"satellite_pixel_centre","spatial_precision":"satellite_pixel"}},{"type":"Feature","id":"fire:20241022:d3c96a7ff1","geometry":{"type":"Point","coordinates":[35.52248,33.30608]},"properties":{"entity_type":"fire_detection","acq_date":"2024-10-22","acq_time_utc":"22:43","day_night":"Night","geom_origin":"satellite_pixel_centre","spatial_precision":"satellite_pixel"}},{"type":"Feature","id":"fire:20241022:dac35f3951","geometry":{"type":"Point","coordinates":[35.85964,34.31551]},"properties":{"entity_type":"fire_detection","acq_date":"2024-10-22","acq_time_utc":"10:21","day_night":"Day","geom_origin":"satellite_pixel_centre","spatial_precision":"satellite_pixel"}},{"type":"Feature","id":"fire:20241022:db05bd990a","geometry":{"type":"Point","coordinates":[35.25414,33.26742]},"properties":{"entity_type":"fire_detection","acq_date":"2024-10-22","acq_time_utc":"22:43","day_night":"Night","geom_origin":"satellite_pixel_centre","spatial_precision":"satellite_pixel"}},{"type":"Feature","id":"fire:20241022:de1ab1e2fd","geometry":{"type":"Point","coordinates":[35.50575,33.24337]},"properties":{"entity_type":"fire_detection","acq_date":"2024-10-22","acq_time_utc":"22:43","day_night":"Night","geom_origin":"satellite_pixel_centre","spatial_precision":"satellite_pixel"}},{"type":"Feature","id":"fire:20241022:e64df3b3ae","geometry":{"type":"Point","coordinates":[35.50996,33.24305]},"properties":{"entity_type":"fire_detection","acq_date":"2024-10-22","acq_time_utc":"22:43","day_night":"Night","geom_origin":"satellite_pixel_centre","spatial_precision":"satellite_pixel"}},{"type":"Feature","id":"fire:20241022:e9ad108e52","geometry":{"type":"Point","coordinates":[35.65173,33.80863]},"properties":{"entity_type":"fire_detection","acq_date":"2024-10-22","acq_time_utc":"10:21","day_night":"Day","geom_origin":"satellite_pixel_centre","spatial_precision":"satellite_pixel"}},{"type":"Feature","id":"fire:20241022:e9c690f496","geometry":{"type":"Point","coordinates":[35.61263,33.33194]},"properties":{"entity_type":"fire_detection","acq_date":"2024-10-22","acq_time_utc":"10:21","day_night":"Day","geom_origin":"satellite_pixel_centre","spatial_precision":"satellite_pixel"}},{"type":"Feature","id":"fire:20241022:f841315314","geometry":{"type":"Point","coordinates":[35.30211,33.11132]},"properties":{"entity_type":"fire_detection","acq_date":"2024-10-22","acq_time_utc":"10:21","day_night":"Day","geom_origin":"satellite_pixel_centre","spatial_precision":"satellite_pixel"}},{"type":"Feature","id":"fire:20241022:fe10b2b54f","geometry":{"type":"Point","coordinates":[35.3749,33.52584]},"properties":{"entity_type":"fire_detection","acq_date":"2024-10-22","acq_time_utc":"10:21","day_night":"Day","geom_origin":"satellite_pixel_centre","spatial_precision":"satellite_pixel"}},{"type":"Feature","id":"fire:20241023:012dc63b15","geometry":{"type":"Point","coordinates":[35.54124,33.37706]},"properties":{"entity_type":"fire_detection","acq_date":"2024-10-23","acq_time_utc":"10:02","day_night":"Day","geom_origin":"satellite_pixel_centre","spatial_precision":"satellite_pixel"}},{"type":"Feature","id":"fire:20241023:054b18b1e5","geometry":{"type":"Point","coordinates":[35.27321,33.19867]},"properties":{"entity_type":"fire_detection","acq_date":"2024-10-23","acq_time_utc":"10:02","day_night":"Day","geom_origin":"satellite_pixel_centre","spatial_precision":"satellite_pixel"}},{"type":"Feature","id":"fire:20241023:1837c28da3","geometry":{"type":"Point","coordinates":[36.12803,34.59176]},"properties":{"entity_type":"fire_detection","acq_date":"2024-10-23","acq_time_utc":"10:03","day_night":"Day","geom_origin":"satellite_pixel_centre","spatial_precision":"satellite_pixel"}},{"type":"Feature","id":"fire:20241023:24b1f97170","geometry":{"type":"Point","coordinates":[35.16399,33.10834]},"properties":{"entity_type":"fire_detection","acq_date":"2024-10-23","acq_time_utc":"10:02","day_night":"Day","geom_origin":"satellite_pixel_centre","spatial_precision":"satellite_pixel"}},{"type":"Feature","id":"fire:20241023:3216d15a8c","geometry":{"type":"Point","coordinates":[35.16621,33.10374]},"properties":{"entity_type":"fire_detection","acq_date":"2024-10-23","acq_time_utc":"10:02","day_night":"Day","geom_origin":"satellite_pixel_centre","spatial_precision":"satellite_pixel"}},{"type":"Feature","id":"fire:20241023:3ea2d7e857","geometry":{"type":"Point","coordinates":[35.27452,33.19494]},"properties":{"entity_type":"fire_detection","acq_date":"2024-10-23","acq_time_utc":"11:43","day_night":"Day","geom_origin":"satellite_pixel_centre","spatial_precision":"satellite_pixel"}},{"type":"Feature","id":"fire:20241023:4f733364a5","geometry":{"type":"Point","coordinates":[35.32425,33.22762]},"properties":{"entity_type":"fire_detection","acq_date":"2024-10-23","acq_time_utc":"00:24","day_night":"Night","geom_origin":"satellite_pixel_centre","spatial_precision":"satellite_pixel"}},{"type":"Feature","id":"fire:20241023:5cc1d9d0f7","geometry":{"type":"Point","coordinates":[35.55157,33.29341]},"properties":{"entity_type":"fire_detection","acq_date":"2024-10-23","acq_time_utc":"10:02","day_night":"Day","geom_origin":"satellite_pixel_centre","spatial_precision":"satellite_pixel"}},{"type":"Feature","id":"fire:20241023:5cda7653d2","geometry":{"type":"Point","coordinates":[35.52999,33.38062]},"properties":{"entity_type":"fire_detection","acq_date":"2024-10-23","acq_time_utc":"22:24","day_night":"Night","geom_origin":"satellite_pixel_centre","spatial_precision":"satellite_pixel"}},{"type":"Feature","id":"fire:20241023:7e938a2972","geometry":{"type":"Point","coordinates":[35.4669,33.27391]},"properties":{"entity_type":"fire_detection","acq_date":"2024-10-23","acq_time_utc":"10:02","day_night":"Day","geom_origin":"satellite_pixel_centre","spatial_precision":"satellite_pixel"}},{"type":"Feature","id":"fire:20241023:9371d5ba64","geometry":{"type":"Point","coordinates":[36.12675,34.59016]},"properties":{"entity_type":"fire_detection","acq_date":"2024-10-23","acq_time_utc":"10:03","day_night":"Day","geom_origin":"satellite_pixel_centre","spatial_precision":"satellite_pixel"}},{"type":"Feature","id":"fire:20241023:9382064a2c","geometry":{"type":"Point","coordinates":[35.50438,33.24373]},"properties":{"entity_type":"fire_detection","acq_date":"2024-10-23","acq_time_utc":"22:25","day_night":"Night","geom_origin":"satellite_pixel_centre","spatial_precision":"satellite_pixel"}},{"type":"Feature","id":"fire:20241023:953dfd89fd","geometry":{"type":"Point","coordinates":[35.57632,33.3712]},"properties":{"entity_type":"fire_detection","acq_date":"2024-10-23","acq_time_utc":"00:24","day_night":"Night","geom_origin":"satellite_pixel_centre","spatial_precision":"satellite_pixel"}},{"type":"Feature","id":"fire:20241023:9591f217d8","geometry":{"type":"Point","coordinates":[35.3401,33.47551]},"properties":{"entity_type":"fire_detection","acq_date":"2024-10-23","acq_time_utc":"22:24","day_night":"Night","geom_origin":"satellite_pixel_centre","spatial_precision":"satellite_pixel"}},{"type":"Feature","id":"fire:20241023:9841f1d450","geometry":{"type":"Point","coordinates":[35.27268,33.19115]},"properties":{"entity_type":"fire_detection","acq_date":"2024-10-23","acq_time_utc":"11:43","day_night":"Day","geom_origin":"satellite_pixel_centre","spatial_precision":"satellite_pixel"}},{"type":"Feature","id":"fire:20241023:9957c2d39c","geometry":{"type":"Point","coordinates":[35.49422,33.12456]},"properties":{"entity_type":"fire_detection","acq_date":"2024-10-23","acq_time_utc":"10:02","day_night":"Day","geom_origin":"satellite_pixel_centre","spatial_precision":"satellite_pixel"}},{"type":"Feature","id":"fire:20241023:a713f0831b","geometry":{"type":"Point","coordinates":[35.49612,33.29805]},"properties":{"entity_type":"fire_detection","acq_date":"2024-10-23","acq_time_utc":"22:25","day_night":"Night","geom_origin":"satellite_pixel_centre","spatial_precision":"satellite_pixel"}},{"type":"Feature","id":"fire:20241023:b0cc2553b6","geometry":{"type":"Point","coordinates":[35.32951,33.22567]},"properties":{"entity_type":"fire_detection","acq_date":"2024-10-23","acq_time_utc":"00:24","day_night":"Night","geom_origin":"satellite_pixel_centre","spatial_precision":"satellite_pixel"}},{"type":"Feature","id":"fire:20241023:b3b6f17e89","geometry":{"type":"Point","coordinates":[35.35586,33.12755]},"properties":{"entity_type":"fire_detection","acq_date":"2024-10-23","acq_time_utc":"10:02","day_night":"Day","geom_origin":"satellite_pixel_centre","spatial_precision":"satellite_pixel"}},{"type":"Feature","id":"fire:20241023:bc8766fcb6","geometry":{"type":"Point","coordinates":[35.5308,33.38734]},"properties":{"entity_type":"fire_detection","acq_date":"2024-10-23","acq_time_utc":"22:24","day_night":"Night","geom_origin":"satellite_pixel_centre","spatial_precision":"satellite_pixel"}},{"type":"Feature","id":"fire:20241023:bf5b8c7dc1","geometry":{"type":"Point","coordinates":[35.24526,33.285]},"properties":{"entity_type":"fire_detection","acq_date":"2024-10-23","acq_time_utc":"22:25","day_night":"Night","geom_origin":"satellite_pixel_centre","spatial_precision":"satellite_pixel"}},{"type":"Feature","id":"fire:20241023:c418c0254b","geometry":{"type":"Point","coordinates":[35.4951,33.12412]},"properties":{"entity_type":"fire_detection","acq_date":"2024-10-23","acq_time_utc":"10:02","day_night":"Day","geom_origin":"satellite_pixel_centre","spatial_precision":"satellite_pixel"}},{"type":"Feature","id":"fire:20241023:d3f629bb0b","geometry":{"type":"Point","coordinates":[35.50177,33.2481]},"properties":{"entity_type":"fire_detection","acq_date":"2024-10-23","acq_time_utc":"22:25","day_night":"Night","geom_origin":"satellite_pixel_centre","spatial_precision":"satellite_pixel"}},{"type":"Feature","id":"fire:20241023:d608ffaa05","geometry":{"type":"Point","coordinates":[35.85509,34.31816]},"properties":{"entity_type":"fire_detection","acq_date":"2024-10-23","acq_time_utc":"22:24","day_night":"Night","geom_origin":"satellite_pixel_centre","spatial_precision":"satellite_pixel"}},{"type":"Feature","id":"fire:20241023:d95084e40d","geometry":{"type":"Point","coordinates":[35.23939,33.2862]},"properties":{"entity_type":"fire_detection","acq_date":"2024-10-23","acq_time_utc":"22:25","day_night":"Night","geom_origin":"satellite_pixel_centre","spatial_precision":"satellite_pixel"}},{"type":"Feature","id":"fire:20241023:fcee8105e8","geometry":{"type":"Point","coordinates":[35.33007,33.22592]},"properties":{"entity_type":"fire_detection","acq_date":"2024-10-23","acq_time_utc":"00:24","day_night":"Night","geom_origin":"satellite_pixel_centre","spatial_precision":"satellite_pixel"}},{"type":"Feature","id":"fire:20241024:01d90f6016","geometry":{"type":"Point","coordinates":[35.52037,33.28009]},"properties":{"entity_type":"fire_detection","acq_date":"2024-10-24","acq_time_utc":"11:24","day_night":"Day","geom_origin":"satellite_pixel_centre","spatial_precision":"satellite_pixel"}},{"type":"Feature","id":"fire:20241024:06941d5af5","geometry":{"type":"Point","coordinates":[35.50452,33.29813]},"properties":{"entity_type":"fire_detection","acq_date":"2024-10-24","acq_time_utc":"00:05","day_night":"Night","geom_origin":"satellite_pixel_centre","spatial_precision":"satellite_pixel"}},{"type":"Feature","id":"fire:20241024:0a249e10c7","geometry":{"type":"Point","coordinates":[36.05511,34.41353]},"properties":{"entity_type":"fire_detection","acq_date":"2024-10-24","acq_time_utc":"11:24","day_night":"Day","geom_origin":"satellite_pixel_centre","spatial_precision":"satellite_pixel"}},{"type":"Feature","id":"fire:20241024:14509e2b79","geometry":{"type":"Point","coordinates":[35.35024,33.12036]},"properties":{"entity_type":"fire_detection","acq_date":"2024-10-24","acq_time_utc":"11:24","day_night":"Day","geom_origin":"satellite_pixel_centre","spatial_precision":"satellite_pixel"}},{"type":"Feature","id":"fire:20241024:22cc976788","geometry":{"type":"Point","coordinates":[35.50744,33.24147]},"properties":{"entity_type":"fire_detection","acq_date":"2024-10-24","acq_time_utc":"11:24","day_night":"Day","geom_origin":"satellite_pixel_centre","spatial_precision":"satellite_pixel"}},{"type":"Feature","id":"fire:20241024:2305f456ff","geometry":{"type":"Point","coordinates":[35.96889,34.42044]},"properties":{"entity_type":"fire_detection","acq_date":"2024-10-24","acq_time_utc":"11:24","day_night":"Day","geom_origin":"satellite_pixel_centre","spatial_precision":"satellite_pixel"}},{"type":"Feature","id":"fire:20241024:2414fb05c8","geometry":{"type":"Point","coordinates":[35.24681,33.11064]},"properties":{"entity_type":"fire_detection","acq_date":"2024-10-24","acq_time_utc":"23:46","day_night":"Night","geom_origin":"satellite_pixel_centre","spatial_precision":"satellite_pixel"}},{"type":"Feature","id":"fire:20241024:2cb9191455","geometry":{"type":"Point","coordinates":[35.79482,34.10237]},"properties":{"entity_type":"fire_detection","acq_date":"2024-10-24","acq_time_utc":"11:24","day_night":"Day","geom_origin":"satellite_pixel_centre","spatial_precision":"satellite_pixel"}},{"type":"Feature","id":"fire:20241024:31e91eee91","geometry":{"type":"Point","coordinates":[35.52048,33.83846]},"properties":{"entity_type":"fire_detection","acq_date":"2024-10-24","acq_time_utc":"00:05","day_night":"Night","geom_origin":"satellite_pixel_centre","spatial_precision":"satellite_pixel"}},{"type":"Feature","id":"fire:20241024:34aa0c9dba","geometry":{"type":"Point","coordinates":[35.79496,34.10089]},"properties":{"entity_type":"fire_detection","acq_date":"2024-10-24","acq_time_utc":"11:24","day_night":"Day","geom_origin":"satellite_pixel_centre","spatial_precision":"satellite_pixel"}},{"type":"Feature","id":"fire:20241024:35333a5eb8","geometry":{"type":"Point","coordinates":[35.24651,33.2859]},"properties":{"entity_type":"fire_detection","acq_date":"2024-10-24","acq_time_utc":"00:05","day_night":"Night","geom_origin":"satellite_pixel_centre","spatial_precision":"satellite_pixel"}},{"type":"Feature","id":"fire:20241024:3e719f0a69","geometry":{"type":"Point","coordinates":[35.48896,33.29035]},"properties":{"entity_type":"fire_detection","acq_date":"2024-10-24","acq_time_utc":"09:44","day_night":"Day","geom_origin":"satellite_pixel_centre","spatial_precision":"satellite_pixel"}},{"type":"Feature","id":"fire:20241024:43c445382f","geometry":{"type":"Point","coordinates":[35.34314,33.1128]},"properties":{"entity_type":"fire_detection","acq_date":"2024-10-24","acq_time_utc":"09:44","day_night":"Day","geom_origin":"satellite_pixel_centre","spatial_precision":"satellite_pixel"}},{"type":"Feature","id":"fire:20241024:451b6e6ec0","geometry":{"type":"Point","coordinates":[36.05652,34.41298]},"properties":{"entity_type":"fire_detection","acq_date":"2024-10-24","acq_time_utc":"11:24","day_night":"Day","geom_origin":"satellite_pixel_centre","spatial_precision":"satellite_pixel"}},{"type":"Feature","id":"fire:20241024:4a1a13a222","geometry":{"type":"Point","coordinates":[35.50518,33.23977]},"properties":{"entity_type":"fire_detection","acq_date":"2024-10-24","acq_time_utc":"11:24","day_night":"Day","geom_origin":"satellite_pixel_centre","spatial_precision":"satellite_pixel"}},{"type":"Feature","id":"fire:20241024:5e574640b9","geometry":{"type":"Point","coordinates":[35.30257,33.13905]},"properties":{"entity_type":"fire_detection","acq_date":"2024-10-24","acq_time_utc":"11:24","day_night":"Day","geom_origin":"satellite_pixel_centre","spatial_precision":"satellite_pixel"}},{"type":"Feature","id":"fire:20241024:5efaa09ae8","geometry":{"type":"Point","coordinates":[35.50494,33.29579]},"properties":{"entity_type":"fire_detection","acq_date":"2024-10-24","acq_time_utc":"00:05","day_night":"Night","geom_origin":"satellite_pixel_centre","spatial_precision":"satellite_pixel"}},{"type":"Feature","id":"fire:20241024:63f85f273e","geometry":{"type":"Point","coordinates":[35.2857,33.10358]},"properties":{"entity_type":"fire_detection","acq_date":"2024-10-24","acq_time_utc":"09:44","day_night":"Day","geom_origin":"satellite_pixel_centre","spatial_precision":"satellite_pixel"}},{"type":"Feature","id":"fire:20241024:6648450ad7","geometry":{"type":"Point","coordinates":[35.35072,33.11969]},"properties":{"entity_type":"fire_detection","acq_date":"2024-10-24","acq_time_utc":"11:24","day_night":"Day","geom_origin":"satellite_pixel_centre","spatial_precision":"satellite_pixel"}},{"type":"Feature","id":"fire:20241024:69571b3b32","geometry":{"type":"Point","coordinates":[35.56472,33.29971]},"properties":{"entity_type":"fire_detection","acq_date":"2024-10-24","acq_time_utc":"11:24","day_night":"Day","geom_origin":"satellite_pixel_centre","spatial_precision":"satellite_pixel"}},{"type":"Feature","id":"fire:20241024:6b5b2dec0e","geometry":{"type":"Point","coordinates":[35.31211,33.10115]},"properties":{"entity_type":"fire_detection","acq_date":"2024-10-24","acq_time_utc":"11:24","day_night":"Day","geom_origin":"satellite_pixel_centre","spatial_precision":"satellite_pixel"}},{"type":"Feature","id":"fire:20241024:74bcf1b66d","geometry":{"type":"Point","coordinates":[35.25691,33.11387]},"properties":{"entity_type":"fire_detection","acq_date":"2024-10-24","acq_time_utc":"09:44","day_night":"Day","geom_origin":"satellite_pixel_centre","spatial_precision":"satellite_pixel"}},{"type":"Feature","id":"fire:20241024:7cf6bde950","geometry":{"type":"Point","coordinates":[35.51956,33.83808]},"properties":{"entity_type":"fire_detection","acq_date":"2024-10-24","acq_time_utc":"00:05","day_night":"Night","geom_origin":"satellite_pixel_centre","spatial_precision":"satellite_pixel"}},{"type":"Feature","id":"fire:20241024:825eec41d5","geometry":{"type":"Point","coordinates":[36.05215,34.42193]},"properties":{"entity_type":"fire_detection","acq_date":"2024-10-24","acq_time_utc":"00:05","day_night":"Night","geom_origin":"satellite_pixel_centre","spatial_precision":"satellite_pixel"}},{"type":"Feature","id":"fire:20241024:8572732847","geometry":{"type":"Point","coordinates":[35.24144,33.12462]},"properties":{"entity_type":"fire_detection","acq_date":"2024-10-24","acq_time_utc":"09:44","day_night":"Day","geom_origin":"satellite_pixel_centre","spatial_precision":"satellite_pixel"}},{"type":"Feature","id":"fire:20241024:9255ab9200","geometry":{"type":"Point","coordinates":[35.24068,33.12416]},"properties":{"entity_type":"fire_detection","acq_date":"2024-10-24","acq_time_utc":"11:24","day_night":"Day","geom_origin":"satellite_pixel_centre","spatial_precision":"satellite_pixel"}},{"type":"Feature","id":"fire:20241024:93d48d3338","geometry":{"type":"Point","coordinates":[36.05673,34.41211]},"properties":{"entity_type":"fire_detection","acq_date":"2024-10-24","acq_time_utc":"23:46","day_night":"Night","geom_origin":"satellite_pixel_centre","spatial_precision":"satellite_pixel"}},{"type":"Feature","id":"fire:20241024:94b1700cbb","geometry":{"type":"Point","coordinates":[35.24495,33.12445]},"properties":{"entity_type":"fire_detection","acq_date":"2024-10-24","acq_time_utc":"11:24","day_night":"Day","geom_origin":"satellite_pixel_centre","spatial_precision":"satellite_pixel"}},{"type":"Feature","id":"fire:20241024:9c53952238","geometry":{"type":"Point","coordinates":[35.63271,33.90106]},"properties":{"entity_type":"fire_detection","acq_date":"2024-10-24","acq_time_utc":"00:05","day_night":"Night","geom_origin":"satellite_pixel_centre","spatial_precision":"satellite_pixel"}},{"type":"Feature","id":"fire:20241024:aa0f00201c","geometry":{"type":"Point","coordinates":[36.05776,34.41954]},"properties":{"entity_type":"fire_detection","acq_date":"2024-10-24","acq_time_utc":"11:24","day_night":"Day","geom_origin":"satellite_pixel_centre","spatial_precision":"satellite_pixel"}},{"type":"Feature","id":"fire:20241024:ad16ac6b66","geometry":{"type":"Point","coordinates":[35.19973,33.16588]},"properties":{"entity_type":"fire_detection","acq_date":"2024-10-24","acq_time_utc":"11:24","day_night":"Day","geom_origin":"satellite_pixel_centre","spatial_precision":"satellite_pixel"}},{"type":"Feature","id":"fire:20241024:ad18f9b07e","geometry":{"type":"Point","coordinates":[35.34253,33.10807]},"properties":{"entity_type":"fire_detection","acq_date":"2024-10-24","acq_time_utc":"11:24","day_night":"Day","geom_origin":"satellite_pixel_centre","spatial_precision":"satellite_pixel"}},{"type":"Feature","id":"fire:20241024:ae620d3797","geometry":{"type":"Point","coordinates":[36.0592,34.41896]},"properties":{"entity_type":"fire_detection","acq_date":"2024-10-24","acq_time_utc":"11:24","day_night":"Day","geom_origin":"satellite_pixel_centre","spatial_precision":"satellite_pixel"}},{"type":"Feature","id":"fire:20241024:af35917d89","geometry":{"type":"Point","coordinates":[35.22769,33.10564]},"properties":{"entity_type":"fire_detection","acq_date":"2024-10-24","acq_time_utc":"09:44","day_night":"Day","geom_origin":"satellite_pixel_centre","spatial_precision":"satellite_pixel"}},{"type":"Feature","id":"fire:20241024:b3f7989fc7","geometry":{"type":"Point","coordinates":[35.25661,33.14731]},"properties":{"entity_type":"fire_detection","acq_date":"2024-10-24","acq_time_utc":"11:24","day_night":"Day","geom_origin":"satellite_pixel_centre","spatial_precision":"satellite_pixel"}},{"type":"Feature","id":"fire:20241024:b44826a44d","geometry":{"type":"Point","coordinates":[35.5119,33.24242]},"properties":{"entity_type":"fire_detection","acq_date":"2024-10-24","acq_time_utc":"00:05","day_night":"Night","geom_origin":"satellite_pixel_centre","spatial_precision":"satellite_pixel"}},{"type":"Feature","id":"fire:20241024:b711f33be1","geometry":{"type":"Point","coordinates":[35.3422,33.10868]},"properties":{"entity_type":"fire_detection","acq_date":"2024-10-24","acq_time_utc":"11:24","day_night":"Day","geom_origin":"satellite_pixel_centre","spatial_precision":"satellite_pixel"}},{"type":"Feature","id":"fire:20241024:b757dcdc96","geometry":{"type":"Point","coordinates":[35.13623,33.09589]},"properties":{"entity_type":"fire_detection","acq_date":"2024-10-24","acq_time_utc":"00:05","day_night":"Night","geom_origin":"satellite_pixel_centre","spatial_precision":"satellite_pixel"}},{"type":"Feature","id":"fire:20241024:bb5cf1a512","geometry":{"type":"Point","coordinates":[35.62977,33.90178]},"properties":{"entity_type":"fire_detection","acq_date":"2024-10-24","acq_time_utc":"00:05","day_night":"Night","geom_origin":"satellite_pixel_centre","spatial_precision":"satellite_pixel"}},{"type":"Feature","id":"fire:20241024:c2741c3831","geometry":{"type":"Point","coordinates":[35.24541,33.11894]},"properties":{"entity_type":"fire_detection","acq_date":"2024-10-24","acq_time_utc":"11:24","day_night":"Day","geom_origin":"satellite_pixel_centre","spatial_precision":"satellite_pixel"}},{"type":"Feature","id":"fire:20241024:c5673c25b0","geometry":{"type":"Point","coordinates":[35.50918,33.24]},"properties":{"entity_type":"fire_detection","acq_date":"2024-10-24","acq_time_utc":"11:24","day_night":"Day","geom_origin":"satellite_pixel_centre","spatial_precision":"satellite_pixel"}},{"type":"Feature","id":"fire:20241024:c5c665e290","geometry":{"type":"Point","coordinates":[35.24084,33.12417]},"properties":{"entity_type":"fire_detection","acq_date":"2024-10-24","acq_time_utc":"11:24","day_night":"Day","geom_origin":"satellite_pixel_centre","spatial_precision":"satellite_pixel"}},{"type":"Feature","id":"fire:20241024:d031c5b0ae","geometry":{"type":"Point","coordinates":[35.24511,33.12443]},"properties":{"entity_type":"fire_detection","acq_date":"2024-10-24","acq_time_utc":"11:24","day_night":"Day","geom_origin":"satellite_pixel_centre","spatial_precision":"satellite_pixel"}},{"type":"Feature","id":"fire:20241024:d37f587a4d","geometry":{"type":"Point","coordinates":[36.05263,34.41708]},"properties":{"entity_type":"fire_detection","acq_date":"2024-10-24","acq_time_utc":"23:46","day_night":"Night","geom_origin":"satellite_pixel_centre","spatial_precision":"satellite_pixel"}},{"type":"Feature","id":"fire:20241024:d973e34c98","geometry":{"type":"Point","coordinates":[36.06158,34.41389]},"properties":{"entity_type":"fire_detection","acq_date":"2024-10-24","acq_time_utc":"11:24","day_night":"Day","geom_origin":"satellite_pixel_centre","spatial_precision":"satellite_pixel"}},{"type":"Feature","id":"fire:20241024:dcfa494de7","geometry":{"type":"Point","coordinates":[35.97331,34.42069]},"properties":{"entity_type":"fire_detection","acq_date":"2024-10-24","acq_time_utc":"11:24","day_night":"Day","geom_origin":"satellite_pixel_centre","spatial_precision":"satellite_pixel"}},{"type":"Feature","id":"fire:20241024:df7bde594f","geometry":{"type":"Point","coordinates":[35.34233,33.11362]},"properties":{"entity_type":"fire_detection","acq_date":"2024-10-24","acq_time_utc":"11:24","day_night":"Day","geom_origin":"satellite_pixel_centre","spatial_precision":"satellite_pixel"}},{"type":"Feature","id":"fire:20241024:e3ec4b448c","geometry":{"type":"Point","coordinates":[35.24012,33.12247]},"properties":{"entity_type":"fire_detection","acq_date":"2024-10-24","acq_time_utc":"09:44","day_night":"Day","geom_origin":"satellite_pixel_centre","spatial_precision":"satellite_pixel"}},{"type":"Feature","id":"fire:20241024:e5cdc0cbd5","geometry":{"type":"Point","coordinates":[35.22597,33.1004]},"properties":{"entity_type":"fire_detection","acq_date":"2024-10-24","acq_time_utc":"09:44","day_night":"Day","geom_origin":"satellite_pixel_centre","spatial_precision":"satellite_pixel"}},{"type":"Feature","id":"fire:20241024:e81978a00c","geometry":{"type":"Point","coordinates":[35.97,34.42037]},"properties":{"entity_type":"fire_detection","acq_date":"2024-10-24","acq_time_utc":"11:24","day_night":"Day","geom_origin":"satellite_pixel_centre","spatial_precision":"satellite_pixel"}},{"type":"Feature","id":"fire:20241024:ec58e31874","geometry":{"type":"Point","coordinates":[35.23171,33.10199]},"properties":{"entity_type":"fire_detection","acq_date":"2024-10-24","acq_time_utc":"09:44","day_night":"Day","geom_origin":"satellite_pixel_centre","spatial_precision":"satellite_pixel"}},{"type":"Feature","id":"fire:20241024:eda27136d0","geometry":{"type":"Point","coordinates":[35.232,33.10148]},"properties":{"entity_type":"fire_detection","acq_date":"2024-10-24","acq_time_utc":"23:46","day_night":"Night","geom_origin":"satellite_pixel_centre","spatial_precision":"satellite_pixel"}},{"type":"Feature","id":"fire:20241024:f845111ff6","geometry":{"type":"Point","coordinates":[35.63569,33.91104]},"properties":{"entity_type":"fire_detection","acq_date":"2024-10-24","acq_time_utc":"00:05","day_night":"Night","geom_origin":"satellite_pixel_centre","spatial_precision":"satellite_pixel"}},{"type":"Feature","id":"fire:20241024:fa967979b0","geometry":{"type":"Point","coordinates":[36.04734,34.41818]},"properties":{"entity_type":"fire_detection","acq_date":"2024-10-24","acq_time_utc":"23:46","day_night":"Night","geom_origin":"satellite_pixel_centre","spatial_precision":"satellite_pixel"}},{"type":"Feature","id":"fire:20241024:fbe41681b2","geometry":{"type":"Point","coordinates":[35.31065,33.10384]},"properties":{"entity_type":"fire_detection","acq_date":"2024-10-24","acq_time_utc":"09:44","day_night":"Day","geom_origin":"satellite_pixel_centre","spatial_precision":"satellite_pixel"}},{"type":"Feature","id":"fire:20241024:fe689fe9bf","geometry":{"type":"Point","coordinates":[35.21701,33.10043]},"properties":{"entity_type":"fire_detection","acq_date":"2024-10-24","acq_time_utc":"11:24","day_night":"Day","geom_origin":"satellite_pixel_centre","spatial_precision":"satellite_pixel"}},{"type":"Feature","id":"fire:20241025:02a3919cb2","geometry":{"type":"Point","coordinates":[35.34763,33.12086]},"properties":{"entity_type":"fire_detection","acq_date":"2024-10-25","acq_time_utc":"11:05","day_night":"Day","geom_origin":"satellite_pixel_centre","spatial_precision":"satellite_pixel"}},{"type":"Feature","id":"fire:20241025:19a64c6dda","geometry":{"type":"Point","coordinates":[35.40368,33.31836]},"properties":{"entity_type":"fire_detection","acq_date":"2024-10-25","acq_time_utc":"11:05","day_night":"Day","geom_origin":"satellite_pixel_centre","spatial_precision":"satellite_pixel"}},{"type":"Feature","id":"fire:20241025:1a40af0f1f","geometry":{"type":"Point","coordinates":[35.23109,33.09938]},"properties":{"entity_type":"fire_detection","acq_date":"2024-10-25","acq_time_utc":"11:05","day_night":"Day","geom_origin":"satellite_pixel_centre","spatial_precision":"satellite_pixel"}},{"type":"Feature","id":"fire:20241025:202985f695","geometry":{"type":"Point","coordinates":[35.46544,33.12339]},"properties":{"entity_type":"fire_detection","acq_date":"2024-10-25","acq_time_utc":"11:05","day_night":"Day","geom_origin":"satellite_pixel_centre","spatial_precision":"satellite_pixel"}},{"type":"Feature","id":"fire:20241025:2218140f3d","geometry":{"type":"Point","coordinates":[36.04757,34.41935]},"properties":{"entity_type":"fire_detection","acq_date":"2024-10-25","acq_time_utc":"23:27","day_night":"Night","geom_origin":"satellite_pixel_centre","spatial_precision":"satellite_pixel"}},{"type":"Feature","id":"fire:20241025:2670f6f31f","geometry":{"type":"Point","coordinates":[35.48341,33.13377]},"properties":{"entity_type":"fire_detection","acq_date":"2024-10-25","acq_time_utc":"11:05","day_night":"Day","geom_origin":"satellite_pixel_centre","spatial_precision":"satellite_pixel"}},{"type":"Feature","id":"fire:20241025:2794ffe732","geometry":{"type":"Point","coordinates":[35.89331,34.4653]},"properties":{"entity_type":"fire_detection","acq_date":"2024-10-25","acq_time_utc":"23:27","day_night":"Night","geom_origin":"satellite_pixel_centre","spatial_precision":"satellite_pixel"}},{"type":"Feature","id":"fire:20241025:2c8d33c7dc","geometry":{"type":"Point","coordinates":[35.13801,33.09811]},"properties":{"entity_type":"fire_detection","acq_date":"2024-10-25","acq_time_utc":"11:05","day_night":"Day","geom_origin":"satellite_pixel_centre","spatial_precision":"satellite_pixel"}},{"type":"Feature","id":"fire:20241025:304851f9d7","geometry":{"type":"Point","coordinates":[35.51729,33.25676]},"properties":{"entity_type":"fire_detection","acq_date":"2024-10-25","acq_time_utc":"11:05","day_night":"Day","geom_origin":"satellite_pixel_centre","spatial_precision":"satellite_pixel"}},{"type":"Feature","id":"fire:20241025:32eecf53fb","geometry":{"type":"Point","coordinates":[35.38102,33.09779]},"properties":{"entity_type":"fire_detection","acq_date":"2024-10-25","acq_time_utc":"11:05","day_night":"Day","geom_origin":"satellite_pixel_centre","spatial_precision":"satellite_pixel"}},{"type":"Feature","id":"fire:20241025:3ba81ff218","geometry":{"type":"Point","coordinates":[35.48026,33.13788]},"properties":{"entity_type":"fire_detection","acq_date":"2024-10-25","acq_time_utc":"11:05","day_night":"Day","geom_origin":"satellite_pixel_centre","spatial_precision":"satellite_pixel"}},{"type":"Feature","id":"fire:20241025:4104080adb","geometry":{"type":"Point","coordinates":[35.36996,33.11366]},"properties":{"entity_type":"fire_detection","acq_date":"2024-10-25","acq_time_utc":"11:05","day_night":"Day","geom_origin":"satellite_pixel_centre","spatial_precision":"satellite_pixel"}},{"type":"Feature","id":"fire:20241025:4256de2858","geometry":{"type":"Point","coordinates":[35.12997,33.09308]},"properties":{"entity_type":"fire_detection","acq_date":"2024-10-25","acq_time_utc":"11:05","day_night":"Day","geom_origin":"satellite_pixel_centre","spatial_precision":"satellite_pixel"}},{"type":"Feature","id":"fire:20241025:5546f58f3e","geometry":{"type":"Point","coordinates":[35.34583,33.11967]},"properties":{"entity_type":"fire_detection","acq_date":"2024-10-25","acq_time_utc":"11:05","day_night":"Day","geom_origin":"satellite_pixel_centre","spatial_precision":"satellite_pixel"}},{"type":"Feature","id":"fire:20241025:55adec96fc","geometry":{"type":"Point","coordinates":[35.3661,33.10902]},"properties":{"entity_type":"fire_detection","acq_date":"2024-10-25","acq_time_utc":"11:05","day_night":"Day","geom_origin":"satellite_pixel_centre","spatial_precision":"satellite_pixel"}},{"type":"Feature","id":"fire:20241025:62b60a3257","geometry":{"type":"Point","coordinates":[35.47199,33.29095]},"properties":{"entity_type":"fire_detection","acq_date":"2024-10-25","acq_time_utc":"11:05","day_night":"Day","geom_origin":"satellite_pixel_centre","spatial_precision":"satellite_pixel"}},{"type":"Feature","id":"fire:20241025:69b4199b6d","geometry":{"type":"Point","coordinates":[35.37053,33.10947]},"properties":{"entity_type":"fire_detection","acq_date":"2024-10-25","acq_time_utc":"11:05","day_night":"Day","geom_origin":"satellite_pixel_centre","spatial_precision":"satellite_pixel"}},{"type":"Feature","id":"fire:20241025:6d4ee7738b","geometry":{"type":"Point","coordinates":[35.48289,33.138]},"properties":{"entity_type":"fire_detection","acq_date":"2024-10-25","acq_time_utc":"11:05","day_night":"Day","geom_origin":"satellite_pixel_centre","spatial_precision":"satellite_pixel"}},{"type":"Feature","id":"fire:20241025:705457eb22","geometry":{"type":"Point","coordinates":[36.1002,34.46181]},"properties":{"entity_type":"fire_detection","acq_date":"2024-10-25","acq_time_utc":"23:27","day_night":"Night","geom_origin":"satellite_pixel_centre","spatial_precision":"satellite_pixel"}},{"type":"Feature","id":"fire:20241025:758636f895","geometry":{"type":"Point","coordinates":[35.2293,33.10267]},"properties":{"entity_type":"fire_detection","acq_date":"2024-10-25","acq_time_utc":"23:28","day_night":"Night","geom_origin":"satellite_pixel_centre","spatial_precision":"satellite_pixel"}},{"type":"Feature","id":"fire:20241025:7896f95888","geometry":{"type":"Point","coordinates":[35.60717,33.32064]},"properties":{"entity_type":"fire_detection","acq_date":"2024-10-25","acq_time_utc":"23:27","day_night":"Night","geom_origin":"satellite_pixel_centre","spatial_precision":"satellite_pixel"}},{"type":"Feature","id":"fire:20241025:797e0f1889","geometry":{"type":"Point","coordinates":[35.2529,33.10163]},"properties":{"entity_type":"fire_detection","acq_date":"2024-10-25","acq_time_utc":"11:05","day_night":"Day","geom_origin":"satellite_pixel_centre","spatial_precision":"satellite_pixel"}},{"type":"Feature","id":"fire:20241025:7c4b789fd6","geometry":{"type":"Point","coordinates":[35.6988,33.76213]},"properties":{"entity_type":"fire_detection","acq_date":"2024-10-25","acq_time_utc":"11:05","day_night":"Day","geom_origin":"satellite_pixel_centre","spatial_precision":"satellite_pixel"}},{"type":"Feature","id":"fire:20241025:7e22b36926","geometry":{"type":"Point","coordinates":[35.29516,33.14116]},"properties":{"entity_type":"fire_detection","acq_date":"2024-10-25","acq_time_utc":"11:05","day_night":"Day","geom_origin":"satellite_pixel_centre","spatial_precision":"satellite_pixel"}},{"type":"Feature","id":"fire:20241025:7e8f331cb4","geometry":{"type":"Point","coordinates":[35.13969,33.09638]},"properties":{"entity_type":"fire_detection","acq_date":"2024-10-25","acq_time_utc":"11:05","day_night":"Day","geom_origin":"satellite_pixel_centre","spatial_precision":"satellite_pixel"}},{"type":"Feature","id":"fire:20241025:7efcb0dc1d","geometry":{"type":"Point","coordinates":[35.3275,33.11778]},"properties":{"entity_type":"fire_detection","acq_date":"2024-10-25","acq_time_utc":"11:05","day_night":"Day","geom_origin":"satellite_pixel_centre","spatial_precision":"satellite_pixel"}},{"type":"Feature","id":"fire:20241025:814c308e7c","geometry":{"type":"Point","coordinates":[36.10438,34.46112]},"properties":{"entity_type":"fire_detection","acq_date":"2024-10-25","acq_time_utc":"23:27","day_night":"Night","geom_origin":"satellite_pixel_centre","spatial_precision":"satellite_pixel"}},{"type":"Feature","id":"fire:20241025:84000d314c","geometry":{"type":"Point","coordinates":[36.10399,34.45851]},"properties":{"entity_type":"fire_detection","acq_date":"2024-10-25","acq_time_utc":"11:05","day_night":"Day","geom_origin":"satellite_pixel_centre","spatial_precision":"satellite_pixel"}},{"type":"Feature","id":"fire:20241025:85e690f838","geometry":{"type":"Point","coordinates":[36.29364,34.61609]},"properties":{"entity_type":"fire_detection","acq_date":"2024-10-25","acq_time_utc":"11:05","day_night":"Day","geom_origin":"satellite_pixel_centre","spatial_precision":"satellite_pixel"}},{"type":"Feature","id":"fire:20241025:89851610fd","geometry":{"type":"Point","coordinates":[35.48206,33.2901]},"properties":{"entity_type":"fire_detection","acq_date":"2024-10-25","acq_time_utc":"23:27","day_night":"Night","geom_origin":"satellite_pixel_centre","spatial_precision":"satellite_pixel"}},{"type":"Feature","id":"fire:20241025:89b62d34cf","geometry":{"type":"Point","coordinates":[35.51337,33.2521]},"properties":{"entity_type":"fire_detection","acq_date":"2024-10-25","acq_time_utc":"11:05","day_night":"Day","geom_origin":"satellite_pixel_centre","spatial_precision":"satellite_pixel"}},{"type":"Feature","id":"fire:20241025:8bf03c7e92","geometry":{"type":"Point","coordinates":[35.53663,33.32885]},"properties":{"entity_type":"fire_detection","acq_date":"2024-10-25","acq_time_utc":"23:27","day_night":"Night","geom_origin":"satellite_pixel_centre","spatial_precision":"satellite_pixel"}},{"type":"Feature","id":"fire:20241025:8cccbc4752","geometry":{"type":"Point","coordinates":[35.13417,33.09352]},"properties":{"entity_type":"fire_detection","acq_date":"2024-10-25","acq_time_utc":"11:05","day_night":"Day","geom_origin":"satellite_pixel_centre","spatial_precision":"satellite_pixel"}},{"type":"Feature","id":"fire:20241025:8e2170c0a1","geometry":{"type":"Point","coordinates":[35.15564,33.09996]},"properties":{"entity_type":"fire_detection","acq_date":"2024-10-25","acq_time_utc":"11:05","day_night":"Day","geom_origin":"satellite_pixel_centre","spatial_precision":"satellite_pixel"}},{"type":"Feature","id":"fire:20241025:908e9baee3","geometry":{"type":"Point","coordinates":[35.35413,33.17244]},"properties":{"entity_type":"fire_detection","acq_date":"2024-10-25","acq_time_utc":"11:05","day_night":"Day","geom_origin":"satellite_pixel_centre","spatial_precision":"satellite_pixel"}},{"type":"Feature","id":"fire:20241025:a1c38d3014","geometry":{"type":"Point","coordinates":[36.09896,34.45805]},"properties":{"entity_type":"fire_detection","acq_date":"2024-10-25","acq_time_utc":"11:05","day_night":"Day","geom_origin":"satellite_pixel_centre","spatial_precision":"satellite_pixel"}},{"type":"Feature","id":"fire:20241025:b1c5df159e","geometry":{"type":"Point","coordinates":[35.3656,33.11321]},"properties":{"entity_type":"fire_detection","acq_date":"2024-10-25","acq_time_utc":"11:05","day_night":"Day","geom_origin":"satellite_pixel_centre","spatial_precision":"satellite_pixel"}},{"type":"Feature","id":"fire:20241025:b308e42224","geometry":{"type":"Point","coordinates":[35.20759,33.12408]},"properties":{"entity_type":"fire_detection","acq_date":"2024-10-25","acq_time_utc":"11:05","day_night":"Day","geom_origin":"satellite_pixel_centre","spatial_precision":"satellite_pixel"}},{"type":"Feature","id":"fire:20241025:b79cf06925","geometry":{"type":"Point","coordinates":[35.37656,33.09733]},"properties":{"entity_type":"fire_detection","acq_date":"2024-10-25","acq_time_utc":"11:05","day_night":"Day","geom_origin":"satellite_pixel_centre","spatial_precision":"satellite_pixel"}},{"type":"Feature","id":"fire:20241025:b9a59c002c","geometry":{"type":"Point","coordinates":[35.14318,33.0962]},"properties":{"entity_type":"fire_detection","acq_date":"2024-10-25","acq_time_utc":"23:28","day_night":"Night","geom_origin":"satellite_pixel_centre","spatial_precision":"satellite_pixel"}},{"type":"Feature","id":"fire:20241025:ba9c3d6b61","geometry":{"type":"Point","coordinates":[35.20328,33.12365]},"properties":{"entity_type":"fire_detection","acq_date":"2024-10-25","acq_time_utc":"11:05","day_night":"Day","geom_origin":"satellite_pixel_centre","spatial_precision":"satellite_pixel"}},{"type":"Feature","id":"fire:20241025:bb46b81f6c","geometry":{"type":"Point","coordinates":[35.34285,33.1204]},"properties":{"entity_type":"fire_detection","acq_date":"2024-10-25","acq_time_utc":"11:05","day_night":"Day","geom_origin":"satellite_pixel_centre","spatial_precision":"satellite_pixel"}},{"type":"Feature","id":"fire:20241025:bbf82ec1bd","geometry":{"type":"Point","coordinates":[35.32919,33.11908]},"properties":{"entity_type":"fire_detection","acq_date":"2024-10-25","acq_time_utc":"11:05","day_night":"Day","geom_origin":"satellite_pixel_centre","spatial_precision":"satellite_pixel"}},{"type":"Feature","id":"fire:20241025:c2db79e0d4","geometry":{"type":"Point","coordinates":[35.53689,33.36636]},"properties":{"entity_type":"fire_detection","acq_date":"2024-10-25","acq_time_utc":"23:27","day_night":"Night","geom_origin":"satellite_pixel_centre","spatial_precision":"satellite_pixel"}},{"type":"Feature","id":"fire:20241025:c3d263d2e6","geometry":{"type":"Point","coordinates":[35.47436,33.12857]},"properties":{"entity_type":"fire_detection","acq_date":"2024-10-25","acq_time_utc":"11:05","day_night":"Day","geom_origin":"satellite_pixel_centre","spatial_precision":"satellite_pixel"}},{"type":"Feature","id":"fire:20241025:c91aa0cd5f","geometry":{"type":"Point","coordinates":[36.04669,34.41607]},"properties":{"entity_type":"fire_detection","acq_date":"2024-10-25","acq_time_utc":"23:27","day_night":"Night","geom_origin":"satellite_pixel_centre","spatial_precision":"satellite_pixel"}},{"type":"Feature","id":"fire:20241025:cbf84327a2","geometry":{"type":"Point","coordinates":[35.53161,33.32628]},"properties":{"entity_type":"fire_detection","acq_date":"2024-10-25","acq_time_utc":"23:27","day_night":"Night","geom_origin":"satellite_pixel_centre","spatial_precision":"satellite_pixel"}},{"type":"Feature","id":"fire:20241025:cce8b343b4","geometry":{"type":"Point","coordinates":[35.28046,33.10458]},"properties":{"entity_type":"fire_detection","acq_date":"2024-10-25","acq_time_utc":"23:28","day_night":"Night","geom_origin":"satellite_pixel_centre","spatial_precision":"satellite_pixel"}},{"type":"Feature","id":"fire:20241025:cdd71ff33d","geometry":{"type":"Point","coordinates":[36.04844,34.42263]},"properties":{"entity_type":"fire_detection","acq_date":"2024-10-25","acq_time_utc":"23:27","day_night":"Night","geom_origin":"satellite_pixel_centre","spatial_precision":"satellite_pixel"}},{"type":"Feature","id":"fire:20241025:da096d202c","geometry":{"type":"Point","coordinates":[36.10368,34.45781]},"properties":{"entity_type":"fire_detection","acq_date":"2024-10-25","acq_time_utc":"23:27","day_night":"Night","geom_origin":"satellite_pixel_centre","spatial_precision":"satellite_pixel"}},{"type":"Feature","id":"fire:20241025:da5d156032","geometry":{"type":"Point","coordinates":[35.48544,33.1341]},"properties":{"entity_type":"fire_detection","acq_date":"2024-10-25","acq_time_utc":"11:05","day_night":"Day","geom_origin":"satellite_pixel_centre","spatial_precision":"satellite_pixel"}},{"type":"Feature","id":"fire:20241025:deac55bb51","geometry":{"type":"Point","coordinates":[35.38862,33.15033]},"properties":{"entity_type":"fire_detection","acq_date":"2024-10-25","acq_time_utc":"11:05","day_night":"Day","geom_origin":"satellite_pixel_centre","spatial_precision":"satellite_pixel"}},{"type":"Feature","id":"fire:20241025:e234b12e8d","geometry":{"type":"Point","coordinates":[35.87325,33.72736]},"properties":{"entity_type":"fire_detection","acq_date":"2024-10-25","acq_time_utc":"23:27","day_night":"Night","geom_origin":"satellite_pixel_centre","spatial_precision":"satellite_pixel"}},{"type":"Feature","id":"fire:20241025:e46078f4b0","geometry":{"type":"Point","coordinates":[35.13845,33.09397]},"properties":{"entity_type":"fire_detection","acq_date":"2024-10-25","acq_time_utc":"11:05","day_night":"Day","geom_origin":"satellite_pixel_centre","spatial_precision":"satellite_pixel"}},{"type":"Feature","id":"fire:20241025:e77b299eac","geometry":{"type":"Point","coordinates":[35.69416,33.76169]},"properties":{"entity_type":"fire_detection","acq_date":"2024-10-25","acq_time_utc":"11:05","day_night":"Day","geom_origin":"satellite_pixel_centre","spatial_precision":"satellite_pixel"}},{"type":"Feature","id":"fire:20241025:e9838359d2","geometry":{"type":"Point","coordinates":[35.47653,33.12898]},"properties":{"entity_type":"fire_detection","acq_date":"2024-10-25","acq_time_utc":"11:05","day_night":"Day","geom_origin":"satellite_pixel_centre","spatial_precision":"satellite_pixel"}},{"type":"Feature","id":"fire:20241025:eac649958d","geometry":{"type":"Point","coordinates":[36.09949,34.45851]},"properties":{"entity_type":"fire_detection","acq_date":"2024-10-25","acq_time_utc":"23:27","day_night":"Night","geom_origin":"satellite_pixel_centre","spatial_precision":"satellite_pixel"}},{"type":"Feature","id":"fire:20241025:f0159928ac","geometry":{"type":"Point","coordinates":[35.73127,33.34112]},"properties":{"entity_type":"fire_detection","acq_date":"2024-10-25","acq_time_utc":"23:27","day_night":"Night","geom_origin":"satellite_pixel_centre","spatial_precision":"satellite_pixel"}},{"type":"Feature","id":"fire:20241025:f5797a7298","geometry":{"type":"Point","coordinates":[36.05672,34.42125]},"properties":{"entity_type":"fire_detection","acq_date":"2024-10-25","acq_time_utc":"23:27","day_night":"Night","geom_origin":"satellite_pixel_centre","spatial_precision":"satellite_pixel"}},{"type":"Feature","id":"fire:20241025:f59d32db51","geometry":{"type":"Point","coordinates":[35.20821,33.11993]},"properties":{"entity_type":"fire_detection","acq_date":"2024-10-25","acq_time_utc":"11:05","day_night":"Day","geom_origin":"satellite_pixel_centre","spatial_precision":"satellite_pixel"}},{"type":"Feature","id":"fire:20241025:fe38b24f6f","geometry":{"type":"Point","coordinates":[36.04906,34.4131]},"properties":{"entity_type":"fire_detection","acq_date":"2024-10-25","acq_time_utc":"11:05","day_night":"Day","geom_origin":"satellite_pixel_centre","spatial_precision":"satellite_pixel"}},{"type":"Feature","id":"fire:20241026:09248bfdfa","geometry":{"type":"Point","coordinates":[36.10624,34.46082]},"properties":{"entity_type":"fire_detection","acq_date":"2024-10-26","acq_time_utc":"10:46","day_night":"Day","geom_origin":"satellite_pixel_centre","spatial_precision":"satellite_pixel"}},{"type":"Feature","id":"fire:20241026:14daaecdb0","geometry":{"type":"Point","coordinates":[35.42951,33.09992]},"properties":{"entity_type":"fire_detection","acq_date":"2024-10-26","acq_time_utc":"10:46","day_night":"Day","geom_origin":"satellite_pixel_centre","spatial_precision":"satellite_pixel"}},{"type":"Feature","id":"fire:20241026:19e6624d97","geometry":{"type":"Point","coordinates":[36.07167,33.99179]},"properties":{"entity_type":"fire_detection","acq_date":"2024-10-26","acq_time_utc":"10:46","day_night":"Day","geom_origin":"satellite_pixel_centre","spatial_precision":"satellite_pixel"}},{"type":"Feature","id":"fire:20241026:20be2a7623","geometry":{"type":"Point","coordinates":[35.44508,33.18174]},"properties":{"entity_type":"fire_detection","acq_date":"2024-10-26","acq_time_utc":"10:46","day_night":"Day","geom_origin":"satellite_pixel_centre","spatial_precision":"satellite_pixel"}},{"type":"Feature","id":"fire:20241026:226fc711b8","geometry":{"type":"Point","coordinates":[35.24772,33.13373]},"properties":{"entity_type":"fire_detection","acq_date":"2024-10-26","acq_time_utc":"10:46","day_night":"Day","geom_origin":"satellite_pixel_centre","spatial_precision":"satellite_pixel"}},{"type":"Feature","id":"fire:20241026:266271ce25","geometry":{"type":"Point","coordinates":[35.32883,33.12075]},"properties":{"entity_type":"fire_detection","acq_date":"2024-10-26","acq_time_utc":"10:46","day_night":"Day","geom_origin":"satellite_pixel_centre","spatial_precision":"satellite_pixel"}},{"type":"Feature","id":"fire:20241026:27dad30a5c","geometry":{"type":"Point","coordinates":[35.53598,33.32744]},"properties":{"entity_type":"fire_detection","acq_date":"2024-10-26","acq_time_utc":"10:46","day_night":"Day","geom_origin":"satellite_pixel_centre","spatial_precision":"satellite_pixel"}},{"type":"Feature","id":"fire:20241026:2cec0b02f6","geometry":{"type":"Point","coordinates":[35.50808,33.22919]},"properties":{"entity_type":"fire_detection","acq_date":"2024-10-26","acq_time_utc":"10:46","day_night":"Day","geom_origin":"satellite_pixel_centre","spatial_precision":"satellite_pixel"}},{"type":"Feature","id":"fire:20241026:2fc030cbd4","geometry":{"type":"Point","coordinates":[35.3191,33.32579]},"properties":{"entity_type":"fire_detection","acq_date":"2024-10-26","acq_time_utc":"10:46","day_night":"Day","geom_origin":"satellite_pixel_centre","spatial_precision":"satellite_pixel"}},{"type":"Feature","id":"fire:20241026:3041d74146","geometry":{"type":"Point","coordinates":[36.09972,34.45754]},"properties":{"entity_type":"fire_detection","acq_date":"2024-10-26","acq_time_utc":"10:46","day_night":"Day","geom_origin":"satellite_pixel_centre","spatial_precision":"satellite_pixel"}},{"type":"Feature","id":"fire:20241026:3061515c54","geometry":{"type":"Point","coordinates":[35.58224,33.38937]},"properties":{"entity_type":"fire_detection","acq_date":"2024-10-26","acq_time_utc":"10:46","day_night":"Day","geom_origin":"satellite_pixel_centre","spatial_precision":"satellite_pixel"}},{"type":"Feature","id":"fire:20241026:31ca0e05a6","geometry":{"type":"Point","coordinates":[35.45656,33.12091]},"properties":{"entity_type":"fire_detection","acq_date":"2024-10-26","acq_time_utc":"10:46","day_night":"Day","geom_origin":"satellite_pixel_centre","spatial_precision":"satellite_pixel"}},{"type":"Feature","id":"fire:20241026:3201d51334","geometry":{"type":"Point","coordinates":[35.5423,33.63559]},"properties":{"entity_type":"fire_detection","acq_date":"2024-10-26","acq_time_utc":"10:46","day_night":"Day","geom_origin":"satellite_pixel_centre","spatial_precision":"satellite_pixel"}},{"type":"Feature","id":"fire:20241026:344b007723","geometry":{"type":"Point","coordinates":[35.53791,33.63501]},"properties":{"entity_type":"fire_detection","acq_date":"2024-10-26","acq_time_utc":"10:46","day_night":"Day","geom_origin":"satellite_pixel_centre","spatial_precision":"satellite_pixel"}},{"type":"Feature","id":"fire:20241026:37f39203fb","geometry":{"type":"Point","coordinates":[35.44582,33.18264]},"properties":{"entity_type":"fire_detection","acq_date":"2024-10-26","acq_time_utc":"10:46","day_night":"Day","geom_origin":"satellite_pixel_centre","spatial_precision":"satellite_pixel"}},{"type":"Feature","id":"fire:20241026:41490b1bf0","geometry":{"type":"Point","coordinates":[35.2454,33.12305]},"properties":{"entity_type":"fire_detection","acq_date":"2024-10-26","acq_time_utc":"10:46","day_night":"Day","geom_origin":"satellite_pixel_centre","spatial_precision":"satellite_pixel"}},{"type":"Feature","id":"fire:20241026:4378bac23b","geometry":{"type":"Point","coordinates":[35.5899,33.27156]},"properties":{"entity_type":"fire_detection","acq_date":"2024-10-26","acq_time_utc":"10:46","day_night":"Day","geom_origin":"satellite_pixel_centre","spatial_precision":"satellite_pixel"}},{"type":"Feature","id":"fire:20241026:4b5b27cd4f","geometry":{"type":"Point","coordinates":[35.30148,33.12397]},"properties":{"entity_type":"fire_detection","acq_date":"2024-10-26","acq_time_utc":"23:09","day_night":"Night","geom_origin":"satellite_pixel_centre","spatial_precision":"satellite_pixel"}},{"type":"Feature","id":"fire:20241026:4f946a122d","geometry":{"type":"Point","coordinates":[35.24899,33.127]},"properties":{"entity_type":"fire_detection","acq_date":"2024-10-26","acq_time_utc":"10:46","day_night":"Day","geom_origin":"satellite_pixel_centre","spatial_precision":"satellite_pixel"}},{"type":"Feature","id":"fire:20241026:515aebf608","geometry":{"type":"Point","coordinates":[35.30204,33.12763]},"properties":{"entity_type":"fire_detection","acq_date":"2024-10-26","acq_time_utc":"23:09","day_night":"Night","geom_origin":"satellite_pixel_centre","spatial_precision":"satellite_pixel"}},{"type":"Feature","id":"fire:20241026:52c56548ba","geometry":{"type":"Point","coordinates":[35.31482,33.32521]},"properties":{"entity_type":"fire_detection","acq_date":"2024-10-26","acq_time_utc":"10:46","day_night":"Day","geom_origin":"satellite_pixel_centre","spatial_precision":"satellite_pixel"}},{"type":"Feature","id":"fire:20241026:54d1f0442d","geometry":{"type":"Point","coordinates":[36.10891,34.4587]},"properties":{"entity_type":"fire_detection","acq_date":"2024-10-26","acq_time_utc":"10:46","day_night":"Day","geom_origin":"satellite_pixel_centre","spatial_precision":"satellite_pixel"}},{"type":"Feature","id":"fire:20241026:57b9983a84","geometry":{"type":"Point","coordinates":[35.44197,33.17437]},"properties":{"entity_type":"fire_detection","acq_date":"2024-10-26","acq_time_utc":"10:46","day_night":"Day","geom_origin":"satellite_pixel_centre","spatial_precision":"satellite_pixel"}},{"type":"Feature","id":"fire:20241026:595fc923fb","geometry":{"type":"Point","coordinates":[35.54222,33.36655]},"properties":{"entity_type":"fire_detection","acq_date":"2024-10-26","acq_time_utc":"10:46","day_night":"Day","geom_origin":"satellite_pixel_centre","spatial_precision":"satellite_pixel"}},{"type":"Feature","id":"fire:20241026:61705ec4ee","geometry":{"type":"Point","coordinates":[36.25011,34.52073]},"properties":{"entity_type":"fire_detection","acq_date":"2024-10-26","acq_time_utc":"23:08","day_night":"Night","geom_origin":"satellite_pixel_centre","spatial_precision":"satellite_pixel"}},{"type":"Feature","id":"fire:20241026:61993bf2df","geometry":{"type":"Point","coordinates":[35.43306,33.33099]},"properties":{"entity_type":"fire_detection","acq_date":"2024-10-26","acq_time_utc":"23:09","day_night":"Night","geom_origin":"satellite_pixel_centre","spatial_precision":"satellite_pixel"}},{"type":"Feature","id":"fire:20241026:660bf5bee2","geometry":{"type":"Point","coordinates":[35.24964,33.12364]},"properties":{"entity_type":"fire_detection","acq_date":"2024-10-26","acq_time_utc":"10:46","day_night":"Day","geom_origin":"satellite_pixel_centre","spatial_precision":"satellite_pixel"}},{"type":"Feature","id":"fire:20241026:6c7f583490","geometry":{"type":"Point","coordinates":[35.43769,33.17379]},"properties":{"entity_type":"fire_detection","acq_date":"2024-10-26","acq_time_utc":"10:46","day_night":"Day","geom_origin":"satellite_pixel_centre","spatial_precision":"satellite_pixel"}},{"type":"Feature","id":"fire:20241026:6cc6ab904e","geometry":{"type":"Point","coordinates":[35.64829,33.71954]},"properties":{"entity_type":"fire_detection","acq_date":"2024-10-26","acq_time_utc":"10:46","day_night":"Day","geom_origin":"satellite_pixel_centre","spatial_precision":"satellite_pixel"}},{"type":"Feature","id":"fire:20241026:6cda0f50d5","geometry":{"type":"Point","coordinates":[35.17085,33.10237]},"properties":{"entity_type":"fire_detection","acq_date":"2024-10-26","acq_time_utc":"10:46","day_night":"Day","geom_origin":"satellite_pixel_centre","spatial_precision":"satellite_pixel"}},{"type":"Feature","id":"fire:20241026:744b460c24","geometry":{"type":"Point","coordinates":[35.53784,33.36596]},"properties":{"entity_type":"fire_detection","acq_date":"2024-10-26","acq_time_utc":"10:46","day_night":"Day","geom_origin":"satellite_pixel_centre","spatial_precision":"satellite_pixel"}},{"type":"Feature","id":"fire:20241026:760d737278","geometry":{"type":"Point","coordinates":[36.0472,34.41754]},"properties":{"entity_type":"fire_detection","acq_date":"2024-10-26","acq_time_utc":"10:46","day_night":"Day","geom_origin":"satellite_pixel_centre","spatial_precision":"satellite_pixel"}},{"type":"Feature","id":"fire:20241026:78a9d81ba9","geometry":{"type":"Point","coordinates":[35.24475,33.12642]},"properties":{"entity_type":"fire_detection","acq_date":"2024-10-26","acq_time_utc":"10:46","day_night":"Day","geom_origin":"satellite_pixel_centre","spatial_precision":"satellite_pixel"}},{"type":"Feature","id":"fire:20241026:7b0799cee3","geometry":{"type":"Point","coordinates":[36.09435,34.45801]},"properties":{"entity_type":"fire_detection","acq_date":"2024-10-26","acq_time_utc":"23:08","day_night":"Night","geom_origin":"satellite_pixel_centre","spatial_precision":"satellite_pixel"}},{"type":"Feature","id":"fire:20241026:7cc0e0f4df","geometry":{"type":"Point","coordinates":[35.65208,33.72449]},"properties":{"entity_type":"fire_detection","acq_date":"2024-10-26","acq_time_utc":"23:09","day_night":"Night","geom_origin":"satellite_pixel_centre","spatial_precision":"satellite_pixel"}},{"type":"Feature","id":"fire:20241026:7e8dd3f288","geometry":{"type":"Point","coordinates":[35.86213,34.32987]},"properties":{"entity_type":"fire_detection","acq_date":"2024-10-26","acq_time_utc":"10:46","day_night":"Day","geom_origin":"satellite_pixel_centre","spatial_precision":"satellite_pixel"}},{"type":"Feature","id":"fire:20241026:8118c59c03","geometry":{"type":"Point","coordinates":[36.09712,34.45964]},"properties":{"entity_type":"fire_detection","acq_date":"2024-10-26","acq_time_utc":"10:46","day_night":"Day","geom_origin":"satellite_pixel_centre","spatial_precision":"satellite_pixel"}},{"type":"Feature","id":"fire:20241026:8b110d7d0e","geometry":{"type":"Point","coordinates":[35.58088,33.39615]},"properties":{"entity_type":"fire_detection","acq_date":"2024-10-26","acq_time_utc":"10:46","day_night":"Day","geom_origin":"satellite_pixel_centre","spatial_precision":"satellite_pixel"}},{"type":"Feature","id":"fire:20241026:8d5aeaee03","geometry":{"type":"Point","coordinates":[35.54151,33.36993]},"properties":{"entity_type":"fire_detection","acq_date":"2024-10-26","acq_time_utc":"10:46","day_night":"Day","geom_origin":"satellite_pixel_centre","spatial_precision":"satellite_pixel"}},{"type":"Feature","id":"fire:20241026:99dcea8fc9","geometry":{"type":"Point","coordinates":[36.09793,34.45618]},"properties":{"entity_type":"fire_detection","acq_date":"2024-10-26","acq_time_utc":"10:46","day_night":"Day","geom_origin":"satellite_pixel_centre","spatial_precision":"satellite_pixel"}},{"type":"Feature","id":"fire:20241026:a73e7ee79b","geometry":{"type":"Point","coordinates":[35.77327,33.54774]},"properties":{"entity_type":"fire_detection","acq_date":"2024-10-26","acq_time_utc":"10:46","day_night":"Day","geom_origin":"satellite_pixel_centre","spatial_precision":"satellite_pixel"}},{"type":"Feature","id":"fire:20241026:b46090d2c8","geometry":{"type":"Point","coordinates":[35.31841,33.32916]},"properties":{"entity_type":"fire_detection","acq_date":"2024-10-26","acq_time_utc":"10:46","day_night":"Day","geom_origin":"satellite_pixel_centre","spatial_precision":"satellite_pixel"}},{"type":"Feature","id":"fire:20241026:b4f34cc8e5","geometry":{"type":"Point","coordinates":[35.24409,33.12978]},"properties":{"entity_type":"fire_detection","acq_date":"2024-10-26","acq_time_utc":"10:46","day_night":"Day","geom_origin":"satellite_pixel_centre","spatial_precision":"satellite_pixel"}},{"type":"Feature","id":"fire:20241026:bcb949d4cf","geometry":{"type":"Point","coordinates":[35.29642,33.1246]},"properties":{"entity_type":"fire_detection","acq_date":"2024-10-26","acq_time_utc":"23:09","day_night":"Night","geom_origin":"satellite_pixel_centre","spatial_precision":"satellite_pixel"}},{"type":"Feature","id":"fire:20241026:be087d95c4","geometry":{"type":"Point","coordinates":[35.25196,33.13432]},"properties":{"entity_type":"fire_detection","acq_date":"2024-10-26","acq_time_utc":"10:46","day_night":"Day","geom_origin":"satellite_pixel_centre","spatial_precision":"satellite_pixel"}},{"type":"Feature","id":"fire:20241026:be3c41129c","geometry":{"type":"Point","coordinates":[35.42459,33.10272]},"properties":{"entity_type":"fire_detection","acq_date":"2024-10-26","acq_time_utc":"10:46","day_night":"Day","geom_origin":"satellite_pixel_centre","spatial_precision":"satellite_pixel"}},{"type":"Feature","id":"fire:20241026:c476f83dfa","geometry":{"type":"Point","coordinates":[35.2114,33.11835]},"properties":{"entity_type":"fire_detection","acq_date":"2024-10-26","acq_time_utc":"10:46","day_night":"Day","geom_origin":"satellite_pixel_centre","spatial_precision":"satellite_pixel"}},{"type":"Feature","id":"fire:20241026:d41472ab6a","geometry":{"type":"Point","coordinates":[35.46688,33.2375]},"properties":{"entity_type":"fire_detection","acq_date":"2024-10-26","acq_time_utc":"10:46","day_night":"Day","geom_origin":"satellite_pixel_centre","spatial_precision":"satellite_pixel"}},{"type":"Feature","id":"fire:20241026:e3de858083","geometry":{"type":"Point","coordinates":[35.58157,33.39276]},"properties":{"entity_type":"fire_detection","acq_date":"2024-10-26","acq_time_utc":"10:46","day_night":"Day","geom_origin":"satellite_pixel_centre","spatial_precision":"satellite_pixel"}},{"type":"Feature","id":"fire:20241026:e6a5fc0186","geometry":{"type":"Point","coordinates":[35.29697,33.12825]},"properties":{"entity_type":"fire_detection","acq_date":"2024-10-26","acq_time_utc":"23:09","day_night":"Night","geom_origin":"satellite_pixel_centre","spatial_precision":"satellite_pixel"}},{"type":"Feature","id":"fire:20241026:e8d8ab45f8","geometry":{"type":"Point","coordinates":[35.64744,33.72293]},"properties":{"entity_type":"fire_detection","acq_date":"2024-10-26","acq_time_utc":"10:46","day_night":"Day","geom_origin":"satellite_pixel_centre","spatial_precision":"satellite_pixel"}},{"type":"Feature","id":"fire:20241026:ecb42d76f2","geometry":{"type":"Point","coordinates":[35.42882,33.10329]},"properties":{"entity_type":"fire_detection","acq_date":"2024-10-26","acq_time_utc":"10:46","day_night":"Day","geom_origin":"satellite_pixel_centre","spatial_precision":"satellite_pixel"}},{"type":"Feature","id":"fire:20241026:f2805688f7","geometry":{"type":"Point","coordinates":[36.25065,34.52302]},"properties":{"entity_type":"fire_detection","acq_date":"2024-10-26","acq_time_utc":"10:46","day_night":"Day","geom_origin":"satellite_pixel_centre","spatial_precision":"satellite_pixel"}},{"type":"Feature","id":"fire:20241026:faf2033752","geometry":{"type":"Point","coordinates":[35.53838,33.37336]},"properties":{"entity_type":"fire_detection","acq_date":"2024-10-26","acq_time_utc":"23:09","day_night":"Night","geom_origin":"satellite_pixel_centre","spatial_precision":"satellite_pixel"}},{"type":"Feature","id":"fire:20241026:fbeae65d16","geometry":{"type":"Point","coordinates":[35.53736,33.63842]},"properties":{"entity_type":"fire_detection","acq_date":"2024-10-26","acq_time_utc":"10:46","day_night":"Day","geom_origin":"satellite_pixel_centre","spatial_precision":"satellite_pixel"}},{"type":"Feature","id":"fire:20241027:0556614543","geometry":{"type":"Point","coordinates":[35.63595,33.71413]},"properties":{"entity_type":"fire_detection","acq_date":"2024-10-27","acq_time_utc":"10:27","day_night":"Day","geom_origin":"satellite_pixel_centre","spatial_precision":"satellite_pixel"}},{"type":"Feature","id":"fire:20241027:1f9ffe7d66","geometry":{"type":"Point","coordinates":[35.16957,33.09936]},"properties":{"entity_type":"fire_detection","acq_date":"2024-10-27","acq_time_utc":"22:50","day_night":"Night","geom_origin":"satellite_pixel_centre","spatial_precision":"satellite_pixel"}},{"type":"Feature","id":"fire:20241027:22ccbf6c92","geometry":{"type":"Point","coordinates":[35.30003,33.12641]},"properties":{"entity_type":"fire_detection","acq_date":"2024-10-27","acq_time_utc":"10:27","day_night":"Day","geom_origin":"satellite_pixel_centre","spatial_precision":"satellite_pixel"}},{"type":"Feature","id":"fire:20241027:3037454d6b","geometry":{"type":"Point","coordinates":[35.66372,33.72969]},"properties":{"entity_type":"fire_detection","acq_date":"2024-10-27","acq_time_utc":"22:50","day_night":"Night","geom_origin":"satellite_pixel_centre","spatial_precision":"satellite_pixel"}},{"type":"Feature","id":"fire:20241027:3300a603f2","geometry":{"type":"Point","coordinates":[35.26483,33.11301]},"properties":{"entity_type":"fire_detection","acq_date":"2024-10-27","acq_time_utc":"10:27","day_night":"Day","geom_origin":"satellite_pixel_centre","spatial_precision":"satellite_pixel"}},{"type":"Feature","id":"fire:20241027:3ed5b16b5c","geometry":{"type":"Point","coordinates":[36.22245,34.55788]},"properties":{"entity_type":"fire_detection","acq_date":"2024-10-27","acq_time_utc":"10:28","day_night":"Day","geom_origin":"satellite_pixel_centre","spatial_precision":"satellite_pixel"}},{"type":"Feature","id":"fire:20241027:520e9dff1c","geometry":{"type":"Point","coordinates":[35.5821,33.61324]},"properties":{"entity_type":"fire_detection","acq_date":"2024-10-27","acq_time_utc":"10:27","day_night":"Day","geom_origin":"satellite_pixel_centre","spatial_precision":"satellite_pixel"}},{"type":"Feature","id":"fire:20241027:53c25eb570","geometry":{"type":"Point","coordinates":[35.66897,33.73394]},"properties":{"entity_type":"fire_detection","acq_date":"2024-10-27","acq_time_utc":"10:27","day_night":"Day","geom_origin":"satellite_pixel_centre","spatial_precision":"satellite_pixel"}},{"type":"Feature","id":"fire:20241027:5da2ea9dd6","geometry":{"type":"Point","coordinates":[35.57832,33.60904]},"properties":{"entity_type":"fire_detection","acq_date":"2024-10-27","acq_time_utc":"10:27","day_night":"Day","geom_origin":"satellite_pixel_centre","spatial_precision":"satellite_pixel"}},{"type":"Feature","id":"fire:20241027:6115a9772d","geometry":{"type":"Point","coordinates":[35.63536,33.71756]},"properties":{"entity_type":"fire_detection","acq_date":"2024-10-27","acq_time_utc":"10:27","day_night":"Day","geom_origin":"satellite_pixel_centre","spatial_precision":"satellite_pixel"}},{"type":"Feature","id":"fire:20241027:61a0de4033","geometry":{"type":"Point","coordinates":[35.64052,33.71491]},"properties":{"entity_type":"fire_detection","acq_date":"2024-10-27","acq_time_utc":"10:27","day_night":"Day","geom_origin":"satellite_pixel_centre","spatial_precision":"satellite_pixel"}},{"type":"Feature","id":"fire:20241027:61d154914d","geometry":{"type":"Point","coordinates":[36.0372,34.50613]},"properties":{"entity_type":"fire_detection","acq_date":"2024-10-27","acq_time_utc":"10:28","day_night":"Day","geom_origin":"satellite_pixel_centre","spatial_precision":"satellite_pixel"}},{"type":"Feature","id":"fire:20241027:624ae780d1","geometry":{"type":"Point","coordinates":[35.47285,33.1566]},"properties":{"entity_type":"fire_detection","acq_date":"2024-10-27","acq_time_utc":"10:27","day_night":"Day","geom_origin":"satellite_pixel_centre","spatial_precision":"satellite_pixel"}},{"type":"Feature","id":"fire:20241027:629cde26fe","geometry":{"type":"Point","coordinates":[35.65646,33.72825]},"properties":{"entity_type":"fire_detection","acq_date":"2024-10-27","acq_time_utc":"10:27","day_night":"Day","geom_origin":"satellite_pixel_centre","spatial_precision":"satellite_pixel"}},{"type":"Feature","id":"fire:20241027:757d782f58","geometry":{"type":"Point","coordinates":[35.53986,33.63358]},"properties":{"entity_type":"fire_detection","acq_date":"2024-10-27","acq_time_utc":"10:27","day_night":"Day","geom_origin":"satellite_pixel_centre","spatial_precision":"satellite_pixel"}},{"type":"Feature","id":"fire:20241027:7c4ef4c12d","geometry":{"type":"Point","coordinates":[35.46755,33.15926]},"properties":{"entity_type":"fire_detection","acq_date":"2024-10-27","acq_time_utc":"10:27","day_night":"Day","geom_origin":"satellite_pixel_centre","spatial_precision":"satellite_pixel"}},{"type":"Feature","id":"fire:20241027:8507fbdf8f","geometry":{"type":"Point","coordinates":[35.25371,33.27959]},"properties":{"entity_type":"fire_detection","acq_date":"2024-10-27","acq_time_utc":"10:27","day_night":"Day","geom_origin":"satellite_pixel_centre","spatial_precision":"satellite_pixel"}},{"type":"Feature","id":"fire:20241027:8739772edb","geometry":{"type":"Point","coordinates":[36.25021,34.52099]},"properties":{"entity_type":"fire_detection","acq_date":"2024-10-27","acq_time_utc":"10:28","day_night":"Day","geom_origin":"satellite_pixel_centre","spatial_precision":"satellite_pixel"}},{"type":"Feature","id":"fire:20241027:876f0959e6","geometry":{"type":"Point","coordinates":[35.66518,33.72975]},"properties":{"entity_type":"fire_detection","acq_date":"2024-10-27","acq_time_utc":"10:27","day_night":"Day","geom_origin":"satellite_pixel_centre","spatial_precision":"satellite_pixel"}},{"type":"Feature","id":"fire:20241027:9bea7b5334","geometry":{"type":"Point","coordinates":[35.45774,33.15667]},"properties":{"entity_type":"fire_detection","acq_date":"2024-10-27","acq_time_utc":"22:50","day_night":"Night","geom_origin":"satellite_pixel_centre","spatial_precision":"satellite_pixel"}},{"type":"Feature","id":"fire:20241027:9fa7ff1aee","geometry":{"type":"Point","coordinates":[35.48319,33.11544]},"properties":{"entity_type":"fire_detection","acq_date":"2024-10-27","acq_time_utc":"10:27","day_night":"Day","geom_origin":"satellite_pixel_centre","spatial_precision":"satellite_pixel"}},{"type":"Feature","id":"fire:20241027:a8a195895f","geometry":{"type":"Point","coordinates":[35.65703,33.72482]},"properties":{"entity_type":"fire_detection","acq_date":"2024-10-27","acq_time_utc":"10:27","day_night":"Day","geom_origin":"satellite_pixel_centre","spatial_precision":"satellite_pixel"}},{"type":"Feature","id":"fire:20241027:b3331c6123","geometry":{"type":"Point","coordinates":[35.40817,33.41279]},"properties":{"entity_type":"fire_detection","acq_date":"2024-10-27","acq_time_utc":"10:27","day_night":"Day","geom_origin":"satellite_pixel_centre","spatial_precision":"satellite_pixel"}},{"type":"Feature","id":"fire:20241027:b7aa95c6ac","geometry":{"type":"Point","coordinates":[35.35383,33.43907]},"properties":{"entity_type":"fire_detection","acq_date":"2024-10-27","acq_time_utc":"10:27","day_night":"Day","geom_origin":"satellite_pixel_centre","spatial_precision":"satellite_pixel"}},{"type":"Feature","id":"fire:20241027:bbe7500d8a","geometry":{"type":"Point","coordinates":[36.09681,34.52995]},"properties":{"entity_type":"fire_detection","acq_date":"2024-10-27","acq_time_utc":"22:49","day_night":"Night","geom_origin":"satellite_pixel_centre","spatial_precision":"satellite_pixel"}},{"type":"Feature","id":"fire:20241027:bd224ee9b5","geometry":{"type":"Point","coordinates":[35.66151,33.72559]},"properties":{"entity_type":"fire_detection","acq_date":"2024-10-27","acq_time_utc":"10:27","day_night":"Day","geom_origin":"satellite_pixel_centre","spatial_precision":"satellite_pixel"}},{"type":"Feature","id":"fire:20241027:bdc76ff7a6","geometry":{"type":"Point","coordinates":[35.66013,33.73242]},"properties":{"entity_type":"fire_detection","acq_date":"2024-10-27","acq_time_utc":"10:27","day_night":"Day","geom_origin":"satellite_pixel_centre","spatial_precision":"satellite_pixel"}},{"type":"Feature","id":"fire:20241027:c484f118e4","geometry":{"type":"Point","coordinates":[35.66829,33.73735]},"properties":{"entity_type":"fire_detection","acq_date":"2024-10-27","acq_time_utc":"10:27","day_night":"Day","geom_origin":"satellite_pixel_centre","spatial_precision":"satellite_pixel"}},{"type":"Feature","id":"fire:20241027:c81a4d6d7c","geometry":{"type":"Point","coordinates":[35.66453,33.73317]},"properties":{"entity_type":"fire_detection","acq_date":"2024-10-27","acq_time_utc":"10:27","day_night":"Day","geom_origin":"satellite_pixel_centre","spatial_precision":"satellite_pixel"}},{"type":"Feature","id":"fire:20241027:c95b91c321","geometry":{"type":"Point","coordinates":[35.48095,33.39753]},"properties":{"entity_type":"fire_detection","acq_date":"2024-10-27","acq_time_utc":"22:50","day_night":"Night","geom_origin":"satellite_pixel_centre","spatial_precision":"satellite_pixel"}},{"type":"Feature","id":"fire:20241027:cd59172d33","geometry":{"type":"Point","coordinates":[36.08383,33.9846]},"properties":{"entity_type":"fire_detection","acq_date":"2024-10-27","acq_time_utc":"10:28","day_night":"Day","geom_origin":"satellite_pixel_centre","spatial_precision":"satellite_pixel"}},{"type":"Feature","id":"fire:20241027:d2bab34b90","geometry":{"type":"Point","coordinates":[35.17594,33.09925]},"properties":{"entity_type":"fire_detection","acq_date":"2024-10-27","acq_time_utc":"22:50","day_night":"Night","geom_origin":"satellite_pixel_centre","spatial_precision":"satellite_pixel"}},{"type":"Feature","id":"fire:20241027:d9df1e0f17","geometry":{"type":"Point","coordinates":[35.48112,33.39611]},"properties":{"entity_type":"fire_detection","acq_date":"2024-10-27","acq_time_utc":"22:50","day_night":"Night","geom_origin":"satellite_pixel_centre","spatial_precision":"satellite_pixel"}},{"type":"Feature","id":"fire:20241027:d9e9e0c519","geometry":{"type":"Point","coordinates":[35.54708,33.27883]},"properties":{"entity_type":"fire_detection","acq_date":"2024-10-27","acq_time_utc":"10:27","day_night":"Day","geom_origin":"satellite_pixel_centre","spatial_precision":"satellite_pixel"}},{"type":"Feature","id":"fire:20241027:de1e778f85","geometry":{"type":"Point","coordinates":[35.17593,33.10096]},"properties":{"entity_type":"fire_detection","acq_date":"2024-10-27","acq_time_utc":"10:27","day_night":"Day","geom_origin":"satellite_pixel_centre","spatial_precision":"satellite_pixel"}},{"type":"Feature","id":"fire:20241027:e024120be6","geometry":{"type":"Point","coordinates":[35.20555,33.09895]},"properties":{"entity_type":"fire_detection","acq_date":"2024-10-27","acq_time_utc":"10:27","day_night":"Day","geom_origin":"satellite_pixel_centre","spatial_precision":"satellite_pixel"}},{"type":"Feature","id":"fire:20241027:e223c7a4f4","geometry":{"type":"Point","coordinates":[36.09678,34.53463]},"properties":{"entity_type":"fire_detection","acq_date":"2024-10-27","acq_time_utc":"22:49","day_night":"Night","geom_origin":"satellite_pixel_centre","spatial_precision":"satellite_pixel"}},{"type":"Feature","id":"fire:20241027:e23974c394","geometry":{"type":"Point","coordinates":[35.46836,33.15582]},"properties":{"entity_type":"fire_detection","acq_date":"2024-10-27","acq_time_utc":"10:27","day_night":"Day","geom_origin":"satellite_pixel_centre","spatial_precision":"satellite_pixel"}},{"type":"Feature","id":"fire:20241027:ed63b4bb9f","geometry":{"type":"Point","coordinates":[35.66078,33.729]},"properties":{"entity_type":"fire_detection","acq_date":"2024-10-27","acq_time_utc":"10:27","day_night":"Day","geom_origin":"satellite_pixel_centre","spatial_precision":"satellite_pixel"}},{"type":"Feature","id":"fire:20241027:f2d204cdd0","geometry":{"type":"Point","coordinates":[35.26014,33.11219]},"properties":{"entity_type":"fire_detection","acq_date":"2024-10-27","acq_time_utc":"10:27","day_night":"Day","geom_origin":"satellite_pixel_centre","spatial_precision":"satellite_pixel"}},{"type":"Feature","id":"fire:20241027:fceb27ab68","geometry":{"type":"Point","coordinates":[35.53979,33.54176]},"properties":{"entity_type":"fire_detection","acq_date":"2024-10-27","acq_time_utc":"22:50","day_night":"Night","geom_origin":"satellite_pixel_centre","spatial_precision":"satellite_pixel"}},{"type":"Feature","id":"fire:20241028:05c0cbe643","geometry":{"type":"Point","coordinates":[35.49086,33.32313]},"properties":{"entity_type":"fire_detection","acq_date":"2024-10-28","acq_time_utc":"00:30","day_night":"Night","geom_origin":"satellite_pixel_centre","spatial_precision":"satellite_pixel"}},{"type":"Feature","id":"fire:20241028:09d83a7309","geometry":{"type":"Point","coordinates":[35.22619,33.1335]},"properties":{"entity_type":"fire_detection","acq_date":"2024-10-28","acq_time_utc":"10:09","day_night":"Day","geom_origin":"satellite_pixel_centre","spatial_precision":"satellite_pixel"}},{"type":"Feature","id":"fire:20241028:0d3804ac47","geometry":{"type":"Point","coordinates":[35.53625,33.54912]},"properties":{"entity_type":"fire_detection","acq_date":"2024-10-28","acq_time_utc":"22:31","day_night":"Night","geom_origin":"satellite_pixel_centre","spatial_precision":"satellite_pixel"}},{"type":"Feature","id":"fire:20241028:152b215534","geometry":{"type":"Point","coordinates":[35.61147,33.31235]},"properties":{"entity_type":"fire_detection","acq_date":"2024-10-28","acq_time_utc":"22:31","day_night":"Night","geom_origin":"satellite_pixel_centre","spatial_precision":"satellite_pixel"}},{"type":"Feature","id":"fire:20241028:1910820f52","geometry":{"type":"Point","coordinates":[35.65613,34.09546]},"properties":{"entity_type":"fire_detection","acq_date":"2024-10-28","acq_time_utc":"10:09","day_night":"Day","geom_origin":"satellite_pixel_centre","spatial_precision":"satellite_pixel"}},{"type":"Feature","id":"fire:20241028:292477f32c","geometry":{"type":"Point","coordinates":[35.52956,33.31808]},"properties":{"entity_type":"fire_detection","acq_date":"2024-10-28","acq_time_utc":"10:09","day_night":"Day","geom_origin":"satellite_pixel_centre","spatial_precision":"satellite_pixel"}},{"type":"Feature","id":"fire:20241028:2ca272b221","geometry":{"type":"Point","coordinates":[35.51239,33.36601]},"properties":{"entity_type":"fire_detection","acq_date":"2024-10-28","acq_time_utc":"22:31","day_night":"Night","geom_origin":"satellite_pixel_centre","spatial_precision":"satellite_pixel"}},{"type":"Feature","id":"fire:20241028:3bf857d26f","geometry":{"type":"Point","coordinates":[36.17558,34.4629]},"properties":{"entity_type":"fire_detection","acq_date":"2024-10-28","acq_time_utc":"10:09","day_night":"Day","geom_origin":"satellite_pixel_centre","spatial_precision":"satellite_pixel"}},{"type":"Feature","id":"fire:20241028:4c7a2b609e","geometry":{"type":"Point","coordinates":[35.42501,33.24558]},"properties":{"entity_type":"fire_detection","acq_date":"2024-10-28","acq_time_utc":"10:09","day_night":"Day","geom_origin":"satellite_pixel_centre","spatial_precision":"satellite_pixel"}},{"type":"Feature","id":"fire:20241028:5267a8d3dd","geometry":{"type":"Point","coordinates":[35.54486,33.54203]},"properties":{"entity_type":"fire_detection","acq_date":"2024-10-28","acq_time_utc":"10:09","day_night":"Day","geom_origin":"satellite_pixel_centre","spatial_precision":"satellite_pixel"}},{"type":"Feature","id":"fire:20241028:7a23ef4450","geometry":{"type":"Point","coordinates":[35.49244,33.32447]},"properties":{"entity_type":"fire_detection","acq_date":"2024-10-28","acq_time_utc":"00:30","day_night":"Night","geom_origin":"satellite_pixel_centre","spatial_precision":"satellite_pixel"}},{"type":"Feature","id":"fire:20241028:7bd5268c12","geometry":{"type":"Point","coordinates":[35.48343,33.29462]},"properties":{"entity_type":"fire_detection","acq_date":"2024-10-28","acq_time_utc":"10:09","day_night":"Day","geom_origin":"satellite_pixel_centre","spatial_precision":"satellite_pixel"}},{"type":"Feature","id":"fire:20241028:8d2740258a","geometry":{"type":"Point","coordinates":[35.5437,33.54628]},"properties":{"entity_type":"fire_detection","acq_date":"2024-10-28","acq_time_utc":"10:09","day_night":"Day","geom_origin":"satellite_pixel_centre","spatial_precision":"satellite_pixel"}},{"type":"Feature","id":"fire:20241028:98a130f918","geometry":{"type":"Point","coordinates":[35.4411,33.40515]},"properties":{"entity_type":"fire_detection","acq_date":"2024-10-28","acq_time_utc":"10:09","day_night":"Day","geom_origin":"satellite_pixel_centre","spatial_precision":"satellite_pixel"}},{"type":"Feature","id":"fire:20241028:9a53d687ce","geometry":{"type":"Point","coordinates":[35.56949,33.32207]},"properties":{"entity_type":"fire_detection","acq_date":"2024-10-28","acq_time_utc":"10:09","day_night":"Day","geom_origin":"satellite_pixel_centre","spatial_precision":"satellite_pixel"}},{"type":"Feature","id":"fire:20241028:b57223f00c","geometry":{"type":"Point","coordinates":[35.55027,33.54318]},"properties":{"entity_type":"fire_detection","acq_date":"2024-10-28","acq_time_utc":"10:09","day_night":"Day","geom_origin":"satellite_pixel_centre","spatial_precision":"satellite_pixel"}},{"type":"Feature","id":"fire:20241028:b6396ab45d","geometry":{"type":"Point","coordinates":[35.59694,33.2938]},"properties":{"entity_type":"fire_detection","acq_date":"2024-10-28","acq_time_utc":"22:31","day_night":"Night","geom_origin":"satellite_pixel_centre","spatial_precision":"satellite_pixel"}},{"type":"Feature","id":"fire:20241028:b783993e48","geometry":{"type":"Point","coordinates":[35.48164,33.29878]},"properties":{"entity_type":"fire_detection","acq_date":"2024-10-28","acq_time_utc":"10:09","day_night":"Day","geom_origin":"satellite_pixel_centre","spatial_precision":"satellite_pixel"}},{"type":"Feature","id":"fire:20241028:b80e30fb9a","geometry":{"type":"Point","coordinates":[35.60307,33.3157]},"properties":{"entity_type":"fire_detection","acq_date":"2024-10-28","acq_time_utc":"10:09","day_night":"Day","geom_origin":"satellite_pixel_centre","spatial_precision":"satellite_pixel"}},{"type":"Feature","id":"fire:20241028:bfd11c6700","geometry":{"type":"Point","coordinates":[35.54599,33.53777]},"properties":{"entity_type":"fire_detection","acq_date":"2024-10-28","acq_time_utc":"10:09","day_night":"Day","geom_origin":"satellite_pixel_centre","spatial_precision":"satellite_pixel"}},{"type":"Feature","id":"fire:20241028:c727398846","geometry":{"type":"Point","coordinates":[35.597,33.29454]},"properties":{"entity_type":"fire_detection","acq_date":"2024-10-28","acq_time_utc":"22:31","day_night":"Night","geom_origin":"satellite_pixel_centre","spatial_precision":"satellite_pixel"}},{"type":"Feature","id":"fire:20241028:cf96bf3a83","geometry":{"type":"Point","coordinates":[35.48825,33.29565]},"properties":{"entity_type":"fire_detection","acq_date":"2024-10-28","acq_time_utc":"10:09","day_night":"Day","geom_origin":"satellite_pixel_centre","spatial_precision":"satellite_pixel"}},{"type":"Feature","id":"fire:20241028:d46b03780d","geometry":{"type":"Point","coordinates":[35.54896,33.5474]},"properties":{"entity_type":"fire_detection","acq_date":"2024-10-28","acq_time_utc":"10:09","day_night":"Day","geom_origin":"satellite_pixel_centre","spatial_precision":"satellite_pixel"}},{"type":"Feature","id":"fire:20241028:e7b2b24bcd","geometry":{"type":"Point","coordinates":[35.57648,33.31453]},"properties":{"entity_type":"fire_detection","acq_date":"2024-10-28","acq_time_utc":"10:09","day_night":"Day","geom_origin":"satellite_pixel_centre","spatial_precision":"satellite_pixel"}},{"type":"Feature","id":"fire:20241028:f8ddca268c","geometry":{"type":"Point","coordinates":[35.61142,33.3117]},"properties":{"entity_type":"fire_detection","acq_date":"2024-10-28","acq_time_utc":"22:31","day_night":"Night","geom_origin":"satellite_pixel_centre","spatial_precision":"satellite_pixel"}},{"type":"Feature","id":"fire:20241029:0628bed202","geometry":{"type":"Point","coordinates":[35.45186,33.43518]},"properties":{"entity_type":"fire_detection","acq_date":"2024-10-29","acq_time_utc":"00:11","day_night":"Night","geom_origin":"satellite_pixel_centre","spatial_precision":"satellite_pixel"}},{"type":"Feature","id":"fire:20241029:3905f132ff","geometry":{"type":"Point","coordinates":[35.53798,33.39929]},"properties":{"entity_type":"fire_detection","acq_date":"2024-10-29","acq_time_utc":"09:50","day_night":"Day","geom_origin":"satellite_pixel_centre","spatial_precision":"satellite_pixel"}},{"type":"Feature","id":"fire:20241029:3ee2056c87","geometry":{"type":"Point","coordinates":[35.61743,33.31416]},"properties":{"entity_type":"fire_detection","acq_date":"2024-10-29","acq_time_utc":"11:30","day_night":"Day","geom_origin":"satellite_pixel_centre","spatial_precision":"satellite_pixel"}},{"type":"Feature","id":"fire:20241029:5d603a3c2b","geometry":{"type":"Point","coordinates":[35.35815,33.20738]},"properties":{"entity_type":"fire_detection","acq_date":"2024-10-29","acq_time_utc":"00:11","day_night":"Night","geom_origin":"satellite_pixel_centre","spatial_precision":"satellite_pixel"}},{"type":"Feature","id":"fire:20241029:6c9a303b76","geometry":{"type":"Point","coordinates":[36.1297,34.62477]},"properties":{"entity_type":"fire_detection","acq_date":"2024-10-29","acq_time_utc":"00:11","day_night":"Night","geom_origin":"satellite_pixel_centre","spatial_precision":"satellite_pixel"}},{"type":"Feature","id":"fire:20241029:6e06ece019","geometry":{"type":"Point","coordinates":[35.54788,33.54505]},"properties":{"entity_type":"fire_detection","acq_date":"2024-10-29","acq_time_utc":"00:11","day_night":"Night","geom_origin":"satellite_pixel_centre","spatial_precision":"satellite_pixel"}},{"type":"Feature","id":"fire:20241029:71be32a340","geometry":{"type":"Point","coordinates":[35.54295,33.40055]},"properties":{"entity_type":"fire_detection","acq_date":"2024-10-29","acq_time_utc":"09:50","day_night":"Day","geom_origin":"satellite_pixel_centre","spatial_precision":"satellite_pixel"}},{"type":"Feature","id":"fire:20241029:7217f24a64","geometry":{"type":"Point","coordinates":[35.60262,33.33562]},"properties":{"entity_type":"fire_detection","acq_date":"2024-10-29","acq_time_utc":"23:53","day_night":"Night","geom_origin":"satellite_pixel_centre","spatial_precision":"satellite_pixel"}},{"type":"Feature","id":"fire:20241029:761198b5df","geometry":{"type":"Point","coordinates":[35.54115,33.3983]},"properties":{"entity_type":"fire_detection","acq_date":"2024-10-29","acq_time_utc":"09:50","day_night":"Day","geom_origin":"satellite_pixel_centre","spatial_precision":"satellite_pixel"}},{"type":"Feature","id":"fire:20241029:ac96ab65cb","geometry":{"type":"Point","coordinates":[35.5441,33.54602]},"properties":{"entity_type":"fire_detection","acq_date":"2024-10-29","acq_time_utc":"00:11","day_night":"Night","geom_origin":"satellite_pixel_centre","spatial_precision":"satellite_pixel"}},{"type":"Feature","id":"fire:20241029:b2414ff7ac","geometry":{"type":"Point","coordinates":[35.25895,33.11138]},"properties":{"entity_type":"fire_detection","acq_date":"2024-10-29","acq_time_utc":"09:50","day_night":"Day","geom_origin":"satellite_pixel_centre","spatial_precision":"satellite_pixel"}},{"type":"Feature","id":"fire:20241029:e4e8e00a2f","geometry":{"type":"Point","coordinates":[35.60456,33.44563]},"properties":{"entity_type":"fire_detection","acq_date":"2024-10-29","acq_time_utc":"23:52","day_night":"Night","geom_origin":"satellite_pixel_centre","spatial_precision":"satellite_pixel"}},{"type":"Feature","id":"fire:20241030:29f7bf8b39","geometry":{"type":"Point","coordinates":[35.86749,33.7337]},"properties":{"entity_type":"fire_detection","acq_date":"2024-10-30","acq_time_utc":"23:34","day_night":"Night","geom_origin":"satellite_pixel_centre","spatial_precision":"satellite_pixel"}},{"type":"Feature","id":"fire:20241030:7521a83609","geometry":{"type":"Point","coordinates":[35.52378,33.36816]},"properties":{"entity_type":"fire_detection","acq_date":"2024-10-30","acq_time_utc":"11:11","day_night":"Day","geom_origin":"satellite_pixel_centre","spatial_precision":"satellite_pixel"}},{"type":"Feature","id":"fire:20241030:8c22411c21","geometry":{"type":"Point","coordinates":[36.37101,34.61063]},"properties":{"entity_type":"fire_detection","acq_date":"2024-10-30","acq_time_utc":"11:12","day_night":"Day","geom_origin":"satellite_pixel_centre","spatial_precision":"satellite_pixel"}},{"type":"Feature","id":"fire:20241030:a13b6e6e75","geometry":{"type":"Point","coordinates":[35.8918,34.46581]},"properties":{"entity_type":"fire_detection","acq_date":"2024-10-30","acq_time_utc":"23:33","day_night":"Night","geom_origin":"satellite_pixel_centre","spatial_precision":"satellite_pixel"}},{"type":"Feature","id":"fire:20241030:c47246625b","geometry":{"type":"Point","coordinates":[36.15841,33.9973]},"properties":{"entity_type":"fire_detection","acq_date":"2024-10-30","acq_time_utc":"23:34","day_night":"Night","geom_origin":"satellite_pixel_centre","spatial_precision":"satellite_pixel"}},{"type":"Feature","id":"fire:20241031:02d3dd7177","geometry":{"type":"Point","coordinates":[35.29471,33.15027]},"properties":{"entity_type":"fire_detection","acq_date":"2024-10-31","acq_time_utc":"10:52","day_night":"Day","geom_origin":"satellite_pixel_centre","spatial_precision":"satellite_pixel"}},{"type":"Feature","id":"fire:20241031:06f96897fb","geometry":{"type":"Point","coordinates":[35.61191,33.88964]},"properties":{"entity_type":"fire_detection","acq_date":"2024-10-31","acq_time_utc":"23:15","day_night":"Night","geom_origin":"satellite_pixel_centre","spatial_precision":"satellite_pixel"}},{"type":"Feature","id":"fire:20241031:313cdcd956","geometry":{"type":"Point","coordinates":[35.41735,33.43031]},"properties":{"entity_type":"fire_detection","acq_date":"2024-10-31","acq_time_utc":"23:15","day_night":"Night","geom_origin":"satellite_pixel_centre","spatial_precision":"satellite_pixel"}},{"type":"Feature","id":"fire:20241031:413868c906","geometry":{"type":"Point","coordinates":[35.59552,33.30781]},"properties":{"entity_type":"fire_detection","acq_date":"2024-10-31","acq_time_utc":"23:15","day_night":"Night","geom_origin":"satellite_pixel_centre","spatial_precision":"satellite_pixel"}},{"type":"Feature","id":"fire:20241031:555943a303","geometry":{"type":"Point","coordinates":[35.82791,33.75537]},"properties":{"entity_type":"fire_detection","acq_date":"2024-10-31","acq_time_utc":"10:53","day_night":"Day","geom_origin":"satellite_pixel_centre","spatial_precision":"satellite_pixel"}},{"type":"Feature","id":"fire:20241031:7f875edc00","geometry":{"type":"Point","coordinates":[35.61237,33.32288]},"properties":{"entity_type":"fire_detection","acq_date":"2024-10-31","acq_time_utc":"23:15","day_night":"Night","geom_origin":"satellite_pixel_centre","spatial_precision":"satellite_pixel"}},{"type":"Feature","id":"fire:20241031:8fe353490f","geometry":{"type":"Point","coordinates":[35.65836,33.33036]},"properties":{"entity_type":"fire_detection","acq_date":"2024-10-31","acq_time_utc":"23:15","day_night":"Night","geom_origin":"satellite_pixel_centre","spatial_precision":"satellite_pixel"}},{"type":"Feature","id":"fire:20241031:c6364045a2","geometry":{"type":"Point","coordinates":[36.28981,34.62425]},"properties":{"entity_type":"fire_detection","acq_date":"2024-10-31","acq_time_utc":"23:15","day_night":"Night","geom_origin":"satellite_pixel_centre","spatial_precision":"satellite_pixel"}},{"type":"Feature","id":"fire:20241031:c9f0c8f4ff","geometry":{"type":"Point","coordinates":[36.14598,34.60635]},"properties":{"entity_type":"fire_detection","acq_date":"2024-10-31","acq_time_utc":"23:15","day_night":"Night","geom_origin":"satellite_pixel_centre","spatial_precision":"satellite_pixel"}},{"type":"Feature","id":"fire:20241031:d2819ccfe7","geometry":{"type":"Point","coordinates":[35.65647,33.33108]},"properties":{"entity_type":"fire_detection","acq_date":"2024-10-31","acq_time_utc":"23:15","day_night":"Night","geom_origin":"satellite_pixel_centre","spatial_precision":"satellite_pixel"}},{"type":"Feature","id":"fire:20241031:d4e4ea642f","geometry":{"type":"Point","coordinates":[35.81805,33.86558]},"properties":{"entity_type":"fire_detection","acq_date":"2024-10-31","acq_time_utc":"10:53","day_night":"Day","geom_origin":"satellite_pixel_centre","spatial_precision":"satellite_pixel"}},{"type":"Feature","id":"fire:20241031:ddfc743956","geometry":{"type":"Point","coordinates":[35.63962,33.33688]},"properties":{"entity_type":"fire_detection","acq_date":"2024-10-31","acq_time_utc":"23:15","day_night":"Night","geom_origin":"satellite_pixel_centre","spatial_precision":"satellite_pixel"}},{"type":"Feature","id":"fire:20241031:e5b2af6ccd","geometry":{"type":"Point","coordinates":[35.5905,33.79113]},"properties":{"entity_type":"fire_detection","acq_date":"2024-10-31","acq_time_utc":"23:15","day_night":"Night","geom_origin":"satellite_pixel_centre","spatial_precision":"satellite_pixel"}},{"type":"Feature","id":"fire:20241031:f4a4b72853","geometry":{"type":"Point","coordinates":[35.61254,33.89305]},"properties":{"entity_type":"fire_detection","acq_date":"2024-10-31","acq_time_utc":"23:15","day_night":"Night","geom_origin":"satellite_pixel_centre","spatial_precision":"satellite_pixel"}},{"type":"Feature","id":"fire:20241031:f5253e5f7d","geometry":{"type":"Point","coordinates":[36.06064,34.40132]},"properties":{"entity_type":"fire_detection","acq_date":"2024-10-31","acq_time_utc":"23:15","day_night":"Night","geom_origin":"satellite_pixel_centre","spatial_precision":"satellite_pixel"}},{"type":"Feature","id":"fire:20241031:f6b8ebdd16","geometry":{"type":"Point","coordinates":[35.89338,34.46633]},"properties":{"entity_type":"fire_detection","acq_date":"2024-10-31","acq_time_utc":"23:15","day_night":"Night","geom_origin":"satellite_pixel_centre","spatial_precision":"satellite_pixel"}},{"type":"Feature","id":"fire:20241101:062518c96a","geometry":{"type":"Point","coordinates":[35.54667,33.38323]},"properties":{"entity_type":"fire_detection","acq_date":"2024-11-01","acq_time_utc":"22:56","day_night":"Night","geom_origin":"satellite_pixel_centre","spatial_precision":"satellite_pixel"}},{"type":"Feature","id":"fire:20241101:0db27d19f1","geometry":{"type":"Point","coordinates":[36.08792,34.62882]},"properties":{"entity_type":"fire_detection","acq_date":"2024-11-01","acq_time_utc":"10:34","day_night":"Day","geom_origin":"satellite_pixel_centre","spatial_precision":"satellite_pixel"}},{"type":"Feature","id":"fire:20241101:36028f47e0","geometry":{"type":"Point","coordinates":[35.54888,33.38568]},"properties":{"entity_type":"fire_detection","acq_date":"2024-11-01","acq_time_utc":"22:56","day_night":"Night","geom_origin":"satellite_pixel_centre","spatial_precision":"satellite_pixel"}},{"type":"Feature","id":"fire:20241101:4840639b2b","geometry":{"type":"Point","coordinates":[35.65789,33.33184]},"properties":{"entity_type":"fire_detection","acq_date":"2024-11-01","acq_time_utc":"10:34","day_night":"Day","geom_origin":"satellite_pixel_centre","spatial_precision":"satellite_pixel"}},{"type":"Feature","id":"fire:20241101:4c28bb64da","geometry":{"type":"Point","coordinates":[35.67471,33.33454]},"properties":{"entity_type":"fire_detection","acq_date":"2024-11-01","acq_time_utc":"10:34","day_night":"Day","geom_origin":"satellite_pixel_centre","spatial_precision":"satellite_pixel"}},{"type":"Feature","id":"fire:20241101:5824c0d2ca","geometry":{"type":"Point","coordinates":[35.42609,33.21265]},"properties":{"entity_type":"fire_detection","acq_date":"2024-11-01","acq_time_utc":"10:34","day_night":"Day","geom_origin":"satellite_pixel_centre","spatial_precision":"satellite_pixel"}},{"type":"Feature","id":"fire:20241101:61be4f4a97","geometry":{"type":"Point","coordinates":[36.0179,34.57729]},"properties":{"entity_type":"fire_detection","acq_date":"2024-11-01","acq_time_utc":"10:34","day_night":"Day","geom_origin":"satellite_pixel_centre","spatial_precision":"satellite_pixel"}},{"type":"Feature","id":"fire:20241101:63fb1e0448","geometry":{"type":"Point","coordinates":[35.67547,33.33124]},"properties":{"entity_type":"fire_detection","acq_date":"2024-11-01","acq_time_utc":"10:34","day_night":"Day","geom_origin":"satellite_pixel_centre","spatial_precision":"satellite_pixel"}},{"type":"Feature","id":"fire:20241101:657c7c43a9","geometry":{"type":"Point","coordinates":[35.56547,33.37858]},"properties":{"entity_type":"fire_detection","acq_date":"2024-11-01","acq_time_utc":"10:34","day_night":"Day","geom_origin":"satellite_pixel_centre","spatial_precision":"satellite_pixel"}},{"type":"Feature","id":"fire:20241101:8c0b64177b","geometry":{"type":"Point","coordinates":[35.56129,33.37791]},"properties":{"entity_type":"fire_detection","acq_date":"2024-11-01","acq_time_utc":"10:34","day_night":"Day","geom_origin":"satellite_pixel_centre","spatial_precision":"satellite_pixel"}},{"type":"Feature","id":"fire:20241101:8f98c1a1db","geometry":{"type":"Point","coordinates":[35.56473,33.38188]},"properties":{"entity_type":"fire_detection","acq_date":"2024-11-01","acq_time_utc":"10:34","day_night":"Day","geom_origin":"satellite_pixel_centre","spatial_precision":"satellite_pixel"}},{"type":"Feature","id":"fire:20241101:f43b9f1882","geometry":{"type":"Point","coordinates":[35.56057,33.38121]},"properties":{"entity_type":"fire_detection","acq_date":"2024-11-01","acq_time_utc":"10:34","day_night":"Day","geom_origin":"satellite_pixel_centre","spatial_precision":"satellite_pixel"}},{"type":"Feature","id":"fire:20241101:fb04bde15a","geometry":{"type":"Point","coordinates":[35.56628,33.37528]},"properties":{"entity_type":"fire_detection","acq_date":"2024-11-01","acq_time_utc":"10:34","day_night":"Day","geom_origin":"satellite_pixel_centre","spatial_precision":"satellite_pixel"}},{"type":"Feature","id":"fire:20241102:1896b09b6c","geometry":{"type":"Point","coordinates":[35.83393,33.7234]},"properties":{"entity_type":"fire_detection","acq_date":"2024-11-02","acq_time_utc":"10:15","day_night":"Day","geom_origin":"satellite_pixel_centre","spatial_precision":"satellite_pixel"}},{"type":"Feature","id":"fire:20241102:3deb6435b0","geometry":{"type":"Point","coordinates":[35.38327,33.20846]},"properties":{"entity_type":"fire_detection","acq_date":"2024-11-02","acq_time_utc":"10:15","day_night":"Day","geom_origin":"satellite_pixel_centre","spatial_precision":"satellite_pixel"}},{"type":"Feature","id":"fire:20241104:c9c9f5f391","geometry":{"type":"Point","coordinates":[35.89371,34.4664]},"properties":{"entity_type":"fire_detection","acq_date":"2024-11-04","acq_time_utc":"23:40","day_night":"Night","geom_origin":"satellite_pixel_centre","spatial_precision":"satellite_pixel"}},{"type":"Feature","id":"fire:20241106:5328cf68a0","geometry":{"type":"Point","coordinates":[35.64344,34.16598]},"properties":{"entity_type":"fire_detection","acq_date":"2024-11-06","acq_time_utc":"10:40","day_night":"Day","geom_origin":"satellite_pixel_centre","spatial_precision":"satellite_pixel"}},{"type":"Feature","id":"fire:20241106:5ce968b152","geometry":{"type":"Point","coordinates":[35.5145,33.27931]},"properties":{"entity_type":"fire_detection","acq_date":"2024-11-06","acq_time_utc":"23:02","day_night":"Night","geom_origin":"satellite_pixel_centre","spatial_precision":"satellite_pixel"}},{"type":"Feature","id":"fire:20241107:0f3b117db9","geometry":{"type":"Point","coordinates":[35.60106,33.70602]},"properties":{"entity_type":"fire_detection","acq_date":"2024-11-07","acq_time_utc":"10:21","day_night":"Day","geom_origin":"satellite_pixel_centre","spatial_precision":"satellite_pixel"}},{"type":"Feature","id":"fire:20241107:3bda534b2f","geometry":{"type":"Point","coordinates":[35.5966,33.70518]},"properties":{"entity_type":"fire_detection","acq_date":"2024-11-07","acq_time_utc":"10:21","day_night":"Day","geom_origin":"satellite_pixel_centre","spatial_precision":"satellite_pixel"}},{"type":"Feature","id":"fire:20241107:46c4bf76df","geometry":{"type":"Point","coordinates":[35.43008,33.43868]},"properties":{"entity_type":"fire_detection","acq_date":"2024-11-07","acq_time_utc":"22:43","day_night":"Night","geom_origin":"satellite_pixel_centre","spatial_precision":"satellite_pixel"}},{"type":"Feature","id":"fire:20241107:5ac88c332d","geometry":{"type":"Point","coordinates":[35.59895,33.70535]},"properties":{"entity_type":"fire_detection","acq_date":"2024-11-07","acq_time_utc":"10:21","day_night":"Day","geom_origin":"satellite_pixel_centre","spatial_precision":"satellite_pixel"}},{"type":"Feature","id":"fire:20241107:5c6f8a612e","geometry":{"type":"Point","coordinates":[35.62571,33.37345]},"properties":{"entity_type":"fire_detection","acq_date":"2024-11-07","acq_time_utc":"10:21","day_night":"Day","geom_origin":"satellite_pixel_centre","spatial_precision":"satellite_pixel"}},{"type":"Feature","id":"fire:20241109:3eda79f1dc","geometry":{"type":"Point","coordinates":[35.56436,33.39076]},"properties":{"entity_type":"fire_detection","acq_date":"2024-11-09","acq_time_utc":"00:05","day_night":"Night","geom_origin":"satellite_pixel_centre","spatial_precision":"satellite_pixel"}},{"type":"Feature","id":"fire:20241109:6ed9fdeef9","geometry":{"type":"Point","coordinates":[35.87021,33.73722]},"properties":{"entity_type":"fire_detection","acq_date":"2024-11-09","acq_time_utc":"23:46","day_night":"Night","geom_origin":"satellite_pixel_centre","spatial_precision":"satellite_pixel"}},{"type":"Feature","id":"fire:20241109:b6024e6bf0","geometry":{"type":"Point","coordinates":[35.56463,33.39378]},"properties":{"entity_type":"fire_detection","acq_date":"2024-11-09","acq_time_utc":"00:05","day_night":"Night","geom_origin":"satellite_pixel_centre","spatial_precision":"satellite_pixel"}},{"type":"Feature","id":"fire:20241109:cf0ab1f9c2","geometry":{"type":"Point","coordinates":[35.88322,34.42979]},"properties":{"entity_type":"fire_detection","acq_date":"2024-11-09","acq_time_utc":"23:46","day_night":"Night","geom_origin":"satellite_pixel_centre","spatial_precision":"satellite_pixel"}},{"type":"Feature","id":"fire:20241109:eb6f37d802","geometry":{"type":"Point","coordinates":[35.86906,33.73332]},"properties":{"entity_type":"fire_detection","acq_date":"2024-11-09","acq_time_utc":"23:46","day_night":"Night","geom_origin":"satellite_pixel_centre","spatial_precision":"satellite_pixel"}},{"type":"Feature","id":"fire:20241110:9428ce5498","geometry":{"type":"Point","coordinates":[35.60188,33.45004]},"properties":{"entity_type":"fire_detection","acq_date":"2024-11-10","acq_time_utc":"23:27","day_night":"Night","geom_origin":"satellite_pixel_centre","spatial_precision":"satellite_pixel"}},{"type":"Feature","id":"fire:20241110:c4fcc0e5bb","geometry":{"type":"Point","coordinates":[35.29234,33.18251]},"properties":{"entity_type":"fire_detection","acq_date":"2024-11-10","acq_time_utc":"11:05","day_night":"Day","geom_origin":"satellite_pixel_centre","spatial_precision":"satellite_pixel"}},{"type":"Feature","id":"fire:20241113:240b70c725","geometry":{"type":"Point","coordinates":[35.80581,33.79638]},"properties":{"entity_type":"fire_detection","acq_date":"2024-11-13","acq_time_utc":"10:09","day_night":"Day","geom_origin":"satellite_pixel_centre","spatial_precision":"satellite_pixel"}},{"type":"Feature","id":"fire:20241113:4faf40344c","geometry":{"type":"Point","coordinates":[35.80793,33.79658]},"properties":{"entity_type":"fire_detection","acq_date":"2024-11-13","acq_time_utc":"10:09","day_night":"Day","geom_origin":"satellite_pixel_centre","spatial_precision":"satellite_pixel"}},{"type":"Feature","id":"fire:20241116:1232df2cfa","geometry":{"type":"Point","coordinates":[35.6671,33.34247]},"properties":{"entity_type":"fire_detection","acq_date":"2024-11-16","acq_time_utc":"23:15","day_night":"Night","geom_origin":"satellite_pixel_centre","spatial_precision":"satellite_pixel"}},{"type":"Feature","id":"fire:20241116:5db3e2b68e","geometry":{"type":"Point","coordinates":[35.77337,33.54457]},"properties":{"entity_type":"fire_detection","acq_date":"2024-11-16","acq_time_utc":"10:52","day_night":"Day","geom_origin":"satellite_pixel_centre","spatial_precision":"satellite_pixel"}},{"type":"Feature","id":"fire:20241116:8461418e75","geometry":{"type":"Point","coordinates":[35.6643,33.34324]},"properties":{"entity_type":"fire_detection","acq_date":"2024-11-16","acq_time_utc":"23:15","day_night":"Night","geom_origin":"satellite_pixel_centre","spatial_precision":"satellite_pixel"}},{"type":"Feature","id":"fire:20241116:919b2c15c1","geometry":{"type":"Point","coordinates":[35.89325,34.46571]},"properties":{"entity_type":"fire_detection","acq_date":"2024-11-16","acq_time_utc":"23:14","day_night":"Night","geom_origin":"satellite_pixel_centre","spatial_precision":"satellite_pixel"}},{"type":"Feature","id":"fire:20241117:073571dbfd","geometry":{"type":"Point","coordinates":[35.83643,33.73807]},"properties":{"entity_type":"fire_detection","acq_date":"2024-11-17","acq_time_utc":"10:33","day_night":"Day","geom_origin":"satellite_pixel_centre","spatial_precision":"satellite_pixel"}},{"type":"Feature","id":"fire:20241117:693608b7c0","geometry":{"type":"Point","coordinates":[35.17355,33.11558]},"properties":{"entity_type":"fire_detection","acq_date":"2024-11-17","acq_time_utc":"10:33","day_night":"Day","geom_origin":"satellite_pixel_centre","spatial_precision":"satellite_pixel"}},{"type":"Feature","id":"fire:20241117:90f629c662","geometry":{"type":"Point","coordinates":[35.20458,33.15176]},"properties":{"entity_type":"fire_detection","acq_date":"2024-11-17","acq_time_utc":"10:33","day_night":"Day","geom_origin":"satellite_pixel_centre","spatial_precision":"satellite_pixel"}},{"type":"Feature","id":"fire:20241117:dfa85eff0c","geometry":{"type":"Point","coordinates":[35.15721,33.10733]},"properties":{"entity_type":"fire_detection","acq_date":"2024-11-17","acq_time_utc":"10:33","day_night":"Day","geom_origin":"satellite_pixel_centre","spatial_precision":"satellite_pixel"}},{"type":"Feature","id":"fire:20241119:72186d609b","geometry":{"type":"Point","coordinates":[35.85291,34.45134]},"properties":{"entity_type":"fire_detection","acq_date":"2024-11-19","acq_time_utc":"23:58","day_night":"Night","geom_origin":"satellite_pixel_centre","spatial_precision":"satellite_pixel"}},{"type":"Feature","id":"fire:20241119:a08d23ba48","geometry":{"type":"Point","coordinates":[35.85317,34.45367]},"properties":{"entity_type":"fire_detection","acq_date":"2024-11-19","acq_time_utc":"00:17","day_night":"Night","geom_origin":"satellite_pixel_centre","spatial_precision":"satellite_pixel"}},{"type":"Feature","id":"fire:20241121:2686f03260","geometry":{"type":"Point","coordinates":[35.89274,34.46561]},"properties":{"entity_type":"fire_detection","acq_date":"2024-11-21","acq_time_utc":"23:21","day_night":"Night","geom_origin":"satellite_pixel_centre","spatial_precision":"satellite_pixel"}},{"type":"Feature","id":"fire:20241121:b8c10c7312","geometry":{"type":"Point","coordinates":[35.84879,34.45013]},"properties":{"entity_type":"fire_detection","acq_date":"2024-11-21","acq_time_utc":"10:59","day_night":"Day","geom_origin":"satellite_pixel_centre","spatial_precision":"satellite_pixel"}},{"type":"Feature","id":"fire:20241122:7034727c04","geometry":{"type":"Point","coordinates":[35.44355,33.40392]},"properties":{"entity_type":"fire_detection","acq_date":"2024-11-22","acq_time_utc":"10:40","day_night":"Day","geom_origin":"satellite_pixel_centre","spatial_precision":"satellite_pixel"}},{"type":"Feature","id":"fire:20241122:ed6e52de99","geometry":{"type":"Point","coordinates":[35.30568,33.24509]},"properties":{"entity_type":"fire_detection","acq_date":"2024-11-22","acq_time_utc":"23:02","day_night":"Night","geom_origin":"satellite_pixel_centre","spatial_precision":"satellite_pixel"}},{"type":"Feature","id":"fire:20241126:9307b8c00c","geometry":{"type":"Point","coordinates":[35.31076,33.4686]},"properties":{"entity_type":"fire_detection","acq_date":"2024-11-26","acq_time_utc":"23:27","day_night":"Night","geom_origin":"satellite_pixel_centre","spatial_precision":"satellite_pixel"}},{"type":"Feature","id":"fire:20241203:16835c7a6b","geometry":{"type":"Point","coordinates":[35.98275,33.86018]},"properties":{"entity_type":"fire_detection","acq_date":"2024-12-03","acq_time_utc":"10:33","day_night":"Day","geom_origin":"satellite_pixel_centre","spatial_precision":"satellite_pixel"}},{"type":"Feature","id":"fire:20241203:e02a23210a","geometry":{"type":"Point","coordinates":[35.1834,33.09369]},"properties":{"entity_type":"fire_detection","acq_date":"2024-12-03","acq_time_utc":"10:33","day_night":"Day","geom_origin":"satellite_pixel_centre","spatial_precision":"satellite_pixel"}},{"type":"Feature","id":"fire:20241205:2aeb82f239","geometry":{"type":"Point","coordinates":[35.86597,33.73523]},"properties":{"entity_type":"fire_detection","acq_date":"2024-12-05","acq_time_utc":"23:58","day_night":"Night","geom_origin":"satellite_pixel_centre","spatial_precision":"satellite_pixel"}},{"type":"Feature","id":"fire:20241209:57450d0b59","geometry":{"type":"Point","coordinates":[35.57159,33.27256]},"properties":{"entity_type":"fire_detection","acq_date":"2024-12-09","acq_time_utc":"10:20","day_night":"Day","geom_origin":"satellite_pixel_centre","spatial_precision":"satellite_pixel"}},{"type":"Feature","id":"fire:20241214:62213520a6","geometry":{"type":"Point","coordinates":[36.17068,34.63029]},"properties":{"entity_type":"fire_detection","acq_date":"2024-12-14","acq_time_utc":"10:27","day_night":"Day","geom_origin":"satellite_pixel_centre","spatial_precision":"satellite_pixel"}},{"type":"Feature","id":"fire:20241215:7f65895b8f","geometry":{"type":"Point","coordinates":[36.30064,34.49157]},"properties":{"entity_type":"fire_detection","acq_date":"2024-12-15","acq_time_utc":"00:29","day_night":"Night","geom_origin":"satellite_pixel_centre","spatial_precision":"satellite_pixel"}},{"type":"Feature","id":"fire:20241219:1eac7b549c","geometry":{"type":"Point","coordinates":[35.95564,33.83434]},"properties":{"entity_type":"fire_detection","acq_date":"2024-12-19","acq_time_utc":"10:33","day_night":"Day","geom_origin":"satellite_pixel_centre","spatial_precision":"satellite_pixel"}},{"type":"Feature","id":"fire:20241219:2cfad73cb4","geometry":{"type":"Point","coordinates":[36.20323,34.57447]},"properties":{"entity_type":"fire_detection","acq_date":"2024-12-19","acq_time_utc":"10:33","day_night":"Day","geom_origin":"satellite_pixel_centre","spatial_precision":"satellite_pixel"}},{"type":"Feature","id":"fire:20241219:3290d27d29","geometry":{"type":"Point","coordinates":[35.92498,33.75772]},"properties":{"entity_type":"fire_detection","acq_date":"2024-12-19","acq_time_utc":"10:33","day_night":"Day","geom_origin":"satellite_pixel_centre","spatial_precision":"satellite_pixel"}},{"type":"Feature","id":"fire:20241219:6cd0c8372b","geometry":{"type":"Point","coordinates":[35.29475,33.11038]},"properties":{"entity_type":"fire_detection","acq_date":"2024-12-19","acq_time_utc":"10:33","day_night":"Day","geom_origin":"satellite_pixel_centre","spatial_precision":"satellite_pixel"}},{"type":"Feature","id":"fire:20241219:ba2dd62209","geometry":{"type":"Point","coordinates":[35.40923,33.2005]},"properties":{"entity_type":"fire_detection","acq_date":"2024-12-19","acq_time_utc":"10:33","day_night":"Day","geom_origin":"satellite_pixel_centre","spatial_precision":"satellite_pixel"}},{"type":"Feature","id":"fire:20241219:bbea179e4b","geometry":{"type":"Point","coordinates":[35.35503,33.51334]},"properties":{"entity_type":"fire_detection","acq_date":"2024-12-19","acq_time_utc":"22:55","day_night":"Night","geom_origin":"satellite_pixel_centre","spatial_precision":"satellite_pixel"}},{"type":"Feature","id":"fire:20241219:c375bcbddf","geometry":{"type":"Point","coordinates":[35.35407,33.513]},"properties":{"entity_type":"fire_detection","acq_date":"2024-12-19","acq_time_utc":"22:55","day_night":"Night","geom_origin":"satellite_pixel_centre","spatial_precision":"satellite_pixel"}},{"type":"Feature","id":"fire:20241219:cf397d7f51","geometry":{"type":"Point","coordinates":[35.78875,33.66116]},"properties":{"entity_type":"fire_detection","acq_date":"2024-12-19","acq_time_utc":"10:33","day_night":"Day","geom_origin":"satellite_pixel_centre","spatial_precision":"satellite_pixel"}},{"type":"Feature","id":"fire:20241219:d615cc1a70","geometry":{"type":"Point","coordinates":[35.34987,33.51382]},"properties":{"entity_type":"fire_detection","acq_date":"2024-12-19","acq_time_utc":"22:55","day_night":"Night","geom_origin":"satellite_pixel_centre","spatial_precision":"satellite_pixel"}},{"type":"Feature","id":"fire:20241221:74dbaab24c","geometry":{"type":"Point","coordinates":[35.86713,33.73276]},"properties":{"entity_type":"fire_detection","acq_date":"2024-12-21","acq_time_utc":"00:17","day_night":"Night","geom_origin":"satellite_pixel_centre","spatial_precision":"satellite_pixel"}},{"type":"Feature","id":"fire:20250110:d13fc4836c","geometry":{"type":"Point","coordinates":[36.12312,34.02086]},"properties":{"entity_type":"fire_detection","acq_date":"2025-01-10","acq_time_utc":"22:43","day_night":"Night","geom_origin":"satellite_pixel_centre","spatial_precision":"satellite_pixel"}},{"type":"Feature","id":"fire:20250114:7d3a176090","geometry":{"type":"Point","coordinates":[35.43835,33.39969]},"properties":{"entity_type":"fire_detection","acq_date":"2025-01-14","acq_time_utc":"23:08","day_night":"Night","geom_origin":"satellite_pixel_centre","spatial_precision":"satellite_pixel"}},{"type":"Feature","id":"fire:20250117:5a7387c49f","geometry":{"type":"Point","coordinates":[35.24977,33.28273]},"properties":{"entity_type":"fire_detection","acq_date":"2025-01-17","acq_time_utc":"23:52","day_night":"Night","geom_origin":"satellite_pixel_centre","spatial_precision":"satellite_pixel"}},{"type":"Feature","id":"fire:20250120:0f7cf5b805","geometry":{"type":"Point","coordinates":[35.97452,33.85001]},"properties":{"entity_type":"fire_detection","acq_date":"2025-01-20","acq_time_utc":"10:34","day_night":"Day","geom_origin":"satellite_pixel_centre","spatial_precision":"satellite_pixel"}},{"type":"Feature","id":"fire:20250126:e411dd8c52","geometry":{"type":"Point","coordinates":[35.80819,34.40009]},"properties":{"entity_type":"fire_detection","acq_date":"2025-01-26","acq_time_utc":"10:21","day_night":"Day","geom_origin":"satellite_pixel_centre","spatial_precision":"satellite_pixel"}},{"type":"Feature","id":"fire:20250128:32cd81a5c9","geometry":{"type":"Point","coordinates":[35.95372,33.82743]},"properties":{"entity_type":"fire_detection","acq_date":"2025-01-28","acq_time_utc":"11:24","day_night":"Day","geom_origin":"satellite_pixel_centre","spatial_precision":"satellite_pixel"}},{"type":"Feature","id":"fire:20250130:2c575e34d2","geometry":{"type":"Point","coordinates":[35.80781,33.65814]},"properties":{"entity_type":"fire_detection","acq_date":"2025-01-30","acq_time_utc":"10:46","day_night":"Day","geom_origin":"satellite_pixel_centre","spatial_precision":"satellite_pixel"}},{"type":"Feature","id":"fire:20250130:7fb4d42b4c","geometry":{"type":"Point","coordinates":[35.9207,33.75312]},"properties":{"entity_type":"fire_detection","acq_date":"2025-01-30","acq_time_utc":"10:46","day_night":"Day","geom_origin":"satellite_pixel_centre","spatial_precision":"satellite_pixel"}},{"type":"Feature","id":"fire:20250130:edcdd7230a","geometry":{"type":"Point","coordinates":[35.80859,33.661]},"properties":{"entity_type":"fire_detection","acq_date":"2025-01-30","acq_time_utc":"10:46","day_night":"Day","geom_origin":"satellite_pixel_centre","spatial_precision":"satellite_pixel"}},{"type":"Feature","id":"fire:20250202:08bdc45358","geometry":{"type":"Point","coordinates":[35.15022,33.09184]},"properties":{"entity_type":"fire_detection","acq_date":"2025-02-02","acq_time_utc":"23:53","day_night":"Night","geom_origin":"satellite_pixel_centre","spatial_precision":"satellite_pixel"}},{"type":"Feature","id":"fire:20250207:54a35b6e49","geometry":{"type":"Point","coordinates":[35.86739,33.73468]},"properties":{"entity_type":"fire_detection","acq_date":"2025-02-07","acq_time_utc":"23:59","day_night":"Night","geom_origin":"satellite_pixel_centre","spatial_precision":"satellite_pixel"}},{"type":"Feature","id":"fire:20250221:0d746773d6","geometry":{"type":"Point","coordinates":[35.63955,34.18185]},"properties":{"entity_type":"fire_detection","acq_date":"2025-02-21","acq_time_utc":"10:34","day_night":"Day","geom_origin":"satellite_pixel_centre","spatial_precision":"satellite_pixel"}},{"type":"Feature","id":"fire:20250226:4ae47e4a0f","geometry":{"type":"Point","coordinates":[36.44741,34.32678]},"properties":{"entity_type":"fire_detection","acq_date":"2025-02-26","acq_time_utc":"23:02","day_night":"Night","geom_origin":"satellite_pixel_centre","spatial_precision":"satellite_pixel"}},{"type":"Feature","id":"fire:20250227:6d43ba7cd6","geometry":{"type":"Point","coordinates":[36.4432,34.32302]},"properties":{"entity_type":"fire_detection","acq_date":"2025-02-27","acq_time_utc":"22:43","day_night":"Night","geom_origin":"satellite_pixel_centre","spatial_precision":"satellite_pixel"}},{"type":"Feature","id":"fire:20250227:7d7ae115af","geometry":{"type":"Point","coordinates":[36.44363,34.328]},"properties":{"entity_type":"fire_detection","acq_date":"2025-02-27","acq_time_utc":"22:43","day_night":"Night","geom_origin":"satellite_pixel_centre","spatial_precision":"satellite_pixel"}},{"type":"Feature","id":"fire:20250227:f65d33b46b","geometry":{"type":"Point","coordinates":[36.44409,34.32715]},"properties":{"entity_type":"fire_detection","acq_date":"2025-02-27","acq_time_utc":"22:43","day_night":"Night","geom_origin":"satellite_pixel_centre","spatial_precision":"satellite_pixel"}}]}