{"type":"FeatureCollection","features":[{"type":"Feature","id":"pa:001","geometry":{"type":"Polygon","coordinates":[[[35.76366,33.80984],[35.76493,33.80946],[35.76535,33.80959],[35.76705,33.80895],[35.76774,33.8093],[35.76799,33.80917],[35.76819,33.8088],[35.76765,33.80817],[35.76703,33.80695],[35.768,33.80481],[35.76845,33.80336],[35.76947,33.80228],[35.77167,33.8009],[35.7718,33.8005],[35.77173,33.80006],[35.77263,33.79889],[35.77325,33.79889],[35.77375,33.7987],[35.77542,33.79717],[35.77554,33.79663],[35.77536,33.79629],[35.77546,33.79563],[35.77506,33.7954],[35.77533,33.7942],[35.77676,33.79388],[35.77857,33.79223],[35.77984,33.79172],[35.78024,33.79123],[35.78061,33.79139],[35.78111,33.79083],[35.78225,33.79056],[35.78262,33.79085],[35.78223,33.79125],[35.78341,33.79233],[35.78496,33.79232],[35.78632,33.79279],[35.78835,33.79248],[35.79006,33.79266],[35.79276,33.79131],[35.79321,33.79124],[35.79402,33.79153],[35.79444,33.79109],[35.79951,33.78976],[35.80076,33.78959],[35.80143,33.7901],[35.80243,33.79055],[35.80316,33.7904],[35.80415,33.79073],[35.80638,33.79104],[35.81025,33.79257],[35.81192,33.79104],[35.81214,33.79111],[35.81402,33.79215],[35.81485,33.79353],[35.81607,33.79468],[35.81719,33.79531],[35.81819,33.79539],[35.81313,33.79039],[35.81316,33.79002],[35.81344,33.78972],[35.81492,33.7892],[35.81488,33.78825],[35.81464,33.78733],[35.81303,33.78369],[35.81176,33.7817],[35.81229,33.78027],[35.81299,33.78023],[35.81345,33.77984],[35.81333,33.77847],[35.81284,33.77772],[35.81157,33.77694],[35.81065,33.7761],[35.81008,33.77529],[35.80973,33.77438],[35.81117,33.77456],[35.81139,33.77414],[35.81171,33.77448],[35.81212,33.77259],[35.81215,33.77146],[35.81254,33.77128],[35.81096,33.76525],[35.81003,33.76252],[35.80931,33.76092],[35.80636,33.75655],[35.80407,33.75381],[35.79183,33.74279],[35.78579,33.73508],[35.78514,33.7337],[35.7853,33.73321],[35.78733,33.73247],[35.7877,33.73313],[35.78939,33.73456],[35.79076,33.7361],[35.79274,33.7378],[35.79426,33.73731],[35.79451,33.73784],[35.7987,33.73659],[35.79805,33.73486],[35.80261,33.73347],[35.80241,33.73302],[35.80397,33.73258],[35.80434,33.73281],[35.80534,33.73215],[35.81069,33.73061],[35.8126,33.7299],[35.81433,33.72832],[35.81617,33.72624],[35.81771,33.72713],[35.81804,33.72714],[35.8203,33.72358],[35.82052,33.72132],[35.82135,33.71901],[35.82082,33.71871],[35.82268,33.71733],[35.82362,33.71722],[35.82371,33.71685],[35.82353,33.71631],[35.82393,33.71565],[35.82414,33.7149],[35.82429,33.71305],[35.82493,33.7123],[35.8255,33.71087],[35.8184,33.71329],[35.81367,33.71543],[35.81417,33.71616],[35.8092,33.71804],[35.80463,33.72022],[35.8049,33.72084],[35.79075,33.72721],[35.78982,33.72692],[35.7871,33.72753],[35.78509,33.72707],[35.78426,33.72665],[35.78128,33.728],[35.78019,33.72549],[35.77673,33.71865],[35.77244,33.71321],[35.76858,33.70773],[35.7634,33.70113],[35.76111,33.69659],[35.76109,33.69525],[35.76161,33.69183],[35.76115,33.68971],[35.76028,33.68088],[35.75971,33.67826],[35.75938,33.67756],[35.75769,33.67583],[35.75553,33.67471],[35.75338,33.67313],[35.74199,33.661],[35.73883,33.64927],[35.73818,33.64768],[35.73646,33.64631],[35.72692,33.64003],[35.72652,33.63962],[35.72565,33.63809],[35.72368,33.63644],[35.72267,33.63593],[35.72206,33.63515],[35.72193,33.63442],[35.72239,33.63331],[35.72252,33.63232],[35.72242,33.63172],[35.72212,33.6309],[35.72149,33.63024],[35.72074,33.62998],[35.71965,33.63016],[35.71917,33.62996],[35.71893,33.62961],[35.7189,33.62878],[35.71861,33.62836],[35.71819,33.628],[35.71767,33.62782],[35.71704,33.62789],[35.71653,33.62832],[35.71615,33.62829],[35.71564,33.62776],[35.71521,33.62766],[35.71487,33.62781],[35.71443,33.62879],[35.71365,33.62912],[35.71331,33.6291],[35.71287,33.62895],[35.71127,33.62747],[35.7089,33.62705],[35.70762,33.62645],[35.7061,33.62436],[35.70681,33.62394],[35.70761,33.62277],[35.70759,33.62226],[35.70637,33.6204],[35.70611,33.61952],[35.70594,33.61933],[35.70532,33.61918],[35.70318,33.61884],[35.7032,33.61848],[35.70422,33.61783],[35.70505,33.6176],[35.70575,33.61708],[35.7064,33.61746],[35.70688,33.61737],[35.70775,33.61763],[35.70861,33.61692],[35.71414,33.61592],[35.71744,33.61609],[35.71877,33.61534],[35.71912,33.61438],[35.72111,33.61372],[35.72268,33.61378],[35.72496,33.6144],[35.72678,33.61535],[35.72757,33.61549],[35.72912,33.6138],[35.73041,33.61304],[35.73364,33.61216],[35.73429,33.61151],[35.73386,33.61099],[35.72999,33.61201],[35.72859,33.61285],[35.72778,33.61383],[35.7265,33.61375],[35.72553,33.61317],[35.7233,33.61258],[35.7218,33.61271],[35.71978,33.61228],[35.71868,33.61232],[35.71605,33.61149],[35.7099,33.61081],[35.70878,33.6097],[35.70899,33.60816],[35.70875,33.60631],[35.70905,33.60505],[35.7096,33.60395],[35.70909,33.60235],[35.70739,33.6016],[35.7057,33.59838],[35.70505,33.59855],[35.70419,33.59812],[35.70393,33.59752],[35.70351,33.59747],[35.70337,33.59753],[35.7031,33.59838],[35.70315,33.59889],[35.70288,33.59937],[35.70397,33.60048],[35.70471,33.60262],[35.70442,33.60273],[35.70403,33.60212],[35.70384,33.60106],[35.70328,33.60019],[35.70227,33.59965],[35.7004,33.59946],[35.69799,33.59801],[35.69751,33.59756],[35.69668,33.59772],[35.69673,33.59807],[35.69645,33.59802],[35.69636,33.59815],[35.69652,33.59851],[35.6963,33.59859],[35.6963,33.59911],[35.69581,33.59892],[35.69553,33.59845],[35.69562,33.59818],[35.69547,33.59794],[35.69494,33.59807],[35.69518,33.59947],[35.69496,33.59945],[35.69492,33.59917],[35.69448,33.59936],[35.69429,33.60011],[35.69362,33.60021],[35.69338,33.60068],[35.69206,33.60034],[35.69131,33.59987],[35.68973,33.59992],[35.68933,33.60052],[35.68925,33.60183],[35.68901,33.60205],[35.68925,33.60247],[35.68793,33.60269],[35.68703,33.60198],[35.68538,33.59817],[35.6847,33.59736],[35.68409,33.5958],[35.68421,33.59549],[35.68545,33.59477],[35.68686,33.59329],[35.68815,33.59266],[35.68839,33.59219],[35.68913,33.59179],[35.69119,33.59159],[35.69249,33.59067],[35.69576,33.58971],[35.6958,33.58912],[35.69622,33.58845],[35.69689,33.5883],[35.69677,33.58728],[35.69692,33.58631],[35.69643,33.58632],[35.69652,33.58576],[35.69776,33.58376],[35.6988,33.5832],[35.69929,33.58259],[35.69965,33.58103],[35.69936,33.58025],[35.69825,33.57918],[35.69704,33.57911],[35.69589,33.57878],[35.69386,33.5777],[35.69254,33.57741],[35.69205,33.57706],[35.69212,33.57623],[35.69264,33.57459],[35.69252,33.57365],[35.69262,33.57325],[35.69427,33.57177],[35.6951,33.57081],[35.69699,33.56986],[35.69728,33.56938],[35.69724,33.5687],[35.69489,33.56696],[35.69298,33.56645],[35.69093,33.56622],[35.69042,33.56592],[35.6898,33.56521],[35.68906,33.56279],[35.68834,33.56169],[35.68806,33.56094],[35.68772,33.55912],[35.68804,33.55729],[35.68962,33.55625],[35.69076,33.5548],[35.69258,33.55385],[35.69493,33.55196],[35.6947,33.55162],[35.6939,33.55131],[35.69246,33.55015],[35.69055,33.54949],[35.68993,33.54863],[35.69008,33.54782],[35.69173,33.54585],[35.6925,33.54421],[35.69065,33.54452],[35.68804,33.54338],[35.68679,33.54321],[35.6855,33.54221],[35.68424,33.54213],[35.68202,33.54114],[35.68141,33.54038],[35.6793,33.54002],[35.67882,33.53943],[35.67883,33.5388],[35.67831,33.53816],[35.67666,33.53822],[35.67637,33.53799],[35.67612,33.53709],[35.67506,33.53714],[35.67356,33.53683],[35.67345,33.53558],[35.67287,33.53465],[35.6725,33.53446],[35.67258,33.53429],[35.67239,33.53405],[35.6721,33.53391],[35.67253,33.53358],[35.67381,33.53348],[35.67306,33.53271],[35.67305,33.53186],[35.67309,33.53075],[35.67368,33.52953],[35.67379,33.52848],[35.67279,33.52505],[35.67109,33.52199],[35.66937,33.51806],[35.66687,33.51504],[35.66183,33.50779],[35.65964,33.50533],[35.65802,33.50433],[35.65577,33.50403],[35.65409,33.50361],[35.65317,33.50376],[35.6517,33.50313],[35.6506,33.50327],[35.65051,33.50299],[35.65074,33.50294],[35.65069,33.50147],[35.65154,33.50241],[35.65163,33.50221],[35.65161,33.50127],[35.65097,33.50033],[35.65157,33.50003],[35.65123,33.49924],[35.65074,33.49864],[35.65048,33.49839],[35.64983,33.49854],[35.64956,33.49801],[35.64917,33.49724],[35.65022,33.49685],[35.65016,33.49654],[35.64902,33.49476],[35.6484,33.4948],[35.64795,33.4937],[35.64813,33.49362],[35.64738,33.49203],[35.64704,33.49194],[35.64694,33.49177],[35.64717,33.49163],[35.64602,33.49019],[35.64579,33.48924],[35.64505,33.48802],[35.64488,33.48672],[35.64602,33.4866],[35.64722,33.48717],[35.64736,33.4869],[35.64819,33.48705],[35.64856,33.48734],[35.6494,33.4875],[35.65028,33.48816],[35.65192,33.48837],[35.65348,33.48947],[35.65341,33.48982],[35.6542,33.49013],[35.65496,33.48996],[35.6534,33.48844],[35.65391,33.48764],[35.65458,33.48705],[35.65461,33.48668],[35.65417,33.48549],[35.65369,33.48565],[35.6474,33.48585],[35.64594,33.48637],[35.64444,33.48533],[35.64409,33.48482],[35.64293,33.48412],[35.642,33.48318],[35.64073,33.48112],[35.64027,33.47917],[35.63999,33.47888],[35.63903,33.4786],[35.63692,33.47959],[35.63623,33.47958],[35.63444,33.47859],[35.63346,33.47713],[35.63324,33.47643],[35.63215,33.47492],[35.63125,33.47507],[35.62838,33.47426],[35.626,33.47414],[35.62545,33.47423],[35.62523,33.47405],[35.6241,33.47461],[35.62315,33.47456],[35.62241,33.4738],[35.62181,33.47408],[35.62104,33.47513],[35.61848,33.47748],[35.61683,33.47778],[35.6162,33.47806],[35.61686,33.47914],[35.61697,33.47984],[35.61589,33.48102],[35.61658,33.48211],[35.61647,33.48287],[35.61686,33.48333],[35.61661,33.48396],[35.61492,33.48543],[35.61369,33.48703],[35.61247,33.48971],[35.61197,33.49159],[35.61187,33.49332],[35.61204,33.49471],[35.61186,33.49595],[35.61127,33.49662],[35.61004,33.49745],[35.60746,33.49844],[35.60469,33.49978],[35.60258,33.50265],[35.60273,33.50748],[35.60608,33.5155],[35.60637,33.52072],[35.6044,33.52327],[35.60232,33.53048],[35.60164,33.53438],[35.60179,33.54023],[35.6,33.5425],[35.59646,33.54308],[35.59501,33.54584],[35.59121,33.55192],[35.59145,33.55555],[35.59368,33.56179],[35.59864,33.56554],[35.60061,33.56588],[35.60122,33.56671],[35.60164,33.56795],[35.60183,33.56801],[35.60188,33.56835],[35.60225,33.56884],[35.60272,33.56861],[35.60587,33.57126],[35.60562,33.57294],[35.60646,33.57629],[35.60596,33.57711],[35.60631,33.57823],[35.6084,33.57821],[35.60848,33.58046],[35.60752,33.58257],[35.60707,33.58292],[35.60645,33.58468],[35.60548,33.58544],[35.60529,33.58591],[35.60517,33.58704],[35.6055,33.58804],[35.60511,33.58942],[35.60509,33.59019],[35.60559,33.5915],[35.60621,33.59203],[35.60811,33.59277],[35.60858,33.59271],[35.60983,33.59299],[35.61209,33.59382],[35.6145,33.59635],[35.61561,33.59689],[35.61618,33.59665],[35.61704,33.59505],[35.61723,33.59491],[35.61739,33.595],[35.61768,33.5956],[35.61918,33.59629],[35.6203,33.59722],[35.62102,33.59759],[35.62206,33.59869],[35.623,33.59844],[35.62299,33.59905],[35.62337,33.60045],[35.62451,33.60135],[35.62452,33.6017],[35.6252,33.60243],[35.62573,33.60244],[35.62602,33.60263],[35.62656,33.60223],[35.62709,33.60133],[35.62772,33.60141],[35.62774,33.60209],[35.62719,33.60275],[35.6277,33.6029],[35.62695,33.60326],[35.62673,33.6036],[35.6263,33.60366],[35.62536,33.60454],[35.62571,33.60569],[35.62476,33.6065],[35.62365,33.60704],[35.62113,33.60935],[35.61948,33.60987],[35.61823,33.60958],[35.61537,33.60971],[35.61431,33.60995],[35.61387,33.61025],[35.61462,33.61087],[35.61542,33.61101],[35.61681,33.61181],[35.6174,33.61181],[35.61775,33.61149],[35.62037,33.61163],[35.62124,33.61145],[35.62408,33.61188],[35.62387,33.6124],[35.62268,33.61387],[35.62394,33.61462],[35.6236,33.61583],[35.62251,33.61813],[35.62299,33.62073],[35.62336,33.62164],[35.62063,33.62173],[35.61921,33.62221],[35.61827,33.62232],[35.61772,33.62261],[35.61727,33.62363],[35.6171,33.62465],[35.61661,33.62456],[35.61517,33.62475],[35.61373,33.62521],[35.61269,33.62532],[35.61407,33.62642],[35.61655,33.62654],[35.61734,33.62696],[35.61879,33.62742],[35.61827,33.62798],[35.61526,33.62932],[35.6113,33.6299],[35.61254,33.63196],[35.61271,33.63294],[35.6133,33.63421],[35.61347,33.63548],[35.61333,33.63599],[35.61348,33.63737],[35.61339,33.63859],[35.61308,33.63954],[35.61319,33.63979],[35.61293,33.64067],[35.61262,33.64111],[35.61261,33.64194],[35.61232,33.64195],[35.61219,33.64352],[35.61188,33.64409],[35.61199,33.64447],[35.61176,33.64496],[35.61179,33.64552],[35.61199,33.64584],[35.61373,33.64628],[35.61374,33.64659],[35.61401,33.64656],[35.61443,33.64699],[35.61584,33.64742],[35.61636,33.64783],[35.61697,33.64805],[35.61745,33.64852],[35.61938,33.6492],[35.62167,33.64901],[35.62297,33.64945],[35.62453,33.6494],[35.62512,33.64959],[35.6255,33.64928],[35.62761,33.64876],[35.62911,33.64802],[35.632,33.64821],[35.6332,33.64863],[35.63054,33.64901],[35.62977,33.64991],[35.62947,33.65056],[35.62982,33.6504],[35.63054,33.65038],[35.62771,33.6523],[35.62702,33.65256],[35.62696,33.65272],[35.62755,33.65267],[35.62821,33.6529],[35.62952,33.65297],[35.63049,33.65323],[35.63177,33.65322],[35.63397,33.65382],[35.63461,33.65425],[35.63481,33.65411],[35.63501,33.65428],[35.63541,33.65405],[35.63595,33.65463],[35.638,33.65524],[35.6388,33.65562],[35.63954,33.65621],[35.64048,33.65582],[35.64067,33.65594],[35.64141,33.65546],[35.64209,33.65572],[35.64289,33.65569],[35.64367,33.65654],[35.64418,33.65634],[35.64441,33.65656],[35.64517,33.65654],[35.64553,33.65675],[35.6448,33.65698],[35.64596,33.65865],[35.64224,33.65885],[35.64049,33.65988],[35.64159,33.66084],[35.64309,33.66157],[35.64394,33.66174],[35.64547,33.66237],[35.64665,33.66313],[35.64744,33.66462],[35.64953,33.66689],[35.65092,33.66782],[35.65155,33.668],[35.65195,33.66933],[35.65378,33.67018],[35.6537,33.67044],[35.65403,33.67096],[35.65432,33.671],[35.65462,33.67158],[35.65526,33.67132],[35.65614,33.67233],[35.65593,33.67251],[35.65731,33.67389],[35.65777,33.67412],[35.65781,33.67457],[35.65832,33.67519],[35.65845,33.67595],[35.65835,33.6765],[35.65787,33.67735],[35.65807,33.67982],[35.65771,33.68092],[35.65608,33.68366],[35.65621,33.68439],[35.65778,33.68565],[35.65929,33.68509],[35.66041,33.68503],[35.6648,33.68598],[35.66795,33.68748],[35.66884,33.68814],[35.66968,33.688],[35.67123,33.68889],[35.66992,33.69146],[35.66962,33.69161],[35.66885,33.69165],[35.66771,33.69261],[35.66872,33.69533],[35.66852,33.69684],[35.66913,33.69925],[35.66827,33.70031],[35.66767,33.70033],[35.66706,33.70064],[35.66602,33.70086],[35.66576,33.70169],[35.66525,33.70206],[35.66566,33.70306],[35.6655,33.70414],[35.6657,33.70455],[35.66556,33.70501],[35.66567,33.7056],[35.66515,33.70801],[35.6652,33.70844],[35.66632,33.70916],[35.66688,33.71051],[35.66962,33.71286],[35.66985,33.71347],[35.66962,33.71442],[35.66942,33.71451],[35.66941,33.71499],[35.67012,33.7151],[35.67031,33.71542],[35.67357,33.71656],[35.67522,33.71685],[35.67565,33.71677],[35.67863,33.7183],[35.67885,33.71816],[35.67997,33.71812],[35.68172,33.71866],[35.68154,33.71892],[35.68243,33.71931],[35.68353,33.72085],[35.68505,33.72218],[35.68546,33.72233],[35.68579,33.72279],[35.68672,33.72315],[35.68696,33.72297],[35.6874,33.72344],[35.68764,33.72333],[35.68859,33.72348],[35.68929,33.72392],[35.68975,33.72354],[35.69023,33.72402],[35.69005,33.72421],[35.69019,33.72436],[35.69007,33.72454],[35.68947,33.72389],[35.68884,33.72424],[35.68896,33.72439],[35.68875,33.72462],[35.68819,33.7241],[35.68802,33.72419],[35.68853,33.72466],[35.68846,33.72484],[35.68812,33.72464],[35.68745,33.72482],[35.68628,33.72607],[35.68469,33.72696],[35.68567,33.72761],[35.68706,33.72778],[35.68735,33.72798],[35.68762,33.72874],[35.68736,33.72892],[35.68775,33.72914],[35.68831,33.73005],[35.68821,33.73028],[35.68847,33.73099],[35.68817,33.73113],[35.68911,33.73188],[35.68923,33.73218],[35.68853,33.73377],[35.68857,33.73435],[35.68798,33.73428],[35.68845,33.73478],[35.68843,33.73508],[35.68702,33.73406],[35.68699,33.73438],[35.68675,33.73431],[35.68707,33.73454],[35.68701,33.73474],[35.68616,33.73421],[35.68621,33.73453],[35.68717,33.73497],[35.68723,33.73522],[35.68602,33.73471],[35.68551,33.73534],[35.68508,33.73523],[35.68481,33.73535],[35.68493,33.73561],[35.68442,33.73609],[35.68392,33.73591],[35.68391,33.73606],[35.68339,33.73621],[35.68361,33.73647],[35.68258,33.73684],[35.68217,33.73635],[35.6825,33.73618],[35.68256,33.73577],[35.68217,33.7357],[35.68196,33.73498],[35.68104,33.73432],[35.67999,33.73389],[35.67954,33.73412],[35.67925,33.73445],[35.67952,33.73458],[35.67923,33.73466],[35.68022,33.73532],[35.67982,33.73572],[35.68,33.73612],[35.68038,33.73643],[35.68001,33.73666],[35.67974,33.73663],[35.67991,33.73707],[35.67922,33.73715],[35.67921,33.73761],[35.6796,33.73849],[35.68006,33.73869],[35.68086,33.73834],[35.68185,33.73892],[35.68318,33.74014],[35.68351,33.74097],[35.68394,33.74099],[35.68589,33.74249],[35.68604,33.74319],[35.68638,33.74378],[35.68638,33.7445],[35.68687,33.74593],[35.6875,33.74655],[35.68835,33.74674],[35.68836,33.74719],[35.68795,33.74762],[35.68778,33.74746],[35.68735,33.74805],[35.68859,33.74864],[35.68948,33.74868],[35.69093,33.74934],[35.69109,33.74908],[35.69127,33.74916],[35.69249,33.75057],[35.69267,33.75045],[35.69273,33.75129],[35.6935,33.75211],[35.69522,33.7535],[35.69635,33.75411],[35.69768,33.75564],[35.69835,33.75577],[35.69928,33.75653],[35.69971,33.75665],[35.70025,33.75624],[35.70055,33.75574],[35.70331,33.75471],[35.70446,33.75581],[35.70468,33.75651],[35.70577,33.7571],[35.70559,33.75826],[35.70663,33.75942],[35.70784,33.75991],[35.70811,33.76026],[35.70822,33.76085],[35.70649,33.76284],[35.70647,33.76318],[35.70699,33.76378],[35.70561,33.76419],[35.70491,33.7651],[35.7051,33.76648],[35.70577,33.7674],[35.70584,33.76784],[35.70505,33.76777],[35.70521,33.76853],[35.70624,33.76936],[35.70665,33.77015],[35.70779,33.77099],[35.70792,33.77159],[35.70893,33.7727],[35.71033,33.77384],[35.70993,33.77415],[35.71008,33.77431],[35.70983,33.77479],[35.70949,33.77493],[35.70947,33.77552],[35.71065,33.77617],[35.71092,33.77704],[35.71087,33.77737],[35.7112,33.77777],[35.71084,33.77809],[35.711,33.77907],[35.71125,33.7795],[35.71203,33.78018],[35.71243,33.78018],[35.71334,33.78109],[35.71421,33.78131],[35.71562,33.78236],[35.71801,33.7846],[35.71844,33.7853],[35.71987,33.78603],[35.72057,33.78664],[35.72106,33.78655],[35.72189,33.78741],[35.72173,33.7885],[35.72216,33.78918],[35.72193,33.78943],[35.72192,33.79001],[35.72206,33.79045],[35.72258,33.79065],[35.72229,33.79166],[35.7226,33.79279],[35.72226,33.79368],[35.72383,33.79476],[35.72492,33.7947],[35.72536,33.79434],[35.72682,33.79446],[35.7268,33.79421],[35.72724,33.79408],[35.72827,33.79459],[35.72856,33.79491],[35.72913,33.79501],[35.72945,33.79486],[35.72979,33.79493],[35.73041,33.79461],[35.7338,33.79468],[35.73485,33.7952],[35.73539,33.7952],[35.73643,33.79579],[35.73718,33.79592],[35.73772,33.79634],[35.73852,33.79636],[35.73972,33.7969],[35.74061,33.79709],[35.74139,33.7977],[35.74263,33.79816],[35.74317,33.79817],[35.74426,33.79861],[35.74476,33.79906],[35.74497,33.79902],[35.74666,33.79985],[35.74747,33.79996],[35.74821,33.80043],[35.74874,33.80042],[35.74898,33.80053],[35.7491,33.80081],[35.74983,33.80103],[35.75079,33.8021],[35.7515,33.80244],[35.75244,33.80318],[35.75353,33.80361],[35.75379,33.80411],[35.75425,33.80434],[35.75429,33.80477],[35.75477,33.80518],[35.75499,33.80568],[35.75541,33.80592],[35.75615,33.80685],[35.75694,33.80732],[35.75814,33.80754],[35.76144,33.80951],[35.76204,33.80937],[35.76258,33.80963],[35.76318,33.80967],[35.76354,33.80943],[35.76366,33.80984]]]},"properties":{"entity_type":"protected_area","name":"Shouf Biosphere Reserve","name_original":"Shouf Biosphere Reserve","designation":"UNESCO-MAB Biosphere Reserve","designation_type":"International","governance":"Collaborative governance","reported_area_km2":298.0,"gis_area_km2":296.179,"verification":"State Verified","geom_origin":"source_gis_polygon","spatial_precision":"source_polygon"}},{"type":"Feature","id":"pa:002","geometry":{"type":"Polygon","coordinates":[[[35.21734,33.2257],[35.21661,33.22279],[35.21459,33.22299],[35.21284,33.22089],[35.21068,33.22136],[35.11508,33.21888],[35.11768,33.22815],[35.12014,33.23482],[35.12283,33.24061],[35.12958,33.2536],[35.13244,33.25963],[35.20764,33.26198],[35.20762,33.26386],[35.20843,33.26366],[35.20991,33.26297],[35.21071,33.26197],[35.21276,33.25844],[35.21319,33.25805],[35.21588,33.251],[35.21636,33.24893],[35.21709,33.24413],[35.21252,33.24419],[35.21193,33.23452],[35.21237,33.23452],[35.2128,33.23475],[35.21437,33.23488],[35.21727,33.23559],[35.21992,33.23583],[35.22187,33.23399],[35.22059,33.23223],[35.21911,33.22892],[35.21921,33.22758],[35.2191,33.22727],[35.21858,33.22705],[35.21839,33.22676],[35.21854,33.2257],[35.21734,33.2257]]]},"properties":{"entity_type":"protected_area","name":"Tyre Coast Nature Reserve","name_original":"محمية شاطئ صور الطبيعية","designation":"Specially Protected Areas of Mediterranean Importance (Barcelona Convention)","designation_type":"Regional","governance":"Government-delegated management","reported_area_km2":38.892,"gis_area_km2":38.887,"verification":"State Verified","geom_origin":"source_gis_polygon","spatial_precision":"source_polygon"}},{"type":"Feature","id":"pa:003","geometry":{"type":"Polygon","coordinates":[[[35.77007,34.48822],[35.76751,34.49053],[35.76703,34.49111],[35.76647,34.49221],[35.76401,34.49178],[35.76183,34.49196],[35.76006,34.4919],[35.75811,34.4924],[35.75672,34.49319],[35.75583,34.49395],[35.75482,34.49525],[35.75452,34.49598],[35.75437,34.4975],[35.75482,34.49902],[35.75634,34.50121],[35.75771,34.50229],[35.75971,34.50318],[35.76052,34.50333],[35.76295,34.50335],[35.7646,34.50306],[35.76609,34.50237],[35.76727,34.50134],[35.76817,34.4999],[35.76847,34.49965],[35.77013,34.50035],[35.77424,34.5011],[35.77574,34.50099],[35.77692,34.5007],[35.77841,34.49997],[35.77958,34.49891],[35.78033,34.49761],[35.78118,34.49655],[35.78183,34.49523],[35.78195,34.49334],[35.78155,34.49192],[35.78276,34.49141],[35.78399,34.49046],[35.78456,34.48977],[35.78519,34.4885],[35.78536,34.48714],[35.78526,34.48647],[35.7847,34.48521],[35.78476,34.48415],[35.78434,34.48272],[35.78386,34.482],[35.78265,34.48093],[35.78108,34.48027],[35.7802,34.48012],[35.7784,34.48017],[35.77618,34.48094],[35.77489,34.48093],[35.7732,34.48135],[35.77163,34.48225],[35.77053,34.48341],[35.77016,34.48408],[35.76979,34.48498],[35.76957,34.48636],[35.76965,34.4871],[35.77007,34.48822]]]},"properties":{"entity_type":"protected_area","name":"Palm Islands Nature Reserve","name_original":"محمية جزيرة النخل وجزيرة سنني وجزيرة رامكين الطبيعية","designation":"Specially Protected Areas of Mediterranean Importance (Barcelona Convention)","designation_type":"Regional","governance":"Government-delegated management","reported_area_km2":4.177,"gis_area_km2":4.174,"verification":"State Verified","geom_origin":"source_gis_polygon","spatial_precision":"source_polygon"}},{"type":"Feature","id":"pa:004","geometry":{"type":"Polygon","coordinates":[[[35.55988,33.51507],[35.56054,33.51434],[35.56147,33.51403],[35.56015,33.51277],[35.55985,33.51127],[35.56112,33.51082],[35.56419,33.50782],[35.56571,33.50715],[35.56769,33.50775],[35.56857,33.50873],[35.56901,33.50901],[35.56986,33.50899],[35.57236,33.50973],[35.57465,33.50925],[35.57566,33.50873],[35.57732,33.5097],[35.57851,33.50953],[35.58036,33.50849],[35.58462,33.50833],[35.58578,33.50716],[35.58613,33.50429],[35.58772,33.5034],[35.58836,33.50202],[35.59048,33.50133],[35.59235,33.50115],[35.59331,33.50178],[35.59629,33.50136],[35.59867,33.50216],[35.60128,33.50089],[35.60247,33.50065],[35.60474,33.49943],[35.60918,33.49768],[35.61059,33.49635],[35.61076,33.49506],[35.61067,33.49242],[35.61105,33.49051],[35.61213,33.48795],[35.61304,33.48659],[35.61547,33.484],[35.61526,33.48285],[35.61461,33.4814],[35.61568,33.48019],[35.6156,33.47948],[35.61497,33.47844],[35.6155,33.47814],[35.6172,33.47784],[35.61977,33.47548],[35.62031,33.47461],[35.62115,33.47416],[35.62099,33.47301],[35.62094,33.47016],[35.6203,33.46867],[35.61898,33.46734],[35.61935,33.46567],[35.61837,33.46433],[35.61714,33.46314],[35.61412,33.46199],[35.614,33.45784],[35.61359,33.45571],[35.61643,33.45071],[35.61483,33.44874],[35.6137,33.44812],[35.61503,33.44673],[35.61462,33.44452],[35.61315,33.44401],[35.61177,33.44326],[35.61175,33.43975],[35.61018,33.43878],[35.60904,33.43501],[35.60891,33.4333],[35.60921,33.43222],[35.61151,33.43181],[35.61462,33.43325],[35.61754,33.43669],[35.61933,33.4393],[35.61861,33.44104],[35.62011,33.44244],[35.62282,33.44739],[35.62388,33.4488],[35.62561,33.44933],[35.62928,33.4494],[35.63036,33.44844],[35.63246,33.44725],[35.63347,33.44695],[35.63477,33.44756],[35.63688,33.44652],[35.63173,33.43732],[35.63048,33.43542],[35.62917,33.43437],[35.62877,33.43252],[35.6295,33.43129],[35.63074,33.42997],[35.63025,33.42798],[35.63047,33.42656],[35.62906,33.42501],[35.62585,33.42358],[35.6242,33.42254],[35.62331,33.42141],[35.62383,33.41883],[35.62378,33.41718],[35.62259,33.41434],[35.62155,33.41372],[35.61995,33.41461],[35.61744,33.41617],[35.61647,33.41812],[35.61359,33.41604],[35.61033,33.41539],[35.60893,33.41427],[35.60765,33.40844],[35.60751,33.40651],[35.60618,33.40489],[35.60426,33.40336],[35.60249,33.40153],[35.60116,33.39956],[35.59986,33.39887],[35.59798,33.39884],[35.59557,33.3981],[35.59466,33.39619],[35.59399,33.39377],[35.59408,33.39126],[35.59362,33.38724],[35.59153,33.38586],[35.5902,33.38409],[35.58669,33.38367],[35.58487,33.38249],[35.58044,33.38272],[35.57726,33.38486],[35.57413,33.38565],[35.56951,33.38538],[35.56429,33.3847],[35.56192,33.38246],[35.56018,33.3815],[35.55795,33.38104],[35.55561,33.3798],[35.55319,33.37878],[35.55213,33.37737],[35.55024,33.37412],[35.54873,33.37193],[35.54691,33.37096],[35.54838,33.36886],[35.54835,33.36771],[35.54754,33.36623],[35.5486,33.36449],[35.54778,33.36279],[35.54579,33.36175],[35.54587,33.35875],[35.54526,33.35725],[35.54326,33.35615],[35.54129,33.35561],[35.53811,33.35503],[35.5368,33.35678],[35.53732,33.35992],[35.53905,33.36375],[35.53765,33.36549],[35.5367,33.36802],[35.537,33.36966],[35.53594,33.37111],[35.53461,33.37235],[35.53166,33.37062],[35.52925,33.36981],[35.52602,33.37031],[35.52346,33.37015],[35.52327,33.37565],[35.5234,33.37701],[35.52302,33.37881],[35.52255,33.38018],[35.52353,33.38166],[35.52439,33.38186],[35.52467,33.38226],[35.52376,33.38335],[35.52309,33.38659],[35.52314,33.38837],[35.52427,33.38907],[35.52357,33.39151],[35.52363,33.39345],[35.52724,33.39437],[35.52579,33.39748],[35.52716,33.39781],[35.52825,33.40001],[35.52941,33.40184],[35.5301,33.40477],[35.53277,33.40858],[35.53532,33.41111],[35.53671,33.41209],[35.53729,33.41451],[35.53921,33.41583],[35.5409,33.41816],[35.54226,33.42085],[35.53968,33.42312],[35.53698,33.42418],[35.53413,33.42323],[35.52997,33.42403],[35.52888,33.42456],[35.52841,33.426],[35.52727,33.42795],[35.52407,33.42939],[35.52299,33.43042],[35.52295,33.43213],[35.52429,33.43397],[35.52563,33.4363],[35.52284,33.43715],[35.52054,33.43727],[35.51819,33.4386],[35.51659,33.43928],[35.51443,33.43861],[35.51309,33.43935],[35.51072,33.43997],[35.50872,33.43872],[35.5071,33.4389],[35.50575,33.43957],[35.50296,33.44041],[35.50242,33.43942],[35.50082,33.44024],[35.50217,33.44272],[35.50415,33.44325],[35.50564,33.44444],[35.50621,33.44657],[35.50701,33.44756],[35.50883,33.44852],[35.51022,33.4495],[35.5105,33.45021],[35.5092,33.45257],[35.50849,33.45451],[35.50807,33.45767],[35.50897,33.4593],[35.51009,33.45985],[35.51314,33.459],[35.51226,33.46074],[35.51245,33.46152],[35.51444,33.46248],[35.51602,33.46395],[35.5164,33.46537],[35.5161,33.4666],[35.5173,33.46972],[35.51674,33.47116],[35.51577,33.47297],[35.51635,33.47819],[35.51527,33.47928],[35.51304,33.47918],[35.5107,33.4808],[35.50983,33.48039],[35.50842,33.48163],[35.50981,33.48239],[35.50891,33.48377],[35.507,33.48588],[35.50438,33.48959],[35.50366,33.49153],[35.50394,33.49239],[35.5032,33.49333],[35.50081,33.49338],[35.4999,33.4944],[35.50011,33.49554],[35.50076,33.49739],[35.50254,33.49692],[35.50809,33.49703],[35.50868,33.49666],[35.51042,33.49769],[35.51143,33.49724],[35.5126,33.49622],[35.51336,33.49606],[35.51482,33.49639],[35.5156,33.4968],[35.51743,33.49805],[35.51866,33.49917],[35.51973,33.50065],[35.52042,33.50371],[35.52301,33.50487],[35.52403,33.50743],[35.52347,33.50887],[35.52427,33.50979],[35.52531,33.51055],[35.52656,33.50938],[35.52784,33.50936],[35.52831,33.51063],[35.53182,33.51106],[35.53282,33.51018],[35.53158,33.50856],[35.52995,33.50559],[35.52957,33.50402],[35.53072,33.50558],[35.53221,33.50683],[35.53325,33.50738],[35.53415,33.50873],[35.53535,33.50913],[35.53655,33.50903],[35.53798,33.50843],[35.54163,33.50757],[35.54444,33.50737],[35.54646,33.50625],[35.54959,33.50533],[35.55103,33.50473],[35.55117,33.50673],[35.55264,33.51006],[35.55223,33.51079],[35.55114,33.51153],[35.5512,33.51346],[35.55305,33.51256],[35.55329,33.51492],[35.55473,33.51446],[35.55596,33.51565],[35.55856,33.51681],[35.55982,33.51614],[35.55988,33.51507]]]},"properties":{"entity_type":"protected_area","name":"Jabal Al Rihane Biosphere Reserve","name_original":"Jabal Al Rihane Biosphere Reserve","designation":"UNESCO-MAB Biosphere Reserve","designation_type":"International","governance":"Not Reported","reported_area_km2":128.97,"gis_area_km2":125.684,"verification":"State Verified","geom_origin":"source_gis_polygon","spatial_precision":"source_polygon"}},{"type":"Feature","id":"pa:005","geometry":{"type":"Polygon","coordinates":[[[35.81983,34.10347],[35.8198,34.10267],[35.81896,34.10269],[35.81889,34.10078],[35.81564,34.09715],[35.81681,34.09612],[35.81823,34.09529],[35.82246,34.09579],[35.82367,34.09576],[35.82459,34.09454],[35.82421,34.09395],[35.82359,34.09346],[35.82327,34.09096],[35.82675,34.09078],[35.82921,34.08862],[35.83011,34.0867],[35.83175,34.08536],[35.83084,34.08327],[35.83128,34.08206],[35.83269,34.08093],[35.83364,34.0805],[35.83193,34.07974],[35.8314,34.07845],[35.8304,34.07737],[35.83049,34.07647],[35.83034,34.07537],[35.83234,34.07412],[35.83306,34.074],[35.83329,34.0737],[35.83327,34.0731],[35.83217,34.07262],[35.83223,34.07066],[35.83266,34.06934],[35.83503,34.06819],[35.83489,34.06739],[35.83512,34.06708],[35.83448,34.06619],[35.83458,34.06539],[35.83528,34.06477],[35.83538,34.06427],[35.83527,34.06097],[35.83696,34.06113],[35.83778,34.06041],[35.83838,34.06019],[35.83835,34.05939],[35.83774,34.05911],[35.83702,34.05902],[35.83576,34.05755],[35.83508,34.05516],[35.83291,34.05521],[35.82724,34.05474],[35.82673,34.05375],[35.82863,34.053],[35.82789,34.05242],[35.8256,34.05237],[35.82256,34.05164],[35.82072,34.05038],[35.81986,34.05],[35.81842,34.05003],[35.81687,34.05047],[35.8153,34.0505],[35.81396,34.04983],[35.81069,34.04941],[35.80909,34.04834],[35.8075,34.04757],[35.8058,34.04711],[35.8048,34.04603],[35.80288,34.04608],[35.80098,34.04682],[35.79871,34.04747],[35.79321,34.04509],[35.7927,34.0442],[35.78951,34.04227],[35.78634,34.04101],[35.78471,34.04285],[35.78051,34.03954],[35.78219,34.03179],[35.77869,34.03177],[35.77817,34.03047],[35.77645,34.02938],[35.77434,34.02742],[35.77103,34.0255],[35.76995,34.02552],[35.76569,34.02782],[35.7646,34.02764],[35.76361,34.02676],[35.7636,34.02646],[35.76312,34.02658],[35.76171,34.02761],[35.7611,34.02732],[35.76084,34.02693],[35.76002,34.02755],[35.75929,34.02736],[35.7567,34.02892],[35.74101,34.03068],[35.73847,34.03043],[35.7381,34.03014],[35.73568,34.02949],[35.73649,34.02867],[35.73608,34.02718],[35.73511,34.0269],[35.73451,34.02701],[35.73352,34.02613],[35.732,34.02747],[35.72664,34.02929],[35.72185,34.0299],[35.72007,34.03064],[35.71899,34.03077],[35.7184,34.03118],[35.71753,34.0305],[35.71644,34.03032],[35.71551,34.03134],[35.71433,34.03207],[35.71385,34.03208],[35.71298,34.0312],[35.71227,34.03152],[35.71357,34.03459],[35.71464,34.03778],[35.71588,34.03905],[35.71462,34.04098],[35.71539,34.04247],[35.7171,34.04323],[35.71422,34.0435],[35.71423,34.0438],[35.71511,34.04518],[35.71441,34.0457],[35.71406,34.04621],[35.71345,34.04602],[35.71238,34.04645],[35.71166,34.04646],[35.71171,34.04786],[35.71231,34.04775],[35.7127,34.04894],[35.71601,34.05057],[35.7171,34.05085],[35.71721,34.05045],[35.7176,34.05134],[35.71692,34.05286],[35.71514,34.0537],[35.71251,34.05406],[35.71133,34.05489],[35.70918,34.05543],[35.70752,34.05617],[35.7066,34.0576],[35.70432,34.05785],[35.704,34.05906],[35.70638,34.0584],[35.70808,34.05857],[35.71137,34.0598],[35.7151,34.05971],[35.71729,34.06067],[35.7179,34.06075],[35.71672,34.06158],[35.71685,34.06188],[35.72018,34.0606],[35.72092,34.06129],[35.72105,34.06529],[35.72261,34.06516],[35.72228,34.06617],[35.72078,34.06791],[35.72021,34.06892],[35.71939,34.06964],[35.71871,34.07096],[35.72084,34.07372],[35.71731,34.0763],[35.7171,34.07731],[35.71604,34.07803],[35.71496,34.07815],[35.71498,34.07886],[35.71333,34.07999],[35.71155,34.08084],[35.7099,34.08187],[35.7072,34.08394],[35.70709,34.08424],[35.71246,34.08272],[35.71596,34.08314],[35.71577,34.08185],[35.72146,34.08267],[35.72334,34.08263],[35.72689,34.08349],[35.7253,34.08499],[35.72508,34.08583],[35.7241,34.08669],[35.72552,34.08771],[35.72678,34.08789],[35.72776,34.08692],[35.72968,34.08803],[35.7297,34.08866],[35.73085,34.08916],[35.73406,34.08741],[35.73846,34.08721],[35.74046,34.08675],[35.74332,34.08563],[35.74311,34.0871],[35.74562,34.08694],[35.74665,34.08765],[35.75444,34.08737],[35.75703,34.08575],[35.75808,34.08708],[35.76024,34.08766],[35.76239,34.08782],[35.7619,34.08846],[35.76484,34.08965],[35.76584,34.08974],[35.76607,34.08889],[35.76772,34.08927],[35.76798,34.08969],[35.77099,34.08941],[35.77153,34.09055],[35.77681,34.09022],[35.77754,34.08958],[35.77974,34.09141],[35.78101,34.0917],[35.78281,34.09291],[35.78308,34.09364],[35.78437,34.09445],[35.78676,34.09439],[35.78841,34.09498],[35.79118,34.09492],[35.79308,34.09519],[35.79688,34.09615],[35.79979,34.0965],[35.80243,34.09644],[35.80294,34.09664],[35.80348,34.09713],[35.80552,34.09708],[35.80677,34.09826],[35.80799,34.09873],[35.81077,34.09917],[35.81187,34.09954],[35.81458,34.10158],[35.81558,34.10266],[35.81613,34.10456],[35.81687,34.10524],[35.81914,34.10449],[35.81983,34.10347]]]},"properties":{"entity_type":"protected_area","name":"Jabal Moussa Biosphere Reserve","name_original":"Jabal Moussa Biosphere Reserve","designation":"UNESCO-MAB Biosphere Reserve","designation_type":"International","governance":"Non-profit organisations","reported_area_km2":64.83,"gis_area_km2":64.778,"verification":"State Verified","geom_origin":"source_gis_polygon","spatial_precision":"source_polygon"}},{"type":"Feature","id":"pa:006","geometry":{"type":"MultiPolygon","coordinates":[[[[35.6639,34.00399],[35.66488,34.00364],[35.66496,34.00395],[35.66585,34.00379],[35.66592,34.00343],[35.66665,34.0031],[35.6655,34.00282],[35.66466,34.00324],[35.6639,34.00399]]],[[[35.67521,34.00721],[35.67764,34.00687],[35.67828,34.0062],[35.67973,34.00604],[35.67753,34.00387],[35.6773,34.00326],[35.67533,34.00287],[35.67285,34.00122],[35.67146,34.00231],[35.67133,34.00258],[35.67144,34.00304],[35.67178,34.00358],[35.67227,34.0038],[35.67385,34.00627],[35.67521,34.00721]]]]},"properties":{"entity_type":"protected_area","name":"Mashaa Chnaniir Nature Reserve","name_original":"محمية مشاع شننعير الطبيعية","designation":"Nature Reserve","designation_type":"National","governance":"Government-delegated management","reported_area_km2":0.271,"gis_area_km2":0.27,"verification":"State Verified","geom_origin":"source_gis_polygon","spatial_precision":"source_polygon"}},{"type":"Feature","id":"pa:007","geometry":{"type":"Polygon","coordinates":[[[36.01978,34.17201],[36.02076,34.17111],[36.02071,34.17183],[36.03385,34.16791],[36.03329,34.1672],[36.03453,34.16733],[36.0348,34.16761],[36.03568,34.168],[36.03682,34.16758],[36.03935,34.1686],[36.04679,34.16366],[36.0503,34.16161],[36.05145,34.16113],[36.05122,34.16078],[36.05067,34.16061],[36.05024,34.16024],[36.04995,34.16068],[36.04862,34.15945],[36.048,34.15975],[36.04778,34.15971],[36.04774,34.15853],[36.04737,34.15807],[36.04738,34.15786],[36.0468,34.15731],[36.04695,34.15704],[36.04593,34.15661],[36.04589,34.15588],[36.04567,34.15562],[36.04425,34.15485],[36.04437,34.15459],[36.04347,34.154],[36.04372,34.15499],[36.04279,34.15512],[36.04298,34.15414],[36.04255,34.15381],[36.04252,34.15352],[36.04326,34.15356],[36.04306,34.15327],[36.04315,34.15291],[36.04454,34.15238],[36.04451,34.15205],[36.04481,34.15186],[36.04435,34.15125],[36.04417,34.15118],[36.04373,34.15156],[36.04321,34.15131],[36.04114,34.15318],[36.04083,34.15307],[36.04119,34.15245],[36.04075,34.1523],[36.04038,34.15179],[36.04021,34.1515],[36.04042,34.15138],[36.04033,34.15109],[36.03943,34.15062],[36.03882,34.151],[36.03847,34.15082],[36.03804,34.15039],[36.03717,34.14998],[36.03688,34.14907],[36.03663,34.14885],[36.03663,34.14863],[36.03701,34.14859],[36.03742,34.14832],[36.03866,34.14724],[36.03884,34.14677],[36.0382,34.14654],[36.03767,34.147],[36.03735,34.14704],[36.03649,34.14662],[36.03592,34.14685],[36.03575,34.14678],[36.03576,34.14644],[36.03597,34.14615],[36.03585,34.14594],[36.03545,34.14586],[36.03526,34.14538],[36.03442,34.14535],[36.03395,34.14515],[36.03294,34.14539],[36.03242,34.14495],[36.03243,34.14449],[36.03271,34.14418],[36.03341,34.14386],[36.03346,34.14357],[36.03321,34.14325],[36.03349,34.14316],[36.03405,34.14331],[36.03444,34.1423],[36.03356,34.14131],[36.03305,34.14095],[36.03322,34.14083],[36.03246,34.14002],[36.03314,34.13961],[36.03303,34.13956],[36.03313,34.13912],[36.03242,34.13855],[36.03161,34.13698],[36.03126,34.137],[36.03121,34.13758],[36.03083,34.13749],[36.0307,34.13732],[36.03087,34.13695],[36.0308,34.13656],[36.03123,34.13639],[36.031,34.13567],[36.03079,34.13552],[36.03015,34.13582],[36.02999,34.13577],[36.02957,34.13547],[36.02958,34.13504],[36.02861,34.13453],[36.02737,34.13309],[36.02731,34.13292],[36.02762,34.13257],[36.02755,34.13234],[36.02631,34.13163],[36.02604,34.13105],[36.02605,34.13038],[36.02567,34.13052],[36.02478,34.13129],[36.02324,34.12983],[36.02276,34.1289],[36.02446,34.12786],[36.02326,34.12779],[36.02297,34.12732],[36.02247,34.12775],[36.022,34.12725],[36.02173,34.1274],[36.02133,34.12671],[36.02176,34.1263],[36.02123,34.12567],[36.02003,34.12336],[36.02004,34.12274],[36.02023,34.1223],[36.02084,34.122],[36.02055,34.12125],[36.02025,34.12078],[36.01767,34.11893],[36.01739,34.11856],[36.01822,34.11832],[36.01871,34.11742],[36.01869,34.117],[36.01701,34.11419],[36.01708,34.11351],[36.01658,34.1127],[36.01682,34.11195],[36.01671,34.11167],[36.0155,34.11065],[36.01472,34.1104],[36.01491,34.10971],[36.01544,34.10976],[36.01549,34.10943],[36.01543,34.10878],[36.01518,34.10828],[36.0148,34.10843],[36.01458,34.10836],[36.01451,34.10815],[36.01462,34.10723],[36.01439,34.10652],[36.01444,34.10607],[36.0151,34.10486],[36.01503,34.10436],[36.01561,34.10365],[36.01554,34.10312],[36.01584,34.1027],[36.01575,34.10239],[36.01531,34.10209],[36.01386,34.10132],[36.01346,34.10064],[36.01351,34.10028],[36.01391,34.10006],[36.01383,34.09952],[36.01416,34.09924],[36.01422,34.09868],[36.01463,34.09806],[36.01488,34.09817],[36.01759,34.10098],[36.01947,34.10356],[36.02045,34.10433],[36.02134,34.10535],[36.02263,34.10626],[36.02417,34.11067],[36.02564,34.11173],[36.02623,34.11294],[36.0274,34.11422],[36.02822,34.11555],[36.0309,34.11822],[36.03163,34.11926],[36.03259,34.1199],[36.0351,34.12104],[36.03561,34.12166],[36.03726,34.1225],[36.03843,34.12338],[36.0398,34.12485],[36.04091,34.12828],[36.04193,34.12943],[36.04395,34.13069],[36.04453,34.13081],[36.04492,34.13171],[36.04688,34.13309],[36.04849,34.13468],[36.0493,34.13491],[36.0511,34.13696],[36.05195,34.13701],[36.05204,34.13753],[36.05257,34.13829],[36.05428,34.13965],[36.05491,34.13997],[36.05507,34.14036],[36.05602,34.14004],[36.05748,34.14031],[36.0585,34.14028],[36.06102,34.1396],[36.06313,34.13791],[36.06471,34.13751],[36.06569,34.13696],[36.06592,34.13662],[36.06635,34.13667],[36.06674,34.13552],[36.06685,34.13423],[36.06708,34.13387],[36.06828,34.13297],[36.07067,34.13173],[36.07166,34.13105],[36.07239,34.13091],[36.07281,34.12964],[36.07357,34.12974],[36.07506,34.12121],[36.07248,34.12011],[36.07043,34.12016],[36.0684,34.11934],[36.06545,34.11875],[36.06425,34.11762],[36.06283,34.11735],[36.06185,34.11604],[36.05969,34.1149],[36.05553,34.11395],[36.053,34.11422],[36.05229,34.11315],[36.05081,34.11229],[36.0494,34.11304],[36.04646,34.11145],[36.04391,34.11249],[36.0436,34.11183],[36.0425,34.11059],[36.03916,34.11092],[36.03888,34.10989],[36.03691,34.10946],[36.03402,34.10995],[36.03278,34.10936],[36.03306,34.10709],[36.03445,34.10579],[36.03481,34.10404],[36.03468,34.10341],[36.03526,34.10267],[36.03522,34.10039],[36.03101,34.10043],[36.03092,34.09902],[36.02958,34.09966],[36.02864,34.0997],[36.02831,34.10006],[36.0279,34.1002],[36.0266,34.10031],[36.02639,34.10008],[36.02608,34.10006],[36.02542,34.09801],[36.02615,34.09711],[36.02632,34.09596],[36.0252,34.09404],[36.02503,34.09315],[36.02534,34.09227],[36.02538,34.09138],[36.02609,34.09061],[36.02616,34.09002],[36.02665,34.08994],[36.02683,34.08921],[36.02715,34.0892],[36.0273,34.08771],[36.02525,34.08665],[36.02269,34.08583],[36.01986,34.08853],[36.0194,34.08869],[36.01721,34.08881],[36.0166,34.089],[36.01483,34.08999],[36.01404,34.09123],[36.01326,34.09056],[36.013,34.09084],[36.00985,34.09021],[36.00902,34.09009],[36.00858,34.09021],[36.00774,34.08981],[36.00684,34.08898],[36.006,34.08851],[36.00534,34.08863],[36.00305,34.08787],[36.00285,34.09001],[36.00205,34.09285],[36.0043,34.09812],[36.00506,34.10328],[36.00584,34.10591],[36.00578,34.11021],[36.00712,34.11214],[36.00822,34.11592],[36.01027,34.11946],[36.01175,34.121],[36.01366,34.12265],[36.01464,34.12529],[36.01492,34.12657],[36.01731,34.13118],[36.01828,34.13275],[36.01897,34.13747],[36.02751,34.15368],[36.03456,34.16433],[36.02804,34.1659],[36.00416,34.16835],[36.01978,34.17201]]]},"properties":{"entity_type":"protected_area","name":"Yammouneh Nature Reserve","name_original":"محمية اليمونة الطبيعية","designation":"Nature Reserve","designation_type":"National","governance":"Government-delegated management","reported_area_km2":21.002,"gis_area_km2":20.978,"verification":"State Verified","geom_origin":"source_gis_polygon","spatial_precision":"source_polygon"}},{"type":"Feature","id":"pa:008","geometry":{"type":"Polygon","coordinates":[[[35.76215,33.77319],[35.76242,33.77246],[35.76278,33.77245],[35.76422,33.77317],[35.76542,33.77325],[35.76585,33.77315],[35.76708,33.77233],[35.76834,33.77184],[35.77149,33.77285],[35.77173,33.77192],[35.77503,33.77145],[35.77696,33.77137],[35.7771,33.7716],[35.77891,33.77138],[35.77984,33.77104],[35.7802,33.77044],[35.77988,33.7702],[35.77934,33.77026],[35.77889,33.77051],[35.77881,33.77034],[35.77851,33.7703],[35.78064,33.76972],[35.78048,33.76814],[35.7814,33.76823],[35.78307,33.76799],[35.78455,33.76842],[35.78666,33.76781],[35.78912,33.76687],[35.79067,33.76673],[35.79172,33.76697],[35.79259,33.7668],[35.7936,33.76725],[35.79452,33.76685],[35.79453,33.76657],[35.79419,33.76569],[35.79292,33.76413],[35.79283,33.76351],[35.79305,33.76318],[35.79245,33.76188],[35.79249,33.76144],[35.7916,33.75978],[35.79089,33.75891],[35.78898,33.75718],[35.789,33.75671],[35.78861,33.75624],[35.78749,33.7557],[35.78598,33.75545],[35.78589,33.75506],[35.78459,33.75372],[35.78426,33.75312],[35.78276,33.75184],[35.78265,33.75132],[35.78224,33.75116],[35.78193,33.75063],[35.78201,33.74951],[35.78105,33.74732],[35.77883,33.74448],[35.77175,33.73741],[35.77055,33.7356],[35.76976,33.73495],[35.76841,33.73426],[35.76713,33.73321],[35.76439,33.73309],[35.76358,33.73146],[35.76187,33.73022],[35.76182,33.72961],[35.76142,33.72893],[35.76107,33.72765],[35.76069,33.72715],[35.76017,33.72591],[35.76029,33.72499],[35.76071,33.72482],[35.76095,33.72451],[35.76102,33.72236],[35.75435,33.71829],[35.75326,33.71652],[35.75376,33.71317],[35.75467,33.71224],[35.75485,33.71044],[35.75439,33.70849],[35.75588,33.70818],[35.75805,33.70877],[35.75857,33.70848],[35.75979,33.70916],[35.76108,33.70942],[35.76111,33.70902],[35.75931,33.70345],[35.75662,33.69928],[35.75554,33.69689],[35.75312,33.69845],[35.75223,33.69817],[35.75163,33.6984],[35.74589,33.70527],[35.74254,33.70051],[35.7382,33.69683],[35.73708,33.69619],[35.73562,33.69569],[35.73523,33.69423],[35.7346,33.69281],[35.73194,33.68877],[35.72856,33.69051],[35.72462,33.69163],[35.71907,33.68677],[35.71803,33.68477],[35.71543,33.68283],[35.71314,33.68386],[35.71054,33.68131],[35.70748,33.68004],[35.70702,33.67891],[35.70326,33.67727],[35.70193,33.67724],[35.69959,33.67627],[35.70009,33.67433],[35.69945,33.67156],[35.70016,33.67128],[35.70205,33.66842],[35.70231,33.66687],[35.70403,33.66629],[35.70453,33.66397],[35.70523,33.6634],[35.70594,33.66111],[35.70618,33.66031],[35.70636,33.65868],[35.70762,33.65906],[35.71003,33.65606],[35.7111,33.65536],[35.71182,33.65569],[35.71426,33.65378],[35.71356,33.65324],[35.71274,33.65293],[35.71092,33.65295],[35.70963,33.65238],[35.70851,33.65251],[35.70769,33.6528],[35.70383,33.65553],[35.70373,33.65576],[35.70441,33.65677],[35.70445,33.65755],[35.70313,33.66037],[35.70181,33.66097],[35.7017,33.66371],[35.69916,33.6663],[35.697,33.66791],[35.69559,33.66523],[35.69615,33.66264],[35.6935,33.66025],[35.69278,33.65914],[35.69214,33.65858],[35.69188,33.65442],[35.68915,33.65024],[35.68709,33.64564],[35.68598,33.64438],[35.68375,33.64348],[35.68291,33.6422],[35.68252,33.64039],[35.68258,33.63935],[35.67497,33.63156],[35.67686,33.63079],[35.68024,33.6341],[35.68221,33.63711],[35.68639,33.63869],[35.68618,33.63822],[35.68641,33.63714],[35.68807,33.63631],[35.68933,33.63544],[35.6907,33.63495],[35.69276,33.63356],[35.69444,33.63275],[35.69386,33.63238],[35.69373,33.63205],[35.69203,33.63308],[35.69183,33.63288],[35.69211,33.63254],[35.69131,33.63253],[35.69118,33.63234],[35.6913,33.63187],[35.69216,33.63172],[35.69236,33.63139],[35.69204,33.63126],[35.69248,33.63101],[35.69264,33.63081],[35.69251,33.63076],[35.69132,33.63167],[35.69101,33.63169],[35.6905,33.63203],[35.68944,33.63139],[35.69,33.63085],[35.69009,33.6304],[35.68959,33.62989],[35.68943,33.62916],[35.68964,33.62901],[35.68957,33.62852],[35.68908,33.62798],[35.68927,33.62807],[35.68935,33.62778],[35.68906,33.62748],[35.68965,33.62629],[35.68895,33.62631],[35.68888,33.62647],[35.68857,33.62622],[35.68789,33.6262],[35.68777,33.62597],[35.68805,33.62563],[35.6876,33.62508],[35.6873,33.62534],[35.68591,33.62544],[35.68581,33.62524],[35.68697,33.62451],[35.68644,33.62336],[35.68616,33.62301],[35.68604,33.62329],[35.68486,33.62353],[35.68484,33.62325],[35.68537,33.62302],[35.68542,33.62285],[35.68577,33.62274],[35.68595,33.62293],[35.68621,33.62281],[35.68557,33.62199],[35.68578,33.62177],[35.68553,33.62177],[35.6855,33.62162],[35.6859,33.62114],[35.68566,33.62096],[35.68593,33.62089],[35.68654,33.62006],[35.68686,33.62009],[35.6872,33.61928],[35.68666,33.6191],[35.68604,33.61954],[35.68592,33.61942],[35.68603,33.61923],[35.68646,33.61896],[35.6861,33.61869],[35.68617,33.61861],[35.68504,33.61845],[35.685,33.61864],[35.68462,33.61869],[35.68458,33.61822],[35.68383,33.61816],[35.68311,33.61786],[35.68331,33.61783],[35.68372,33.61702],[35.68451,33.61755],[35.68578,33.61754],[35.6856,33.61696],[35.6857,33.61672],[35.68649,33.61629],[35.68666,33.61639],[35.68662,33.61665],[35.68676,33.61657],[35.68706,33.61572],[35.68761,33.61582],[35.68761,33.61555],[35.68746,33.61558],[35.68677,33.61443],[35.68664,33.61463],[35.68605,33.61463],[35.68586,33.6151],[35.6859,33.61584],[35.68578,33.61609],[35.68528,33.61638],[35.68476,33.61573],[35.68489,33.61467],[35.6847,33.61412],[35.68504,33.61383],[35.6853,33.61394],[35.68536,33.6136],[35.68579,33.61381],[35.68576,33.61361],[35.68516,33.61318],[35.68432,33.61308],[35.68435,33.61265],[35.68481,33.61247],[35.6854,33.61267],[35.68561,33.61227],[35.68531,33.61215],[35.68547,33.61188],[35.68603,33.61162],[35.68638,33.61201],[35.68603,33.61222],[35.68617,33.61248],[35.68654,33.61208],[35.68671,33.6124],[35.68751,33.61277],[35.68761,33.6132],[35.68746,33.61341],[35.68793,33.61351],[35.68807,33.61381],[35.68785,33.61394],[35.68816,33.61422],[35.68887,33.61442],[35.69002,33.61438],[35.68984,33.61393],[35.68956,33.61401],[35.6888,33.61334],[35.68876,33.61226],[35.68838,33.6119],[35.688,33.61193],[35.68788,33.61072],[35.68761,33.61025],[35.68639,33.61034],[35.68642,33.60998],[35.68594,33.60962],[35.68591,33.60894],[35.68641,33.60847],[35.68611,33.60801],[35.68584,33.60788],[35.68605,33.60765],[35.68554,33.60675],[35.68543,33.6068],[35.6853,33.60611],[35.68447,33.60521],[35.68298,33.60499],[35.68315,33.60401],[35.68373,33.60335],[35.68317,33.60312],[35.6831,33.60194],[35.6836,33.60184],[35.68382,33.60155],[35.68333,33.60121],[35.68316,33.60146],[35.6831,33.60074],[35.68281,33.60091],[35.68246,33.60055],[35.68224,33.60146],[35.68198,33.60186],[35.6814,33.60221],[35.68107,33.60215],[35.6811,33.60234],[35.6804,33.60267],[35.6805,33.60287],[35.68021,33.60302],[35.68011,33.60348],[35.68001,33.60302],[35.67957,33.60316],[35.67946,33.603],[35.67989,33.60243],[35.68039,33.60214],[35.68064,33.60161],[35.6806,33.60116],[35.68077,33.60132],[35.68065,33.60177],[35.68085,33.60127],[35.68095,33.60074],[35.68062,33.60012],[35.68087,33.59938],[35.67996,33.59876],[35.67985,33.59828],[35.67898,33.59836],[35.67863,33.59864],[35.6779,33.59836],[35.67786,33.59784],[35.67749,33.5973],[35.67786,33.59727],[35.67776,33.59699],[35.67746,33.59694],[35.67719,33.59646],[35.6767,33.59652],[35.67686,33.59568],[35.67593,33.59509],[35.67569,33.59512],[35.67563,33.59416],[35.67628,33.59355],[35.67881,33.59322],[35.67866,33.59265],[35.67964,33.59238],[35.67973,33.59199],[35.68176,33.59213],[35.68164,33.59245],[35.68199,33.59249],[35.6819,33.59231],[35.68234,33.5922],[35.68247,33.59204],[35.68188,33.59131],[35.68236,33.59143],[35.68264,33.59092],[35.68278,33.591],[35.68294,33.59055],[35.68304,33.59064],[35.68336,33.59028],[35.68285,33.58892],[35.68292,33.58875],[35.68363,33.58837],[35.68359,33.58779],[35.68345,33.58783],[35.68325,33.58728],[35.68294,33.58698],[35.68193,33.58736],[35.68105,33.58655],[35.68031,33.58687],[35.67981,33.58663],[35.67939,33.58674],[35.67936,33.5863],[35.67962,33.58611],[35.67923,33.5858],[35.67915,33.58529],[35.68008,33.58522],[35.68013,33.58502],[35.67952,33.58414],[35.67934,33.58443],[35.67884,33.58444],[35.67863,33.58397],[35.67775,33.58354],[35.67702,33.58186],[35.67689,33.58212],[35.67643,33.5823],[35.67601,33.5823],[35.67578,33.58212],[35.67572,33.58175],[35.67595,33.58166],[35.67576,33.58145],[35.67586,33.58125],[35.67568,33.58107],[35.67564,33.58126],[35.67528,33.58095],[35.67566,33.58077],[35.67572,33.58099],[35.67603,33.58114],[35.67591,33.58065],[35.67691,33.58041],[35.67759,33.57992],[35.6773,33.57766],[35.67714,33.57761],[35.67671,33.57632],[35.67548,33.5762],[35.67538,33.57576],[35.67501,33.57564],[35.67488,33.57477],[35.67555,33.57451],[35.67542,33.57416],[35.67413,33.57328],[35.67354,33.57332],[35.6736,33.57313],[35.67401,33.57305],[35.67408,33.57286],[35.67362,33.57153],[35.67316,33.57177],[35.67329,33.57224],[35.67296,33.57228],[35.67232,33.57064],[35.67236,33.56984],[35.67249,33.56975],[35.67217,33.56888],[35.67155,33.56913],[35.67115,33.56731],[35.67134,33.56734],[35.67169,33.56708],[35.67152,33.56658],[35.67122,33.5663],[35.6709,33.56634],[35.67068,33.56567],[35.67052,33.56582],[35.67018,33.56548],[35.67021,33.56589],[35.66998,33.5652],[35.66999,33.56397],[35.66981,33.56327],[35.66927,33.56316],[35.66901,33.56269],[35.66867,33.56298],[35.6685,33.56254],[35.66875,33.56242],[35.6675,33.5599],[35.66772,33.55907],[35.66736,33.55867],[35.66619,33.55899],[35.66549,33.55749],[35.66607,33.55772],[35.66549,33.5569],[35.66583,33.5568],[35.66599,33.55702],[35.66596,33.55653],[35.66613,33.55641],[35.66654,33.55714],[35.66697,33.55713],[35.66674,33.5562],[35.66608,33.55608],[35.66617,33.55582],[35.66662,33.55573],[35.66605,33.55454],[35.66579,33.55461],[35.66585,33.55491],[35.66532,33.55502],[35.66474,33.55438],[35.66453,33.55377],[35.66469,33.55364],[35.66426,33.55285],[35.66429,33.55245],[35.66468,33.55317],[35.66505,33.55298],[35.6648,33.55241],[35.66443,33.55238],[35.66448,33.552],[35.66421,33.55181],[35.66404,33.55111],[35.6636,33.55066],[35.66122,33.55136],[35.66085,33.55129],[35.66147,33.55084],[35.6621,33.54968],[35.66143,33.54732],[35.66074,33.54552],[35.65992,33.54409],[35.65836,33.54049],[35.65709,33.53851],[35.65597,33.53706],[35.65347,33.53501],[35.65173,33.53392],[35.65123,33.53296],[35.64947,33.53069],[35.64846,33.53032],[35.64801,33.52957],[35.64715,33.52865],[35.64325,33.5264],[35.64098,33.5255],[35.64041,33.52542],[35.6409,33.52448],[35.64063,33.52394],[35.63946,33.52244],[35.63722,33.52062],[35.63666,33.51989],[35.63666,33.51967],[35.63729,33.51897],[35.6374,33.51829],[35.63675,33.5163],[35.63541,33.51391],[35.63259,33.51263],[35.63076,33.51294],[35.62983,33.51247],[35.62959,33.51151],[35.63046,33.51085],[35.63264,33.50976],[35.63309,33.50816],[35.63238,33.50778],[35.63213,33.50746],[35.63147,33.50728],[35.63008,33.50628],[35.63012,33.5051],[35.62988,33.50437],[35.6308,33.50296],[35.63093,33.50213],[35.63159,33.5011],[35.63194,33.50083],[35.63172,33.49946],[35.63149,33.49907],[35.63104,33.49863],[35.62864,33.49777],[35.62782,33.49669],[35.62673,33.49394],[35.62341,33.49198],[35.62008,33.49123],[35.61702,33.49168],[35.61819,33.49385],[35.61912,33.49611],[35.62076,33.49733],[35.62135,33.49828],[35.62134,33.49921],[35.62045,33.50028],[35.62025,33.50209],[35.61958,33.50372],[35.61957,33.50429],[35.61998,33.50477],[35.61937,33.50483],[35.6186,33.50419],[35.61753,33.50406],[35.61552,33.50324],[35.61504,33.50273],[35.61471,33.50305],[35.61351,33.50291],[35.61537,33.50531],[35.61581,33.50541],[35.61639,33.50588],[35.61737,33.50769],[35.615,33.50957],[35.61468,33.51091],[35.6129,33.51214],[35.61283,33.51308],[35.61217,33.51505],[35.61223,33.51694],[35.61545,33.52066],[35.61583,33.52125],[35.61593,33.52202],[35.61667,33.52314],[35.61665,33.52335],[35.61605,33.52382],[35.61494,33.52536],[35.61483,33.52666],[35.61351,33.52996],[35.61311,33.53249],[35.61187,33.53493],[35.61087,33.53781],[35.60951,33.5428],[35.61035,33.54257],[35.61243,33.53956],[35.61294,33.53858],[35.61339,33.53693],[35.6139,33.53693],[35.61416,33.53602],[35.61645,33.53637],[35.61735,33.53335],[35.61752,33.53258],[35.61738,33.53224],[35.61787,33.53144],[35.61876,33.53124],[35.61904,33.53183],[35.61989,33.53271],[35.62002,33.5333],[35.62034,33.53371],[35.62044,33.53485],[35.62115,33.53573],[35.62168,33.53773],[35.62147,33.53987],[35.62116,33.54105],[35.62213,33.54109],[35.62259,33.54081],[35.62356,33.54211],[35.62382,33.54277],[35.62423,33.54266],[35.62508,33.54281],[35.62518,33.54328],[35.62487,33.54527],[35.62514,33.54604],[35.62645,33.54744],[35.62838,33.55018],[35.62864,33.55037],[35.62921,33.55042],[35.62952,33.5515],[35.63069,33.55122],[35.63006,33.55001],[35.62975,33.54839],[35.62861,33.546],[35.62887,33.54568],[35.62752,33.54484],[35.62699,33.54419],[35.62629,33.54291],[35.62587,33.54157],[35.62689,33.54179],[35.62717,33.54171],[35.62741,33.54205],[35.62793,33.54195],[35.6291,33.54119],[35.62955,33.54007],[35.62953,33.53977],[35.62901,33.53928],[35.6296,33.53833],[35.62933,33.53648],[35.62904,33.53605],[35.62924,33.53375],[35.63002,33.53239],[35.63151,33.53272],[35.63064,33.53425],[35.63085,33.53449],[35.63048,33.53542],[35.63059,33.53575],[35.63095,33.53604],[35.63102,33.53643],[35.63091,33.53711],[35.63126,33.53825],[35.63106,33.53925],[35.6313,33.54047],[35.63346,33.54209],[35.63401,33.54278],[35.63391,33.54395],[35.63363,33.54493],[35.63181,33.54556],[35.63161,33.54579],[35.63332,33.5484],[35.63341,33.54934],[35.63387,33.54991],[35.63338,33.55045],[35.63317,33.55042],[35.63331,33.55105],[35.6352,33.55158],[35.63525,33.55186],[35.6348,33.55206],[35.63471,33.55269],[35.63545,33.55444],[35.63708,33.55388],[35.63743,33.55407],[35.63719,33.55655],[35.63745,33.55724],[35.63799,33.55752],[35.63877,33.55871],[35.63802,33.55914],[35.63812,33.56024],[35.63683,33.56092],[35.63563,33.56029],[35.6353,33.56043],[35.63549,33.56099],[35.63761,33.5621],[35.63852,33.56164],[35.63933,33.56259],[35.63869,33.56298],[35.63876,33.5633],[35.63986,33.56346],[35.64049,33.56377],[35.64191,33.56371],[35.64217,33.56345],[35.64245,33.56349],[35.64337,33.56303],[35.6449,33.56349],[35.64567,33.5644],[35.64549,33.56544],[35.6451,33.56633],[35.6443,33.56696],[35.64275,33.56739],[35.64303,33.5669],[35.64179,33.56567],[35.64058,33.56608],[35.6402,33.56579],[35.63977,33.56581],[35.63849,33.56514],[35.63702,33.56534],[35.63554,33.56527],[35.63728,33.56799],[35.63689,33.57049],[35.63724,33.57243],[35.63741,33.57547],[35.63791,33.57615],[35.63772,33.57733],[35.63793,33.57839],[35.63862,33.57864],[35.63881,33.57892],[35.63891,33.57933],[35.63844,33.57962],[35.63987,33.58463],[35.64049,33.58447],[35.64095,33.58617],[35.64165,33.58749],[35.64206,33.58743],[35.64282,33.58898],[35.64303,33.58984],[35.64293,33.5903],[35.64337,33.59392],[35.6437,33.59516],[35.6448,33.59504],[35.64527,33.59527],[35.64548,33.59556],[35.64672,33.59594],[35.64544,33.5961],[35.64539,33.60171],[35.64513,33.60333],[35.64533,33.60429],[35.64609,33.60577],[35.64595,33.60743],[35.64622,33.61029],[35.64656,33.61102],[35.64714,33.61174],[35.64801,33.61243],[35.64835,33.61225],[35.64808,33.61315],[35.64821,33.61436],[35.6494,33.6155],[35.65034,33.61582],[35.6514,33.61795],[35.65158,33.61817],[35.65219,33.61832],[35.65251,33.61996],[35.65415,33.62196],[35.65472,33.62291],[35.6554,33.62493],[35.6559,33.62578],[35.65738,33.62701],[35.65845,33.62824],[35.65958,33.63011],[35.6607,33.63033],[35.66099,33.63023],[35.66325,33.63026],[35.66357,33.63199],[35.66408,33.63283],[35.66431,33.63358],[35.66489,33.6341],[35.66545,33.63546],[35.66557,33.63617],[35.66302,33.63701],[35.66224,33.63696],[35.66182,33.63714],[35.66142,33.63765],[35.66153,33.63788],[35.66131,33.63805],[35.66129,33.63852],[35.66107,33.63882],[35.6613,33.63951],[35.66171,33.63981],[35.66128,33.63987],[35.6617,33.63991],[35.66182,33.64018],[35.66226,33.64036],[35.66247,33.64103],[35.66269,33.64132],[35.66295,33.64135],[35.66294,33.64183],[35.66372,33.64181],[35.66416,33.64162],[35.66481,33.64287],[35.66854,33.64871],[35.67007,33.64896],[35.67231,33.6543],[35.67315,33.65519],[35.67355,33.65621],[35.67444,33.65705],[35.67533,33.66081],[35.67758,33.66177],[35.67781,33.66209],[35.67771,33.66291],[35.67739,33.66322],[35.6779,33.66427],[35.67837,33.66482],[35.67829,33.66543],[35.67858,33.66622],[35.67861,33.66695],[35.6789,33.66735],[35.67907,33.66805],[35.67962,33.66859],[35.67973,33.66918],[35.68032,33.66957],[35.68057,33.67043],[35.68078,33.67066],[35.68178,33.67077],[35.68264,33.67116],[35.68113,33.67145],[35.68077,33.67259],[35.68141,33.67326],[35.68288,33.67366],[35.68209,33.6779],[35.68122,33.67724],[35.67949,33.67949],[35.6798,33.67958],[35.68004,33.67994],[35.68009,33.68044],[35.68027,33.68035],[35.68053,33.67971],[35.6813,33.68002],[35.6829,33.68124],[35.6839,33.68096],[35.68585,33.67984],[35.6867,33.6805],[35.68674,33.68171],[35.68656,33.6834],[35.68571,33.68469],[35.68611,33.68619],[35.68696,33.68743],[35.68764,33.68744],[35.68948,33.68812],[35.68924,33.68934],[35.68812,33.68991],[35.68916,33.69165],[35.68909,33.69328],[35.69462,33.69471],[35.69752,33.69838],[35.69938,33.70208],[35.70037,33.70303],[35.70166,33.70349],[35.70203,33.70411],[35.7002,33.70521],[35.69912,33.70732],[35.70013,33.708],[35.70109,33.70822],[35.70261,33.70837],[35.70311,33.70809],[35.70432,33.70851],[35.70575,33.70856],[35.70708,33.7083],[35.70731,33.70772],[35.7079,33.70696],[35.70841,33.70661],[35.7088,33.70675],[35.70892,33.7071],[35.70866,33.7079],[35.70885,33.70889],[35.70902,33.7091],[35.70874,33.71017],[35.70874,33.71082],[35.70908,33.7117],[35.70944,33.71184],[35.70957,33.71213],[35.7088,33.71285],[35.70827,33.71387],[35.70938,33.7151],[35.71016,33.71694],[35.71067,33.71769],[35.71072,33.7181],[35.71138,33.71843],[35.71301,33.71836],[35.71248,33.71873],[35.7122,33.71922],[35.7134,33.71891],[35.71472,33.71877],[35.71571,33.71885],[35.71677,33.71778],[35.71719,33.71758],[35.71805,33.71777],[35.71935,33.71995],[35.72116,33.7222],[35.72236,33.72595],[35.72196,33.73099],[35.72456,33.73303],[35.72498,33.73371],[35.72596,33.73451],[35.72591,33.73489],[35.72652,33.73623],[35.72717,33.73662],[35.72824,33.73672],[35.72622,33.73752],[35.72472,33.7373],[35.72367,33.73898],[35.72325,33.73879],[35.72275,33.73945],[35.72305,33.73999],[35.72275,33.74071],[35.72159,33.74075],[35.72076,33.74113],[35.71885,33.74154],[35.71843,33.74181],[35.7178,33.74266],[35.71896,33.74336],[35.72059,33.74384],[35.72432,33.7457],[35.72674,33.74648],[35.72737,33.74705],[35.72773,33.7481],[35.73219,33.7513],[35.7322,33.75158],[35.73276,33.75217],[35.73403,33.753],[35.73473,33.75324],[35.7351,33.75314],[35.73585,33.75333],[35.73736,33.75407],[35.73679,33.7543],[35.73575,33.75432],[35.73514,33.75465],[35.73455,33.75475],[35.73452,33.75507],[35.73391,33.75515],[35.73398,33.75584],[35.73433,33.75652],[35.73499,33.75704],[35.73721,33.75779],[35.73951,33.7592],[35.74059,33.76082],[35.74117,33.76135],[35.74324,33.76136],[35.74422,33.76329],[35.74576,33.76356],[35.74622,33.7642],[35.74701,33.76482],[35.74991,33.76627],[35.7492,33.76826],[35.74968,33.76934],[35.75136,33.76971],[35.75305,33.77123],[35.75362,33.7723],[35.75453,33.7728],[35.75554,33.77294],[35.75606,33.77284],[35.75664,33.77318],[35.75711,33.77306],[35.75763,33.77343],[35.7586,33.77358],[35.75932,33.77342],[35.76017,33.77384],[35.76215,33.77319]]]},"properties":{"entity_type":"protected_area","name":"Al Shouf Cedars Nature Reserve","name_original":"محمية أرز الشوف الطبيعية","designation":"Nature Reserve","designation_type":"National","governance":"Government-delegated management","reported_area_km2":156.47,"gis_area_km2":95.986,"verification":"State Verified","geom_origin":"source_gis_polygon","spatial_precision":"source_polygon"}},{"type":"Feature","id":"pa:009","geometry":{"type":"MultiPolygon","coordinates":[[[[36.27011,34.50759],[36.2701,34.50754],[36.27007,34.50753],[36.27011,34.50759]]],[[[36.2701,34.50754],[36.27363,34.5085],[36.27676,34.50866],[36.28091,34.50838],[36.28183,34.50763],[36.28116,34.50372],[36.27978,34.50032],[36.27911,34.49519],[36.2784,34.49391],[36.27689,34.48976],[36.27566,34.48744],[36.27509,34.48407],[36.27502,34.48185],[36.27435,34.47798],[36.27149,34.47491],[36.26854,34.47254],[36.26688,34.47213],[36.26583,34.47169],[36.26523,34.47175],[36.26439,34.47147],[36.2621,34.4715],[36.26115,34.47203],[36.25943,34.47188],[36.25879,34.47216],[36.2589,34.47288],[36.25858,34.47487],[36.25809,34.47506],[36.25742,34.47503],[36.25718,34.47525],[36.25795,34.47581],[36.25897,34.47612],[36.26013,34.47731],[36.26084,34.47875],[36.26108,34.47994],[36.26225,34.48203],[36.2626,34.48356],[36.26253,34.48434],[36.26542,34.48606],[36.26679,34.48728],[36.2676,34.48775],[36.26777,34.4896],[36.26566,34.49059],[36.26535,34.49088],[36.26464,34.49078],[36.26366,34.48981],[36.26327,34.48966],[36.26303,34.48972],[36.26271,34.49031],[36.26253,34.49034],[36.26116,34.48916],[36.2607,34.48894],[36.25979,34.48922],[36.25944,34.48906],[36.25901,34.48834],[36.25873,34.48822],[36.25778,34.48847],[36.25736,34.48822],[36.25715,34.48772],[36.25627,34.48681],[36.25564,34.48662],[36.25514,34.48668],[36.2549,34.48696],[36.25486,34.48737],[36.25602,34.48797],[36.2563,34.48834],[36.25634,34.48872],[36.25616,34.48903],[36.25553,34.48937],[36.25521,34.48984],[36.25525,34.49015],[36.25581,34.49059],[36.25655,34.49031],[36.25761,34.49053],[36.25782,34.48978],[36.25799,34.48959],[36.25835,34.48956],[36.25933,34.49003],[36.26025,34.49015],[36.26039,34.49025],[36.26011,34.49112],[36.26032,34.49187],[36.26109,34.49269],[36.26289,34.49294],[36.26292,34.49331],[36.26268,34.49372],[36.26208,34.49412],[36.26197,34.49553],[36.2618,34.49553],[36.26166,34.49528],[36.26169,34.49469],[36.26144,34.49437],[36.26123,34.49447],[36.26109,34.4954],[36.2613,34.49615],[36.26243,34.4969],[36.26317,34.49812],[36.26423,34.49856],[36.26578,34.49891],[36.26588,34.49919],[36.26574,34.49934],[36.26447,34.49953],[36.26226,34.49887],[36.26194,34.4989],[36.26194,34.49915],[36.26278,34.49944],[36.26367,34.50037],[36.26412,34.50047],[36.2644,34.50072],[36.26592,34.501],[36.26578,34.50184],[36.26645,34.50237],[36.26697,34.50225],[36.26743,34.50262],[36.26782,34.50266],[36.26856,34.50228],[36.26965,34.50256],[36.26965,34.50278],[36.26887,34.50306],[36.26835,34.50275],[36.26796,34.50412],[36.26729,34.50522],[36.26645,34.50515],[36.26641,34.5054],[36.26677,34.50569],[36.26736,34.50578],[36.26803,34.50625],[36.26902,34.50666],[36.26986,34.50672],[36.27025,34.50691],[36.2701,34.50754]]]]},"properties":{"entity_type":"protected_area","name":"Karm Chbat Nature Reserve","name_original":"محمية كرم شباط الطبيعية","designation":"Nature Reserve","designation_type":"National","governance":"Government-delegated management","reported_area_km2":5.2,"gis_area_km2":5.125,"verification":"State Verified","geom_origin":"source_gis_polygon","spatial_precision":"source_polygon"}},{"type":"Feature","id":"pa:010","geometry":{"type":"Polygon","coordinates":[[[35.48587,33.16686],[35.48546,33.16353],[35.48645,33.16202],[35.48678,33.16132],[35.48692,33.16048],[35.48744,33.15967],[35.48747,33.15914],[35.48778,33.15855],[35.48783,33.15764],[35.48743,33.15735],[35.48631,33.15701],[35.48555,33.1564],[35.48489,33.15539],[35.48465,33.15437],[35.48395,33.15433],[35.48356,33.1539],[35.48334,33.1534],[35.48332,33.15179],[35.4832,33.15151],[35.48296,33.1514],[35.48283,33.1518],[35.48189,33.15308],[35.48147,33.15332],[35.4812,33.15446],[35.48264,33.15514],[35.48261,33.15548],[35.48296,33.15635],[35.48394,33.15783],[35.4835,33.15832],[35.48323,33.1591],[35.4832,33.15978],[35.48409,33.16087],[35.48335,33.1621],[35.48222,33.16255],[35.48217,33.16286],[35.48254,33.16429],[35.48247,33.16469],[35.48174,33.1656],[35.48226,33.16629],[35.48151,33.16673],[35.48179,33.16705],[35.48162,33.16778],[35.48245,33.16902],[35.48421,33.16872],[35.48434,33.16929],[35.48416,33.16943],[35.48422,33.16962],[35.48366,33.17086],[35.48449,33.17188],[35.48352,33.17243],[35.48383,33.17283],[35.48361,33.17318],[35.48374,33.17339],[35.48365,33.1738],[35.48313,33.17379],[35.48307,33.17441],[35.48275,33.17436],[35.48247,33.17466],[35.48207,33.17435],[35.48185,33.17473],[35.48244,33.17495],[35.48385,33.1766],[35.48367,33.17672],[35.48353,33.17719],[35.48386,33.17718],[35.48383,33.17733],[35.48227,33.17744],[35.48382,33.17865],[35.48347,33.17916],[35.48371,33.17942],[35.48402,33.1793],[35.48451,33.17961],[35.48429,33.17972],[35.4847,33.17987],[35.48456,33.18061],[35.48479,33.18186],[35.48431,33.18243],[35.48359,33.18254],[35.48333,33.18354],[35.48288,33.18358],[35.48256,33.18384],[35.48301,33.1841],[35.48291,33.18428],[35.48148,33.18586],[35.48133,33.18582],[35.48076,33.1869],[35.4809,33.18783],[35.48139,33.1889],[35.48223,33.18982],[35.48208,33.19004],[35.48235,33.19052],[35.48192,33.19078],[35.48343,33.19233],[35.48361,33.19314],[35.48334,33.194],[35.48303,33.19416],[35.48327,33.19471],[35.48324,33.19501],[35.48346,33.19492],[35.4833,33.19551],[35.48332,33.1958],[35.4835,33.19586],[35.48332,33.19682],[35.48345,33.19738],[35.48371,33.19766],[35.48361,33.19783],[35.48396,33.19852],[35.48418,33.19965],[35.48414,33.20023],[35.48371,33.20042],[35.48366,33.2012],[35.48395,33.20185],[35.48379,33.20201],[35.48256,33.20181],[35.4822,33.20204],[35.48294,33.20288],[35.48228,33.20503],[35.48122,33.2051],[35.47907,33.20634],[35.4794,33.20697],[35.48147,33.20596],[35.48208,33.20614],[35.48216,33.20658],[35.48184,33.20804],[35.4825,33.20844],[35.48428,33.2105],[35.48416,33.21189],[35.484,33.21225],[35.48237,33.21324],[35.48269,33.21451],[35.48217,33.21512],[35.48301,33.21566],[35.48289,33.21593],[35.48188,33.21628],[35.48125,33.21712],[35.47958,33.21704],[35.47926,33.21731],[35.4789,33.2177],[35.47861,33.21876],[35.47715,33.22092],[35.47676,33.22266],[35.47685,33.22382],[35.47657,33.22504],[35.47444,33.23004],[35.47248,33.23208],[35.47127,33.23254],[35.47036,33.23359],[35.47033,33.23496],[35.47058,33.23556],[35.47326,33.23724],[35.47342,33.23752],[35.4728,33.23865],[35.47291,33.23901],[35.47071,33.2405],[35.4709,33.2407],[35.47058,33.24129],[35.47015,33.24181],[35.46938,33.24207],[35.469,33.24257],[35.4697,33.2432],[35.47229,33.24352],[35.47235,33.24378],[35.47297,33.2435],[35.47313,33.2437],[35.47221,33.24416],[35.47297,33.24403],[35.47399,33.24513],[35.47416,33.24542],[35.47401,33.24553],[35.47442,33.24569],[35.47469,33.24619],[35.47461,33.2466],[35.47433,33.24686],[35.47454,33.24743],[35.47604,33.24715],[35.47614,33.247],[35.47641,33.24708],[35.47664,33.24733],[35.47661,33.24773],[35.47772,33.24882],[35.4782,33.24969],[35.47864,33.24968],[35.47875,33.24995],[35.47819,33.25038],[35.47822,33.25062],[35.47748,33.25153],[35.47703,33.25238],[35.47662,33.25254],[35.47621,33.25228],[35.47619,33.25305],[35.47553,33.25346],[35.47577,33.25368],[35.4754,33.25358],[35.47513,33.25373],[35.47532,33.25403],[35.47466,33.2549],[35.47466,33.25469],[35.47442,33.25472],[35.47439,33.25512],[35.47403,33.25564],[35.47317,33.25581],[35.47295,33.25541],[35.47329,33.25477],[35.47247,33.25429],[35.47134,33.25496],[35.4708,33.25583],[35.47037,33.25586],[35.46969,33.25542],[35.46996,33.25454],[35.46984,33.25429],[35.46986,33.25285],[35.47004,33.25239],[35.47021,33.2524],[35.47051,33.25069],[35.4706,33.24872],[35.4698,33.24791],[35.4694,33.24823],[35.46945,33.24858],[35.4691,33.24856],[35.46897,33.2483],[35.46852,33.24806],[35.4677,33.2479],[35.46864,33.24853],[35.46825,33.24956],[35.46843,33.24963],[35.46828,33.24994],[35.46836,33.25014],[35.46732,33.25154],[35.46696,33.25244],[35.4666,33.25261],[35.46657,33.25327],[35.46587,33.25431],[35.4659,33.25445],[35.46602,33.25437],[35.46571,33.25514],[35.46587,33.25536],[35.46573,33.25553],[35.46581,33.25583],[35.46554,33.25593],[35.46556,33.25613],[35.46589,33.2562],[35.46584,33.25634],[35.46548,33.25641],[35.46475,33.25601],[35.46476,33.25588],[35.4654,33.25558],[35.4651,33.25542],[35.46489,33.25489],[35.46378,33.25493],[35.4638,33.25436],[35.46183,33.25416],[35.46181,33.25398],[35.46131,33.25399],[35.46099,33.25379],[35.46065,33.25429],[35.46006,33.25441],[35.45948,33.25428],[35.45893,33.25453],[35.45833,33.25534],[35.45796,33.25548],[35.45787,33.25597],[35.45762,33.25631],[35.45684,33.25639],[35.45726,33.25628],[35.45717,33.25592],[35.45736,33.25572],[35.45681,33.25556],[35.45654,33.25508],[35.45697,33.25386],[35.45679,33.25299],[35.45648,33.25257],[35.45677,33.25244],[35.45678,33.25121],[35.45672,33.25099],[35.45615,33.2507],[35.45572,33.24977],[35.45626,33.24922],[35.45653,33.24837],[35.45643,33.24821],[35.4574,33.24791],[35.45751,33.24772],[35.45659,33.24744],[35.45549,33.24743],[35.45519,33.24765],[35.45492,33.24759],[35.45411,33.24839],[35.45383,33.24891],[35.45424,33.25158],[35.45397,33.25361],[35.45394,33.25661],[35.453,33.25748],[35.45252,33.25851],[35.45155,33.25945],[35.45058,33.25994],[35.4489,33.26122],[35.44803,33.26152],[35.44748,33.2615],[35.44648,33.26198],[35.4455,33.26349],[35.44363,33.26258],[35.4446,33.26096],[35.44563,33.25966],[35.44767,33.25878],[35.44811,33.25788],[35.44784,33.25699],[35.44716,33.25732],[35.44642,33.25732],[35.44607,33.25679],[35.44598,33.25555],[35.44524,33.25554],[35.44459,33.25655],[35.4434,33.2564],[35.443,33.25585],[35.44303,33.25457],[35.44252,33.25535],[35.4425,33.25605],[35.44274,33.25678],[35.44369,33.25736],[35.4436,33.25811],[35.44302,33.25876],[35.44195,33.25941],[35.44143,33.25954],[35.44072,33.26019],[35.44086,33.26042],[35.43997,33.26146],[35.43843,33.26262],[35.43768,33.26258],[35.43792,33.26176],[35.43836,33.26162],[35.43854,33.26128],[35.4382,33.26087],[35.43857,33.26039],[35.43834,33.26],[35.43846,33.2596],[35.43821,33.25886],[35.43756,33.25875],[35.43646,33.25756],[35.43675,33.25728],[35.43614,33.25686],[35.43608,33.25637],[35.43768,33.25581],[35.43802,33.25542],[35.43791,33.25517],[35.43622,33.25496],[35.43534,33.25582],[35.43483,33.25586],[35.4349,33.25473],[35.43473,33.25405],[35.43407,33.25399],[35.43425,33.25273],[35.43499,33.25062],[35.43496,33.24848],[35.43559,33.24613],[35.43601,33.24505],[35.43664,33.24441],[35.43577,33.24225],[35.43471,33.24215],[35.43468,33.24298],[35.43351,33.24372],[35.43294,33.24434],[35.43173,33.24506],[35.43168,33.2448],[35.43103,33.24473],[35.43136,33.24397],[35.4312,33.24327],[35.43132,33.24233],[35.43185,33.24188],[35.43268,33.24163],[35.43258,33.24145],[35.4305,33.24154],[35.42834,33.24233],[35.42749,33.24357],[35.42766,33.24442],[35.42744,33.24543],[35.42763,33.24671],[35.42734,33.24737],[35.42671,33.24766],[35.42663,33.24832],[35.42711,33.24956],[35.42636,33.25034],[35.42658,33.25208],[35.42686,33.25276],[35.42673,33.25319],[35.42682,33.2546],[35.4272,33.25506],[35.42769,33.25516],[35.42803,33.25554],[35.42873,33.25578],[35.42851,33.25598],[35.42941,33.25631],[35.42918,33.25656],[35.43004,33.25685],[35.43059,33.25645],[35.43168,33.25675],[35.43161,33.2569],[35.4326,33.25723],[35.43455,33.25766],[35.43394,33.25869],[35.43434,33.26017],[35.43513,33.26178],[35.43498,33.26224],[35.43425,33.26286],[35.43437,33.26394],[35.43669,33.26419],[35.4376,33.26406],[35.43872,33.26436],[35.43907,33.26463],[35.44048,33.26439],[35.44111,33.26449],[35.44403,33.26598],[35.44516,33.26625],[35.44644,33.26759],[35.44638,33.26799],[35.44548,33.26938],[35.44485,33.26975],[35.44459,33.27032],[35.44279,33.27237],[35.44245,33.27337],[35.44191,33.27382],[35.4401,33.27387],[35.43993,33.27419],[35.44176,33.27498],[35.44205,33.27527],[35.44247,33.27717],[35.44282,33.27803],[35.44258,33.27914],[35.44178,33.28008],[35.44169,33.28086],[35.44104,33.28138],[35.44086,33.28201],[35.44088,33.28432],[35.44065,33.28528],[35.44034,33.28569],[35.44021,33.28628],[35.43964,33.28635],[35.43914,33.2871],[35.43808,33.2896],[35.43838,33.2901],[35.43894,33.29039],[35.43888,33.29105],[35.43831,33.29182],[35.43818,33.29349],[35.44099,33.29538],[35.4419,33.29678],[35.44199,33.29928],[35.44272,33.30008],[35.44275,33.30046],[35.44245,33.30136],[35.44223,33.30354],[35.44136,33.30442],[35.44018,33.30476],[35.43884,33.30659],[35.43888,33.30689],[35.43917,33.30747],[35.44003,33.30737],[35.44259,33.30854],[35.44423,33.30899],[35.44525,33.30986],[35.44574,33.31098],[35.44616,33.31151],[35.44803,33.31181],[35.44887,33.31179],[35.44976,33.31133],[35.45174,33.30941],[35.45277,33.30865],[35.45362,33.30861],[35.45456,33.30905],[35.45629,33.31069],[35.45766,33.31147],[35.46065,33.31199],[35.46203,33.31238],[35.463,33.31245],[35.46426,33.3121],[35.46507,33.3115],[35.46512,33.31045],[35.46461,33.30969],[35.46407,33.30936],[35.46384,33.309],[35.46402,33.3086],[35.46482,33.30836],[35.46709,33.30861],[35.4677,33.30849],[35.46837,33.30742],[35.46899,33.30717],[35.46988,33.30717],[35.47085,33.30731],[35.47172,33.30812],[35.47224,33.30959],[35.47239,33.3106],[35.47268,33.31118],[35.47321,33.31154],[35.47441,33.31174],[35.475,33.31163],[35.47527,33.31136],[35.47574,33.30967],[35.47603,33.30921],[35.47692,33.30877],[35.47746,33.30883],[35.47883,33.30957],[35.47956,33.31092],[35.4797,33.31215],[35.48008,33.31252],[35.48057,33.31253],[35.48158,33.31212],[35.48325,33.31102],[35.48436,33.31081],[35.48484,33.30977],[35.48487,33.30811],[35.4851,33.30689],[35.48658,33.3048],[35.48724,33.30447],[35.4878,33.30452],[35.48864,33.30525],[35.48942,33.30546],[35.49044,33.30528],[35.4908,33.30492],[35.49084,33.30446],[35.49015,33.30274],[35.49034,33.30221],[35.491,33.30177],[35.4936,33.30123],[35.49453,33.30152],[35.49651,33.30257],[35.50103,33.30314],[35.50342,33.3025],[35.50665,33.30031],[35.50758,33.29981],[35.50829,33.29968],[35.50891,33.29973],[35.50924,33.29998],[35.50968,33.30112],[35.50994,33.3014],[35.51033,33.30153],[35.51188,33.30143],[35.51408,33.30084],[35.5162,33.29999],[35.51875,33.29973],[35.5201,33.29938],[35.52215,33.29767],[35.52404,33.29645],[35.52604,33.29577],[35.5291,33.2956],[35.53039,33.29447],[35.52973,33.29395],[35.52818,33.29353],[35.52632,33.29335],[35.52557,33.29367],[35.5252,33.29324],[35.52412,33.29266],[35.5235,33.29204],[35.52306,33.29222],[35.52237,33.29326],[35.52018,33.29472],[35.51968,33.29528],[35.51892,33.29562],[35.51811,33.2954],[35.51762,33.29557],[35.51727,33.29591],[35.5163,33.2958],[35.51566,33.2959],[35.51471,33.29544],[35.5143,33.29555],[35.51326,33.29526],[35.51253,33.29527],[35.51174,33.29458],[35.51106,33.2944],[35.50753,33.29582],[35.50609,33.29591],[35.50577,33.29607],[35.50565,33.29642],[35.50355,33.29697],[35.50266,33.29682],[35.50123,33.29782],[35.50026,33.29798],[35.49693,33.29788],[35.49384,33.29729],[35.49306,33.29747],[35.49244,33.29718],[35.49031,33.29748],[35.48889,33.29743],[35.48783,33.29828],[35.48718,33.29853],[35.48649,33.2994],[35.48622,33.30004],[35.48576,33.30051],[35.48455,33.30107],[35.48406,33.30102],[35.48349,33.30151],[35.48318,33.3021],[35.48161,33.30266],[35.48126,33.3032],[35.48119,33.3037],[35.48071,33.30414],[35.48012,33.30418],[35.47897,33.30368],[35.47863,33.30333],[35.47844,33.30198],[35.47778,33.30157],[35.47733,33.30102],[35.47705,33.30024],[35.47606,33.29953],[35.47549,33.29864],[35.47465,33.29806],[35.47394,33.29782],[35.47363,33.29804],[35.47352,33.29868],[35.47423,33.30007],[35.4748,33.30213],[35.47483,33.30304],[35.47468,33.30363],[35.4743,33.30381],[35.47329,33.30365],[35.47166,33.30242],[35.47113,33.30229],[35.46889,33.30236],[35.46821,33.30273],[35.46677,33.30239],[35.46523,33.30137],[35.46434,33.30118],[35.46389,33.30125],[35.46355,33.30162],[35.46332,33.30224],[35.4626,33.30237],[35.46108,33.3034],[35.46027,33.30367],[35.45833,33.30383],[35.45768,33.30261],[35.45795,33.30211],[35.45866,33.30169],[35.45814,33.30092],[35.45809,33.29986],[35.45858,33.29958],[35.4597,33.29955],[35.46027,33.29926],[35.46073,33.29815],[35.46105,33.29781],[35.46163,33.29764],[35.46298,33.29765],[35.46491,33.29792],[35.46573,33.29781],[35.46603,33.29763],[35.46694,33.29628],[35.46685,33.29479],[35.46734,33.29369],[35.46669,33.29384],[35.46635,33.29413],[35.46624,33.29392],[35.46598,33.29392],[35.46498,33.29454],[35.46368,33.29427],[35.46278,33.29461],[35.46217,33.2942],[35.46142,33.29398],[35.46096,33.29417],[35.45998,33.29519],[35.45861,33.29572],[35.45758,33.29515],[35.45786,33.29439],[35.45782,33.29392],[35.45747,33.2938],[35.45657,33.29386],[35.45523,33.29455],[35.4549,33.29449],[35.45341,33.29298],[35.45276,33.2918],[35.45366,33.29021],[35.4529,33.28982],[35.45385,33.28852],[35.45509,33.28896],[35.45627,33.2903],[35.45732,33.29091],[35.458,33.29107],[35.46038,33.2902],[35.46114,33.29008],[35.46177,33.29013],[35.46234,33.2906],[35.46304,33.29091],[35.46311,33.29056],[35.46199,33.28818],[35.46187,33.28723],[35.46208,33.28628],[35.46249,33.28569],[35.46257,33.28511],[35.46264,33.28441],[35.46244,33.28316],[35.46323,33.28334],[35.4636,33.2837],[35.46557,33.28434],[35.46646,33.28429],[35.4673,33.28387],[35.46787,33.28331],[35.46839,33.28305],[35.46984,33.28289],[35.47199,33.28318],[35.47334,33.28185],[35.47337,33.28134],[35.47389,33.27987],[35.47369,33.27944],[35.4726,33.27949],[35.47261,33.28027],[35.47235,33.28107],[35.47206,33.28141],[35.47158,33.2815],[35.47019,33.28073],[35.46907,33.28061],[35.46835,33.28073],[35.4673,33.2814],[35.46615,33.28248],[35.46504,33.28207],[35.46426,33.28141],[35.46351,33.28118],[35.46328,33.27951],[35.46264,33.278],[35.46425,33.27852],[35.46426,33.27832],[35.46627,33.27852],[35.46657,33.27839],[35.46658,33.27809],[35.46466,33.27752],[35.46433,33.27713],[35.46102,33.277],[35.46031,33.27713],[35.4601,33.27628],[35.45904,33.27452],[35.4587,33.27355],[35.45771,33.27612],[35.45774,33.27867],[35.45694,33.27836],[35.45555,33.27824],[35.4548,33.27844],[35.45415,33.27821],[35.45396,33.27777],[35.45116,33.27612],[35.45031,33.27633],[35.44895,33.27617],[35.44852,33.27567],[35.44882,33.27487],[35.44962,33.27378],[35.4505,33.27393],[35.44944,33.27334],[35.44911,33.27285],[35.44902,33.27233],[35.44915,33.27192],[35.44966,33.27129],[35.45071,33.27123],[35.45202,33.27065],[35.45298,33.27002],[35.45442,33.26806],[35.45417,33.26764],[35.45493,33.26693],[35.45418,33.26715],[35.45322,33.26778],[35.45268,33.2676],[35.45246,33.26724],[35.45349,33.26674],[35.45389,33.26622],[35.45546,33.26527],[35.45896,33.26376],[35.45919,33.26127],[35.45993,33.2608],[35.46086,33.26068],[35.46436,33.26085],[35.46553,33.26181],[35.46571,33.2633],[35.46602,33.26366],[35.46624,33.26466],[35.46648,33.26485],[35.4664,33.26539],[35.46612,33.26583],[35.46717,33.26587],[35.46909,33.26293],[35.47023,33.26253],[35.47118,33.26251],[35.47224,33.263],[35.47265,33.26373],[35.47335,33.264],[35.47476,33.26342],[35.4757,33.26348],[35.47698,33.26302],[35.47886,33.26086],[35.47835,33.26006],[35.47793,33.25972],[35.47851,33.25898],[35.47886,33.2581],[35.47951,33.25798],[35.48077,33.25867],[35.47818,33.25603],[35.47938,33.25617],[35.47959,33.2565],[35.48027,33.25677],[35.48153,33.257],[35.48321,33.25629],[35.48415,33.25544],[35.48475,33.25518],[35.48767,33.25579],[35.48832,33.25578],[35.48896,33.25547],[35.48993,33.25542],[35.49052,33.25502],[35.4915,33.25482],[35.4925,33.2543],[35.49493,33.25371],[35.49516,33.25319],[35.49572,33.25094],[35.49631,33.25009],[35.49623,33.24958],[35.49589,33.24949],[35.49581,33.24974],[35.4956,33.24964],[35.49533,33.25038],[35.49462,33.25105],[35.49486,33.25115],[35.49455,33.25198],[35.4936,33.25273],[35.49243,33.25313],[35.49263,33.2535],[35.49153,33.25387],[35.49125,33.25337],[35.49101,33.2534],[35.4888,33.25407],[35.48886,33.25457],[35.48809,33.25473],[35.48758,33.25447],[35.48738,33.25346],[35.48637,33.25367],[35.48604,33.25506],[35.48548,33.25512],[35.48514,33.25418],[35.48356,33.25456],[35.48244,33.25546],[35.48124,33.25549],[35.48186,33.25511],[35.48171,33.25491],[35.48184,33.25471],[35.48191,33.2531],[35.48207,33.25272],[35.48251,33.25264],[35.48264,33.25246],[35.48321,33.25244],[35.4832,33.25221],[35.48361,33.25156],[35.48355,33.25135],[35.4839,33.25082],[35.48611,33.2501],[35.48628,33.2498],[35.4871,33.24918],[35.48701,33.24895],[35.48753,33.24879],[35.48722,33.24792],[35.48686,33.2479],[35.48576,33.2485],[35.48544,33.2481],[35.48449,33.24835],[35.48406,33.2482],[35.48411,33.24807],[35.48345,33.2474],[35.48261,33.24751],[35.48131,33.24676],[35.48072,33.24613],[35.48059,33.24468],[35.48084,33.24397],[35.48149,33.24422],[35.48179,33.24389],[35.48322,33.24334],[35.48441,33.24318],[35.4842,33.24294],[35.48497,33.24271],[35.48486,33.24241],[35.48638,33.24139],[35.48673,33.24156],[35.48739,33.24056],[35.48858,33.23992],[35.489,33.2394],[35.4894,33.23851],[35.48872,33.23859],[35.48675,33.23933],[35.48551,33.23945],[35.48504,33.24021],[35.48421,33.24068],[35.48285,33.24057],[35.4825,33.24039],[35.4801,33.24051],[35.47947,33.23984],[35.47943,33.23938],[35.47981,33.23886],[35.48032,33.23906],[35.48126,33.23806],[35.48127,33.2372],[35.48154,33.2365],[35.4813,33.23627],[35.47994,33.23734],[35.4784,33.2381],[35.47785,33.23804],[35.47658,33.23604],[35.47649,33.23507],[35.47684,33.23389],[35.47798,33.2324],[35.47961,33.23229],[35.48057,33.23195],[35.48116,33.23112],[35.48151,33.23009],[35.48124,33.22744],[35.4815,33.2271],[35.48282,33.22768],[35.48328,33.22769],[35.48401,33.22737],[35.48365,33.22617],[35.48377,33.22551],[35.48479,33.22518],[35.48445,33.22474],[35.48155,33.22504],[35.48139,33.22452],[35.48148,33.22373],[35.48236,33.22244],[35.48249,33.22161],[35.48289,33.22121],[35.48327,33.22108],[35.48542,33.22086],[35.48608,33.22063],[35.48524,33.21968],[35.48746,33.21817],[35.48803,33.21806],[35.48946,33.2191],[35.49088,33.22069],[35.49147,33.2221],[35.49263,33.22295],[35.49352,33.22334],[35.49162,33.2215],[35.49155,33.22018],[35.49179,33.21972],[35.49384,33.21977],[35.49594,33.2194],[35.49662,33.21948],[35.49731,33.21919],[35.49791,33.21936],[35.50568,33.21781],[35.50775,33.21776],[35.50755,33.2173],[35.50756,33.21672],[35.50718,33.21617],[35.50634,33.21613],[35.50469,33.2163],[35.50302,33.21708],[35.50117,33.21715],[35.50022,33.21754],[35.49967,33.21796],[35.49778,33.21845],[35.49541,33.21842],[35.4928,33.21868],[35.49175,33.21832],[35.49104,33.21764],[35.49071,33.21663],[35.4907,33.21581],[35.49161,33.2153],[35.49416,33.21477],[35.49412,33.21445],[35.49182,33.21464],[35.49067,33.21437],[35.48853,33.21349],[35.48765,33.21232],[35.48771,33.21192],[35.48803,33.21158],[35.48873,33.21139],[35.49148,33.21191],[35.49349,33.21207],[35.49673,33.21158],[35.49622,33.21107],[35.49525,33.21065],[35.49402,33.21086],[35.49351,33.21119],[35.4924,33.21095],[35.49199,33.21055],[35.49114,33.21026],[35.49071,33.21017],[35.49014,33.21038],[35.48951,33.20903],[35.48866,33.2091],[35.4883,33.21013],[35.48794,33.21003],[35.48718,33.2091],[35.48694,33.20829],[35.48773,33.20726],[35.48921,33.20622],[35.49017,33.20577],[35.49119,33.20558],[35.49114,33.20539],[35.49033,33.20483],[35.48994,33.2048],[35.48827,33.20535],[35.48653,33.20608],[35.48618,33.20586],[35.48608,33.20513],[35.48629,33.20396],[35.48687,33.20249],[35.49074,33.20144],[35.49204,33.20138],[35.49178,33.20076],[35.49111,33.2007],[35.48806,33.20117],[35.48697,33.20155],[35.48644,33.20151],[35.48613,33.20113],[35.48618,33.20012],[35.48712,33.1986],[35.48563,33.19783],[35.48473,33.19701],[35.48459,33.19664],[35.48488,33.1962],[35.48493,33.19572],[35.4859,33.1952],[35.48652,33.19453],[35.48649,33.19244],[35.4882,33.19141],[35.48759,33.1909],[35.48578,33.19159],[35.48577,33.19203],[35.48562,33.19205],[35.48528,33.19152],[35.48479,33.18993],[35.48516,33.18954],[35.48635,33.18941],[35.48702,33.18857],[35.48618,33.18843],[35.48583,33.18793],[35.48446,33.18831],[35.48428,33.18806],[35.48554,33.18673],[35.48558,33.18647],[35.4863,33.18634],[35.48676,33.18488],[35.48676,33.18379],[35.48703,33.18271],[35.48583,33.18236],[35.48654,33.18215],[35.48697,33.18166],[35.48699,33.18085],[35.48749,33.18058],[35.48711,33.18001],[35.48732,33.17966],[35.48735,33.17895],[35.48701,33.17865],[35.48687,33.17773],[35.48719,33.17639],[35.48739,33.17627],[35.48728,33.17613],[35.48622,33.17593],[35.48563,33.17526],[35.48568,33.17492],[35.48614,33.17439],[35.4863,33.17466],[35.48658,33.17462],[35.48683,33.17433],[35.48663,33.17418],[35.48674,33.17408],[35.48711,33.17441],[35.48744,33.17444],[35.48845,33.17385],[35.48929,33.17289],[35.48905,33.1727],[35.48989,33.1711],[35.49017,33.1711],[35.49016,33.17089],[35.48861,33.17104],[35.48771,33.17084],[35.48759,33.16985],[35.4872,33.16995],[35.48587,33.16686]]]},"properties":{"entity_type":"protected_area","name":"Wadi Al Houjeir Nature Reserve","name_original":"محمية وادي الحجير الطبيعية","designation":"Nature Reserve","designation_type":"National","governance":"Government-delegated management","reported_area_km2":35.95,"gis_area_km2":23.579,"verification":"State Verified","geom_origin":"source_gis_polygon","spatial_precision":"source_polygon"}},{"type":"Feature","id":"pa:011","geometry":{"type":"Polygon","coordinates":[[[35.32923,33.13255],[35.33131,33.13254],[35.33242,33.1322],[35.33302,33.1325],[35.33322,33.1322],[35.33343,33.13229],[35.33397,33.13132],[35.33434,33.13141],[35.33446,33.13128],[35.33452,33.1314],[35.33486,33.13025],[35.33459,33.12983],[35.33426,33.12967],[35.33374,33.12996],[35.33296,33.12972],[35.33242,33.12912],[35.33226,33.12943],[35.33191,33.12959],[35.33179,33.12911],[35.33153,33.12897],[35.33122,33.12948],[35.33052,33.12945],[35.33021,33.12905],[35.3295,33.12894],[35.329,33.12951],[35.32912,33.13009],[35.32874,33.13015],[35.32907,33.13112],[35.32861,33.13134],[35.32871,33.13187],[35.32851,33.1321],[35.32868,33.13232],[35.32906,33.13225],[35.32923,33.13255]]]},"properties":{"entity_type":"protected_area","name":"Beit Lif Nature Reserve","name_original":"محمية بيت ليف الطبيعية","designation":"Nature Reserve","designation_type":"National","governance":"Government-delegated management","reported_area_km2":0.2,"gis_area_km2":0.17,"verification":"State Verified","geom_origin":"source_gis_polygon","spatial_precision":"source_polygon"}},{"type":"Feature","id":"pa:012","geometry":{"type":"Polygon","coordinates":[[[35.40842,33.42728],[35.40889,33.4275],[35.40883,33.42688],[35.40895,33.42709],[35.40915,33.42698],[35.40968,33.42722],[35.41029,33.42699],[35.41008,33.42669],[35.4103,33.42646],[35.41102,33.42645],[35.41132,33.42677],[35.41179,33.42649],[35.41199,33.42659],[35.41249,33.42619],[35.41168,33.42554],[35.41165,33.42514],[35.41194,33.42409],[35.41008,33.42346],[35.41018,33.42355],[35.40904,33.4239],[35.4087,33.42435],[35.40877,33.42618],[35.40842,33.42728]]]},"properties":{"entity_type":"protected_area","name":"Nmayrieh Nature Reserve","name_original":"محمية النميرية الطبيعية","designation":"Nature Reserve","designation_type":"National","governance":"Government-delegated management","reported_area_km2":0.102,"gis_area_km2":0.102,"verification":"State Verified","geom_origin":"source_gis_polygon","spatial_precision":"source_polygon"}},{"type":"Feature","id":"pa:013","geometry":{"type":"Polygon","coordinates":[[[35.82817,34.15141],[35.82881,34.15123],[35.82916,34.1513],[35.82959,34.15105],[35.82967,34.15114],[35.82935,34.15155],[35.82948,34.15183],[35.82995,34.15154],[35.83021,34.15107],[35.8306,34.15089],[35.83079,34.1511],[35.83102,34.15089],[35.83099,34.15067],[35.83138,34.15052],[35.82888,34.14766],[35.82866,34.14817],[35.82855,34.1481],[35.82875,34.14767],[35.82833,34.14742],[35.82788,34.14756],[35.82762,34.14787],[35.82739,34.14774],[35.82666,34.1482],[35.82602,34.14783],[35.82498,34.14854],[35.82483,34.1488],[35.82494,34.14894],[35.8241,34.14944],[35.82405,34.14957],[35.82451,34.14959],[35.82495,34.14931],[35.82589,34.14952],[35.82544,34.15098],[35.82572,34.15183],[35.82569,34.15233],[35.82667,34.15258],[35.82701,34.15241],[35.82702,34.1521],[35.82817,34.15141]]]},"properties":{"entity_type":"protected_area","name":"Jaj Cedars Nature Reserve","name_original":"محمية أرز جاج الطبيعية","designation":"Nature Reserve","designation_type":"National","governance":"Government-delegated management","reported_area_km2":0.2,"gis_area_km2":0.199,"verification":"State Verified","geom_origin":"source_gis_polygon","spatial_precision":"source_polygon"}},{"type":"Feature","id":"pa:014","geometry":{"type":"Polygon","coordinates":[[[35.20539,33.30275],[35.22232,33.30223],[35.22273,33.29963],[35.22167,33.29863],[35.22107,33.29752],[35.22046,33.29542],[35.21951,33.29317],[35.21916,33.29115],[35.21939,33.28979],[35.21923,33.28829],[35.21801,33.28599],[35.21804,33.28569],[35.20105,33.28629],[35.20539,33.30275]]]},"properties":{"entity_type":"protected_area","name":"Abbassieh Nature Reserve","name_original":"محمية شاطئ العباسية الطبيعية","designation":"Nature Reserve","designation_type":"National","governance":"Government-delegated management","reported_area_km2":2.935,"gis_area_km2":2.935,"verification":"State Verified","geom_origin":"source_gis_polygon","spatial_precision":"source_polygon"}},{"type":"Feature","id":"pa:015","geometry":{"type":"Polygon","coordinates":[[[35.86171,33.45356],[35.86203,33.45299],[35.86256,33.45255],[35.86478,33.45164],[35.86998,33.4488],[35.86907,33.44696],[35.86893,33.44623],[35.86915,33.44537],[35.86982,33.4447],[35.87067,33.4444],[35.87211,33.44441],[35.87312,33.44414],[35.87726,33.44428],[35.88301,33.44078],[35.88936,33.43659],[35.88501,33.43214],[35.88472,33.43154],[35.88469,33.43075],[35.8826,33.42809],[35.88127,33.42714],[35.8751,33.42389],[35.86726,33.42159],[35.86565,33.42104],[35.86302,33.41983],[35.86103,33.41966],[35.85946,33.42041],[35.85399,33.42369],[35.84399,33.43014],[35.83611,33.43577],[35.82652,33.44314],[35.82321,33.44313],[35.82984,33.44788],[35.83034,33.44871],[35.83216,33.45085],[35.83367,33.45128],[35.83794,33.45099],[35.8422,33.44992],[35.8431,33.44917],[35.8433,33.44876],[35.84488,33.44766],[35.84655,33.44717],[35.84985,33.4477],[35.85193,33.44837],[35.85218,33.44862],[35.85208,33.45059],[35.8524,33.45117],[35.85403,33.4508],[35.85547,33.45192],[35.85647,33.45238],[35.85871,33.45445],[35.8607,33.45533],[35.8614,33.4554],[35.86372,33.45625],[35.86171,33.45356]]]},"properties":{"entity_type":"protected_area","name":"Mount Hermon Nature Reserve","name_original":"محمية جبل حرمون الطبيعية","designation":"Nature Reserve","designation_type":"National","governance":"Government-delegated management","reported_area_km2":12.6,"gis_area_km2":12.591,"verification":"State Verified","geom_origin":"source_gis_polygon","spatial_precision":"source_polygon"}},{"type":"Feature","id":"pa:016","geometry":{"type":"Polygon","coordinates":[[[35.76052,34.50333],[35.76379,34.50326],[35.76537,34.50276],[35.76609,34.50237],[35.76727,34.50134],[35.76817,34.4999],[35.76847,34.49965],[35.77013,34.50035],[35.77424,34.5011],[35.77574,34.50099],[35.77692,34.5007],[35.77841,34.49997],[35.77904,34.49948],[35.78118,34.49655],[35.78183,34.49523],[35.78195,34.49334],[35.78155,34.49192],[35.78276,34.49141],[35.78399,34.49046],[35.78456,34.48977],[35.78519,34.4885],[35.78536,34.48714],[35.78526,34.48647],[35.7847,34.48521],[35.78476,34.48415],[35.78462,34.48342],[35.78393,34.48208],[35.78331,34.48142],[35.7819,34.48055],[35.7802,34.48012],[35.7793,34.48009],[35.77765,34.48033],[35.77618,34.48094],[35.77489,34.48093],[35.7732,34.48135],[35.77173,34.48218],[35.77053,34.48341],[35.76962,34.48566],[35.76965,34.4871],[35.77007,34.48822],[35.76751,34.49053],[35.76703,34.49111],[35.76647,34.49221],[35.76401,34.49178],[35.76183,34.49196],[35.76006,34.4919],[35.75811,34.4924],[35.75672,34.49319],[35.75583,34.49395],[35.75482,34.49525],[35.75437,34.49674],[35.75438,34.49759],[35.75482,34.49902],[35.75634,34.50121],[35.75704,34.50185],[35.75894,34.50293],[35.76052,34.50333]]]},"properties":{"entity_type":"protected_area","name":"Palm Islands Nature Reserve","name_original":"محمية جزيرة النخل وجزيرة سنني وجزيرة رامكين الطبيعية","designation":"Nature Reserve","designation_type":"National","governance":"Government-delegated management","reported_area_km2":4.177,"gis_area_km2":4.174,"verification":"State Verified","geom_origin":"source_gis_polygon","spatial_precision":"source_polygon"}},{"type":"Feature","id":"pa:017","geometry":{"type":"Polygon","coordinates":[[[35.71506,34.14126],[35.71231,34.14098],[35.71139,34.14037],[35.71128,34.13961],[35.7107,34.13912],[35.71037,34.13811],[35.70988,34.13745],[35.70987,34.13701],[35.70922,34.13702],[35.70844,34.13668],[35.70775,34.13668],[35.70636,34.13722],[35.70557,34.13692],[35.70485,34.13744],[35.70357,34.13745],[35.70231,34.13721],[35.70201,34.13731],[35.70099,34.13676],[35.7002,34.13697],[35.70007,34.1373],[35.69977,34.13747],[35.69874,34.13714],[35.69772,34.13732],[35.69651,34.13696],[35.69586,34.13731],[35.69494,34.13741],[35.6942,34.13686],[35.69376,34.13707],[35.69329,34.13706],[35.69292,34.13665],[35.69239,34.13676],[35.6921,34.13654],[35.69072,34.13638],[35.69053,34.13644],[35.69061,34.13683],[35.68975,34.138],[35.68912,34.13964],[35.68945,34.13959],[35.69024,34.14027],[35.69087,34.14033],[35.69138,34.14021],[35.69451,34.14041],[35.69776,34.14018],[35.6994,34.14041],[35.70626,34.13945],[35.70652,34.13953],[35.70665,34.13971],[35.70653,34.13994],[35.70694,34.14029],[35.70783,34.14039],[35.70777,34.14056],[35.70795,34.14061],[35.70805,34.14041],[35.70867,34.14051],[35.70873,34.14039],[35.7102,34.14144],[35.71076,34.14162],[35.71086,34.14187],[35.71121,34.142],[35.71123,34.14219],[35.71161,34.14217],[35.71157,34.14232],[35.71285,34.14254],[35.71444,34.14255],[35.71566,34.14298],[35.71506,34.14126]]]},"properties":{"entity_type":"protected_area","name":"Bentael Nature Reserve","name_original":"محمية بنتاعل الطبيعية","designation":"Nature Reserve","designation_type":"National","governance":"Government-delegated management","reported_area_km2":0.753,"gis_area_km2":0.753,"verification":"State Verified","geom_origin":"source_gis_polygon","spatial_precision":"source_polygon"}},{"type":"Feature","id":"pa:018","geometry":{"type":"Polygon","coordinates":[[[35.92559,34.20345],[35.92217,34.20745],[35.92213,34.20794],[35.92231,34.2085],[35.92271,34.20931],[35.92431,34.21126],[35.92577,34.21216],[35.92644,34.21278],[35.92683,34.2139],[35.92854,34.21446],[35.9293,34.21491],[35.93113,34.21515],[35.93166,34.21582],[35.93266,34.21588],[35.93288,34.21613],[35.93341,34.21629],[35.9344,34.2163],[35.93432,34.21582],[35.93395,34.21546],[35.93367,34.21531],[35.93305,34.21531],[35.93265,34.21546],[35.93281,34.21517],[35.93469,34.21452],[35.9358,34.21439],[35.93742,34.21391],[35.93764,34.21403],[35.93834,34.21333],[35.93873,34.21231],[35.93829,34.20925],[35.93693,34.21022],[35.93655,34.21023],[35.93651,34.20995],[35.93615,34.20994],[35.93617,34.20965],[35.93647,34.20925],[35.93672,34.20926],[35.93671,34.20902],[35.93598,34.20883],[35.93543,34.20809],[35.93526,34.20821],[35.93498,34.20814],[35.93497,34.20836],[35.93468,34.20838],[35.9338,34.20817],[35.93353,34.20725],[35.93393,34.20674],[35.93453,34.20653],[35.93569,34.20564],[35.93664,34.20536],[35.93741,34.20538],[35.93842,34.20486],[35.93877,34.20528],[35.93908,34.20529],[35.9395,34.20436],[35.94041,34.20318],[35.94078,34.20098],[35.94022,34.20052],[35.93996,34.19978],[35.93933,34.19934],[35.93752,34.19864],[35.93528,34.19859],[35.93184,34.20085],[35.93033,34.2012],[35.92941,34.20206],[35.92559,34.20345]]]},"properties":{"entity_type":"protected_area","name":"Tannourine Cedar Forest Nature Reserve","name_original":"محمية غابة أرز تنورين الطبيعية","designation":"Nature Reserve","designation_type":"National","governance":"Government-delegated management","reported_area_km2":1.954,"gis_area_km2":1.953,"verification":"State Verified","geom_origin":"source_gis_polygon","spatial_precision":"source_polygon"}},{"type":"Feature","id":"pa:019","geometry":{"type":"Polygon","coordinates":[[[35.98889,34.28374],[35.98884,34.28402],[35.98998,34.28505],[35.98848,34.28607],[35.98797,34.28662],[35.98791,34.2877],[35.98809,34.28871],[35.98692,34.29009],[35.98395,34.2923],[35.98337,34.29257],[35.9802,34.29334],[35.97789,34.29348],[35.97619,34.29379],[35.97557,34.29252],[35.97426,34.29255],[35.97366,34.29219],[35.97224,34.29227],[35.97113,34.29293],[35.97134,34.29324],[35.97114,34.29348],[35.97024,34.29369],[35.96971,34.29408],[35.96789,34.29445],[35.9671,34.29445],[35.967,34.29427],[35.96634,34.2946],[35.96632,34.29523],[35.9667,34.29559],[35.96899,34.29663],[35.97111,34.29858],[35.97234,34.29873],[35.97296,34.29927],[35.97309,34.2996],[35.9737,34.29997],[35.97295,34.3005],[35.97363,34.30097],[35.97393,34.30188],[35.97423,34.30225],[35.97561,34.30305],[35.97624,34.30392],[35.97511,34.30503],[35.97457,34.30522],[35.97472,34.30562],[35.97655,34.30574],[35.97675,34.30689],[35.97722,34.30708],[35.97746,34.307],[35.97804,34.30617],[35.97741,34.3056],[35.97856,34.30559],[35.98037,34.30585],[35.98161,34.30667],[35.98163,34.30695],[35.98139,34.30736],[35.98185,34.30769],[35.98289,34.30799],[35.98322,34.30737],[35.9839,34.308],[35.98385,34.30863],[35.98318,34.30915],[35.98177,34.30944],[35.98131,34.30979],[35.98083,34.3103],[35.98096,34.31089],[35.97943,34.31135],[35.97921,34.31057],[35.97836,34.31076],[35.97895,34.3114],[35.97972,34.31456],[35.97885,34.31475],[35.97861,34.31563],[35.97741,34.31703],[35.97692,34.31823],[35.97787,34.31872],[35.97702,34.31898],[35.97666,34.31994],[35.97569,34.32067],[35.97548,34.32124],[35.97512,34.32169],[35.97505,34.32215],[35.97462,34.32274],[35.97423,34.323],[35.97421,34.32334],[35.9747,34.32399],[35.97559,34.32443],[35.97598,34.32507],[35.97792,34.32436],[35.97861,34.3238],[35.9795,34.32348],[35.98026,34.32286],[35.98085,34.32205],[35.98221,34.31925],[35.9852,34.31813],[35.98615,34.318],[35.98894,34.31666],[35.98983,34.31647],[35.99183,34.31662],[35.99466,34.31563],[35.99553,34.31481],[35.99774,34.31408],[36.00049,34.31237],[36.0016,34.31109],[36.00372,34.30933],[36.00446,34.30943],[36.00721,34.31084],[36.00877,34.31133],[36.00988,34.31148],[36.0147,34.31144],[36.01642,34.31108],[36.01759,34.31045],[36.01787,34.30988],[36.01742,34.30784],[36.01755,34.30652],[36.01792,34.3059],[36.01856,34.30555],[36.02057,34.30501],[36.02189,34.30425],[36.02209,34.30339],[36.02261,34.30232],[36.02256,34.30194],[36.02218,34.30129],[36.02229,34.30092],[36.02201,34.30041],[36.02214,34.30015],[36.0228,34.30038],[36.02382,34.30019],[36.02462,34.29988],[36.02531,34.29919],[36.02535,34.29847],[36.02515,34.29796],[36.0248,34.29794],[36.02418,34.29745],[36.02406,34.29715],[36.02492,34.29583],[36.02571,34.29529],[36.02607,34.29474],[36.02717,34.2939],[36.02767,34.2933],[36.02878,34.29116],[36.02983,34.28958],[36.03036,34.28841],[36.03126,34.28502],[36.03389,34.28017],[36.03349,34.27983],[36.03218,34.27946],[36.03095,34.27945],[36.0296,34.27987],[36.02789,34.27975],[36.02614,34.27874],[36.02247,34.27821],[36.0209,34.27776],[36.01879,34.2777],[36.01757,34.27735],[36.01616,34.2767],[36.01474,34.27684],[36.01387,34.27671],[36.01325,34.27648],[36.01297,34.27608],[36.01221,34.2757],[36.01129,34.27416],[36.01018,34.27361],[36.00933,34.27244],[36.00805,34.27149],[36.00745,34.27072],[36.00633,34.27032],[36.00332,34.27363],[36.00234,34.27494],[36.00121,34.27528],[36.00106,34.27551],[35.99967,34.27608],[35.99986,34.27673],[35.99973,34.27708],[35.99552,34.27751],[35.9948,34.2777],[35.99437,34.27809],[35.99303,34.2783],[35.99064,34.27942],[35.99032,34.27996],[35.9904,34.28066],[35.99019,34.28192],[35.98962,34.28306],[35.98889,34.28374]]]},"properties":{"entity_type":"protected_area","name":"Horsh Ehden Nature Reserve","name_original":"محمية حرج اهدن الطبيعية","designation":"Nature Reserve","designation_type":"National","governance":"Government-delegated management","reported_area_km2":17.401,"gis_area_km2":17.382,"verification":"State Verified","geom_origin":"source_gis_polygon","spatial_precision":"source_polygon"}},{"type":"Feature","id":"pa:020","geometry":{"type":"Polygon","coordinates":[[[35.78431,33.73373],[35.78534,33.73329],[35.78644,33.73306],[35.78717,33.73328],[35.78744,33.73358],[35.78793,33.73378],[35.78906,33.73353],[35.78969,33.73359],[35.79007,33.73385],[35.79013,33.73421],[35.78969,33.73485],[35.79,33.73526],[35.78987,33.73606],[35.79005,33.73627],[35.79043,33.73632],[35.79126,33.7361],[35.79173,33.73679],[35.79225,33.73682],[35.79266,33.73718],[35.79436,33.73698],[35.79563,33.73634],[35.79683,33.73605],[35.79752,33.73553],[35.79771,33.73521],[35.79769,33.734],[35.79881,33.73331],[35.79991,33.73321],[35.80046,33.73282],[35.80138,33.73247],[35.80557,33.73135],[35.80698,33.73067],[35.80755,33.73062],[35.80844,33.7308],[35.80909,33.73023],[35.81018,33.72992],[35.811,33.72888],[35.81141,33.72874],[35.81262,33.72715],[35.8132,33.7267],[35.81351,33.72594],[35.81478,33.72475],[35.81516,33.72399],[35.8156,33.72385],[35.817,33.72272],[35.81815,33.72117],[35.819,33.72034],[35.82106,33.7188],[35.82184,33.71877],[35.82208,33.71914],[35.82224,33.71912],[35.82269,33.71842],[35.82278,33.71748],[35.82243,33.71706],[35.82209,33.71694],[35.82056,33.71683],[35.81991,33.71752],[35.81687,33.71916],[35.81505,33.72048],[35.81325,33.72139],[35.81271,33.72184],[35.81141,33.72242],[35.81069,33.72302],[35.8095,33.72344],[35.80804,33.72459],[35.80679,33.72494],[35.80522,33.72581],[35.8051,33.72595],[35.80529,33.72662],[35.80515,33.72703],[35.80546,33.72732],[35.80436,33.7275],[35.80449,33.72777],[35.80356,33.72829],[35.80306,33.72832],[35.80206,33.72793],[35.80128,33.72796],[35.80036,33.72821],[35.79925,33.72822],[35.79813,33.72843],[35.79763,33.72826],[35.79556,33.72928],[35.7932,33.72904],[35.79179,33.72868],[35.79138,33.72842],[35.79098,33.72788],[35.79101,33.7275],[35.79228,33.72681],[35.79219,33.72658],[35.79183,33.72656],[35.79051,33.72719],[35.78935,33.7272],[35.78702,33.72776],[35.78444,33.72742],[35.78207,33.72853],[35.78191,33.72853],[35.78146,33.72795],[35.78068,33.72821],[35.7803,33.72855],[35.78079,33.72897],[35.78113,33.72955],[35.78186,33.73006],[35.78187,33.73025],[35.78241,33.73047],[35.78293,33.73095],[35.78413,33.73247],[35.78405,33.73324],[35.78431,33.73373]]]},"properties":{"entity_type":"protected_area","name":"Ammiq Wetlands","name_original":"Ammiq Wetlands","designation":"Ramsar Site, Wetland of International Importance","designation_type":"International","governance":"Not Reported","reported_area_km2":2.22,"gis_area_km2":2.218,"verification":"State Verified","geom_origin":"source_gis_polygon","spatial_precision":"source_polygon"}},{"type":"Feature","id":"pa:021","geometry":{"type":"Polygon","coordinates":[[[35.70758,34.30123],[35.70677,34.29952],[35.70611,34.29898],[35.70608,34.29878],[35.70636,34.29839],[35.70597,34.29777],[35.70596,34.29702],[35.70565,34.29648],[35.70566,34.29572],[35.70483,34.2946],[35.70507,34.29405],[35.70588,34.29375],[35.70526,34.29243],[35.70503,34.28918],[35.70424,34.28704],[35.7035,34.2863],[35.70322,34.28559],[35.70325,34.28515],[35.70361,34.28459],[35.70358,34.2842],[35.70268,34.2834],[35.70083,34.28242],[35.70028,34.28126],[35.69958,34.28023],[35.69987,34.27804],[35.70056,34.27744],[35.70122,34.27657],[35.70124,34.27597],[35.70105,34.27557],[35.69884,34.27524],[35.69843,34.27539],[35.69779,34.27603],[35.69726,34.27629],[35.69685,34.27621],[35.69622,34.27562],[35.69379,34.27575],[35.69356,34.2753],[35.69365,34.27487],[35.69337,34.27451],[35.69278,34.27476],[35.69187,34.27437],[35.69126,34.27442],[35.69093,34.2741],[35.69085,34.27362],[35.69001,34.2733],[35.68927,34.27336],[35.68799,34.27464],[35.68753,34.27476],[35.68526,34.27432],[35.68377,34.27385],[35.68325,34.2734],[35.68287,34.27274],[35.6827,34.27289],[35.68244,34.27381],[35.68241,34.27467],[35.68265,34.27501],[35.68323,34.27531],[35.68433,34.27628],[35.6849,34.27653],[35.68456,34.27699],[35.68581,34.27851],[35.68586,34.27871],[35.68547,34.27922],[35.68582,34.27929],[35.6866,34.28135],[35.68581,34.2815],[35.68454,34.28088],[35.68414,34.28083],[35.68347,34.28102],[35.68316,34.28214],[35.68216,34.2822],[35.68108,34.28266],[35.68125,34.28329],[35.68025,34.28429],[35.68022,34.28511],[35.6798,34.28539],[35.67902,34.28558],[35.67941,34.28592],[35.67844,34.28647],[35.67933,34.28693],[35.67912,34.28714],[35.67974,34.28831],[35.67896,34.28852],[35.67861,34.28887],[35.67875,34.28906],[35.67839,34.29014],[35.67798,34.29049],[35.67707,34.28996],[35.6767,34.29052],[35.67687,34.29076],[35.67539,34.29155],[35.67346,34.29152],[35.67501,34.29303],[35.67624,34.2937],[35.67503,34.29391],[35.67237,34.29379],[35.67085,34.29536],[35.67028,34.29547],[35.66979,34.29657],[35.67003,34.29709],[35.67077,34.29705],[35.67011,34.2975],[35.67081,34.29764],[35.67087,34.29796],[35.67082,34.29809],[35.67019,34.29817],[35.67029,34.29854],[35.6716,34.29916],[35.67234,34.29992],[35.67203,34.30135],[35.67197,34.30278],[35.67173,34.30308],[35.67182,34.30332],[35.6723,34.30362],[35.67328,34.30529],[35.674,34.30583],[35.67472,34.30611],[35.67537,34.30587],[35.67585,34.30679],[35.67656,34.30727],[35.6769,34.30782],[35.6769,34.30815],[35.67771,34.3089],[35.67818,34.30962],[35.67876,34.30969],[35.67928,34.3102],[35.67942,34.3105],[35.67942,34.31151],[35.68012,34.31203],[35.68167,34.31189],[35.68207,34.31242],[35.6826,34.31274],[35.68361,34.31309],[35.68524,34.31319],[35.68646,34.31388],[35.68718,34.31405],[35.68934,34.31391],[35.69202,34.31316],[35.6932,34.31303],[35.69417,34.31233],[35.69562,34.31162],[35.69636,34.31156],[35.69683,34.31107],[35.6978,34.31108],[35.69802,34.31076],[35.69772,34.31069],[35.6978,34.30996],[35.69799,34.3099],[35.6984,34.31021],[35.69902,34.30984],[35.6988,34.30957],[35.69842,34.30993],[35.6982,34.30978],[35.69852,34.30923],[35.69861,34.30843],[35.70096,34.30684],[35.70116,34.30632],[35.70131,34.30627],[35.70116,34.30594],[35.70161,34.30528],[35.70181,34.30532],[35.70299,34.30427],[35.70315,34.30393],[35.70344,34.3038],[35.70426,34.3038],[35.70498,34.3034],[35.70573,34.30353],[35.70641,34.30333],[35.70698,34.30263],[35.70732,34.30192],[35.70725,34.30169],[35.70758,34.30123]]]},"properties":{"entity_type":"protected_area","name":"Deir el Nouriyeh cliffs of Ras Chekaa","name_original":"Deir el Nouriyeh cliffs of Ras Chekaa","designation":"Ramsar Site, Wetland of International Importance","designation_type":"International","governance":"Not Reported","reported_area_km2":9.93,"gis_area_km2":9.923,"verification":"State Verified","geom_origin":"source_gis_polygon","spatial_precision":"source_polygon"}},{"type":"Feature","id":"pa:022","geometry":{"type":"MultiPolygon","coordinates":[[[[35.21852,33.22577],[35.21734,33.2257],[35.21712,33.22438],[35.21661,33.22279],[35.2145,33.22288],[35.21284,33.22082],[35.21068,33.22136],[35.20993,33.22132],[35.21089,33.22358],[35.2108,33.2261],[35.21171,33.22949],[35.21193,33.23452],[35.21237,33.23452],[35.2128,33.23475],[35.21437,33.23488],[35.21727,33.23559],[35.21979,33.23588],[35.2215,33.23428],[35.22138,33.23336],[35.22059,33.23223],[35.21911,33.22892],[35.21921,33.22758],[35.2191,33.22727],[35.21858,33.22705],[35.21839,33.22676],[35.21852,33.22577]]],[[[35.21618,33.2513],[35.21715,33.24478],[35.21359,33.2447],[35.21232,33.2443],[35.21207,33.2532],[35.2108,33.25698],[35.20931,33.26009],[35.20764,33.26253],[35.20771,33.26417],[35.20846,33.26414],[35.2099,33.26345],[35.21307,33.25875],[35.21441,33.25528],[35.21618,33.2513]]]]},"properties":{"entity_type":"protected_area","name":"Tyre Coast Nature Reserve","name_original":"Tyre Coast Nature Reserve","designation":"Ramsar Site, Wetland of International Importance","designation_type":"International","governance":"Not Reported","reported_area_km2":1.775,"gis_area_km2":1.775,"verification":"State Verified","geom_origin":"source_gis_polygon","spatial_precision":"source_polygon"}},{"type":"Feature","id":"pa:023","geometry":{"type":"MultiPolygon","coordinates":[[[[35.77982,34.48765],[35.77885,34.48645],[35.77801,34.48606],[35.77864,34.48524],[35.7791,34.48511],[35.77922,34.48473],[35.77864,34.4849],[35.77749,34.48615],[35.77609,34.48613],[35.77602,34.48589],[35.77549,34.48582],[35.77521,34.48554],[35.7751,34.48614],[35.77483,34.48613],[35.7754,34.48665],[35.77657,34.4871],[35.77691,34.48706],[35.77755,34.48733],[35.77807,34.48707],[35.77841,34.48738],[35.77869,34.48724],[35.77878,34.48747],[35.77919,34.48747],[35.77949,34.48771],[35.77982,34.48765]]],[[[35.77411,34.49612],[35.774,34.4961],[35.77404,34.49615],[35.77411,34.49612]]],[[[35.77242,34.49612],[35.77361,34.49585],[35.77467,34.49595],[35.77518,34.49565],[35.77628,34.49448],[35.77642,34.49393],[35.77629,34.4935],[35.77475,34.49162],[35.77426,34.49168],[35.77373,34.49135],[35.77343,34.49162],[35.77325,34.49155],[35.77297,34.49258],[35.77256,34.49289],[35.77185,34.49291],[35.77152,34.49343],[35.77142,34.49393],[35.77094,34.49426],[35.77083,34.49481],[35.77041,34.49528],[35.77074,34.49528],[35.7709,34.4956],[35.7717,34.49606],[35.77242,34.49612]]],[[[35.77453,34.49648],[35.77502,34.49638],[35.77481,34.49626],[35.77453,34.49648]]],[[[35.76404,34.49679],[35.76438,34.49676],[35.76416,34.49625],[35.76378,34.49651],[35.76335,34.49647],[35.76317,34.4967],[35.76361,34.4971],[35.76404,34.49679]]],[[[35.76174,34.49773],[35.762,34.49791],[35.76186,34.4982],[35.76228,34.49842],[35.76247,34.49827],[35.7623,34.49798],[35.76316,34.49769],[35.76332,34.49736],[35.76293,34.49709],[35.76284,34.49726],[35.76255,34.4973],[35.76256,34.49763],[35.76187,34.49759],[35.76199,34.49734],[35.76152,34.49744],[35.76154,34.49717],[35.76091,34.49695],[35.76027,34.49642],[35.75962,34.49685],[35.75966,34.49697],[35.76002,34.49688],[35.75988,34.49716],[35.76038,34.49739],[35.76058,34.49759],[35.76055,34.49777],[35.76125,34.49773],[35.76104,34.49801],[35.76057,34.49822],[35.76052,34.49856],[35.76162,34.49796],[35.76174,34.49773]]],[[[35.76292,34.49845],[35.76262,34.49841],[35.76257,34.49853],[35.76274,34.49868],[35.76292,34.49845]]],[[[35.76129,34.49863],[35.76177,34.49873],[35.76204,34.49853],[35.76148,34.49844],[35.76129,34.49863]]]]},"properties":{"entity_type":"protected_area","name":"Palm Islands","name_original":"Palm Islands","designation":"Ramsar Site, Wetland of International Importance","designation_type":"International","governance":"Not Reported","reported_area_km2":0.262,"gis_area_km2":0.262,"verification":"State Verified","geom_origin":"source_gis_polygon","spatial_precision":"source_polygon"}}]}