{"type":"FeatureCollection","features":[{"type":"Feature","id":"BQ-2UEQNN:beqaa_2026","geometry":{"type":"Point","coordinates":[35.91257,33.8051]},"properties":{"entity_type":"survey_respondent_public","respondent_id":"BQ-2UEQNN","instrument":"beqaa_2026","area_name_en":"Zahle","area_name_ar":"زحلة","geom_origin":"district_centre","spatial_precision":"district","spread_m":500,"c__owns_land":"yes","c__land_size_band":"gt_1_ha","c__soil_types":"loamy","c__crop_groups":"vegetables","c__water_sources":"well","c__water_availability":"sometimes","c__water_scarcity":"yes","c__irrigation_need_change":"increase","c__energy_sources":"diesel","c__production_level":"medium","c__coop_member":"no","c__homes_trad_food":"most","c__seed_criteria":"price","c__seed_sources":"shop","c__seed_challenges":"high_cost","c__traditional_seed_knowledge":"no","c__soil_enhancers":"chemical","c__chem_fertilizer_reliance":"partial","c__pest_control":"chemical","c__pesticide_reliance":"total","c__marketing_challenges":"low_prices","c__logistics_challenges":"high_transport_cost","c__climate_change_noticed":"yes","c__climate_changes":"temperature_rise","c__climate_impacts":"production_decrease","c__raises_poultry":"no","c__farmer_type":"type_a","c__low_input_practices":"yes","values":{"owns_land":"yes","land_size_band":"gt_1_ha","soil_types":["loamy"],"crop_groups":["vegetables","legumes"],"water_sources":["well","canal"],"water_availability":"sometimes","water_scarcity":"yes","irrigation_need_change":"increase","energy_sources":["diesel"],"production_level":"medium","coop_member":"no","homes_trad_food":"most","seed_criteria":["price","productivity"],"seed_sources":["shop"],"seed_challenges":["high_cost"],"traditional_seed_knowledge":"no","soil_enhancers":["chemical","compost","manure"],"chem_fertilizer_reliance":"partial","pest_control":["chemical"],"pesticide_reliance":"total","marketing_challenges":["low_prices"],"logistics_challenges":["high_transport_cost"],"climate_change_noticed":"yes","climate_changes":["temperature_rise","rainfall_decrease","heatwaves"],"climate_impacts":["production_decrease","season_delay","pests_diseases"],"info_sources":null,"raises_poultry":"no","poultry_purpose":null,"farmer_type":"type_a","low_input_practices":"yes"},"status":{"owns_land":"reported","land_size_band":"reported","soil_types":"reported","crop_groups":"reported","water_sources":"reported","water_availability":"reported","water_scarcity":"reported","irrigation_need_change":"reported","energy_sources":"reported","production_level":"reported","coop_member":"reported","homes_trad_food":"reported","seed_criteria":"reported","seed_sources":"reported","seed_challenges":"reported","traditional_seed_knowledge":"reported","soil_enhancers":"reported","chem_fertilizer_reliance":"reported","pest_control":"reported","pesticide_reliance":"reported","marketing_challenges":"reported","logistics_challenges":"reported","climate_change_noticed":"reported","climate_changes":"reported","climate_impacts":"reported","info_sources":"not_asked","raises_poultry":"reported","poultry_purpose":"not_asked","farmer_type":"reported","low_input_practices":"reported"}}},{"type":"Feature","id":"BQ-4M9ZNZ:beqaa_2026","geometry":{"type":"Point","coordinates":[35.65686,33.52185]},"properties":{"entity_type":"survey_respondent_public","respondent_id":"BQ-4M9ZNZ","instrument":"beqaa_2026","area_name_en":"Machghara","area_name_ar":"مشغرة","geom_origin":"cadastral_unit_centre","spatial_precision":"cadastral_unit","spread_m":150,"c__owns_land":"yes","c__land_size_band":"lt_1_ha","c__soil_types":"loamy","c__crop_groups":"apples_pears","c__water_sources":"canal","c__water_availability":"always","c__water_scarcity":"no","c__irrigation_need_change":"increase","c__energy_sources":"grid","c__production_level":"small","c__coop_member":"no","c__homes_trad_food":"most","c__seed_criteria":"productivity","c__seed_sources":"shop","c__seed_challenges":"low_availability","c__traditional_seed_knowledge":"no","c__soil_enhancers":"chemical","c__chem_fertilizer_reliance":"partial","c__pest_control":"chemical","c__pesticide_reliance":"partial","c__marketing_challenges":"low_prices","c__logistics_challenges":"high_transport_cost","c__climate_change_noticed":"yes","c__climate_changes":"rainfall_decrease","c__climate_impacts":"season_delay","c__raises_poultry":"no","c__farmer_type":"type_b","c__low_input_practices":"no","values":{"owns_land":"yes","land_size_band":"lt_1_ha","soil_types":["loamy"],"crop_groups":["apples_pears","stone_fruits"],"water_sources":["canal"],"water_availability":"always","water_scarcity":"no","irrigation_need_change":"increase","energy_sources":["grid"],"production_level":"small","coop_member":"no","homes_trad_food":"most","seed_criteria":["productivity"],"seed_sources":["shop"],"seed_challenges":["low_availability"],"traditional_seed_knowledge":"no","soil_enhancers":["chemical"],"chem_fertilizer_reliance":"partial","pest_control":["chemical"],"pesticide_reliance":"partial","marketing_challenges":["low_prices"],"logistics_challenges":["high_transport_cost"],"climate_change_noticed":"yes","climate_changes":["rainfall_decrease"],"climate_impacts":["season_delay"],"info_sources":null,"raises_poultry":"no","poultry_purpose":null,"farmer_type":"type_b","low_input_practices":"no"},"status":{"owns_land":"reported","land_size_band":"reported","soil_types":"reported","crop_groups":"reported","water_sources":"reported","water_availability":"reported","water_scarcity":"reported","irrigation_need_change":"reported","energy_sources":"reported","production_level":"reported","coop_member":"reported","homes_trad_food":"reported","seed_criteria":"reported","seed_sources":"reported","seed_challenges":"reported","traditional_seed_knowledge":"reported","soil_enhancers":"reported","chem_fertilizer_reliance":"reported","pest_control":"reported","pesticide_reliance":"reported","marketing_challenges":"reported","logistics_challenges":"reported","climate_change_noticed":"reported","climate_changes":"reported","climate_impacts":"reported","info_sources":"not_asked","raises_poultry":"reported","poultry_purpose":"not_asked","farmer_type":"reported","low_input_practices":"reported"}}},{"type":"Feature","id":"BQ-5ZHMQL:beqaa_2026","geometry":{"type":"Point","coordinates":[35.65686,33.52185]},"properties":{"entity_type":"survey_respondent_public","respondent_id":"BQ-5ZHMQL","instrument":"beqaa_2026","area_name_en":"Machghara","area_name_ar":"مشغرة","geom_origin":"cadastral_unit_centre","spatial_precision":"cadastral_unit","spread_m":150,"c__owns_land":"yes","c__land_size_band":"lt_1_ha","c__soil_types":"loamy","c__crop_groups":"apples_pears","c__water_sources":"river","c__water_availability":"rarely","c__water_scarcity":"yes","c__irrigation_need_change":"increase","c__energy_sources":"grid","c__production_level":"large","c__coop_member":"no","c__homes_trad_food":"most","c__seed_criteria":"price","c__seed_sources":"shop","c__seed_challenges":"high_cost","c__traditional_seed_knowledge":"no","c__soil_enhancers":"chemical","c__chem_fertilizer_reliance":"total","c__pest_control":"chemical","c__pesticide_reliance":"total","c__marketing_challenges":"low_prices","c__logistics_challenges":"high_transport_cost","c__climate_change_noticed":"yes","c__climate_changes":"temperature_rise","c__climate_impacts":"production_decrease","c__raises_poultry":"no","c__farmer_type":"type_b","c__low_input_practices":"yes","values":{"owns_land":"yes","land_size_band":"lt_1_ha","soil_types":["loamy"],"crop_groups":["apples_pears","stone_fruits"],"water_sources":["river"],"water_availability":"rarely","water_scarcity":"yes","irrigation_need_change":"increase","energy_sources":["grid"],"production_level":"large","coop_member":"no","homes_trad_food":"most","seed_criteria":["price","productivity","pest_resistance"],"seed_sources":["shop"],"seed_challenges":["high_cost"],"traditional_seed_knowledge":"no","soil_enhancers":["chemical","compost","biofertilizer"],"chem_fertilizer_reliance":"total","pest_control":["chemical"],"pesticide_reliance":"total","marketing_challenges":["low_prices"],"logistics_challenges":["high_transport_cost"],"climate_change_noticed":"yes","climate_changes":["temperature_rise","rainfall_decrease","heatwaves"],"climate_impacts":["production_decrease","season_delay","pests_diseases"],"info_sources":null,"raises_poultry":"no","poultry_purpose":null,"farmer_type":"type_b","low_input_practices":"yes"},"status":{"owns_land":"reported","land_size_band":"reported","soil_types":"reported","crop_groups":"reported","water_sources":"reported","water_availability":"reported","water_scarcity":"reported","irrigation_need_change":"reported","energy_sources":"reported","production_level":"reported","coop_member":"reported","homes_trad_food":"reported","seed_criteria":"reported","seed_sources":"reported","seed_challenges":"reported","traditional_seed_knowledge":"reported","soil_enhancers":"reported","chem_fertilizer_reliance":"reported","pest_control":"reported","pesticide_reliance":"reported","marketing_challenges":"reported","logistics_challenges":"reported","climate_change_noticed":"reported","climate_changes":"reported","climate_impacts":"reported","info_sources":"not_asked","raises_poultry":"reported","poultry_purpose":"not_asked","farmer_type":"reported","low_input_practices":"reported"}}},{"type":"Feature","id":"BQ-64TPEE:beqaa_2026","geometry":{"type":"Point","coordinates":[35.65686,33.52185]},"properties":{"entity_type":"survey_respondent_public","respondent_id":"BQ-64TPEE","instrument":"beqaa_2026","area_name_en":"Machghara","area_name_ar":"مشغرة","geom_origin":"cadastral_unit_centre","spatial_precision":"cadastral_unit","spread_m":150,"c__owns_land":"yes","c__land_size_band":"lt_1_ha","c__soil_types":"loamy","c__crop_groups":"apples_pears","c__water_sources":"river","c__water_availability":"always","c__water_scarcity":"yes","c__irrigation_need_change":"increase","c__energy_sources":"grid","c__production_level":"small","c__coop_member":"no","c__homes_trad_food":"some","c__seed_criteria":"productivity","c__seed_sources":"shop","c__seed_challenges":"high_cost","c__traditional_seed_knowledge":"no","c__soil_enhancers":"chemical","c__chem_fertilizer_reliance":"partial","c__pest_control":"chemical","c__pesticide_reliance":"partial","c__marketing_challenges":"low_prices","c__logistics_challenges":"high_transport_cost","c__climate_change_noticed":"yes","c__climate_changes":"temperature_rise","c__climate_impacts":"production_decrease","c__raises_poultry":"no","c__farmer_type":"type_b","c__low_input_practices":"yes","values":{"owns_land":"yes","land_size_band":"lt_1_ha","soil_types":["loamy"],"crop_groups":["apples_pears"],"water_sources":["river"],"water_availability":"always","water_scarcity":"yes","irrigation_need_change":"increase","energy_sources":["grid"],"production_level":"small","coop_member":"no","homes_trad_food":"some","seed_criteria":["productivity","pest_resistance"],"seed_sources":["shop"],"seed_challenges":["high_cost"],"traditional_seed_knowledge":"no","soil_enhancers":["chemical","manure"],"chem_fertilizer_reliance":"partial","pest_control":["chemical"],"pesticide_reliance":"partial","marketing_challenges":["low_prices"],"logistics_challenges":["high_transport_cost"],"climate_change_noticed":"yes","climate_changes":["temperature_rise","rainfall_decrease","heatwaves"],"climate_impacts":["production_decrease","season_delay","pests_diseases"],"info_sources":null,"raises_poultry":"no","poultry_purpose":null,"farmer_type":"type_b","low_input_practices":"yes"},"status":{"owns_land":"reported","land_size_band":"reported","soil_types":"reported","crop_groups":"reported","water_sources":"reported","water_availability":"reported","water_scarcity":"reported","irrigation_need_change":"reported","energy_sources":"reported","production_level":"reported","coop_member":"reported","homes_trad_food":"reported","seed_criteria":"reported","seed_sources":"reported","seed_challenges":"reported","traditional_seed_knowledge":"reported","soil_enhancers":"reported","chem_fertilizer_reliance":"reported","pest_control":"reported","pesticide_reliance":"reported","marketing_challenges":"reported","logistics_challenges":"reported","climate_change_noticed":"reported","climate_changes":"reported","climate_impacts":"reported","info_sources":"not_asked","raises_poultry":"reported","poultry_purpose":"not_asked","farmer_type":"reported","low_input_practices":"reported"}}},{"type":"Feature","id":"BQ-8VSEK6:beqaa_2026","geometry":{"type":"Point","coordinates":[35.65686,33.52185]},"properties":{"entity_type":"survey_respondent_public","respondent_id":"BQ-8VSEK6","instrument":"beqaa_2026","area_name_en":"Machghara","area_name_ar":"مشغرة","geom_origin":"cadastral_unit_centre","spatial_precision":"cadastral_unit","spread_m":150,"c__owns_land":"yes","c__land_size_band":"lt_1_ha","c__soil_types":"loamy","c__crop_groups":"olives","c__water_sources":"canal","c__water_availability":"always","c__water_scarcity":"no","c__irrigation_need_change":"increase","c__energy_sources":"grid","c__production_level":"small","c__coop_member":"no","c__homes_trad_food":"most","c__seed_criteria":"productivity","c__seed_sources":"shop","c__seed_challenges":"low_availability","c__traditional_seed_knowledge":"no","c__soil_enhancers":"chemical","c__chem_fertilizer_reliance":"partial","c__pest_control":"chemical","c__pesticide_reliance":"partial","c__marketing_challenges":"low_prices","c__logistics_challenges":"no_paved_roads","c__climate_change_noticed":"yes","c__climate_changes":"rainfall_decrease","c__climate_impacts":"season_delay","c__raises_poultry":"no","c__farmer_type":"type_b","c__low_input_practices":"no","values":{"owns_land":"yes","land_size_band":"lt_1_ha","soil_types":["loamy"],"crop_groups":["olives","apples_pears"],"water_sources":["canal"],"water_availability":"always","water_scarcity":"no","irrigation_need_change":"increase","energy_sources":["grid"],"production_level":"small","coop_member":"no","homes_trad_food":"most","seed_criteria":["productivity"],"seed_sources":["shop"],"seed_challenges":["low_availability"],"traditional_seed_knowledge":"no","soil_enhancers":["chemical"],"chem_fertilizer_reliance":"partial","pest_control":["chemical"],"pesticide_reliance":"partial","marketing_challenges":["low_prices"],"logistics_challenges":["no_paved_roads","no_transport"],"climate_change_noticed":"yes","climate_changes":["rainfall_decrease"],"climate_impacts":["season_delay"],"info_sources":null,"raises_poultry":"no","poultry_purpose":null,"farmer_type":"type_b","low_input_practices":"no"},"status":{"owns_land":"reported","land_size_band":"reported","soil_types":"reported","crop_groups":"reported","water_sources":"reported","water_availability":"reported","water_scarcity":"reported","irrigation_need_change":"reported","energy_sources":"reported","production_level":"reported","coop_member":"reported","homes_trad_food":"reported","seed_criteria":"reported","seed_sources":"reported","seed_challenges":"reported","traditional_seed_knowledge":"reported","soil_enhancers":"reported","chem_fertilizer_reliance":"reported","pest_control":"reported","pesticide_reliance":"reported","marketing_challenges":"reported","logistics_challenges":"reported","climate_change_noticed":"reported","climate_changes":"reported","climate_impacts":"reported","info_sources":"not_asked","raises_poultry":"reported","poultry_purpose":"not_asked","farmer_type":"reported","low_input_practices":"reported"}}},{"type":"Feature","id":"BQ-A853PT:beqaa_2026","geometry":{"type":"Point","coordinates":[35.65686,33.52185]},"properties":{"entity_type":"survey_respondent_public","respondent_id":"BQ-A853PT","instrument":"beqaa_2026","area_name_en":"Machghara","area_name_ar":"مشغرة","geom_origin":"cadastral_unit_centre","spatial_precision":"cadastral_unit","spread_m":150,"c__owns_land":"yes","c__land_size_band":"gt_2_ha","c__soil_types":"calcareous","c__crop_groups":"apples_pears","c__water_sources":"river","c__water_availability":"never","c__water_scarcity":"yes","c__irrigation_need_change":"decrease","c__energy_sources":"manual","c__production_level":"small","c__coop_member":"no","c__homes_trad_food":"most","c__seed_criteria":"pest_resistance","c__seed_sources":"neighbour","c__seed_challenges":"high_cost","c__traditional_seed_knowledge":"no","c__soil_enhancers":"manure","c__chem_fertilizer_reliance":"not_used","c__pest_control":"chemical","c__pesticide_reliance":"partial","c__marketing_challenges":"low_prices","c__logistics_challenges":"high_transport_cost","c__climate_change_noticed":"yes","c__climate_changes":"rainfall_decrease","c__climate_impacts":"production_decrease","c__raises_poultry":"no","c__farmer_type":"type_b","c__low_input_practices":"yes","values":{"owns_land":"yes","land_size_band":"gt_2_ha","soil_types":["calcareous"],"crop_groups":["apples_pears","stone_fruits"],"water_sources":["river","well"],"water_availability":"never","water_scarcity":"yes","irrigation_need_change":"decrease","energy_sources":["manual","grid"],"production_level":"small","coop_member":"no","homes_trad_food":"most","seed_criteria":["pest_resistance"],"seed_sources":["neighbour"],"seed_challenges":["high_cost"],"traditional_seed_knowledge":"no","soil_enhancers":["manure"],"chem_fertilizer_reliance":"not_used","pest_control":["chemical","local"],"pesticide_reliance":"partial","marketing_challenges":["low_prices"],"logistics_challenges":["high_transport_cost","no_paved_roads"],"climate_change_noticed":"yes","climate_changes":["rainfall_decrease","heatwaves"],"climate_impacts":["production_decrease"],"info_sources":null,"raises_poultry":"no","poultry_purpose":null,"farmer_type":"type_b","low_input_practices":"yes"},"status":{"owns_land":"reported","land_size_band":"reported","soil_types":"reported","crop_groups":"reported","water_sources":"reported","water_availability":"reported","water_scarcity":"reported","irrigation_need_change":"reported","energy_sources":"reported","production_level":"reported","coop_member":"reported","homes_trad_food":"reported","seed_criteria":"reported","seed_sources":"reported","seed_challenges":"reported","traditional_seed_knowledge":"reported","soil_enhancers":"reported","chem_fertilizer_reliance":"reported","pest_control":"reported","pesticide_reliance":"reported","marketing_challenges":"reported","logistics_challenges":"reported","climate_change_noticed":"reported","climate_changes":"reported","climate_impacts":"reported","info_sources":"not_asked","raises_poultry":"reported","poultry_purpose":"not_asked","farmer_type":"reported","low_input_practices":"reported"}}},{"type":"Feature","id":"BQ-AV2FWQ:beqaa_2026","geometry":{"type":"Point","coordinates":[35.91257,33.8051]},"properties":{"entity_type":"survey_respondent_public","respondent_id":"BQ-AV2FWQ","instrument":"beqaa_2026","area_name_en":"Zahle","area_name_ar":"زحلة","geom_origin":"district_centre","spatial_precision":"district","spread_m":500,"c__owns_land":"yes","c__land_size_band":"gt_2_ha","c__soil_types":"clay","c__crop_groups":"vegetables","c__water_sources":"well","c__water_availability":"sometimes","c__water_scarcity":"no","c__irrigation_need_change":"increase","c__energy_sources":"diesel","c__production_level":"large","c__coop_member":"no","c__homes_trad_food":"few","c__seed_criteria":"productivity","c__seed_sources":"shop","c__seed_challenges":"high_cost","c__traditional_seed_knowledge":"yes","c__soil_enhancers":"chemical","c__chem_fertilizer_reliance":"total","c__pest_control":"chemical","c__pesticide_reliance":"total","c__marketing_challenges":"low_prices","c__logistics_challenges":"high_transport_cost","c__climate_change_noticed":"yes","c__climate_changes":"temperature_rise","c__climate_impacts":"pests_diseases","c__raises_poultry":"no","c__farmer_type":"type_a","c__low_input_practices":"yes","values":{"owns_land":"yes","land_size_band":"gt_2_ha","soil_types":["clay"],"crop_groups":["vegetables"],"water_sources":["well"],"water_availability":"sometimes","water_scarcity":"no","irrigation_need_change":"increase","energy_sources":["diesel"],"production_level":"large","coop_member":"no","homes_trad_food":"few","seed_criteria":["productivity"],"seed_sources":["shop"],"seed_challenges":["high_cost"],"traditional_seed_knowledge":"yes","soil_enhancers":["chemical","compost"],"chem_fertilizer_reliance":"total","pest_control":["chemical"],"pesticide_reliance":"total","marketing_challenges":["low_prices"],"logistics_challenges":["high_transport_cost"],"climate_change_noticed":"yes","climate_changes":["temperature_rise","heatwaves"],"climate_impacts":["pests_diseases","pollination"],"info_sources":null,"raises_poultry":"no","poultry_purpose":null,"farmer_type":"type_a","low_input_practices":"yes"},"status":{"owns_land":"reported","land_size_band":"reported","soil_types":"reported","crop_groups":"reported","water_sources":"reported","water_availability":"reported","water_scarcity":"reported","irrigation_need_change":"reported","energy_sources":"reported","production_level":"reported","coop_member":"reported","homes_trad_food":"reported","seed_criteria":"reported","seed_sources":"reported","seed_challenges":"reported","traditional_seed_knowledge":"reported","soil_enhancers":"reported","chem_fertilizer_reliance":"reported","pest_control":"reported","pesticide_reliance":"reported","marketing_challenges":"reported","logistics_challenges":"reported","climate_change_noticed":"reported","climate_changes":"reported","climate_impacts":"reported","info_sources":"not_asked","raises_poultry":"reported","poultry_purpose":"not_asked","farmer_type":"reported","low_input_practices":"reported"}}},{"type":"Feature","id":"BQ-AXAWV3:beqaa_2026","geometry":{"type":"Point","coordinates":[35.91257,33.8051]},"properties":{"entity_type":"survey_respondent_public","respondent_id":"BQ-AXAWV3","instrument":"beqaa_2026","area_name_en":"Zahle","area_name_ar":"زحلة","geom_origin":"district_centre","spatial_precision":"district","spread_m":500,"c__owns_land":"yes","c__land_size_band":"gt_2_ha","c__soil_types":"clay","c__crop_groups":"vegetables","c__water_sources":"rain","c__water_availability":"sometimes","c__water_scarcity":"yes","c__irrigation_need_change":"increase","c__energy_sources":"diesel","c__production_level":"small","c__coop_member":"no","c__seed_criteria":"price","c__seed_sources":"shop","c__seed_challenges":"high_cost","c__traditional_seed_knowledge":"no","c__soil_enhancers":"chemical","c__chem_fertilizer_reliance":"partial","c__pest_control":"chemical","c__pesticide_reliance":"total","c__marketing_challenges":"low_prices","c__logistics_challenges":"high_transport_cost","c__climate_change_noticed":"yes","c__climate_changes":"temperature_rise","c__climate_impacts":"production_decrease","c__raises_poultry":"no","c__farmer_type":"type_a","c__low_input_practices":"yes","values":{"owns_land":"yes","land_size_band":"gt_2_ha","soil_types":["clay"],"crop_groups":["vegetables","legumes"],"water_sources":["rain","well"],"water_availability":"sometimes","water_scarcity":"yes","irrigation_need_change":"increase","energy_sources":["diesel"],"production_level":"small","coop_member":"no","homes_trad_food":null,"seed_criteria":["price"],"seed_sources":["shop"],"seed_challenges":["high_cost"],"traditional_seed_knowledge":"no","soil_enhancers":["chemical","manure"],"chem_fertilizer_reliance":"partial","pest_control":["chemical"],"pesticide_reliance":"total","marketing_challenges":["low_prices"],"logistics_challenges":["high_transport_cost"],"climate_change_noticed":"yes","climate_changes":["temperature_rise","heatwaves"],"climate_impacts":["production_decrease"],"info_sources":null,"raises_poultry":"no","poultry_purpose":null,"farmer_type":"type_a","low_input_practices":"yes"},"status":{"owns_land":"reported","land_size_band":"reported","soil_types":"reported","crop_groups":"reported","water_sources":"reported","water_availability":"reported","water_scarcity":"reported","irrigation_need_change":"reported","energy_sources":"reported","production_level":"reported","coop_member":"reported","homes_trad_food":"not_provided","seed_criteria":"reported","seed_sources":"reported","seed_challenges":"reported","traditional_seed_knowledge":"reported","soil_enhancers":"reported","chem_fertilizer_reliance":"reported","pest_control":"reported","pesticide_reliance":"reported","marketing_challenges":"reported","logistics_challenges":"reported","climate_change_noticed":"reported","climate_changes":"reported","climate_impacts":"reported","info_sources":"not_asked","raises_poultry":"reported","poultry_purpose":"not_asked","farmer_type":"reported","low_input_practices":"reported"}}},{"type":"Feature","id":"BQ-DWMF9A:beqaa_2026","geometry":{"type":"Point","coordinates":[35.65686,33.52185]},"properties":{"entity_type":"survey_respondent_public","respondent_id":"BQ-DWMF9A","instrument":"beqaa_2026","area_name_en":"Machghara","area_name_ar":"مشغرة","geom_origin":"cadastral_unit_centre","spatial_precision":"cadastral_unit","spread_m":150,"c__owns_land":"yes","c__land_size_band":"lt_1_ha","c__soil_types":"loamy","c__crop_groups":"apples_pears","c__water_sources":"canal","c__water_availability":"always","c__water_scarcity":"no","c__irrigation_need_change":"increase","c__energy_sources":"grid","c__production_level":"large","c__coop_member":"no","c__homes_trad_food":"some","c__seed_criteria":"productivity","c__seed_sources":"association","c__seed_challenges":"unsuitable","c__traditional_seed_knowledge":"no","c__soil_enhancers":"chemical","c__chem_fertilizer_reliance":"partial","c__pest_control":"chemical","c__pesticide_reliance":"partial","c__marketing_challenges":"low_prices","c__logistics_challenges":"high_transport_cost","c__climate_change_noticed":"yes","c__climate_changes":"temperature_rise","c__climate_impacts":"production_decrease","c__raises_poultry":"no","c__farmer_type":"type_b","c__low_input_practices":"yes","values":{"owns_land":"yes","land_size_band":"lt_1_ha","soil_types":["loamy"],"crop_groups":["apples_pears"],"water_sources":["canal"],"water_availability":"always","water_scarcity":"no","irrigation_need_change":"increase","energy_sources":["grid"],"production_level":"large","coop_member":"no","homes_trad_food":"some","seed_criteria":["productivity","pest_resistance"],"seed_sources":["association"],"seed_challenges":["unsuitable"],"traditional_seed_knowledge":"no","soil_enhancers":["chemical","compost"],"chem_fertilizer_reliance":"partial","pest_control":["chemical"],"pesticide_reliance":"partial","marketing_challenges":["low_prices","far_markets"],"logistics_challenges":["high_transport_cost"],"climate_change_noticed":"yes","climate_changes":["temperature_rise","rainfall_decrease","heatwaves"],"climate_impacts":["production_decrease","pests_diseases"],"info_sources":null,"raises_poultry":"no","poultry_purpose":null,"farmer_type":"type_b","low_input_practices":"yes"},"status":{"owns_land":"reported","land_size_band":"reported","soil_types":"reported","crop_groups":"reported","water_sources":"reported","water_availability":"reported","water_scarcity":"reported","irrigation_need_change":"reported","energy_sources":"reported","production_level":"reported","coop_member":"reported","homes_trad_food":"reported","seed_criteria":"reported","seed_sources":"reported","seed_challenges":"reported","traditional_seed_knowledge":"reported","soil_enhancers":"reported","chem_fertilizer_reliance":"reported","pest_control":"reported","pesticide_reliance":"reported","marketing_challenges":"reported","logistics_challenges":"reported","climate_change_noticed":"reported","climate_changes":"reported","climate_impacts":"reported","info_sources":"not_asked","raises_poultry":"reported","poultry_purpose":"not_asked","farmer_type":"reported","low_input_practices":"reported"}}},{"type":"Feature","id":"BQ-E6Q22J:beqaa_2026","geometry":{"type":"Point","coordinates":[35.65686,33.52185]},"properties":{"entity_type":"survey_respondent_public","respondent_id":"BQ-E6Q22J","instrument":"beqaa_2026","area_name_en":"Machghara","area_name_ar":"مشغرة","geom_origin":"cadastral_unit_centre","spatial_precision":"cadastral_unit","spread_m":150,"c__owns_land":"yes","c__land_size_band":"lt_1_ha","c__soil_types":"loamy","c__crop_groups":"apples_pears","c__water_sources":"river","c__water_availability":"sometimes","c__water_scarcity":"no","c__irrigation_need_change":"increase","c__energy_sources":"manual","c__production_level":"small","c__coop_member":"no","c__homes_trad_food":"some","c__seed_criteria":"price","c__seed_sources":"shop","c__seed_challenges":"high_cost","c__traditional_seed_knowledge":"no","c__soil_enhancers":"chemical","c__chem_fertilizer_reliance":"partial","c__pest_control":"chemical","c__pesticide_reliance":"partial","c__marketing_challenges":"low_prices","c__logistics_challenges":"high_transport_cost","c__climate_change_noticed":"yes","c__climate_changes":"temperature_rise","c__climate_impacts":"production_decrease","c__raises_poultry":"no","c__farmer_type":"type_b","c__low_input_practices":"yes","values":{"owns_land":"yes","land_size_band":"lt_1_ha","soil_types":["loamy"],"crop_groups":["apples_pears","vegetables"],"water_sources":["river","canal"],"water_availability":"sometimes","water_scarcity":"no","irrigation_need_change":"increase","energy_sources":["manual","grid"],"production_level":"small","coop_member":"no","homes_trad_food":"some","seed_criteria":["price","productivity","pest_resistance"],"seed_sources":["shop"],"seed_challenges":["high_cost"],"traditional_seed_knowledge":"no","soil_enhancers":["chemical","compost","manure"],"chem_fertilizer_reliance":"partial","pest_control":["chemical"],"pesticide_reliance":"partial","marketing_challenges":["low_prices"],"logistics_challenges":["high_transport_cost"],"climate_change_noticed":"yes","climate_changes":["temperature_rise","rainfall_decrease","heatwaves"],"climate_impacts":["production_decrease","pests_diseases"],"info_sources":null,"raises_poultry":"no","poultry_purpose":null,"farmer_type":"type_b","low_input_practices":"yes"},"status":{"owns_land":"reported","land_size_band":"reported","soil_types":"reported","crop_groups":"reported","water_sources":"reported","water_availability":"reported","water_scarcity":"reported","irrigation_need_change":"reported","energy_sources":"reported","production_level":"reported","coop_member":"reported","homes_trad_food":"reported","seed_criteria":"reported","seed_sources":"reported","seed_challenges":"reported","traditional_seed_knowledge":"reported","soil_enhancers":"reported","chem_fertilizer_reliance":"reported","pest_control":"reported","pesticide_reliance":"reported","marketing_challenges":"reported","logistics_challenges":"reported","climate_change_noticed":"reported","climate_changes":"reported","climate_impacts":"reported","info_sources":"not_asked","raises_poultry":"reported","poultry_purpose":"not_asked","farmer_type":"reported","low_input_practices":"reported"}}},{"type":"Feature","id":"BQ-EC5BJ8:beqaa_2026","geometry":{"type":"Point","coordinates":[35.65686,33.52185]},"properties":{"entity_type":"survey_respondent_public","respondent_id":"BQ-EC5BJ8","instrument":"beqaa_2026","area_name_en":"Machghara","area_name_ar":"مشغرة","geom_origin":"cadastral_unit_centre","spatial_precision":"cadastral_unit","spread_m":150,"c__owns_land":"yes","c__land_size_band":"gt_1_ha","c__soil_types":"loamy","c__crop_groups":"apples_pears","c__water_sources":"canal","c__water_availability":"rarely","c__water_scarcity":"yes","c__irrigation_need_change":"increase","c__energy_sources":"grid","c__production_level":"medium","c__coop_member":"no","c__homes_trad_food":"most","c__seed_criteria":"price","c__seed_sources":"shop","c__seed_challenges":"high_cost","c__traditional_seed_knowledge":"no","c__soil_enhancers":"chemical","c__chem_fertilizer_reliance":"total","c__pest_control":"chemical","c__pesticide_reliance":"total","c__marketing_challenges":"low_prices","c__logistics_challenges":"high_transport_cost","c__climate_change_noticed":"yes","c__climate_changes":"temperature_rise","c__climate_impacts":"production_decrease","c__raises_poultry":"no","c__farmer_type":"type_a","c__low_input_practices":"yes","values":{"owns_land":"yes","land_size_band":"gt_1_ha","soil_types":["loamy"],"crop_groups":["apples_pears","stone_fruits"],"water_sources":["canal"],"water_availability":"rarely","water_scarcity":"yes","irrigation_need_change":"increase","energy_sources":["grid"],"production_level":"medium","coop_member":"no","homes_trad_food":"most","seed_criteria":["price","productivity","pest_resistance"],"seed_sources":["shop"],"seed_challenges":["high_cost"],"traditional_seed_knowledge":"no","soil_enhancers":["chemical","compost"],"chem_fertilizer_reliance":"total","pest_control":["chemical"],"pesticide_reliance":"total","marketing_challenges":["low_prices","weak_demand"],"logistics_challenges":["high_transport_cost"],"climate_change_noticed":"yes","climate_changes":["temperature_rise","rainfall_decrease","heatwaves"],"climate_impacts":["production_decrease","season_delay"],"info_sources":null,"raises_poultry":"no","poultry_purpose":null,"farmer_type":"type_a","low_input_practices":"yes"},"status":{"owns_land":"reported","land_size_band":"reported","soil_types":"reported","crop_groups":"reported","water_sources":"reported","water_availability":"reported","water_scarcity":"reported","irrigation_need_change":"reported","energy_sources":"reported","production_level":"reported","coop_member":"reported","homes_trad_food":"reported","seed_criteria":"reported","seed_sources":"reported","seed_challenges":"reported","traditional_seed_knowledge":"reported","soil_enhancers":"reported","chem_fertilizer_reliance":"reported","pest_control":"reported","pesticide_reliance":"reported","marketing_challenges":"reported","logistics_challenges":"reported","climate_change_noticed":"reported","climate_changes":"reported","climate_impacts":"reported","info_sources":"not_asked","raises_poultry":"reported","poultry_purpose":"not_asked","farmer_type":"reported","low_input_practices":"reported"}}},{"type":"Feature","id":"BQ-ERJTRW:beqaa_2026","geometry":{"type":"Point","coordinates":[35.65686,33.52185]},"properties":{"entity_type":"survey_respondent_public","respondent_id":"BQ-ERJTRW","instrument":"beqaa_2026","area_name_en":"Machghara","area_name_ar":"مشغرة","geom_origin":"cadastral_unit_centre","spatial_precision":"cadastral_unit","spread_m":150,"c__owns_land":"yes","c__land_size_band":"lt_5_dunum","c__soil_types":"loamy","c__water_sources":"canal","c__water_availability":"always","c__water_scarcity":"no","c__irrigation_need_change":"no_change","c__energy_sources":"manual","c__production_level":"medium","c__coop_member":"no","c__homes_trad_food":"most","c__seed_criteria":"price","c__seed_sources":"shop","c__seed_challenges":"high_cost","c__traditional_seed_knowledge":"no","c__soil_enhancers":"chemical","c__chem_fertilizer_reliance":"partial","c__pest_control":"chemical","c__pesticide_reliance":"total","c__marketing_challenges":"low_prices","c__logistics_challenges":"no_paved_roads","c__climate_change_noticed":"yes","c__climate_changes":"temperature_rise","c__climate_impacts":"production_decrease","c__raises_poultry":"no","c__farmer_type":"type_a","c__low_input_practices":"yes","values":{"owns_land":"yes","land_size_band":"lt_5_dunum","soil_types":["loamy"],"crop_groups":null,"water_sources":["canal"],"water_availability":"always","water_scarcity":"no","irrigation_need_change":"no_change","energy_sources":["manual"],"production_level":"medium","coop_member":"no","homes_trad_food":"most","seed_criteria":["price"],"seed_sources":["shop"],"seed_challenges":["high_cost"],"traditional_seed_knowledge":"no","soil_enhancers":["chemical","compost"],"chem_fertilizer_reliance":"partial","pest_control":["chemical"],"pesticide_reliance":"total","marketing_challenges":["low_prices"],"logistics_challenges":["no_paved_roads","no_transport"],"climate_change_noticed":"yes","climate_changes":["temperature_rise","heatwaves"],"climate_impacts":["production_decrease","pests_diseases"],"info_sources":null,"raises_poultry":"no","poultry_purpose":null,"farmer_type":"type_a","low_input_practices":"yes"},"status":{"owns_land":"reported","land_size_band":"reported","soil_types":"reported","crop_groups":"not_provided","water_sources":"reported","water_availability":"reported","water_scarcity":"reported","irrigation_need_change":"reported","energy_sources":"reported","production_level":"reported","coop_member":"reported","homes_trad_food":"reported","seed_criteria":"reported","seed_sources":"reported","seed_challenges":"reported","traditional_seed_knowledge":"reported","soil_enhancers":"reported","chem_fertilizer_reliance":"reported","pest_control":"reported","pesticide_reliance":"reported","marketing_challenges":"reported","logistics_challenges":"reported","climate_change_noticed":"reported","climate_changes":"reported","climate_impacts":"reported","info_sources":"not_asked","raises_poultry":"reported","poultry_purpose":"not_asked","farmer_type":"reported","low_input_practices":"reported"}}},{"type":"Feature","id":"BQ-EVMY8C:beqaa_2026","geometry":{"type":"Point","coordinates":[35.65686,33.52185]},"properties":{"entity_type":"survey_respondent_public","respondent_id":"BQ-EVMY8C","instrument":"beqaa_2026","area_name_en":"Machghara","area_name_ar":"مشغرة","geom_origin":"cadastral_unit_centre","spatial_precision":"cadastral_unit","spread_m":150,"c__owns_land":"yes","c__land_size_band":"lt_5_dunum","c__soil_types":"loamy","c__crop_groups":"olives","c__water_sources":"river","c__water_availability":"always","c__water_scarcity":"no","c__irrigation_need_change":"increase","c__energy_sources":"manual","c__production_level":"medium","c__coop_member":"no","c__homes_trad_food":"some","c__seed_criteria":"price","c__seed_sources":"other","c__seed_challenges":"high_cost","c__traditional_seed_knowledge":"no","c__soil_enhancers":"chemical","c__chem_fertilizer_reliance":"partial","c__pest_control":"chemical","c__pesticide_reliance":"partial","c__marketing_challenges":"low_prices","c__logistics_challenges":"high_transport_cost","c__climate_change_noticed":"yes","c__climate_changes":"temperature_rise","c__climate_impacts":"production_decrease","c__raises_poultry":"no","c__farmer_type":"type_b","c__low_input_practices":"yes","values":{"owns_land":"yes","land_size_band":"lt_5_dunum","soil_types":["loamy"],"crop_groups":["olives"],"water_sources":["river"],"water_availability":"always","water_scarcity":"no","irrigation_need_change":"increase","energy_sources":["manual"],"production_level":"medium","coop_member":"no","homes_trad_food":"some","seed_criteria":["price","productivity"],"seed_sources":["other"],"seed_challenges":["high_cost"],"traditional_seed_knowledge":"no","soil_enhancers":["chemical","compost","manure"],"chem_fertilizer_reliance":"partial","pest_control":["chemical"],"pesticide_reliance":"partial","marketing_challenges":["low_prices"],"logistics_challenges":["high_transport_cost"],"climate_change_noticed":"yes","climate_changes":["temperature_rise","rainfall_decrease","heatwaves"],"climate_impacts":["production_decrease"],"info_sources":null,"raises_poultry":"no","poultry_purpose":null,"farmer_type":"type_b","low_input_practices":"yes"},"status":{"owns_land":"reported","land_size_band":"reported","soil_types":"reported","crop_groups":"reported","water_sources":"reported","water_availability":"reported","water_scarcity":"reported","irrigation_need_change":"reported","energy_sources":"reported","production_level":"reported","coop_member":"reported","homes_trad_food":"reported","seed_criteria":"reported","seed_sources":"reported","seed_challenges":"reported","traditional_seed_knowledge":"reported","soil_enhancers":"reported","chem_fertilizer_reliance":"reported","pest_control":"reported","pesticide_reliance":"reported","marketing_challenges":"reported","logistics_challenges":"reported","climate_change_noticed":"reported","climate_changes":"reported","climate_impacts":"reported","info_sources":"not_asked","raises_poultry":"reported","poultry_purpose":"not_asked","farmer_type":"reported","low_input_practices":"reported"}}},{"type":"Feature","id":"BQ-F3ZXK8:beqaa_2026","geometry":{"type":"Point","coordinates":[35.91257,33.8051]},"properties":{"entity_type":"survey_respondent_public","respondent_id":"BQ-F3ZXK8","instrument":"beqaa_2026","area_name_en":"Zahle","area_name_ar":"زحلة","geom_origin":"district_centre","spatial_precision":"district","spread_m":500,"c__owns_land":"yes","c__land_size_band":"lt_5_dunum","c__soil_types":"loamy","c__crop_groups":"vegetables","c__water_sources":"canal","c__water_availability":"sometimes","c__water_scarcity":"yes","c__irrigation_need_change":"increase","c__energy_sources":"manual","c__production_level":"small","c__coop_member":"no","c__homes_trad_food":"most","c__seed_criteria":"price","c__seed_sources":"shop","c__seed_challenges":"high_cost","c__traditional_seed_knowledge":"no","c__soil_enhancers":"chemical","c__chem_fertilizer_reliance":"total","c__pest_control":"chemical","c__pesticide_reliance":"total","c__marketing_challenges":"low_prices","c__logistics_challenges":"high_transport_cost","c__climate_change_noticed":"yes","c__climate_changes":"temperature_rise","c__climate_impacts":"production_decrease","c__raises_poultry":"no","c__farmer_type":"type_a","c__low_input_practices":"no","values":{"owns_land":"yes","land_size_band":"lt_5_dunum","soil_types":["loamy"],"crop_groups":["vegetables"],"water_sources":["canal"],"water_availability":"sometimes","water_scarcity":"yes","irrigation_need_change":"increase","energy_sources":["manual"],"production_level":"small","coop_member":"no","homes_trad_food":"most","seed_criteria":["price","productivity"],"seed_sources":["shop"],"seed_challenges":["high_cost"],"traditional_seed_knowledge":"no","soil_enhancers":["chemical"],"chem_fertilizer_reliance":"total","pest_control":["chemical"],"pesticide_reliance":"total","marketing_challenges":["low_prices"],"logistics_challenges":["high_transport_cost"],"climate_change_noticed":"yes","climate_changes":["temperature_rise","rainfall_decrease","heatwaves"],"climate_impacts":["production_decrease"],"info_sources":null,"raises_poultry":"no","poultry_purpose":null,"farmer_type":"type_a","low_input_practices":"no"},"status":{"owns_land":"reported","land_size_band":"reported","soil_types":"reported","crop_groups":"reported","water_sources":"reported","water_availability":"reported","water_scarcity":"reported","irrigation_need_change":"reported","energy_sources":"reported","production_level":"reported","coop_member":"reported","homes_trad_food":"reported","seed_criteria":"reported","seed_sources":"reported","seed_challenges":"reported","traditional_seed_knowledge":"reported","soil_enhancers":"reported","chem_fertilizer_reliance":"reported","pest_control":"reported","pesticide_reliance":"reported","marketing_challenges":"reported","logistics_challenges":"reported","climate_change_noticed":"reported","climate_changes":"reported","climate_impacts":"reported","info_sources":"not_asked","raises_poultry":"reported","poultry_purpose":"not_asked","farmer_type":"reported","low_input_practices":"reported"}}},{"type":"Feature","id":"BQ-FTVDCY:beqaa_2026","geometry":{"type":"Point","coordinates":[35.91257,33.8051]},"properties":{"entity_type":"survey_respondent_public","respondent_id":"BQ-FTVDCY","instrument":"beqaa_2026","area_name_en":"Zahle","area_name_ar":"زحلة","geom_origin":"district_centre","spatial_precision":"district","spread_m":500,"c__owns_land":"yes","c__land_size_band":"gt_1_ha","c__soil_types":"clay","c__crop_groups":"vegetables","c__water_sources":"rain","c__water_availability":"sometimes","c__water_scarcity":"yes","c__irrigation_need_change":"increase","c__energy_sources":"diesel","c__production_level":"small","c__coop_member":"no","c__seed_criteria":"price","c__seed_sources":"shop","c__seed_challenges":"high_cost","c__traditional_seed_knowledge":"no","c__soil_enhancers":"chemical","c__chem_fertilizer_reliance":"partial","c__pest_control":"chemical","c__pesticide_reliance":"total","c__marketing_challenges":"other","c__logistics_challenges":"high_transport_cost","c__climate_change_noticed":"yes","c__climate_changes":"temperature_rise","c__climate_impacts":"season_delay","c__raises_poultry":"no","c__farmer_type":"type_a","c__low_input_practices":"yes","values":{"owns_land":"yes","land_size_band":"gt_1_ha","soil_types":["clay"],"crop_groups":["vegetables"],"water_sources":["rain","well"],"water_availability":"sometimes","water_scarcity":"yes","irrigation_need_change":"increase","energy_sources":["diesel"],"production_level":"small","coop_member":"no","homes_trad_food":null,"seed_criteria":["price"],"seed_sources":["shop"],"seed_challenges":["high_cost"],"traditional_seed_knowledge":"no","soil_enhancers":["chemical","manure"],"chem_fertilizer_reliance":"partial","pest_control":["chemical"],"pesticide_reliance":"total","marketing_challenges":["other"],"logistics_challenges":["high_transport_cost"],"climate_change_noticed":"yes","climate_changes":["temperature_rise"],"climate_impacts":["season_delay"],"info_sources":null,"raises_poultry":"no","poultry_purpose":null,"farmer_type":"type_a","low_input_practices":"yes"},"status":{"owns_land":"reported","land_size_band":"reported","soil_types":"reported","crop_groups":"reported","water_sources":"reported","water_availability":"reported","water_scarcity":"reported","irrigation_need_change":"reported","energy_sources":"reported","production_level":"reported","coop_member":"reported","homes_trad_food":"not_provided","seed_criteria":"reported","seed_sources":"reported","seed_challenges":"reported","traditional_seed_knowledge":"reported","soil_enhancers":"reported","chem_fertilizer_reliance":"reported","pest_control":"reported","pesticide_reliance":"reported","marketing_challenges":"reported","logistics_challenges":"reported","climate_change_noticed":"reported","climate_changes":"reported","climate_impacts":"reported","info_sources":"not_asked","raises_poultry":"reported","poultry_purpose":"not_asked","farmer_type":"reported","low_input_practices":"reported"}}},{"type":"Feature","id":"BQ-GK3GDN:beqaa_2026","geometry":{"type":"Point","coordinates":[35.65686,33.52185]},"properties":{"entity_type":"survey_respondent_public","respondent_id":"BQ-GK3GDN","instrument":"beqaa_2026","area_name_en":"Machghara","area_name_ar":"مشغرة","geom_origin":"cadastral_unit_centre","spatial_precision":"cadastral_unit","spread_m":150,"c__owns_land":"yes","c__land_size_band":"lt_5_dunum","c__soil_types":"sandy","c__crop_groups":"apples_pears","c__water_sources":"tanker","c__water_availability":"rarely","c__water_scarcity":"yes","c__irrigation_need_change":"no_change","c__energy_sources":"diesel","c__production_level":"small","c__coop_member":"no","c__homes_trad_food":"some","c__seed_criteria":"price","c__seed_sources":"own_harvest","c__seed_challenges":"high_cost","c__traditional_seed_knowledge":"no","c__soil_enhancers":"chemical","c__chem_fertilizer_reliance":"partial","c__pest_control":"biological","c__pesticide_reliance":"not_used","c__marketing_challenges":"low_prices","c__logistics_challenges":"no_transport","c__climate_change_noticed":"yes","c__climate_changes":"temperature_rise","c__climate_impacts":"pests_diseases","c__raises_poultry":"no","c__farmer_type":"type_b","c__low_input_practices":"yes","values":{"owns_land":"yes","land_size_band":"lt_5_dunum","soil_types":["sandy"],"crop_groups":["apples_pears","stone_fruits"],"water_sources":["tanker"],"water_availability":"rarely","water_scarcity":"yes","irrigation_need_change":"no_change","energy_sources":["diesel"],"production_level":"small","coop_member":"no","homes_trad_food":"some","seed_criteria":["price"],"seed_sources":["own_harvest"],"seed_challenges":["high_cost"],"traditional_seed_knowledge":"no","soil_enhancers":["chemical"],"chem_fertilizer_reliance":"partial","pest_control":["biological"],"pesticide_reliance":"not_used","marketing_challenges":["low_prices"],"logistics_challenges":["no_transport"],"climate_change_noticed":"yes","climate_changes":["temperature_rise","rainfall_decrease","heatwaves"],"climate_impacts":["pests_diseases"],"info_sources":null,"raises_poultry":"no","poultry_purpose":null,"farmer_type":"type_b","low_input_practices":"yes"},"status":{"owns_land":"reported","land_size_band":"reported","soil_types":"reported","crop_groups":"reported","water_sources":"reported","water_availability":"reported","water_scarcity":"reported","irrigation_need_change":"reported","energy_sources":"reported","production_level":"reported","coop_member":"reported","homes_trad_food":"reported","seed_criteria":"reported","seed_sources":"reported","seed_challenges":"reported","traditional_seed_knowledge":"reported","soil_enhancers":"reported","chem_fertilizer_reliance":"reported","pest_control":"reported","pesticide_reliance":"reported","marketing_challenges":"reported","logistics_challenges":"reported","climate_change_noticed":"reported","climate_changes":"reported","climate_impacts":"reported","info_sources":"not_asked","raises_poultry":"reported","poultry_purpose":"not_asked","farmer_type":"reported","low_input_practices":"reported"}}},{"type":"Feature","id":"BQ-H8AB8M:beqaa_2026","geometry":{"type":"Point","coordinates":[35.91257,33.8051]},"properties":{"entity_type":"survey_respondent_public","respondent_id":"BQ-H8AB8M","instrument":"beqaa_2026","area_name_en":"Zahle","area_name_ar":"زحلة","geom_origin":"district_centre","spatial_precision":"district","spread_m":500,"c__owns_land":"yes","c__land_size_band":"lt_1_ha","c__soil_types":"clay","c__crop_groups":"vegetables","c__water_sources":"rain","c__water_availability":"sometimes","c__water_scarcity":"yes","c__irrigation_need_change":"increase","c__energy_sources":"diesel","c__production_level":"small","c__coop_member":"no","c__seed_criteria":"price","c__seed_sources":"shop","c__seed_challenges":"high_cost","c__traditional_seed_knowledge":"no","c__soil_enhancers":"chemical","c__chem_fertilizer_reliance":"partial","c__pest_control":"chemical","c__pesticide_reliance":"total","c__marketing_challenges":"low_prices","c__logistics_challenges":"high_transport_cost","c__climate_change_noticed":"yes","c__climate_changes":"temperature_rise","c__climate_impacts":"production_decrease","c__raises_poultry":"no","c__farmer_type":"type_a","c__low_input_practices":"yes","values":{"owns_land":"yes","land_size_band":"lt_1_ha","soil_types":["clay"],"crop_groups":["vegetables"],"water_sources":["rain","well"],"water_availability":"sometimes","water_scarcity":"yes","irrigation_need_change":"increase","energy_sources":["diesel"],"production_level":"small","coop_member":"no","homes_trad_food":null,"seed_criteria":["price"],"seed_sources":["shop"],"seed_challenges":["high_cost"],"traditional_seed_knowledge":"no","soil_enhancers":["chemical","manure"],"chem_fertilizer_reliance":"partial","pest_control":["chemical"],"pesticide_reliance":"total","marketing_challenges":["low_prices"],"logistics_challenges":["high_transport_cost"],"climate_change_noticed":"yes","climate_changes":["temperature_rise","heatwaves"],"climate_impacts":["production_decrease"],"info_sources":null,"raises_poultry":"no","poultry_purpose":null,"farmer_type":"type_a","low_input_practices":"yes"},"status":{"owns_land":"reported","land_size_band":"reported","soil_types":"reported","crop_groups":"reported","water_sources":"reported","water_availability":"reported","water_scarcity":"reported","irrigation_need_change":"reported","energy_sources":"reported","production_level":"reported","coop_member":"reported","homes_trad_food":"not_provided","seed_criteria":"reported","seed_sources":"reported","seed_challenges":"reported","traditional_seed_knowledge":"reported","soil_enhancers":"reported","chem_fertilizer_reliance":"reported","pest_control":"reported","pesticide_reliance":"reported","marketing_challenges":"reported","logistics_challenges":"reported","climate_change_noticed":"reported","climate_changes":"reported","climate_impacts":"reported","info_sources":"not_asked","raises_poultry":"reported","poultry_purpose":"not_asked","farmer_type":"reported","low_input_practices":"reported"}}},{"type":"Feature","id":"BQ-KGBARD:beqaa_2026","geometry":{"type":"Point","coordinates":[35.91257,33.8051]},"properties":{"entity_type":"survey_respondent_public","respondent_id":"BQ-KGBARD","instrument":"beqaa_2026","area_name_en":"Zahle","area_name_ar":"زحلة","geom_origin":"district_centre","spatial_precision":"district","spread_m":500,"c__owns_land":"yes","c__land_size_band":"gt_2_ha","c__soil_types":"clay","c__crop_groups":"vegetables","c__water_sources":"rain","c__water_availability":"sometimes","c__water_scarcity":"yes","c__irrigation_need_change":"increase","c__energy_sources":"diesel","c__production_level":"medium","c__coop_member":"no","c__seed_criteria":"price","c__seed_sources":"shop","c__seed_challenges":"high_cost","c__traditional_seed_knowledge":"no","c__soil_enhancers":"chemical","c__chem_fertilizer_reliance":"partial","c__pest_control":"chemical","c__pesticide_reliance":"total","c__marketing_challenges":"low_prices","c__logistics_challenges":"high_transport_cost","c__climate_change_noticed":"yes","c__climate_changes":"temperature_rise","c__climate_impacts":"production_decrease","c__raises_poultry":"no","c__farmer_type":"type_a","c__low_input_practices":"yes","values":{"owns_land":"yes","land_size_band":"gt_2_ha","soil_types":["clay"],"crop_groups":["vegetables","legumes"],"water_sources":["rain","well"],"water_availability":"sometimes","water_scarcity":"yes","irrigation_need_change":"increase","energy_sources":["diesel"],"production_level":"medium","coop_member":"no","homes_trad_food":null,"seed_criteria":["price"],"seed_sources":["shop"],"seed_challenges":["high_cost"],"traditional_seed_knowledge":"no","soil_enhancers":["chemical","manure"],"chem_fertilizer_reliance":"partial","pest_control":["chemical"],"pesticide_reliance":"total","marketing_challenges":["low_prices"],"logistics_challenges":["high_transport_cost"],"climate_change_noticed":"yes","climate_changes":["temperature_rise","heatwaves"],"climate_impacts":["production_decrease"],"info_sources":null,"raises_poultry":"no","poultry_purpose":null,"farmer_type":"type_a","low_input_practices":"yes"},"status":{"owns_land":"reported","land_size_band":"reported","soil_types":"reported","crop_groups":"reported","water_sources":"reported","water_availability":"reported","water_scarcity":"reported","irrigation_need_change":"reported","energy_sources":"reported","production_level":"reported","coop_member":"reported","homes_trad_food":"not_provided","seed_criteria":"reported","seed_sources":"reported","seed_challenges":"reported","traditional_seed_knowledge":"reported","soil_enhancers":"reported","chem_fertilizer_reliance":"reported","pest_control":"reported","pesticide_reliance":"reported","marketing_challenges":"reported","logistics_challenges":"reported","climate_change_noticed":"reported","climate_changes":"reported","climate_impacts":"reported","info_sources":"not_asked","raises_poultry":"reported","poultry_purpose":"not_asked","farmer_type":"reported","low_input_practices":"reported"}}},{"type":"Feature","id":"BQ-N57CFP:beqaa_2026","geometry":{"type":"Point","coordinates":[35.65686,33.52185]},"properties":{"entity_type":"survey_respondent_public","respondent_id":"BQ-N57CFP","instrument":"beqaa_2026","area_name_en":"Machghara","area_name_ar":"مشغرة","geom_origin":"cadastral_unit_centre","spatial_precision":"cadastral_unit","spread_m":150,"c__owns_land":"yes","c__land_size_band":"lt_1_ha","c__soil_types":"loamy","c__crop_groups":"olives","c__water_sources":"river","c__water_availability":"always","c__water_scarcity":"no","c__irrigation_need_change":"increase","c__energy_sources":"grid","c__production_level":"small","c__coop_member":"no","c__homes_trad_food":"some","c__seed_criteria":"price","c__seed_sources":"shop","c__seed_challenges":"high_cost","c__traditional_seed_knowledge":"no","c__soil_enhancers":"chemical","c__chem_fertilizer_reliance":"partial","c__pest_control":"chemical","c__pesticide_reliance":"partial","c__marketing_challenges":"low_prices","c__logistics_challenges":"high_transport_cost","c__climate_change_noticed":"yes","c__climate_changes":"temperature_rise","c__climate_impacts":"production_decrease","c__raises_poultry":"no","c__farmer_type":"type_b","c__low_input_practices":"yes","values":{"owns_land":"yes","land_size_band":"lt_1_ha","soil_types":["loamy"],"crop_groups":["olives","apples_pears"],"water_sources":["river"],"water_availability":"always","water_scarcity":"no","irrigation_need_change":"increase","energy_sources":["grid"],"production_level":"small","coop_member":"no","homes_trad_food":"some","seed_criteria":["price","productivity"],"seed_sources":["shop"],"seed_challenges":["high_cost"],"traditional_seed_knowledge":"no","soil_enhancers":["chemical","compost"],"chem_fertilizer_reliance":"partial","pest_control":["chemical"],"pesticide_reliance":"partial","marketing_challenges":["low_prices"],"logistics_challenges":["high_transport_cost"],"climate_change_noticed":"yes","climate_changes":["temperature_rise","rainfall_decrease"],"climate_impacts":["production_decrease"],"info_sources":null,"raises_poultry":"no","poultry_purpose":null,"farmer_type":"type_b","low_input_practices":"yes"},"status":{"owns_land":"reported","land_size_band":"reported","soil_types":"reported","crop_groups":"reported","water_sources":"reported","water_availability":"reported","water_scarcity":"reported","irrigation_need_change":"reported","energy_sources":"reported","production_level":"reported","coop_member":"reported","homes_trad_food":"reported","seed_criteria":"reported","seed_sources":"reported","seed_challenges":"reported","traditional_seed_knowledge":"reported","soil_enhancers":"reported","chem_fertilizer_reliance":"reported","pest_control":"reported","pesticide_reliance":"reported","marketing_challenges":"reported","logistics_challenges":"reported","climate_change_noticed":"reported","climate_changes":"reported","climate_impacts":"reported","info_sources":"not_asked","raises_poultry":"reported","poultry_purpose":"not_asked","farmer_type":"reported","low_input_practices":"reported"}}},{"type":"Feature","id":"BQ-NA22NX:beqaa_2026","geometry":{"type":"Point","coordinates":[35.91257,33.8051]},"properties":{"entity_type":"survey_respondent_public","respondent_id":"BQ-NA22NX","instrument":"beqaa_2026","area_name_en":"Zahle","area_name_ar":"زحلة","geom_origin":"district_centre","spatial_precision":"district","spread_m":500,"c__owns_land":"yes","c__land_size_band":"gt_2_ha","c__soil_types":"loamy","c__crop_groups":"vegetables","c__water_sources":"well","c__water_availability":"sometimes","c__water_scarcity":"yes","c__irrigation_need_change":"increase","c__energy_sources":"diesel","c__production_level":"medium","c__coop_member":"no","c__homes_trad_food":"almost_all","c__seed_criteria":"price","c__seed_sources":"shop","c__seed_challenges":"high_cost","c__traditional_seed_knowledge":"no","c__soil_enhancers":"chemical","c__chem_fertilizer_reliance":"total","c__pest_control":"chemical","c__pesticide_reliance":"total","c__marketing_challenges":"low_prices","c__logistics_challenges":"high_transport_cost","c__climate_change_noticed":"yes","c__climate_changes":"temperature_rise","c__climate_impacts":"production_decrease","c__raises_poultry":"no","c__farmer_type":"type_a","c__low_input_practices":"yes","values":{"owns_land":"yes","land_size_band":"gt_2_ha","soil_types":["loamy"],"crop_groups":["vegetables"],"water_sources":["well"],"water_availability":"sometimes","water_scarcity":"yes","irrigation_need_change":"increase","energy_sources":["diesel"],"production_level":"medium","coop_member":"no","homes_trad_food":"almost_all","seed_criteria":["price","pest_resistance"],"seed_sources":["shop"],"seed_challenges":["high_cost"],"traditional_seed_knowledge":"no","soil_enhancers":["chemical","manure"],"chem_fertilizer_reliance":"total","pest_control":["chemical"],"pesticide_reliance":"total","marketing_challenges":["low_prices"],"logistics_challenges":["high_transport_cost"],"climate_change_noticed":"yes","climate_changes":["temperature_rise"],"climate_impacts":["production_decrease"],"info_sources":null,"raises_poultry":"no","poultry_purpose":null,"farmer_type":"type_a","low_input_practices":"yes"},"status":{"owns_land":"reported","land_size_band":"reported","soil_types":"reported","crop_groups":"reported","water_sources":"reported","water_availability":"reported","water_scarcity":"reported","irrigation_need_change":"reported","energy_sources":"reported","production_level":"reported","coop_member":"reported","homes_trad_food":"reported","seed_criteria":"reported","seed_sources":"reported","seed_challenges":"reported","traditional_seed_knowledge":"reported","soil_enhancers":"reported","chem_fertilizer_reliance":"reported","pest_control":"reported","pesticide_reliance":"reported","marketing_challenges":"reported","logistics_challenges":"reported","climate_change_noticed":"reported","climate_changes":"reported","climate_impacts":"reported","info_sources":"not_asked","raises_poultry":"reported","poultry_purpose":"not_asked","farmer_type":"reported","low_input_practices":"reported"}}},{"type":"Feature","id":"BQ-QQ3ESH:beqaa_2026","geometry":{"type":"Point","coordinates":[35.65686,33.52185]},"properties":{"entity_type":"survey_respondent_public","respondent_id":"BQ-QQ3ESH","instrument":"beqaa_2026","area_name_en":"Machghara","area_name_ar":"مشغرة","geom_origin":"cadastral_unit_centre","spatial_precision":"cadastral_unit","spread_m":150,"c__owns_land":"yes","c__land_size_band":"lt_5_dunum","c__soil_types":"sandy","c__crop_groups":"apples_pears","c__water_sources":"canal","c__water_availability":"sometimes","c__water_scarcity":"yes","c__irrigation_need_change":"increase","c__energy_sources":"manual","c__production_level":"small","c__coop_member":"no","c__homes_trad_food":"almost_all","c__seed_criteria":"price","c__seed_sources":"shop","c__seed_challenges":"low_availability","c__traditional_seed_knowledge":"no","c__soil_enhancers":"chemical","c__chem_fertilizer_reliance":"partial","c__pest_control":"chemical","c__pesticide_reliance":"total","c__marketing_challenges":"far_markets","c__logistics_challenges":"high_transport_cost","c__climate_change_noticed":"yes","c__climate_changes":"temperature_rise","c__climate_impacts":"production_decrease","c__raises_poultry":"no","c__farmer_type":"type_b","c__low_input_practices":"no","values":{"owns_land":"yes","land_size_band":"lt_5_dunum","soil_types":["sandy"],"crop_groups":["apples_pears"],"water_sources":["canal"],"water_availability":"sometimes","water_scarcity":"yes","irrigation_need_change":"increase","energy_sources":["manual"],"production_level":"small","coop_member":"no","homes_trad_food":"almost_all","seed_criteria":["price","productivity","pest_resistance"],"seed_sources":["shop"],"seed_challenges":["low_availability"],"traditional_seed_knowledge":"no","soil_enhancers":["chemical"],"chem_fertilizer_reliance":"partial","pest_control":["chemical"],"pesticide_reliance":"total","marketing_challenges":["far_markets"],"logistics_challenges":["high_transport_cost","no_paved_roads"],"climate_change_noticed":"yes","climate_changes":["temperature_rise","rainfall_decrease"],"climate_impacts":["production_decrease"],"info_sources":null,"raises_poultry":"no","poultry_purpose":null,"farmer_type":"type_b","low_input_practices":"no"},"status":{"owns_land":"reported","land_size_band":"reported","soil_types":"reported","crop_groups":"reported","water_sources":"reported","water_availability":"reported","water_scarcity":"reported","irrigation_need_change":"reported","energy_sources":"reported","production_level":"reported","coop_member":"reported","homes_trad_food":"reported","seed_criteria":"reported","seed_sources":"reported","seed_challenges":"reported","traditional_seed_knowledge":"reported","soil_enhancers":"reported","chem_fertilizer_reliance":"reported","pest_control":"reported","pesticide_reliance":"reported","marketing_challenges":"reported","logistics_challenges":"reported","climate_change_noticed":"reported","climate_changes":"reported","climate_impacts":"reported","info_sources":"not_asked","raises_poultry":"reported","poultry_purpose":"not_asked","farmer_type":"reported","low_input_practices":"reported"}}},{"type":"Feature","id":"BQ-RDN5WC:beqaa_2026","geometry":{"type":"Point","coordinates":[35.65686,33.52185]},"properties":{"entity_type":"survey_respondent_public","respondent_id":"BQ-RDN5WC","instrument":"beqaa_2026","area_name_en":"Machghara","area_name_ar":"مشغرة","geom_origin":"cadastral_unit_centre","spatial_precision":"cadastral_unit","spread_m":150,"c__owns_land":"yes","c__land_size_band":"gt_2_ha","c__soil_types":"clay","c__crop_groups":"other_fruits","c__water_sources":"canal","c__water_availability":"rarely","c__water_scarcity":"yes","c__irrigation_need_change":"increase","c__energy_sources":"manual","c__production_level":"medium","c__coop_member":"no","c__homes_trad_food":"few","c__seed_criteria":"productivity","c__seed_sources":"other","c__seed_challenges":"unreliable_suppliers","c__traditional_seed_knowledge":"no","c__soil_enhancers":"chemical","c__chem_fertilizer_reliance":"partial","c__pest_control":"chemical","c__pesticide_reliance":"total","c__marketing_challenges":"low_prices","c__logistics_challenges":"high_transport_cost","c__climate_change_noticed":"yes","c__climate_changes":"temperature_rise","c__climate_impacts":"production_decrease","c__raises_poultry":"no","c__farmer_type":"type_b","c__low_input_practices":"yes","values":{"owns_land":"yes","land_size_band":"gt_2_ha","soil_types":["clay"],"crop_groups":["other_fruits","cereals_fodder"],"water_sources":["canal"],"water_availability":"rarely","water_scarcity":"yes","irrigation_need_change":"increase","energy_sources":["manual"],"production_level":"medium","coop_member":"no","homes_trad_food":"few","seed_criteria":["productivity","pest_resistance"],"seed_sources":["other"],"seed_challenges":["unreliable_suppliers"],"traditional_seed_knowledge":"no","soil_enhancers":["chemical","compost"],"chem_fertilizer_reliance":"partial","pest_control":["chemical","physical"],"pesticide_reliance":"total","marketing_challenges":["low_prices"],"logistics_challenges":["high_transport_cost"],"climate_change_noticed":"yes","climate_changes":["temperature_rise","rainfall_decrease","other"],"climate_impacts":["production_decrease","pests_diseases"],"info_sources":null,"raises_poultry":"no","poultry_purpose":null,"farmer_type":"type_b","low_input_practices":"yes"},"status":{"owns_land":"reported","land_size_band":"reported","soil_types":"reported","crop_groups":"reported","water_sources":"reported","water_availability":"reported","water_scarcity":"reported","irrigation_need_change":"reported","energy_sources":"reported","production_level":"reported","coop_member":"reported","homes_trad_food":"reported","seed_criteria":"reported","seed_sources":"reported","seed_challenges":"reported","traditional_seed_knowledge":"reported","soil_enhancers":"reported","chem_fertilizer_reliance":"reported","pest_control":"reported","pesticide_reliance":"reported","marketing_challenges":"reported","logistics_challenges":"reported","climate_change_noticed":"reported","climate_changes":"reported","climate_impacts":"reported","info_sources":"not_asked","raises_poultry":"reported","poultry_purpose":"not_asked","farmer_type":"reported","low_input_practices":"reported"}}},{"type":"Feature","id":"BQ-UJH5HC:beqaa_2026","geometry":{"type":"Point","coordinates":[35.65686,33.52185]},"properties":{"entity_type":"survey_respondent_public","respondent_id":"BQ-UJH5HC","instrument":"beqaa_2026","area_name_en":"Machghara","area_name_ar":"مشغرة","geom_origin":"cadastral_unit_centre","spatial_precision":"cadastral_unit","spread_m":150,"c__owns_land":"yes","c__land_size_band":"lt_1_ha","c__soil_types":"loamy","c__crop_groups":"olives","c__water_sources":"river","c__water_availability":"sometimes","c__water_scarcity":"no","c__irrigation_need_change":"increase","c__energy_sources":"grid","c__production_level":"small","c__coop_member":"no","c__homes_trad_food":"some","c__seed_criteria":"productivity","c__seed_sources":"shop","c__seed_challenges":"low_availability","c__traditional_seed_knowledge":"no","c__soil_enhancers":"chemical","c__chem_fertilizer_reliance":"partial","c__pest_control":"chemical","c__pesticide_reliance":"partial","c__marketing_challenges":"low_prices","c__logistics_challenges":"high_transport_cost","c__climate_change_noticed":"yes","c__climate_changes":"temperature_rise","c__climate_impacts":"production_decrease","c__raises_poultry":"no","c__farmer_type":"type_b","c__low_input_practices":"yes","values":{"owns_land":"yes","land_size_band":"lt_1_ha","soil_types":["loamy"],"crop_groups":["olives","apples_pears"],"water_sources":["river"],"water_availability":"sometimes","water_scarcity":"no","irrigation_need_change":"increase","energy_sources":["grid"],"production_level":"small","coop_member":"no","homes_trad_food":"some","seed_criteria":["productivity","pest_resistance"],"seed_sources":["shop"],"seed_challenges":["low_availability","unsuitable"],"traditional_seed_knowledge":"no","soil_enhancers":["chemical","compost"],"chem_fertilizer_reliance":"partial","pest_control":["chemical"],"pesticide_reliance":"partial","marketing_challenges":["low_prices"],"logistics_challenges":["high_transport_cost","no_paved_roads"],"climate_change_noticed":"yes","climate_changes":["temperature_rise","rainfall_decrease","heatwaves"],"climate_impacts":["production_decrease","season_delay","pests_diseases"],"info_sources":null,"raises_poultry":"no","poultry_purpose":null,"farmer_type":"type_b","low_input_practices":"yes"},"status":{"owns_land":"reported","land_size_band":"reported","soil_types":"reported","crop_groups":"reported","water_sources":"reported","water_availability":"reported","water_scarcity":"reported","irrigation_need_change":"reported","energy_sources":"reported","production_level":"reported","coop_member":"reported","homes_trad_food":"reported","seed_criteria":"reported","seed_sources":"reported","seed_challenges":"reported","traditional_seed_knowledge":"reported","soil_enhancers":"reported","chem_fertilizer_reliance":"reported","pest_control":"reported","pesticide_reliance":"reported","marketing_challenges":"reported","logistics_challenges":"reported","climate_change_noticed":"reported","climate_changes":"reported","climate_impacts":"reported","info_sources":"not_asked","raises_poultry":"reported","poultry_purpose":"not_asked","farmer_type":"reported","low_input_practices":"reported"}}},{"type":"Feature","id":"BQ-WLF8NB:beqaa_2026","geometry":{"type":"Point","coordinates":[35.91257,33.8051]},"properties":{"entity_type":"survey_respondent_public","respondent_id":"BQ-WLF8NB","instrument":"beqaa_2026","area_name_en":"Zahle","area_name_ar":"زحلة","geom_origin":"district_centre","spatial_precision":"district","spread_m":500,"c__owns_land":"yes","c__land_size_band":"lt_1_ha","c__soil_types":"clay","c__water_sources":"well","c__water_availability":"sometimes","c__water_scarcity":"yes","c__irrigation_need_change":"increase","c__energy_sources":"diesel","c__production_level":"large","c__coop_member":"no","c__homes_trad_food":"few","c__seed_criteria":"price","c__seed_sources":"shop","c__seed_challenges":"high_cost","c__traditional_seed_knowledge":"yes","c__soil_enhancers":"chemical","c__chem_fertilizer_reliance":"partial","c__pest_control":"chemical","c__pesticide_reliance":"total","c__marketing_challenges":"low_prices","c__logistics_challenges":"high_transport_cost","c__climate_change_noticed":"yes","c__climate_changes":"heatwaves","c__climate_impacts":"pests_diseases","c__raises_poultry":"no","c__farmer_type":"type_a","c__low_input_practices":"yes","values":{"owns_land":"yes","land_size_band":"lt_1_ha","soil_types":["clay"],"crop_groups":null,"water_sources":["well"],"water_availability":"sometimes","water_scarcity":"yes","irrigation_need_change":"increase","energy_sources":["diesel"],"production_level":"large","coop_member":"no","homes_trad_food":"few","seed_criteria":["price","productivity","pest_resistance"],"seed_sources":["shop"],"seed_challenges":["high_cost"],"traditional_seed_knowledge":"yes","soil_enhancers":["chemical","compost"],"chem_fertilizer_reliance":"partial","pest_control":["chemical"],"pesticide_reliance":"total","marketing_challenges":["low_prices"],"logistics_challenges":["high_transport_cost"],"climate_change_noticed":"yes","climate_changes":["heatwaves"],"climate_impacts":["pests_diseases"],"info_sources":null,"raises_poultry":"no","poultry_purpose":null,"farmer_type":"type_a","low_input_practices":"yes"},"status":{"owns_land":"reported","land_size_band":"reported","soil_types":"reported","crop_groups":"not_provided","water_sources":"reported","water_availability":"reported","water_scarcity":"reported","irrigation_need_change":"reported","energy_sources":"reported","production_level":"reported","coop_member":"reported","homes_trad_food":"reported","seed_criteria":"reported","seed_sources":"reported","seed_challenges":"reported","traditional_seed_knowledge":"reported","soil_enhancers":"reported","chem_fertilizer_reliance":"reported","pest_control":"reported","pesticide_reliance":"reported","marketing_challenges":"reported","logistics_challenges":"reported","climate_change_noticed":"reported","climate_changes":"reported","climate_impacts":"reported","info_sources":"not_asked","raises_poultry":"reported","poultry_purpose":"not_asked","farmer_type":"reported","low_input_practices":"reported"}}},{"type":"Feature","id":"BQ-Z6KAJM:beqaa_2026","geometry":{"type":"Point","coordinates":[35.91257,33.8051]},"properties":{"entity_type":"survey_respondent_public","respondent_id":"BQ-Z6KAJM","instrument":"beqaa_2026","area_name_en":"Zahle","area_name_ar":"زحلة","geom_origin":"district_centre","spatial_precision":"district","spread_m":500,"c__owns_land":"yes","c__land_size_band":"gt_1_ha","c__soil_types":"clay","c__crop_groups":"legumes","c__water_sources":"rain","c__water_availability":"sometimes","c__water_scarcity":"yes","c__irrigation_need_change":"increase","c__energy_sources":"diesel","c__production_level":"medium","c__coop_member":"yes","c__seed_criteria":"price","c__seed_sources":"shop","c__seed_challenges":"high_cost","c__traditional_seed_knowledge":"yes","c__soil_enhancers":"chemical","c__chem_fertilizer_reliance":"partial","c__pest_control":"biological","c__pesticide_reliance":"total","c__marketing_challenges":"low_prices","c__logistics_challenges":"high_transport_cost","c__climate_change_noticed":"yes","c__climate_changes":"temperature_rise","c__climate_impacts":"production_decrease","c__raises_poultry":"no","c__farmer_type":"type_a","c__low_input_practices":"yes","values":{"owns_land":"yes","land_size_band":"gt_1_ha","soil_types":["clay"],"crop_groups":["legumes"],"water_sources":["rain","well"],"water_availability":"sometimes","water_scarcity":"yes","irrigation_need_change":"increase","energy_sources":["diesel"],"production_level":"medium","coop_member":"yes","homes_trad_food":null,"seed_criteria":["price","productivity","pest_resistance"],"seed_sources":["shop"],"seed_challenges":["high_cost","unreliable_suppliers"],"traditional_seed_knowledge":"yes","soil_enhancers":["chemical","manure"],"chem_fertilizer_reliance":"partial","pest_control":["biological"],"pesticide_reliance":"total","marketing_challenges":["low_prices"],"logistics_challenges":["high_transport_cost"],"climate_change_noticed":"yes","climate_changes":["temperature_rise","heatwaves"],"climate_impacts":["production_decrease","season_delay","pests_diseases"],"info_sources":null,"raises_poultry":"no","poultry_purpose":null,"farmer_type":"type_a","low_input_practices":"yes"},"status":{"owns_land":"reported","land_size_band":"reported","soil_types":"reported","crop_groups":"reported","water_sources":"reported","water_availability":"reported","water_scarcity":"reported","irrigation_need_change":"reported","energy_sources":"reported","production_level":"reported","coop_member":"reported","homes_trad_food":"not_provided","seed_criteria":"reported","seed_sources":"reported","seed_challenges":"reported","traditional_seed_knowledge":"reported","soil_enhancers":"reported","chem_fertilizer_reliance":"reported","pest_control":"reported","pesticide_reliance":"reported","marketing_challenges":"reported","logistics_challenges":"reported","climate_change_noticed":"reported","climate_changes":"reported","climate_impacts":"reported","info_sources":"not_asked","raises_poultry":"reported","poultry_purpose":"not_asked","farmer_type":"reported","low_input_practices":"reported"}}},{"type":"Feature","id":"CH-27YD9H:chouf_2026","geometry":{"type":"Point","coordinates":[35.65655,33.62055]},"properties":{"entity_type":"survey_respondent_public","respondent_id":"CH-27YD9H","instrument":"chouf_2026","area_name_en":"Mristi","area_name_ar":"مرستى","geom_origin":"cadastral_unit_centre","spatial_precision":"cadastral_unit","spread_m":150,"c__owns_land":"yes","c__land_size_band":"gt_1_ha","c__soil_types":"clay","c__crop_groups":"apples_pears","c__water_sources":"canal","c__water_availability":"never","c__water_scarcity":"yes","c__irrigation_need_change":"increase","c__energy_sources":"manual","c__production_level":"medium","c__coop_member":"yes","c__homes_trad_food":"almost_all","c__seed_criteria":"price","c__seed_sources":"shop","c__seed_challenges":"high_cost","c__traditional_seed_knowledge":"yes","c__soil_enhancers":"compost","c__chem_fertilizer_reliance":"partial","c__pest_control":"chemical","c__pesticide_reliance":"total","c__marketing_challenges":"low_prices","c__logistics_challenges":"high_transport_cost","c__climate_change_noticed":"yes","c__climate_changes":"temperature_rise","c__climate_impacts":"production_decrease","c__info_sources":"social_media","c__raises_poultry":"no","c__farmer_type":"type_b","c__low_input_practices":"yes","values":{"owns_land":"yes","land_size_band":"gt_1_ha","soil_types":["clay"],"crop_groups":["apples_pears","stone_fruits"],"water_sources":["canal"],"water_availability":"never","water_scarcity":"yes","irrigation_need_change":"increase","energy_sources":["manual"],"production_level":"medium","coop_member":"yes","homes_trad_food":"almost_all","seed_criteria":["price","productivity","pest_resistance"],"seed_sources":["shop","association"],"seed_challenges":["high_cost","low_availability","unreliable_suppliers"],"traditional_seed_knowledge":"yes","soil_enhancers":["compost"],"chem_fertilizer_reliance":"partial","pest_control":["chemical","biological"],"pesticide_reliance":"total","marketing_challenges":["low_prices","weak_demand","far_markets","no_transport","poor_packaging"],"logistics_challenges":["high_transport_cost"],"climate_change_noticed":"yes","climate_changes":["temperature_rise","rainfall_decrease","heatwaves","frost"],"climate_impacts":["production_decrease","season_delay","pests_diseases","pollination"],"info_sources":["social_media","extension_agents"],"raises_poultry":"no","poultry_purpose":null,"farmer_type":"type_b","low_input_practices":"yes"},"status":{"owns_land":"reported","land_size_band":"reported","soil_types":"reported","crop_groups":"reported","water_sources":"reported","water_availability":"reported","water_scarcity":"reported","irrigation_need_change":"reported","energy_sources":"reported","production_level":"reported","coop_member":"reported","homes_trad_food":"reported","seed_criteria":"reported","seed_sources":"reported","seed_challenges":"reported","traditional_seed_knowledge":"reported","soil_enhancers":"reported","chem_fertilizer_reliance":"reported","pest_control":"reported","pesticide_reliance":"reported","marketing_challenges":"reported","logistics_challenges":"reported","climate_change_noticed":"reported","climate_changes":"reported","climate_impacts":"reported","info_sources":"reported","raises_poultry":"reported","poultry_purpose":"not_applicable","farmer_type":"reported","low_input_practices":"reported"}}},{"type":"Feature","id":"CH-2LGFSF:chouf_2026","geometry":{"type":"Point","coordinates":[35.53656,33.62773]},"properties":{"entity_type":"survey_respondent_public","respondent_id":"CH-2LGFSF","instrument":"chouf_2026","area_name_en":"Chouf","area_name_ar":"الشوف","geom_origin":"district_centre","spatial_precision":"district","spread_m":500,"c__owns_land":"yes","c__land_size_band":"lt_5_dunum","c__soil_types":"clay","c__crop_groups":"vegetables","c__water_sources":"canal","c__water_availability":"rarely","c__water_scarcity":"yes","c__irrigation_need_change":"increase","c__energy_sources":"grid","c__production_level":"medium","c__coop_member":"no","c__homes_trad_food":"few","c__seed_criteria":"none","c__seed_sources":"neighbour","c__seed_challenges":"unreliable_suppliers","c__traditional_seed_knowledge":"no","c__soil_enhancers":"manure","c__chem_fertilizer_reliance":"not_used","c__pest_control":"chemical","c__pesticide_reliance":"partial","c__marketing_challenges":"low_prices","c__logistics_challenges":"high_transport_cost","c__climate_change_noticed":"yes","c__climate_changes":"temperature_rise","c__climate_impacts":"pollination","c__info_sources":"supply_shops","c__raises_poultry":"yes","c__poultry_purpose":"local_sale","c__farmer_type":"type_c","c__low_input_practices":"yes","values":{"owns_land":"yes","land_size_band":"lt_5_dunum","soil_types":["clay"],"crop_groups":["vegetables"],"water_sources":["canal"],"water_availability":"rarely","water_scarcity":"yes","irrigation_need_change":"increase","energy_sources":["grid"],"production_level":"medium","coop_member":"no","homes_trad_food":"few","seed_criteria":["none"],"seed_sources":["neighbour"],"seed_challenges":["unreliable_suppliers"],"traditional_seed_knowledge":"no","soil_enhancers":["manure"],"chem_fertilizer_reliance":"not_used","pest_control":["chemical"],"pesticide_reliance":"partial","marketing_challenges":["low_prices","poor_packaging"],"logistics_challenges":["high_transport_cost"],"climate_change_noticed":"yes","climate_changes":["temperature_rise","rainfall_decrease"],"climate_impacts":["pollination"],"info_sources":["supply_shops"],"raises_poultry":"yes","poultry_purpose":["local_sale"],"farmer_type":"type_c","low_input_practices":"yes"},"status":{"owns_land":"reported","land_size_band":"reported","soil_types":"reported","crop_groups":"reported","water_sources":"reported","water_availability":"reported","water_scarcity":"reported","irrigation_need_change":"reported","energy_sources":"reported","production_level":"reported","coop_member":"reported","homes_trad_food":"reported","seed_criteria":"reported","seed_sources":"reported","seed_challenges":"reported","traditional_seed_knowledge":"reported","soil_enhancers":"reported","chem_fertilizer_reliance":"reported","pest_control":"reported","pesticide_reliance":"reported","marketing_challenges":"reported","logistics_challenges":"reported","climate_change_noticed":"reported","climate_changes":"reported","climate_impacts":"reported","info_sources":"reported","raises_poultry":"reported","poultry_purpose":"reported","farmer_type":"reported","low_input_practices":"reported"}}},{"type":"Feature","id":"CH-2QQZGP:chouf_2026","geometry":{"type":"Point","coordinates":[35.41226,33.59196]},"properties":{"entity_type":"survey_respondent_public","respondent_id":"CH-2QQZGP","instrument":"chouf_2026","area_name_en":"Aalmane Ech-Chouf","area_name_ar":"علمان الشوف","geom_origin":"cadastral_unit_centre","spatial_precision":"cadastral_unit","spread_m":150,"c__owns_land":"yes","c__land_size_band":"lt_5_dunum","c__soil_types":"clay","c__crop_groups":"citrus","c__water_sources":"well","c__water_availability":"always","c__water_scarcity":"no","c__irrigation_need_change":"no_change","c__energy_sources":"grid","c__production_level":"medium","c__coop_member":"no","c__homes_trad_food":"most","c__seed_criteria":"productivity","c__seed_sources":"neighbour","c__seed_challenges":"low_availability","c__traditional_seed_knowledge":"no","c__soil_enhancers":"chemical","c__chem_fertilizer_reliance":"partial","c__pest_control":"chemical","c__pesticide_reliance":"partial","c__marketing_challenges":"weak_demand","c__logistics_challenges":"high_transport_cost","c__climate_change_noticed":"yes","c__climate_changes":"heatwaves","c__climate_impacts":"production_decrease","c__info_sources":"extension_agents","c__raises_poultry":"no","c__farmer_type":"type_a","c__low_input_practices":"no","values":{"owns_land":"yes","land_size_band":"lt_5_dunum","soil_types":["clay"],"crop_groups":["citrus","tropical_fruits"],"water_sources":["well"],"water_availability":"always","water_scarcity":"no","irrigation_need_change":"no_change","energy_sources":["grid"],"production_level":"medium","coop_member":"no","homes_trad_food":"most","seed_criteria":["productivity"],"seed_sources":["neighbour"],"seed_challenges":["low_availability"],"traditional_seed_knowledge":"no","soil_enhancers":["chemical"],"chem_fertilizer_reliance":"partial","pest_control":["chemical"],"pesticide_reliance":"partial","marketing_challenges":["weak_demand"],"logistics_challenges":["high_transport_cost"],"climate_change_noticed":"yes","climate_changes":["heatwaves","frost"],"climate_impacts":["production_decrease"],"info_sources":["extension_agents"],"raises_poultry":"no","poultry_purpose":null,"farmer_type":"type_a","low_input_practices":"no"},"status":{"owns_land":"reported","land_size_band":"reported","soil_types":"reported","crop_groups":"reported","water_sources":"reported","water_availability":"reported","water_scarcity":"reported","irrigation_need_change":"reported","energy_sources":"reported","production_level":"reported","coop_member":"reported","homes_trad_food":"reported","seed_criteria":"reported","seed_sources":"reported","seed_challenges":"reported","traditional_seed_knowledge":"reported","soil_enhancers":"reported","chem_fertilizer_reliance":"reported","pest_control":"reported","pesticide_reliance":"reported","marketing_challenges":"reported","logistics_challenges":"reported","climate_change_noticed":"reported","climate_changes":"reported","climate_impacts":"reported","info_sources":"reported","raises_poultry":"reported","poultry_purpose":"not_applicable","farmer_type":"reported","low_input_practices":"reported"}}},{"type":"Feature","id":"CH-2SXREQ:chouf_2026","geometry":{"type":"Point","coordinates":[35.53656,33.62773]},"properties":{"entity_type":"survey_respondent_public","respondent_id":"CH-2SXREQ","instrument":"chouf_2026","area_name_en":"Chouf","area_name_ar":"الشوف","geom_origin":"district_centre","spatial_precision":"district","spread_m":500,"c__owns_land":"yes","c__land_size_band":"lt_1_ha","c__soil_types":"loamy","c__crop_groups":"tropical_fruits","c__water_sources":"river","c__water_availability":"sometimes","c__water_scarcity":"yes","c__irrigation_need_change":"no_change","c__energy_sources":"manual","c__production_level":"medium","c__coop_member":"no","c__homes_trad_food":"most","c__seed_criteria":"price","c__seed_sources":"shop","c__seed_challenges":"low_availability","c__traditional_seed_knowledge":"no","c__soil_enhancers":"manure","c__chem_fertilizer_reliance":"partial","c__pest_control":"chemical","c__pesticide_reliance":"partial","c__marketing_challenges":"low_prices","c__logistics_challenges":"no_paved_roads","c__climate_change_noticed":"yes","c__climate_changes":"rainfall_decrease","c__climate_impacts":"production_decrease","c__info_sources":"supply_shops","c__raises_poultry":"yes","c__poultry_purpose":"home_consumption","c__farmer_type":"type_b","c__low_input_practices":"yes","values":{"owns_land":"yes","land_size_band":"lt_1_ha","soil_types":["loamy"],"crop_groups":["tropical_fruits"],"water_sources":["river"],"water_availability":"sometimes","water_scarcity":"yes","irrigation_need_change":"no_change","energy_sources":["manual"],"production_level":"medium","coop_member":"no","homes_trad_food":"most","seed_criteria":["price","productivity","pest_resistance"],"seed_sources":["shop","association"],"seed_challenges":["low_availability","unreliable_suppliers"],"traditional_seed_knowledge":"no","soil_enhancers":["manure"],"chem_fertilizer_reliance":"partial","pest_control":["chemical"],"pesticide_reliance":"partial","marketing_challenges":["low_prices","weak_demand","far_markets","no_transport"],"logistics_challenges":["no_paved_roads"],"climate_change_noticed":"yes","climate_changes":["rainfall_decrease","heatwaves"],"climate_impacts":["production_decrease","season_delay"],"info_sources":["supply_shops"],"raises_poultry":"yes","poultry_purpose":["home_consumption","local_sale","gifts"],"farmer_type":"type_b","low_input_practices":"yes"},"status":{"owns_land":"reported","land_size_band":"reported","soil_types":"reported","crop_groups":"reported","water_sources":"reported","water_availability":"reported","water_scarcity":"reported","irrigation_need_change":"reported","energy_sources":"reported","production_level":"reported","coop_member":"reported","homes_trad_food":"reported","seed_criteria":"reported","seed_sources":"reported","seed_challenges":"reported","traditional_seed_knowledge":"reported","soil_enhancers":"reported","chem_fertilizer_reliance":"reported","pest_control":"reported","pesticide_reliance":"reported","marketing_challenges":"reported","logistics_challenges":"reported","climate_change_noticed":"reported","climate_changes":"reported","climate_impacts":"reported","info_sources":"reported","raises_poultry":"reported","poultry_purpose":"reported","farmer_type":"reported","low_input_practices":"reported"}}},{"type":"Feature","id":"CH-2TFPMX:chouf_2026","geometry":{"type":"Point","coordinates":[35.53656,33.62773]},"properties":{"entity_type":"survey_respondent_public","respondent_id":"CH-2TFPMX","instrument":"chouf_2026","area_name_en":"Chouf","area_name_ar":"الشوف","geom_origin":"district_centre","spatial_precision":"district","spread_m":500,"c__owns_land":"yes","c__land_size_band":"lt_5_dunum","c__soil_types":"loamy","c__crop_groups":"vegetables","c__water_sources":"tanker","c__water_availability":"sometimes","c__water_scarcity":"yes","c__irrigation_need_change":"decrease","c__energy_sources":"manual","c__production_level":"medium","c__coop_member":"no","c__homes_trad_food":"some","c__seed_criteria":"none","c__seed_sources":"own_harvest","c__seed_challenges":"unreliable_suppliers","c__traditional_seed_knowledge":"yes","c__soil_enhancers":"compost","c__chem_fertilizer_reliance":"partial","c__pest_control":"chemical","c__pesticide_reliance":"total","c__marketing_challenges":"low_prices","c__climate_change_noticed":"yes","c__climate_changes":"rainfall_decrease","c__climate_impacts":"production_decrease","c__info_sources":"social_media","c__raises_poultry":"yes","c__poultry_purpose":"home_consumption","c__farmer_type":"type_d","c__low_input_practices":"yes","values":{"owns_land":"yes","land_size_band":"lt_5_dunum","soil_types":["loamy"],"crop_groups":["vegetables","cereals_fodder"],"water_sources":["tanker","storage"],"water_availability":"sometimes","water_scarcity":"yes","irrigation_need_change":"decrease","energy_sources":["manual"],"production_level":"medium","coop_member":"no","homes_trad_food":"some","seed_criteria":["none"],"seed_sources":["own_harvest"],"seed_challenges":["unreliable_suppliers"],"traditional_seed_knowledge":"yes","soil_enhancers":["compost","manure"],"chem_fertilizer_reliance":"partial","pest_control":["chemical"],"pesticide_reliance":"total","marketing_challenges":["low_prices"],"logistics_challenges":null,"climate_change_noticed":"yes","climate_changes":["rainfall_decrease"],"climate_impacts":["production_decrease","season_delay"],"info_sources":["social_media","extension_agents"],"raises_poultry":"yes","poultry_purpose":["home_consumption"],"farmer_type":"type_d","low_input_practices":"yes"},"status":{"owns_land":"reported","land_size_band":"reported","soil_types":"reported","crop_groups":"reported","water_sources":"reported","water_availability":"reported","water_scarcity":"reported","irrigation_need_change":"reported","energy_sources":"reported","production_level":"reported","coop_member":"reported","homes_trad_food":"reported","seed_criteria":"reported","seed_sources":"reported","seed_challenges":"reported","traditional_seed_knowledge":"reported","soil_enhancers":"reported","chem_fertilizer_reliance":"reported","pest_control":"reported","pesticide_reliance":"reported","marketing_challenges":"reported","logistics_challenges":"not_provided","climate_change_noticed":"reported","climate_changes":"reported","climate_impacts":"reported","info_sources":"reported","raises_poultry":"reported","poultry_purpose":"reported","farmer_type":"reported","low_input_practices":"reported"}}},{"type":"Feature","id":"CH-2WVGPC:chouf_2026","geometry":{"type":"Point","coordinates":[35.6704,33.71781]},"properties":{"entity_type":"survey_respondent_public","respondent_id":"CH-2WVGPC","instrument":"chouf_2026","area_name_en":"Ouarhaniyeh","area_name_ar":"ورهانية","geom_origin":"cadastral_unit_centre","spatial_precision":"cadastral_unit","spread_m":150,"c__owns_land":"yes","c__land_size_band":"lt_1_ha","c__soil_types":"loamy","c__crop_groups":"apples_pears","c__water_sources":"canal","c__water_availability":"never","c__water_scarcity":"yes","c__irrigation_need_change":"increase","c__energy_sources":"manual","c__production_level":"small","c__coop_member":"no","c__homes_trad_food":"most","c__seed_criteria":"pest_resistance","c__seed_sources":"shop","c__seed_challenges":"unreliable_suppliers","c__traditional_seed_knowledge":"yes","c__soil_enhancers":"chemical","c__chem_fertilizer_reliance":"partial","c__pest_control":"chemical","c__pesticide_reliance":"total","c__marketing_challenges":"low_prices","c__logistics_challenges":"no_transport","c__climate_change_noticed":"yes","c__climate_changes":"rainfall_decrease","c__climate_impacts":"pests_diseases","c__info_sources":"social_media","c__raises_poultry":"no","c__farmer_type":"type_b","c__low_input_practices":"no","values":{"owns_land":"yes","land_size_band":"lt_1_ha","soil_types":["loamy"],"crop_groups":["apples_pears","stone_fruits"],"water_sources":["canal"],"water_availability":"never","water_scarcity":"yes","irrigation_need_change":"increase","energy_sources":["manual"],"production_level":"small","coop_member":"no","homes_trad_food":"most","seed_criteria":["pest_resistance"],"seed_sources":["shop"],"seed_challenges":["unreliable_suppliers"],"traditional_seed_knowledge":"yes","soil_enhancers":["chemical"],"chem_fertilizer_reliance":"partial","pest_control":["chemical"],"pesticide_reliance":"total","marketing_challenges":["low_prices"],"logistics_challenges":["no_transport"],"climate_change_noticed":"yes","climate_changes":["rainfall_decrease"],"climate_impacts":["pests_diseases"],"info_sources":["social_media"],"raises_poultry":"no","poultry_purpose":null,"farmer_type":"type_b","low_input_practices":"no"},"status":{"owns_land":"reported","land_size_band":"reported","soil_types":"reported","crop_groups":"reported","water_sources":"reported","water_availability":"reported","water_scarcity":"reported","irrigation_need_change":"reported","energy_sources":"reported","production_level":"reported","coop_member":"reported","homes_trad_food":"reported","seed_criteria":"reported","seed_sources":"reported","seed_challenges":"reported","traditional_seed_knowledge":"reported","soil_enhancers":"reported","chem_fertilizer_reliance":"reported","pest_control":"reported","pesticide_reliance":"reported","marketing_challenges":"reported","logistics_challenges":"reported","climate_change_noticed":"reported","climate_changes":"reported","climate_impacts":"reported","info_sources":"reported","raises_poultry":"reported","poultry_purpose":"not_applicable","farmer_type":"reported","low_input_practices":"reported"}}},{"type":"Feature","id":"CH-2ZFYCP:chouf_2026","geometry":{"type":"Point","coordinates":[35.5707,33.62135]},"properties":{"entity_type":"survey_respondent_public","respondent_id":"CH-2ZFYCP","instrument":"chouf_2026","area_name_en":"Mazraat Ech-Chouf","area_name_ar":"مزرعة","geom_origin":"cadastral_unit_centre","spatial_precision":"cadastral_unit","spread_m":150,"c__owns_land":"yes","c__land_size_band":"lt_1_ha","c__soil_types":"sandy","c__crop_groups":"vegetables","c__water_sources":"tanker","c__water_availability":"never","c__water_scarcity":"yes","c__irrigation_need_change":"increase","c__energy_sources":"diesel","c__production_level":"medium","c__coop_member":"no","c__homes_trad_food":"almost_all","c__seed_criteria":"price","c__seed_sources":"shop","c__seed_challenges":"high_cost","c__traditional_seed_knowledge":"yes","c__soil_enhancers":"chemical","c__chem_fertilizer_reliance":"partial","c__pest_control":"chemical","c__pesticide_reliance":"total","c__marketing_challenges":"low_prices","c__logistics_challenges":"no_transport","c__climate_change_noticed":"yes","c__climate_changes":"rainfall_decrease","c__climate_impacts":"pests_diseases","c__info_sources":"social_media","c__raises_poultry":"yes","c__poultry_purpose":"home_consumption","c__farmer_type":"type_d","c__low_input_practices":"yes","values":{"owns_land":"yes","land_size_band":"lt_1_ha","soil_types":["sandy"],"crop_groups":["vegetables","legumes"],"water_sources":["tanker","storage"],"water_availability":"never","water_scarcity":"yes","irrigation_need_change":"increase","energy_sources":["diesel"],"production_level":"medium","coop_member":"no","homes_trad_food":"almost_all","seed_criteria":["price"],"seed_sources":["shop"],"seed_challenges":["high_cost","low_availability","unreliable_suppliers"],"traditional_seed_knowledge":"yes","soil_enhancers":["chemical","manure"],"chem_fertilizer_reliance":"partial","pest_control":["chemical"],"pesticide_reliance":"total","marketing_challenges":["low_prices"],"logistics_challenges":["no_transport"],"climate_change_noticed":"yes","climate_changes":["rainfall_decrease"],"climate_impacts":["pests_diseases"],"info_sources":["social_media","extension_agents","supply_shops"],"raises_poultry":"yes","poultry_purpose":["home_consumption"],"farmer_type":"type_d","low_input_practices":"yes"},"status":{"owns_land":"reported","land_size_band":"reported","soil_types":"reported","crop_groups":"reported","water_sources":"reported","water_availability":"reported","water_scarcity":"reported","irrigation_need_change":"reported","energy_sources":"reported","production_level":"reported","coop_member":"reported","homes_trad_food":"reported","seed_criteria":"reported","seed_sources":"reported","seed_challenges":"reported","traditional_seed_knowledge":"reported","soil_enhancers":"reported","chem_fertilizer_reliance":"reported","pest_control":"reported","pesticide_reliance":"reported","marketing_challenges":"reported","logistics_challenges":"reported","climate_change_noticed":"reported","climate_changes":"reported","climate_impacts":"reported","info_sources":"reported","raises_poultry":"reported","poultry_purpose":"reported","farmer_type":"reported","low_input_practices":"reported"}}},{"type":"Feature","id":"CH-32KEZV:chouf_2026","geometry":{"type":"Point","coordinates":[35.53656,33.62773]},"properties":{"entity_type":"survey_respondent_public","respondent_id":"CH-32KEZV","instrument":"chouf_2026","area_name_en":"Chouf","area_name_ar":"الشوف","geom_origin":"district_centre","spatial_precision":"district","spread_m":500,"c__owns_land":"yes","c__land_size_band":"lt_1_ha","c__soil_types":"calcareous","c__crop_groups":"vegetables","c__water_sources":"canal","c__water_availability":"sometimes","c__water_scarcity":"yes","c__irrigation_need_change":"increase","c__energy_sources":"manual","c__production_level":"medium","c__coop_member":"no","c__homes_trad_food":"most","c__seed_criteria":"price","c__seed_sources":"shop","c__seed_challenges":"high_cost","c__traditional_seed_knowledge":"no","c__soil_enhancers":"chemical","c__chem_fertilizer_reliance":"partial","c__pest_control":"chemical","c__pesticide_reliance":"partial","c__marketing_challenges":"low_prices","c__logistics_challenges":"high_transport_cost","c__climate_change_noticed":"yes","c__climate_changes":"temperature_rise","c__climate_impacts":"production_decrease","c__info_sources":"social_media","c__raises_poultry":"no","c__farmer_type":"type_b","c__low_input_practices":"yes","values":{"owns_land":"yes","land_size_band":"lt_1_ha","soil_types":["calcareous"],"crop_groups":["vegetables"],"water_sources":["canal"],"water_availability":"sometimes","water_scarcity":"yes","irrigation_need_change":"increase","energy_sources":["manual"],"production_level":"medium","coop_member":"no","homes_trad_food":"most","seed_criteria":["price","productivity","pest_resistance"],"seed_sources":["shop","neighbour"],"seed_challenges":["high_cost","low_availability","unreliable_suppliers","unsuitable"],"traditional_seed_knowledge":"no","soil_enhancers":["chemical","compost","manure"],"chem_fertilizer_reliance":"partial","pest_control":["chemical","biological"],"pesticide_reliance":"partial","marketing_challenges":["low_prices","poor_packaging"],"logistics_challenges":["high_transport_cost"],"climate_change_noticed":"yes","climate_changes":["temperature_rise","rainfall_decrease","heatwaves"],"climate_impacts":["production_decrease","pests_diseases"],"info_sources":["social_media","supply_shops"],"raises_poultry":"no","poultry_purpose":null,"farmer_type":"type_b","low_input_practices":"yes"},"status":{"owns_land":"reported","land_size_band":"reported","soil_types":"reported","crop_groups":"reported","water_sources":"reported","water_availability":"reported","water_scarcity":"reported","irrigation_need_change":"reported","energy_sources":"reported","production_level":"reported","coop_member":"reported","homes_trad_food":"reported","seed_criteria":"reported","seed_sources":"reported","seed_challenges":"reported","traditional_seed_knowledge":"reported","soil_enhancers":"reported","chem_fertilizer_reliance":"reported","pest_control":"reported","pesticide_reliance":"reported","marketing_challenges":"reported","logistics_challenges":"reported","climate_change_noticed":"reported","climate_changes":"reported","climate_impacts":"reported","info_sources":"reported","raises_poultry":"reported","poultry_purpose":"not_applicable","farmer_type":"reported","low_input_practices":"reported"}}},{"type":"Feature","id":"CH-398J4P:chouf_2026","geometry":{"type":"Point","coordinates":[35.6526,33.69324]},"properties":{"entity_type":"survey_respondent_public","respondent_id":"CH-398J4P","instrument":"chouf_2026","area_name_en":"Batloun","area_name_ar":"بتلون","geom_origin":"cadastral_unit_centre","spatial_precision":"cadastral_unit","spread_m":150,"c__owns_land":"yes","c__land_size_band":"lt_1_ha","c__soil_types":"loamy","c__water_sources":"tanker","c__water_availability":"rarely","c__water_scarcity":"yes","c__irrigation_need_change":"increase","c__energy_sources":"grid","c__production_level":"small","c__coop_member":"no","c__homes_trad_food":"most","c__seed_criteria":"productivity","c__seed_sources":"shop","c__seed_challenges":"high_cost","c__traditional_seed_knowledge":"no","c__soil_enhancers":"manure","c__chem_fertilizer_reliance":"partial","c__pest_control":"physical","c__pesticide_reliance":"partial","c__marketing_challenges":"weak_demand","c__logistics_challenges":"high_transport_cost","c__climate_change_noticed":"yes","c__climate_changes":"rainfall_decrease","c__climate_impacts":"production_decrease","c__info_sources":"social_media","c__raises_poultry":"yes","c__poultry_purpose":"home_consumption","c__farmer_type":"type_d","c__low_input_practices":"yes","values":{"owns_land":"yes","land_size_band":"lt_1_ha","soil_types":["loamy"],"crop_groups":null,"water_sources":["tanker","storage"],"water_availability":"rarely","water_scarcity":"yes","irrigation_need_change":"increase","energy_sources":["grid"],"production_level":"small","coop_member":"no","homes_trad_food":"most","seed_criteria":["productivity"],"seed_sources":["shop"],"seed_challenges":["high_cost"],"traditional_seed_knowledge":"no","soil_enhancers":["manure"],"chem_fertilizer_reliance":"partial","pest_control":["physical"],"pesticide_reliance":"partial","marketing_challenges":["weak_demand","far_markets"],"logistics_challenges":["high_transport_cost","no_transport"],"climate_change_noticed":"yes","climate_changes":["rainfall_decrease","heatwaves"],"climate_impacts":["production_decrease"],"info_sources":["social_media"],"raises_poultry":"yes","poultry_purpose":["home_consumption","gifts"],"farmer_type":"type_d","low_input_practices":"yes"},"status":{"owns_land":"reported","land_size_band":"reported","soil_types":"reported","crop_groups":"invalid","water_sources":"reported","water_availability":"reported","water_scarcity":"reported","irrigation_need_change":"reported","energy_sources":"reported","production_level":"reported","coop_member":"reported","homes_trad_food":"reported","seed_criteria":"reported","seed_sources":"reported","seed_challenges":"reported","traditional_seed_knowledge":"reported","soil_enhancers":"reported","chem_fertilizer_reliance":"reported","pest_control":"reported","pesticide_reliance":"reported","marketing_challenges":"reported","logistics_challenges":"reported","climate_change_noticed":"reported","climate_changes":"reported","climate_impacts":"reported","info_sources":"reported","raises_poultry":"reported","poultry_purpose":"reported","farmer_type":"reported","low_input_practices":"reported"}}},{"type":"Feature","id":"CH-3MMEN8:chouf_2026","geometry":{"type":"Point","coordinates":[35.5707,33.62135]},"properties":{"entity_type":"survey_respondent_public","respondent_id":"CH-3MMEN8","instrument":"chouf_2026","area_name_en":"Mazraat Ech-Chouf","area_name_ar":"مزرعة","geom_origin":"cadastral_unit_centre","spatial_precision":"cadastral_unit","spread_m":150,"c__owns_land":"yes","c__land_size_band":"lt_1_ha","c__soil_types":"clay","c__crop_groups":"olives","c__water_sources":"tanker","c__water_availability":"rarely","c__water_scarcity":"yes","c__irrigation_need_change":"increase","c__energy_sources":"manual","c__production_level":"medium","c__coop_member":"no","c__homes_trad_food":"some","c__seed_criteria":"productivity","c__seed_sources":"association","c__seed_challenges":"low_availability","c__traditional_seed_knowledge":"no","c__soil_enhancers":"manure","c__chem_fertilizer_reliance":"not_used","c__pest_control":"local","c__pesticide_reliance":"not_used","c__marketing_challenges":"no_transport","c__climate_change_noticed":"yes","c__climate_changes":"temperature_rise","c__climate_impacts":"pests_diseases","c__info_sources":"social_media","c__raises_poultry":"yes","c__poultry_purpose":"local_sale","c__farmer_type":"type_c","c__low_input_practices":"yes","values":{"owns_land":"yes","land_size_band":"lt_1_ha","soil_types":["clay"],"crop_groups":["olives","other_fruits"],"water_sources":["tanker","storage"],"water_availability":"rarely","water_scarcity":"yes","irrigation_need_change":"increase","energy_sources":["manual"],"production_level":"medium","coop_member":"no","homes_trad_food":"some","seed_criteria":["productivity"],"seed_sources":["association"],"seed_challenges":["low_availability"],"traditional_seed_knowledge":"no","soil_enhancers":["manure"],"chem_fertilizer_reliance":"not_used","pest_control":["local"],"pesticide_reliance":"not_used","marketing_challenges":["no_transport"],"logistics_challenges":null,"climate_change_noticed":"yes","climate_changes":["temperature_rise"],"climate_impacts":["pests_diseases"],"info_sources":["social_media"],"raises_poultry":"yes","poultry_purpose":["local_sale"],"farmer_type":"type_c","low_input_practices":"yes"},"status":{"owns_land":"reported","land_size_band":"reported","soil_types":"reported","crop_groups":"reported","water_sources":"reported","water_availability":"reported","water_scarcity":"reported","irrigation_need_change":"reported","energy_sources":"reported","production_level":"reported","coop_member":"reported","homes_trad_food":"reported","seed_criteria":"reported","seed_sources":"reported","seed_challenges":"reported","traditional_seed_knowledge":"reported","soil_enhancers":"reported","chem_fertilizer_reliance":"reported","pest_control":"reported","pesticide_reliance":"reported","marketing_challenges":"reported","logistics_challenges":"not_provided","climate_change_noticed":"reported","climate_changes":"reported","climate_impacts":"reported","info_sources":"reported","raises_poultry":"reported","poultry_purpose":"reported","farmer_type":"reported","low_input_practices":"reported"}}},{"type":"Feature","id":"CH-3XJAM3:chouf_2026","geometry":{"type":"Point","coordinates":[35.53656,33.62773]},"properties":{"entity_type":"survey_respondent_public","respondent_id":"CH-3XJAM3","instrument":"chouf_2026","area_name_en":"Chouf","area_name_ar":"الشوف","geom_origin":"district_centre","spatial_precision":"district","spread_m":500,"c__owns_land":"yes","c__land_size_band":"lt_5_dunum","c__soil_types":"clay","c__crop_groups":"vegetables","c__water_sources":"tanker","c__water_availability":"never","c__water_scarcity":"yes","c__irrigation_need_change":"decrease","c__energy_sources":"manual","c__production_level":"medium","c__coop_member":"no","c__homes_trad_food":"few","c__seed_criteria":"price","c__seed_sources":"shop","c__seed_challenges":"high_cost","c__traditional_seed_knowledge":"no","c__soil_enhancers":"chemical","c__chem_fertilizer_reliance":"total","c__pest_control":"chemical","c__pesticide_reliance":"total","c__marketing_challenges":"low_prices","c__logistics_challenges":"no_paved_roads","c__climate_change_noticed":"yes","c__climate_changes":"rainfall_decrease","c__climate_impacts":"production_decrease","c__info_sources":"supply_shops","c__raises_poultry":"no","c__farmer_type":"type_a","c__low_input_practices":"no","values":{"owns_land":"yes","land_size_band":"lt_5_dunum","soil_types":["clay"],"crop_groups":["vegetables"],"water_sources":["tanker","storage"],"water_availability":"never","water_scarcity":"yes","irrigation_need_change":"decrease","energy_sources":["manual"],"production_level":"medium","coop_member":"no","homes_trad_food":"few","seed_criteria":["price","productivity"],"seed_sources":["shop"],"seed_challenges":["high_cost"],"traditional_seed_knowledge":"no","soil_enhancers":["chemical"],"chem_fertilizer_reliance":"total","pest_control":["chemical"],"pesticide_reliance":"total","marketing_challenges":["low_prices"],"logistics_challenges":["no_paved_roads"],"climate_change_noticed":"yes","climate_changes":["rainfall_decrease"],"climate_impacts":["production_decrease"],"info_sources":["supply_shops"],"raises_poultry":"no","poultry_purpose":null,"farmer_type":"type_a","low_input_practices":"no"},"status":{"owns_land":"reported","land_size_band":"reported","soil_types":"reported","crop_groups":"reported","water_sources":"reported","water_availability":"reported","water_scarcity":"reported","irrigation_need_change":"reported","energy_sources":"reported","production_level":"reported","coop_member":"reported","homes_trad_food":"reported","seed_criteria":"reported","seed_sources":"reported","seed_challenges":"reported","traditional_seed_knowledge":"reported","soil_enhancers":"reported","chem_fertilizer_reliance":"reported","pest_control":"reported","pesticide_reliance":"reported","marketing_challenges":"reported","logistics_challenges":"reported","climate_change_noticed":"reported","climate_changes":"reported","climate_impacts":"reported","info_sources":"reported","raises_poultry":"reported","poultry_purpose":"not_applicable","farmer_type":"reported","low_input_practices":"reported"}}},{"type":"Feature","id":"CH-43NFB3:chouf_2026","geometry":{"type":"Point","coordinates":[35.53656,33.62773]},"properties":{"entity_type":"survey_respondent_public","respondent_id":"CH-43NFB3","instrument":"chouf_2026","area_name_en":"Chouf","area_name_ar":"الشوف","geom_origin":"district_centre","spatial_precision":"district","spread_m":500,"c__owns_land":"yes","c__land_size_band":"lt_5_dunum","c__soil_types":"clay","c__crop_groups":"tropical_fruits","c__water_sources":"public_network","c__water_availability":"sometimes","c__water_scarcity":"yes","c__irrigation_need_change":"increase","c__energy_sources":"grid","c__production_level":"small","c__coop_member":"no","c__homes_trad_food":"few","c__seed_criteria":"price","c__seed_sources":"shop","c__seed_challenges":"high_cost","c__traditional_seed_knowledge":"no","c__soil_enhancers":"chemical","c__chem_fertilizer_reliance":"partial","c__pest_control":"chemical","c__pesticide_reliance":"partial","c__marketing_challenges":"weak_demand","c__logistics_challenges":"high_transport_cost","c__climate_change_noticed":"yes","c__climate_changes":"rainfall_decrease","c__climate_impacts":"production_decrease","c__info_sources":"social_media","c__raises_poultry":"no","c__farmer_type":"type_d","c__low_input_practices":"yes","values":{"owns_land":"yes","land_size_band":"lt_5_dunum","soil_types":["clay"],"crop_groups":["tropical_fruits","nursery"],"water_sources":["public_network"],"water_availability":"sometimes","water_scarcity":"yes","irrigation_need_change":"increase","energy_sources":["grid"],"production_level":"small","coop_member":"no","homes_trad_food":"few","seed_criteria":["price","productivity","pest_resistance"],"seed_sources":["shop","own_harvest"],"seed_challenges":["high_cost","low_availability","unsuitable"],"traditional_seed_knowledge":"no","soil_enhancers":["chemical","manure"],"chem_fertilizer_reliance":"partial","pest_control":["chemical","local"],"pesticide_reliance":"partial","marketing_challenges":["weak_demand","far_markets"],"logistics_challenges":["high_transport_cost"],"climate_change_noticed":"yes","climate_changes":["rainfall_decrease","frost"],"climate_impacts":["production_decrease","pollination"],"info_sources":["social_media","extension_agents"],"raises_poultry":"no","poultry_purpose":null,"farmer_type":"type_d","low_input_practices":"yes"},"status":{"owns_land":"reported","land_size_band":"reported","soil_types":"reported","crop_groups":"reported","water_sources":"reported","water_availability":"reported","water_scarcity":"reported","irrigation_need_change":"reported","energy_sources":"reported","production_level":"reported","coop_member":"reported","homes_trad_food":"reported","seed_criteria":"reported","seed_sources":"reported","seed_challenges":"reported","traditional_seed_knowledge":"reported","soil_enhancers":"reported","chem_fertilizer_reliance":"reported","pest_control":"reported","pesticide_reliance":"reported","marketing_challenges":"reported","logistics_challenges":"reported","climate_change_noticed":"reported","climate_changes":"reported","climate_impacts":"reported","info_sources":"reported","raises_poultry":"reported","poultry_purpose":"not_applicable","farmer_type":"reported","low_input_practices":"reported"}}},{"type":"Feature","id":"CH-4BGB36:chouf_2026","geometry":{"type":"Point","coordinates":[35.53656,33.62773]},"properties":{"entity_type":"survey_respondent_public","respondent_id":"CH-4BGB36","instrument":"chouf_2026","area_name_en":"Chouf","area_name_ar":"الشوف","geom_origin":"district_centre","spatial_precision":"district","spread_m":500,"c__owns_land":"yes","c__land_size_band":"gt_2_ha","c__soil_types":"calcareous","c__crop_groups":"olives","c__water_sources":"rain","c__water_scarcity":"yes","c__irrigation_need_change":"unsure","c__energy_sources":"manual","c__production_level":"medium","c__coop_member":"no","c__homes_trad_food":"some","c__seed_criteria":"price","c__seed_sources":"shop","c__seed_challenges":"high_cost","c__traditional_seed_knowledge":"no","c__soil_enhancers":"none","c__chem_fertilizer_reliance":"total","c__pest_control":"chemical","c__pesticide_reliance":"total","c__marketing_challenges":"weak_demand","c__logistics_challenges":"high_transport_cost","c__climate_change_noticed":"yes","c__climate_changes":"rainfall_decrease","c__climate_impacts":"production_decrease","c__info_sources":"extension_agents","c__raises_poultry":"no","c__farmer_type":"type_a","c__low_input_practices":"no","values":{"owns_land":"yes","land_size_band":"gt_2_ha","soil_types":["calcareous"],"crop_groups":["olives"],"water_sources":["rain"],"water_availability":null,"water_scarcity":"yes","irrigation_need_change":"unsure","energy_sources":["manual"],"production_level":"medium","coop_member":"no","homes_trad_food":"some","seed_criteria":["price","productivity","pest_resistance"],"seed_sources":["shop"],"seed_challenges":["high_cost"],"traditional_seed_knowledge":"no","soil_enhancers":["none"],"chem_fertilizer_reliance":"total","pest_control":["chemical"],"pesticide_reliance":"total","marketing_challenges":["weak_demand"],"logistics_challenges":["high_transport_cost"],"climate_change_noticed":"yes","climate_changes":["rainfall_decrease","heatwaves"],"climate_impacts":["production_decrease"],"info_sources":["extension_agents"],"raises_poultry":"no","poultry_purpose":null,"farmer_type":"type_a","low_input_practices":"no"},"status":{"owns_land":"reported","land_size_band":"reported","soil_types":"reported","crop_groups":"reported","water_sources":"reported","water_availability":"not_provided","water_scarcity":"reported","irrigation_need_change":"reported","energy_sources":"reported","production_level":"reported","coop_member":"reported","homes_trad_food":"reported","seed_criteria":"reported","seed_sources":"reported","seed_challenges":"reported","traditional_seed_knowledge":"reported","soil_enhancers":"reported","chem_fertilizer_reliance":"reported","pest_control":"reported","pesticide_reliance":"reported","marketing_challenges":"reported","logistics_challenges":"reported","climate_change_noticed":"reported","climate_changes":"reported","climate_impacts":"reported","info_sources":"reported","raises_poultry":"reported","poultry_purpose":"not_applicable","farmer_type":"reported","low_input_practices":"reported"}}},{"type":"Feature","id":"CH-4F62BZ:chouf_2026","geometry":{"type":"Point","coordinates":[35.53656,33.62773]},"properties":{"entity_type":"survey_respondent_public","respondent_id":"CH-4F62BZ","instrument":"chouf_2026","area_name_en":"Chouf","area_name_ar":"الشوف","geom_origin":"district_centre","spatial_precision":"district","spread_m":500,"c__owns_land":"yes","c__land_size_band":"lt_1_ha","c__soil_types":"loamy","c__crop_groups":"apples_pears","c__water_sources":"canal","c__water_availability":"sometimes","c__water_scarcity":"yes","c__irrigation_need_change":"increase","c__energy_sources":"manual","c__production_level":"large","c__coop_member":"no","c__homes_trad_food":"most","c__seed_criteria":"price","c__seed_sources":"shop","c__seed_challenges":"low_availability","c__traditional_seed_knowledge":"no","c__soil_enhancers":"compost","c__chem_fertilizer_reliance":"partial","c__pest_control":"biological","c__pesticide_reliance":"partial","c__marketing_challenges":"low_prices","c__logistics_challenges":"high_transport_cost","c__climate_change_noticed":"yes","c__climate_changes":"temperature_rise","c__climate_impacts":"season_delay","c__info_sources":"social_media","c__raises_poultry":"no","c__farmer_type":"type_b","c__low_input_practices":"yes","values":{"owns_land":"yes","land_size_band":"lt_1_ha","soil_types":["loamy","clay"],"crop_groups":["apples_pears","stone_fruits","tropical_fruits"],"water_sources":["canal"],"water_availability":"sometimes","water_scarcity":"yes","irrigation_need_change":"increase","energy_sources":["manual"],"production_level":"large","coop_member":"no","homes_trad_food":"most","seed_criteria":["price","productivity","pest_resistance"],"seed_sources":["shop"],"seed_challenges":["low_availability","unreliable_suppliers"],"traditional_seed_knowledge":"no","soil_enhancers":["compost","biofertilizer"],"chem_fertilizer_reliance":"partial","pest_control":["biological","physical"],"pesticide_reliance":"partial","marketing_challenges":["low_prices","weak_demand","poor_packaging"],"logistics_challenges":["high_transport_cost","no_paved_roads"],"climate_change_noticed":"yes","climate_changes":["temperature_rise","rainfall_decrease","heatwaves","frost"],"climate_impacts":["season_delay","pollination"],"info_sources":["social_media"],"raises_poultry":"no","poultry_purpose":null,"farmer_type":"type_b","low_input_practices":"yes"},"status":{"owns_land":"reported","land_size_band":"reported","soil_types":"reported","crop_groups":"reported","water_sources":"reported","water_availability":"reported","water_scarcity":"reported","irrigation_need_change":"reported","energy_sources":"reported","production_level":"reported","coop_member":"reported","homes_trad_food":"reported","seed_criteria":"reported","seed_sources":"reported","seed_challenges":"reported","traditional_seed_knowledge":"reported","soil_enhancers":"reported","chem_fertilizer_reliance":"reported","pest_control":"reported","pesticide_reliance":"reported","marketing_challenges":"reported","logistics_challenges":"reported","climate_change_noticed":"reported","climate_changes":"reported","climate_impacts":"reported","info_sources":"reported","raises_poultry":"reported","poultry_purpose":"not_applicable","farmer_type":"reported","low_input_practices":"reported"}}},{"type":"Feature","id":"CH-4TEFWR:chouf_2026","geometry":{"type":"Point","coordinates":[35.53656,33.62773]},"properties":{"entity_type":"survey_respondent_public","respondent_id":"CH-4TEFWR","instrument":"chouf_2026","area_name_en":"Chouf","area_name_ar":"الشوف","geom_origin":"district_centre","spatial_precision":"district","spread_m":500,"c__owns_land":"yes","c__land_size_band":"lt_5_dunum","c__soil_types":"clay","c__crop_groups":"olives","c__water_sources":"spring","c__water_availability":"sometimes","c__water_scarcity":"yes","c__irrigation_need_change":"increase","c__energy_sources":"manual","c__production_level":"small","c__coop_member":"no","c__homes_trad_food":"few","c__seed_criteria":"price","c__seed_sources":"shop","c__seed_challenges":"low_availability","c__traditional_seed_knowledge":"no","c__soil_enhancers":"manure","c__chem_fertilizer_reliance":"partial","c__pest_control":"chemical","c__pesticide_reliance":"partial","c__marketing_challenges":"low_prices","c__logistics_challenges":"high_transport_cost","c__climate_change_noticed":"yes","c__climate_changes":"rainfall_decrease","c__climate_impacts":"production_decrease","c__info_sources":"social_media","c__raises_poultry":"no","c__farmer_type":"type_d","c__low_input_practices":"yes","values":{"owns_land":"yes","land_size_band":"lt_5_dunum","soil_types":["clay"],"crop_groups":["olives","other_fruits"],"water_sources":["spring"],"water_availability":"sometimes","water_scarcity":"yes","irrigation_need_change":"increase","energy_sources":["manual"],"production_level":"small","coop_member":"no","homes_trad_food":"few","seed_criteria":["price","productivity"],"seed_sources":["shop"],"seed_challenges":["low_availability"],"traditional_seed_knowledge":"no","soil_enhancers":["manure"],"chem_fertilizer_reliance":"partial","pest_control":["chemical"],"pesticide_reliance":"partial","marketing_challenges":["low_prices"],"logistics_challenges":["high_transport_cost"],"climate_change_noticed":"yes","climate_changes":["rainfall_decrease","heatwaves"],"climate_impacts":["production_decrease","season_delay","pests_diseases"],"info_sources":["social_media","extension_agents"],"raises_poultry":"no","poultry_purpose":null,"farmer_type":"type_d","low_input_practices":"yes"},"status":{"owns_land":"reported","land_size_band":"reported","soil_types":"reported","crop_groups":"reported","water_sources":"reported","water_availability":"reported","water_scarcity":"reported","irrigation_need_change":"reported","energy_sources":"reported","production_level":"reported","coop_member":"reported","homes_trad_food":"reported","seed_criteria":"reported","seed_sources":"reported","seed_challenges":"reported","traditional_seed_knowledge":"reported","soil_enhancers":"reported","chem_fertilizer_reliance":"reported","pest_control":"reported","pesticide_reliance":"reported","marketing_challenges":"reported","logistics_challenges":"reported","climate_change_noticed":"reported","climate_changes":"reported","climate_impacts":"reported","info_sources":"reported","raises_poultry":"reported","poultry_purpose":"not_applicable","farmer_type":"reported","low_input_practices":"reported"}}},{"type":"Feature","id":"CH-53KQ3L:chouf_2026","geometry":{"type":"Point","coordinates":[35.53656,33.62773]},"properties":{"entity_type":"survey_respondent_public","respondent_id":"CH-53KQ3L","instrument":"chouf_2026","area_name_en":"Chouf","area_name_ar":"الشوف","geom_origin":"district_centre","spatial_precision":"district","spread_m":500,"c__owns_land":"yes","c__land_size_band":"lt_5_dunum","c__soil_types":"loamy","c__crop_groups":"vegetables","c__water_sources":"tanker","c__water_availability":"never","c__water_scarcity":"yes","c__irrigation_need_change":"increase","c__energy_sources":"manual","c__production_level":"small","c__coop_member":"no","c__homes_trad_food":"most","c__seed_criteria":"price","c__seed_sources":"shop","c__seed_challenges":"high_cost","c__traditional_seed_knowledge":"no","c__soil_enhancers":"chemical","c__chem_fertilizer_reliance":"partial","c__pest_control":"chemical","c__pesticide_reliance":"total","c__marketing_challenges":"low_prices","c__logistics_challenges":"no_paved_roads","c__climate_change_noticed":"yes","c__climate_changes":"temperature_rise","c__climate_impacts":"production_decrease","c__info_sources":"social_media","c__raises_poultry":"yes","c__poultry_purpose":"home_consumption","c__farmer_type":"type_d","c__low_input_practices":"yes","values":{"owns_land":"yes","land_size_band":"lt_5_dunum","soil_types":["loamy"],"crop_groups":["vegetables","legumes","nursery"],"water_sources":["tanker","storage"],"water_availability":"never","water_scarcity":"yes","irrigation_need_change":"increase","energy_sources":["manual","grid","diesel"],"production_level":"small","coop_member":"no","homes_trad_food":"most","seed_criteria":["price","productivity","pest_resistance"],"seed_sources":["shop","association"],"seed_challenges":["high_cost","unsuitable"],"traditional_seed_knowledge":"no","soil_enhancers":["chemical","manure"],"chem_fertilizer_reliance":"partial","pest_control":["chemical","local"],"pesticide_reliance":"total","marketing_challenges":["low_prices","no_transport"],"logistics_challenges":["no_paved_roads"],"climate_change_noticed":"yes","climate_changes":["temperature_rise","rainfall_decrease","heatwaves","frost"],"climate_impacts":["production_decrease","season_delay","pests_diseases","pollination"],"info_sources":["social_media"],"raises_poultry":"yes","poultry_purpose":["home_consumption"],"farmer_type":"type_d","low_input_practices":"yes"},"status":{"owns_land":"reported","land_size_band":"reported","soil_types":"reported","crop_groups":"reported","water_sources":"reported","water_availability":"reported","water_scarcity":"reported","irrigation_need_change":"reported","energy_sources":"reported","production_level":"reported","coop_member":"reported","homes_trad_food":"reported","seed_criteria":"reported","seed_sources":"reported","seed_challenges":"reported","traditional_seed_knowledge":"reported","soil_enhancers":"reported","chem_fertilizer_reliance":"reported","pest_control":"reported","pesticide_reliance":"reported","marketing_challenges":"reported","logistics_challenges":"reported","climate_change_noticed":"reported","climate_changes":"reported","climate_impacts":"reported","info_sources":"reported","raises_poultry":"reported","poultry_purpose":"reported","farmer_type":"reported","low_input_practices":"reported"}}},{"type":"Feature","id":"CH-5JVDYT:chouf_2026","geometry":{"type":"Point","coordinates":[35.45398,33.71168]},"properties":{"entity_type":"survey_respondent_public","respondent_id":"CH-5JVDYT","instrument":"chouf_2026","area_name_en":"Damour","area_name_ar":"الدامور","geom_origin":"cadastral_unit_centre","spatial_precision":"cadastral_unit","spread_m":150,"c__owns_land":"no","c__land_size_band":"gt_2_ha","c__soil_types":"loamy","c__crop_groups":"tropical_fruits","c__water_sources":"well","c__water_availability":"never","c__water_scarcity":"yes","c__irrigation_need_change":"increase","c__energy_sources":"grid","c__production_level":"medium","c__coop_member":"no","c__homes_trad_food":"few","c__seed_criteria":"productivity","c__seed_sources":"shop","c__seed_challenges":"none","c__traditional_seed_knowledge":"no","c__soil_enhancers":"chemical","c__chem_fertilizer_reliance":"total","c__pest_control":"chemical","c__pesticide_reliance":"total","c__marketing_challenges":"low_prices","c__logistics_challenges":"high_transport_cost","c__climate_change_noticed":"yes","c__climate_changes":"temperature_rise","c__climate_impacts":"production_decrease","c__info_sources":"extension_agents","c__raises_poultry":"no","c__farmer_type":"type_a","c__low_input_practices":"yes","values":{"owns_land":"no","land_size_band":"gt_2_ha","soil_types":["loamy"],"crop_groups":["tropical_fruits"],"water_sources":["well","canal"],"water_availability":"never","water_scarcity":"yes","irrigation_need_change":"increase","energy_sources":["grid","solar"],"production_level":"medium","coop_member":"no","homes_trad_food":"few","seed_criteria":["productivity","pest_resistance"],"seed_sources":["shop"],"seed_challenges":["none"],"traditional_seed_knowledge":"no","soil_enhancers":["chemical","compost","biofertilizer"],"chem_fertilizer_reliance":"total","pest_control":["chemical"],"pesticide_reliance":"total","marketing_challenges":["low_prices","poor_packaging"],"logistics_challenges":["high_transport_cost"],"climate_change_noticed":"yes","climate_changes":["temperature_rise","rainfall_decrease","heatwaves"],"climate_impacts":["production_decrease","season_delay","pests_diseases"],"info_sources":["extension_agents"],"raises_poultry":"no","poultry_purpose":null,"farmer_type":"type_a","low_input_practices":"yes"},"status":{"owns_land":"reported","land_size_band":"reported","soil_types":"reported","crop_groups":"reported","water_sources":"reported","water_availability":"reported","water_scarcity":"reported","irrigation_need_change":"reported","energy_sources":"reported","production_level":"reported","coop_member":"reported","homes_trad_food":"reported","seed_criteria":"reported","seed_sources":"reported","seed_challenges":"reported","traditional_seed_knowledge":"reported","soil_enhancers":"reported","chem_fertilizer_reliance":"reported","pest_control":"reported","pesticide_reliance":"reported","marketing_challenges":"reported","logistics_challenges":"reported","climate_change_noticed":"reported","climate_changes":"reported","climate_impacts":"reported","info_sources":"reported","raises_poultry":"reported","poultry_purpose":"not_applicable","farmer_type":"reported","low_input_practices":"reported"}}},{"type":"Feature","id":"CH-5KBV7S:chouf_2026","geometry":{"type":"Point","coordinates":[35.53656,33.62773]},"properties":{"entity_type":"survey_respondent_public","respondent_id":"CH-5KBV7S","instrument":"chouf_2026","area_name_en":"Chouf","area_name_ar":"الشوف","geom_origin":"district_centre","spatial_precision":"district","spread_m":500,"c__owns_land":"yes","c__land_size_band":"lt_5_dunum","c__soil_types":"loamy","c__crop_groups":"olives","c__water_sources":"rain","c__water_availability":"sometimes","c__water_scarcity":"yes","c__irrigation_need_change":"increase","c__energy_sources":"solar","c__production_level":"small","c__coop_member":"no","c__homes_trad_food":"almost_all","c__seed_criteria":"productivity","c__seed_sources":"shop","c__seed_challenges":"low_availability","c__traditional_seed_knowledge":"no","c__soil_enhancers":"none","c__chem_fertilizer_reliance":"not_used","c__pest_control":"local","c__pesticide_reliance":"not_used","c__marketing_challenges":"low_prices","c__logistics_challenges":"high_transport_cost","c__climate_change_noticed":"yes","c__climate_changes":"temperature_rise","c__climate_impacts":"production_decrease","c__info_sources":"social_media","c__raises_poultry":"no","c__farmer_type":"type_c","c__low_input_practices":"yes","values":{"owns_land":"yes","land_size_band":"lt_5_dunum","soil_types":["loamy"],"crop_groups":["olives","vegetables"],"water_sources":["rain"],"water_availability":"sometimes","water_scarcity":"yes","irrigation_need_change":"increase","energy_sources":["solar"],"production_level":"small","coop_member":"no","homes_trad_food":"almost_all","seed_criteria":["productivity","pest_resistance"],"seed_sources":["shop"],"seed_challenges":["low_availability","unreliable_suppliers"],"traditional_seed_knowledge":"no","soil_enhancers":["none"],"chem_fertilizer_reliance":"not_used","pest_control":["local"],"pesticide_reliance":"not_used","marketing_challenges":["low_prices"],"logistics_challenges":["high_transport_cost"],"climate_change_noticed":"yes","climate_changes":["temperature_rise","rainfall_decrease"],"climate_impacts":["production_decrease","season_delay"],"info_sources":["social_media"],"raises_poultry":"no","poultry_purpose":null,"farmer_type":"type_c","low_input_practices":"yes"},"status":{"owns_land":"reported","land_size_band":"reported","soil_types":"reported","crop_groups":"reported","water_sources":"reported","water_availability":"reported","water_scarcity":"reported","irrigation_need_change":"reported","energy_sources":"reported","production_level":"reported","coop_member":"reported","homes_trad_food":"reported","seed_criteria":"reported","seed_sources":"reported","seed_challenges":"reported","traditional_seed_knowledge":"reported","soil_enhancers":"reported","chem_fertilizer_reliance":"reported","pest_control":"reported","pesticide_reliance":"reported","marketing_challenges":"reported","logistics_challenges":"reported","climate_change_noticed":"reported","climate_changes":"reported","climate_impacts":"reported","info_sources":"reported","raises_poultry":"reported","poultry_purpose":"not_applicable","farmer_type":"reported","low_input_practices":"reported"}}},{"type":"Feature","id":"CH-5RW6YG:chouf_2026","geometry":{"type":"Point","coordinates":[35.5707,33.62135]},"properties":{"entity_type":"survey_respondent_public","respondent_id":"CH-5RW6YG","instrument":"chouf_2026","area_name_en":"Mazraat Ech-Chouf","area_name_ar":"مزرعة","geom_origin":"cadastral_unit_centre","spatial_precision":"cadastral_unit","spread_m":150,"c__owns_land":"yes","c__land_size_band":"lt_5_dunum","c__soil_types":"loamy","c__crop_groups":"vegetables","c__water_sources":"spring","c__water_availability":"never","c__water_scarcity":"yes","c__irrigation_need_change":"unsure","c__energy_sources":"manual","c__production_level":"small","c__coop_member":"no","c__homes_trad_food":"few","c__seed_criteria":"price","c__seed_sources":"shop","c__seed_challenges":"unreliable_suppliers","c__traditional_seed_knowledge":"no","c__soil_enhancers":"manure","c__chem_fertilizer_reliance":"not_used","c__pest_control":"local","c__pesticide_reliance":"not_used","c__climate_change_noticed":"no","c__info_sources":"social_media","c__raises_poultry":"no","c__farmer_type":"type_c","c__low_input_practices":"yes","values":{"owns_land":"yes","land_size_band":"lt_5_dunum","soil_types":["loamy"],"crop_groups":["vegetables","legumes"],"water_sources":["spring"],"water_availability":"never","water_scarcity":"yes","irrigation_need_change":"unsure","energy_sources":["manual"],"production_level":"small","coop_member":"no","homes_trad_food":"few","seed_criteria":["price","productivity","pest_resistance"],"seed_sources":["shop"],"seed_challenges":["unreliable_suppliers"],"traditional_seed_knowledge":"no","soil_enhancers":["manure"],"chem_fertilizer_reliance":"not_used","pest_control":["local"],"pesticide_reliance":"not_used","marketing_challenges":null,"logistics_challenges":null,"climate_change_noticed":"no","climate_changes":null,"climate_impacts":null,"info_sources":["social_media"],"raises_poultry":"no","poultry_purpose":null,"farmer_type":"type_c","low_input_practices":"yes"},"status":{"owns_land":"reported","land_size_band":"reported","soil_types":"reported","crop_groups":"reported","water_sources":"reported","water_availability":"reported","water_scarcity":"reported","irrigation_need_change":"reported","energy_sources":"reported","production_level":"reported","coop_member":"reported","homes_trad_food":"reported","seed_criteria":"reported","seed_sources":"reported","seed_challenges":"reported","traditional_seed_knowledge":"reported","soil_enhancers":"reported","chem_fertilizer_reliance":"reported","pest_control":"reported","pesticide_reliance":"reported","marketing_challenges":"not_provided","logistics_challenges":"not_provided","climate_change_noticed":"reported","climate_changes":"not_applicable","climate_impacts":"not_applicable","info_sources":"reported","raises_poultry":"reported","poultry_purpose":"not_applicable","farmer_type":"reported","low_input_practices":"reported"}}},{"type":"Feature","id":"CH-5T4K3N:chouf_2026","geometry":{"type":"Point","coordinates":[35.70198,33.69463]},"properties":{"entity_type":"survey_respondent_public","respondent_id":"CH-5T4K3N","instrument":"chouf_2026","area_name_en":"Barouk","area_name_ar":"الباروك","geom_origin":"cadastral_unit_centre","spatial_precision":"cadastral_unit","spread_m":150,"c__owns_land":"yes","c__land_size_band":"gt_1_ha","c__soil_types":"clay","c__crop_groups":"vegetables","c__water_sources":"river","c__water_availability":"always","c__water_scarcity":"yes","c__irrigation_need_change":"increase","c__energy_sources":"diesel","c__production_level":"medium","c__coop_member":"no","c__homes_trad_food":"most","c__seed_criteria":"price","c__seed_sources":"own_harvest","c__seed_challenges":"high_cost","c__traditional_seed_knowledge":"yes","c__soil_enhancers":"chemical","c__chem_fertilizer_reliance":"total","c__pest_control":"chemical","c__pesticide_reliance":"total","c__marketing_challenges":"low_prices","c__logistics_challenges":"high_transport_cost","c__climate_change_noticed":"yes","c__climate_changes":"temperature_rise","c__climate_impacts":"production_decrease","c__info_sources":"social_media","c__raises_poultry":"no","c__farmer_type":"type_a","c__low_input_practices":"no","values":{"owns_land":"yes","land_size_band":"gt_1_ha","soil_types":["clay","sandy"],"crop_groups":["vegetables"],"water_sources":["river"],"water_availability":"always","water_scarcity":"yes","irrigation_need_change":"increase","energy_sources":["diesel"],"production_level":"medium","coop_member":"no","homes_trad_food":"most","seed_criteria":["price"],"seed_sources":["own_harvest"],"seed_challenges":["high_cost"],"traditional_seed_knowledge":"yes","soil_enhancers":["chemical"],"chem_fertilizer_reliance":"total","pest_control":["chemical"],"pesticide_reliance":"total","marketing_challenges":["low_prices"],"logistics_challenges":["high_transport_cost"],"climate_change_noticed":"yes","climate_changes":["temperature_rise","rainfall_decrease","heatwaves"],"climate_impacts":["production_decrease","season_delay","pests_diseases"],"info_sources":["social_media","extension_agents"],"raises_poultry":"no","poultry_purpose":null,"farmer_type":"type_a","low_input_practices":"no"},"status":{"owns_land":"reported","land_size_band":"reported","soil_types":"reported","crop_groups":"reported","water_sources":"reported","water_availability":"reported","water_scarcity":"reported","irrigation_need_change":"reported","energy_sources":"reported","production_level":"reported","coop_member":"reported","homes_trad_food":"reported","seed_criteria":"reported","seed_sources":"reported","seed_challenges":"reported","traditional_seed_knowledge":"reported","soil_enhancers":"reported","chem_fertilizer_reliance":"reported","pest_control":"reported","pesticide_reliance":"reported","marketing_challenges":"reported","logistics_challenges":"reported","climate_change_noticed":"reported","climate_changes":"reported","climate_impacts":"reported","info_sources":"reported","raises_poultry":"reported","poultry_purpose":"not_applicable","farmer_type":"reported","low_input_practices":"reported"}}},{"type":"Feature","id":"CH-5VHZ5F:chouf_2026","geometry":{"type":"Point","coordinates":[35.53656,33.62773]},"properties":{"entity_type":"survey_respondent_public","respondent_id":"CH-5VHZ5F","instrument":"chouf_2026","area_name_en":"Chouf","area_name_ar":"الشوف","geom_origin":"district_centre","spatial_precision":"district","spread_m":500,"c__owns_land":"yes","c__land_size_band":"lt_5_dunum","c__soil_types":"clay","c__crop_groups":"olives","c__water_sources":"river","c__water_availability":"never","c__water_scarcity":"yes","c__irrigation_need_change":"increase","c__energy_sources":"manual","c__production_level":"medium","c__coop_member":"yes","c__homes_trad_food":"some","c__seed_criteria":"productivity","c__seed_sources":"shop","c__seed_challenges":"low_availability","c__traditional_seed_knowledge":"no","c__soil_enhancers":"chemical","c__chem_fertilizer_reliance":"partial","c__pest_control":"chemical","c__pesticide_reliance":"partial","c__marketing_challenges":"weak_demand","c__logistics_challenges":"high_transport_cost","c__climate_change_noticed":"yes","c__climate_changes":"temperature_rise","c__climate_impacts":"pests_diseases","c__info_sources":"extension_agents","c__raises_poultry":"yes","c__poultry_purpose":"home_consumption","c__farmer_type":"type_d","c__low_input_practices":"yes","values":{"owns_land":"yes","land_size_band":"lt_5_dunum","soil_types":["clay"],"crop_groups":["olives","apples_pears"],"water_sources":["river","tanker","storage"],"water_availability":"never","water_scarcity":"yes","irrigation_need_change":"increase","energy_sources":["manual"],"production_level":"medium","coop_member":"yes","homes_trad_food":"some","seed_criteria":["productivity"],"seed_sources":["shop"],"seed_challenges":["low_availability"],"traditional_seed_knowledge":"no","soil_enhancers":["chemical","compost"],"chem_fertilizer_reliance":"partial","pest_control":["chemical"],"pesticide_reliance":"partial","marketing_challenges":["weak_demand"],"logistics_challenges":["high_transport_cost"],"climate_change_noticed":"yes","climate_changes":["temperature_rise","rainfall_decrease"],"climate_impacts":["pests_diseases"],"info_sources":["extension_agents"],"raises_poultry":"yes","poultry_purpose":["home_consumption","local_sale"],"farmer_type":"type_d","low_input_practices":"yes"},"status":{"owns_land":"reported","land_size_band":"reported","soil_types":"reported","crop_groups":"reported","water_sources":"reported","water_availability":"reported","water_scarcity":"reported","irrigation_need_change":"reported","energy_sources":"reported","production_level":"reported","coop_member":"reported","homes_trad_food":"reported","seed_criteria":"reported","seed_sources":"reported","seed_challenges":"reported","traditional_seed_knowledge":"reported","soil_enhancers":"reported","chem_fertilizer_reliance":"reported","pest_control":"reported","pesticide_reliance":"reported","marketing_challenges":"reported","logistics_challenges":"reported","climate_change_noticed":"reported","climate_changes":"reported","climate_impacts":"reported","info_sources":"reported","raises_poultry":"reported","poultry_purpose":"reported","farmer_type":"reported","low_input_practices":"reported"}}},{"type":"Feature","id":"CH-66S3E3:chouf_2026","geometry":{"type":"Point","coordinates":[35.70198,33.69463]},"properties":{"entity_type":"survey_respondent_public","respondent_id":"CH-66S3E3","instrument":"chouf_2026","area_name_en":"Barouk","area_name_ar":"الباروك","geom_origin":"cadastral_unit_centre","spatial_precision":"cadastral_unit","spread_m":150,"c__owns_land":"yes","c__land_size_band":"lt_5_dunum","c__soil_types":"loamy","c__crop_groups":"vegetables","c__water_sources":"river","c__water_availability":"rarely","c__water_scarcity":"yes","c__irrigation_need_change":"increase","c__energy_sources":"manual","c__production_level":"small","c__coop_member":"no","c__homes_trad_food":"few","c__seed_criteria":"price","c__seed_sources":"shop","c__seed_challenges":"high_cost","c__traditional_seed_knowledge":"no","c__soil_enhancers":"chemical","c__chem_fertilizer_reliance":"partial","c__pest_control":"chemical","c__pesticide_reliance":"total","c__marketing_challenges":"low_prices","c__logistics_challenges":"high_transport_cost","c__climate_change_noticed":"yes","c__climate_changes":"temperature_rise","c__climate_impacts":"production_decrease","c__info_sources":"supply_shops","c__raises_poultry":"yes","c__poultry_purpose":"home_consumption","c__farmer_type":"type_d","c__low_input_practices":"yes","values":{"owns_land":"yes","land_size_band":"lt_5_dunum","soil_types":["loamy"],"crop_groups":["vegetables"],"water_sources":["river"],"water_availability":"rarely","water_scarcity":"yes","irrigation_need_change":"increase","energy_sources":["manual","diesel"],"production_level":"small","coop_member":"no","homes_trad_food":"few","seed_criteria":["price","productivity","pest_resistance"],"seed_sources":["shop","own_harvest"],"seed_challenges":["high_cost","low_availability","unreliable_suppliers"],"traditional_seed_knowledge":"no","soil_enhancers":["chemical","manure"],"chem_fertilizer_reliance":"partial","pest_control":["chemical"],"pesticide_reliance":"total","marketing_challenges":["low_prices","weak_demand","far_markets","no_transport","poor_packaging"],"logistics_challenges":["high_transport_cost","no_paved_roads","no_transport"],"climate_change_noticed":"yes","climate_changes":["temperature_rise","rainfall_decrease","heatwaves"],"climate_impacts":["production_decrease","season_delay","pests_diseases","pollination"],"info_sources":["supply_shops"],"raises_poultry":"yes","poultry_purpose":["home_consumption","gifts"],"farmer_type":"type_d","low_input_practices":"yes"},"status":{"owns_land":"reported","land_size_band":"reported","soil_types":"reported","crop_groups":"reported","water_sources":"reported","water_availability":"reported","water_scarcity":"reported","irrigation_need_change":"reported","energy_sources":"reported","production_level":"reported","coop_member":"reported","homes_trad_food":"reported","seed_criteria":"reported","seed_sources":"reported","seed_challenges":"reported","traditional_seed_knowledge":"reported","soil_enhancers":"reported","chem_fertilizer_reliance":"reported","pest_control":"reported","pesticide_reliance":"reported","marketing_challenges":"reported","logistics_challenges":"reported","climate_change_noticed":"reported","climate_changes":"reported","climate_impacts":"reported","info_sources":"reported","raises_poultry":"reported","poultry_purpose":"reported","farmer_type":"reported","low_input_practices":"reported"}}},{"type":"Feature","id":"CH-66SFCB:chouf_2026","geometry":{"type":"Point","coordinates":[35.53656,33.62773]},"properties":{"entity_type":"survey_respondent_public","respondent_id":"CH-66SFCB","instrument":"chouf_2026","area_name_en":"Chouf","area_name_ar":"الشوف","geom_origin":"district_centre","spatial_precision":"district","spread_m":500,"c__owns_land":"yes","c__land_size_band":"lt_5_dunum","c__soil_types":"clay","c__crop_groups":"vegetables","c__water_sources":"rain","c__water_availability":"never","c__water_scarcity":"yes","c__irrigation_need_change":"increase","c__energy_sources":"manual","c__production_level":"small","c__coop_member":"no","c__homes_trad_food":"few","c__seed_criteria":"price","c__seed_sources":"shop","c__seed_challenges":"high_cost","c__traditional_seed_knowledge":"no","c__soil_enhancers":"chemical","c__chem_fertilizer_reliance":"partial","c__pest_control":"chemical","c__pesticide_reliance":"partial","c__marketing_challenges":"low_prices","c__logistics_challenges":"high_transport_cost","c__climate_change_noticed":"yes","c__climate_changes":"temperature_rise","c__climate_impacts":"production_decrease","c__info_sources":"social_media","c__raises_poultry":"yes","c__poultry_purpose":"home_consumption","c__farmer_type":"type_d","c__low_input_practices":"yes","values":{"owns_land":"yes","land_size_band":"lt_5_dunum","soil_types":["clay"],"crop_groups":["vegetables","legumes"],"water_sources":["rain","tanker","storage"],"water_availability":"never","water_scarcity":"yes","irrigation_need_change":"increase","energy_sources":["manual","grid"],"production_level":"small","coop_member":"no","homes_trad_food":"few","seed_criteria":["price"],"seed_sources":["shop"],"seed_challenges":["high_cost","unreliable_suppliers"],"traditional_seed_knowledge":"no","soil_enhancers":["chemical","manure"],"chem_fertilizer_reliance":"partial","pest_control":["chemical"],"pesticide_reliance":"partial","marketing_challenges":["low_prices","weak_demand","poor_packaging"],"logistics_challenges":["high_transport_cost"],"climate_change_noticed":"yes","climate_changes":["temperature_rise","rainfall_decrease","heatwaves","frost"],"climate_impacts":["production_decrease","pests_diseases","pollination"],"info_sources":["social_media","television"],"raises_poultry":"yes","poultry_purpose":["home_consumption"],"farmer_type":"type_d","low_input_practices":"yes"},"status":{"owns_land":"reported","land_size_band":"reported","soil_types":"reported","crop_groups":"reported","water_sources":"reported","water_availability":"reported","water_scarcity":"reported","irrigation_need_change":"reported","energy_sources":"reported","production_level":"reported","coop_member":"reported","homes_trad_food":"reported","seed_criteria":"reported","seed_sources":"reported","seed_challenges":"reported","traditional_seed_knowledge":"reported","soil_enhancers":"reported","chem_fertilizer_reliance":"reported","pest_control":"reported","pesticide_reliance":"reported","marketing_challenges":"reported","logistics_challenges":"reported","climate_change_noticed":"reported","climate_changes":"reported","climate_impacts":"reported","info_sources":"reported","raises_poultry":"reported","poultry_purpose":"reported","farmer_type":"reported","low_input_practices":"reported"}}},{"type":"Feature","id":"CH-6HD9DJ:chouf_2026","geometry":{"type":"Point","coordinates":[35.45398,33.71168]},"properties":{"entity_type":"survey_respondent_public","respondent_id":"CH-6HD9DJ","instrument":"chouf_2026","area_name_en":"Damour","area_name_ar":"الدامور","geom_origin":"cadastral_unit_centre","spatial_precision":"cadastral_unit","spread_m":150,"c__owns_land":"yes","c__land_size_band":"lt_5_dunum","c__soil_types":"loamy","c__crop_groups":"tropical_fruits","c__water_sources":"river","c__water_availability":"rarely","c__water_scarcity":"yes","c__irrigation_need_change":"unsure","c__energy_sources":"grid","c__production_level":"small","c__coop_member":"no","c__homes_trad_food":"few","c__seed_criteria":"price","c__seed_sources":"shop","c__seed_challenges":"high_cost","c__traditional_seed_knowledge":"no","c__soil_enhancers":"chemical","c__chem_fertilizer_reliance":"partial","c__pest_control":"chemical","c__pesticide_reliance":"partial","c__marketing_challenges":"low_prices","c__climate_change_noticed":"yes","c__climate_changes":"temperature_rise","c__climate_impacts":"production_decrease","c__info_sources":"social_media","c__raises_poultry":"yes","c__poultry_purpose":"home_consumption","c__farmer_type":"type_d","c__low_input_practices":"yes","values":{"owns_land":"yes","land_size_band":"lt_5_dunum","soil_types":["loamy"],"crop_groups":["tropical_fruits"],"water_sources":["river"],"water_availability":"rarely","water_scarcity":"yes","irrigation_need_change":"unsure","energy_sources":["grid"],"production_level":"small","coop_member":"no","homes_trad_food":"few","seed_criteria":["price","productivity","pest_resistance"],"seed_sources":["shop"],"seed_challenges":["high_cost","low_availability"],"traditional_seed_knowledge":"no","soil_enhancers":["chemical","manure"],"chem_fertilizer_reliance":"partial","pest_control":["chemical"],"pesticide_reliance":"partial","marketing_challenges":["low_prices"],"logistics_challenges":null,"climate_change_noticed":"yes","climate_changes":["temperature_rise","rainfall_decrease","heatwaves","frost"],"climate_impacts":["production_decrease","pests_diseases"],"info_sources":["social_media","extension_agents","supply_shops"],"raises_poultry":"yes","poultry_purpose":["home_consumption"],"farmer_type":"type_d","low_input_practices":"yes"},"status":{"owns_land":"reported","land_size_band":"reported","soil_types":"reported","crop_groups":"reported","water_sources":"reported","water_availability":"reported","water_scarcity":"reported","irrigation_need_change":"reported","energy_sources":"reported","production_level":"reported","coop_member":"reported","homes_trad_food":"reported","seed_criteria":"reported","seed_sources":"reported","seed_challenges":"reported","traditional_seed_knowledge":"reported","soil_enhancers":"reported","chem_fertilizer_reliance":"reported","pest_control":"reported","pesticide_reliance":"reported","marketing_challenges":"reported","logistics_challenges":"not_provided","climate_change_noticed":"reported","climate_changes":"reported","climate_impacts":"reported","info_sources":"reported","raises_poultry":"reported","poultry_purpose":"reported","farmer_type":"reported","low_input_practices":"reported"}}},{"type":"Feature","id":"CH-6J3BNS:chouf_2026","geometry":{"type":"Point","coordinates":[35.53656,33.62773]},"properties":{"entity_type":"survey_respondent_public","respondent_id":"CH-6J3BNS","instrument":"chouf_2026","area_name_en":"Chouf","area_name_ar":"الشوف","geom_origin":"district_centre","spatial_precision":"district","spread_m":500,"c__owns_land":"yes","c__land_size_band":"lt_1_ha","c__soil_types":"calcareous","c__crop_groups":"olives","c__water_sources":"tanker","c__water_availability":"sometimes","c__water_scarcity":"yes","c__irrigation_need_change":"increase","c__energy_sources":"grid","c__production_level":"medium","c__coop_member":"no","c__homes_trad_food":"some","c__seed_criteria":"price","c__seed_sources":"shop","c__seed_challenges":"low_availability","c__traditional_seed_knowledge":"no","c__soil_enhancers":"compost","c__chem_fertilizer_reliance":"partial","c__pest_control":"chemical","c__marketing_challenges":"low_prices","c__logistics_challenges":"high_transport_cost","c__climate_change_noticed":"yes","c__climate_changes":"rainfall_decrease","c__climate_impacts":"season_delay","c__info_sources":"social_media","c__raises_poultry":"yes","c__poultry_purpose":"local_sale","c__farmer_type":"type_d","c__low_input_practices":"yes","values":{"owns_land":"yes","land_size_band":"lt_1_ha","soil_types":["calcareous"],"crop_groups":["olives","vegetables","herbs"],"water_sources":["tanker","storage"],"water_availability":"sometimes","water_scarcity":"yes","irrigation_need_change":"increase","energy_sources":["grid"],"production_level":"medium","coop_member":"no","homes_trad_food":"some","seed_criteria":["price","productivity","pest_resistance"],"seed_sources":["shop"],"seed_challenges":["low_availability"],"traditional_seed_knowledge":"no","soil_enhancers":["compost","manure"],"chem_fertilizer_reliance":"partial","pest_control":["chemical"],"pesticide_reliance":null,"marketing_challenges":["low_prices"],"logistics_challenges":["high_transport_cost"],"climate_change_noticed":"yes","climate_changes":["rainfall_decrease","heatwaves"],"climate_impacts":["season_delay","pests_diseases"],"info_sources":["social_media","extension_agents"],"raises_poultry":"yes","poultry_purpose":["local_sale"],"farmer_type":"type_d","low_input_practices":"yes"},"status":{"owns_land":"reported","land_size_band":"reported","soil_types":"reported","crop_groups":"reported","water_sources":"reported","water_availability":"reported","water_scarcity":"reported","irrigation_need_change":"reported","energy_sources":"reported","production_level":"reported","coop_member":"reported","homes_trad_food":"reported","seed_criteria":"reported","seed_sources":"reported","seed_challenges":"reported","traditional_seed_knowledge":"reported","soil_enhancers":"reported","chem_fertilizer_reliance":"reported","pest_control":"reported","pesticide_reliance":"not_provided","marketing_challenges":"reported","logistics_challenges":"reported","climate_change_noticed":"reported","climate_changes":"reported","climate_impacts":"reported","info_sources":"reported","raises_poultry":"reported","poultry_purpose":"reported","farmer_type":"reported","low_input_practices":"reported"}}},{"type":"Feature","id":"CH-6P7VGF:chouf_2026","geometry":{"type":"Point","coordinates":[35.70198,33.69463]},"properties":{"entity_type":"survey_respondent_public","respondent_id":"CH-6P7VGF","instrument":"chouf_2026","area_name_en":"Barouk","area_name_ar":"الباروك","geom_origin":"cadastral_unit_centre","spatial_precision":"cadastral_unit","spread_m":150,"c__owns_land":"yes","c__land_size_band":"lt_5_dunum","c__soil_types":"loamy","c__crop_groups":"apples_pears","c__water_sources":"tanker","c__water_availability":"rarely","c__water_scarcity":"yes","c__irrigation_need_change":"decrease","c__energy_sources":"manual","c__production_level":"small","c__coop_member":"no","c__homes_trad_food":"few","c__seed_criteria":"price","c__seed_sources":"association","c__seed_challenges":"high_cost","c__traditional_seed_knowledge":"no","c__soil_enhancers":"compost","c__chem_fertilizer_reliance":"partial","c__pest_control":"physical","c__pesticide_reliance":"partial","c__marketing_challenges":"low_prices","c__logistics_challenges":"high_transport_cost","c__climate_change_noticed":"yes","c__climate_changes":"temperature_rise","c__climate_impacts":"production_decrease","c__info_sources":"social_media","c__raises_poultry":"yes","c__poultry_purpose":"home_consumption","c__farmer_type":"type_d","c__low_input_practices":"yes","values":{"owns_land":"yes","land_size_band":"lt_5_dunum","soil_types":["loamy"],"crop_groups":["apples_pears","vegetables"],"water_sources":["tanker","storage"],"water_availability":"rarely","water_scarcity":"yes","irrigation_need_change":"decrease","energy_sources":["manual"],"production_level":"small","coop_member":"no","homes_trad_food":"few","seed_criteria":["price"],"seed_sources":["association"],"seed_challenges":["high_cost","low_availability","unreliable_suppliers","unsuitable"],"traditional_seed_knowledge":"no","soil_enhancers":["compost"],"chem_fertilizer_reliance":"partial","pest_control":["physical","local"],"pesticide_reliance":"partial","marketing_challenges":["low_prices","weak_demand","far_markets","no_transport","poor_packaging"],"logistics_challenges":["high_transport_cost","no_transport"],"climate_change_noticed":"yes","climate_changes":["temperature_rise","rainfall_decrease","heatwaves"],"climate_impacts":["production_decrease","season_delay","pests_diseases","pollination"],"info_sources":["social_media","extension_agents","supply_shops","television"],"raises_poultry":"yes","poultry_purpose":["home_consumption","gifts"],"farmer_type":"type_d","low_input_practices":"yes"},"status":{"owns_land":"reported","land_size_band":"reported","soil_types":"reported","crop_groups":"reported","water_sources":"reported","water_availability":"reported","water_scarcity":"reported","irrigation_need_change":"reported","energy_sources":"reported","production_level":"reported","coop_member":"reported","homes_trad_food":"reported","seed_criteria":"reported","seed_sources":"reported","seed_challenges":"reported","traditional_seed_knowledge":"reported","soil_enhancers":"reported","chem_fertilizer_reliance":"reported","pest_control":"reported","pesticide_reliance":"reported","marketing_challenges":"reported","logistics_challenges":"reported","climate_change_noticed":"reported","climate_changes":"reported","climate_impacts":"reported","info_sources":"reported","raises_poultry":"reported","poultry_purpose":"reported","farmer_type":"reported","low_input_practices":"reported"}}},{"type":"Feature","id":"CH-76LQCB:chouf_2026","geometry":{"type":"Point","coordinates":[35.5707,33.62135]},"properties":{"entity_type":"survey_respondent_public","respondent_id":"CH-76LQCB","instrument":"chouf_2026","area_name_en":"Mazraat Ech-Chouf","area_name_ar":"مزرعة","geom_origin":"cadastral_unit_centre","spatial_precision":"cadastral_unit","spread_m":150,"c__owns_land":"no","c__land_size_band":"lt_5_dunum","c__soil_types":"clay","c__crop_groups":"legumes","c__water_sources":"tanker","c__water_availability":"never","c__water_scarcity":"yes","c__irrigation_need_change":"increase","c__energy_sources":"manual","c__production_level":"medium","c__coop_member":"no","c__homes_trad_food":"few","c__seed_criteria":"none","c__seed_sources":"shop","c__seed_challenges":"high_cost","c__traditional_seed_knowledge":"no","c__soil_enhancers":"chemical","c__chem_fertilizer_reliance":"partial","c__pest_control":"chemical","c__pesticide_reliance":"partial","c__marketing_challenges":"low_prices","c__logistics_challenges":"high_transport_cost","c__climate_change_noticed":"yes","c__climate_changes":"rainfall_decrease","c__climate_impacts":"production_decrease","c__info_sources":"social_media","c__raises_poultry":"no","c__farmer_type":"type_d","c__low_input_practices":"no","values":{"owns_land":"no","land_size_band":"lt_5_dunum","soil_types":["clay","calcareous"],"crop_groups":["legumes"],"water_sources":["tanker","storage"],"water_availability":"never","water_scarcity":"yes","irrigation_need_change":"increase","energy_sources":["manual"],"production_level":"medium","coop_member":"no","homes_trad_food":"few","seed_criteria":["none"],"seed_sources":["shop"],"seed_challenges":["high_cost"],"traditional_seed_knowledge":"no","soil_enhancers":["chemical"],"chem_fertilizer_reliance":"partial","pest_control":["chemical"],"pesticide_reliance":"partial","marketing_challenges":["low_prices"],"logistics_challenges":["high_transport_cost"],"climate_change_noticed":"yes","climate_changes":["rainfall_decrease"],"climate_impacts":["production_decrease"],"info_sources":["social_media"],"raises_poultry":"no","poultry_purpose":null,"farmer_type":"type_d","low_input_practices":"no"},"status":{"owns_land":"reported","land_size_band":"reported","soil_types":"reported","crop_groups":"reported","water_sources":"reported","water_availability":"reported","water_scarcity":"reported","irrigation_need_change":"reported","energy_sources":"reported","production_level":"reported","coop_member":"reported","homes_trad_food":"reported","seed_criteria":"reported","seed_sources":"reported","seed_challenges":"reported","traditional_seed_knowledge":"reported","soil_enhancers":"reported","chem_fertilizer_reliance":"reported","pest_control":"reported","pesticide_reliance":"reported","marketing_challenges":"reported","logistics_challenges":"reported","climate_change_noticed":"reported","climate_changes":"reported","climate_impacts":"reported","info_sources":"reported","raises_poultry":"reported","poultry_purpose":"not_applicable","farmer_type":"reported","low_input_practices":"reported"}}},{"type":"Feature","id":"CH-76VDHG:chouf_2026","geometry":{"type":"Point","coordinates":[35.59263,33.64839]},"properties":{"entity_type":"survey_respondent_public","respondent_id":"CH-76VDHG","instrument":"chouf_2026","area_name_en":"Kahlouniet Ech-Chouf","area_name_ar":"كحلونية الشوف","geom_origin":"cadastral_unit_centre","spatial_precision":"cadastral_unit","spread_m":150,"c__owns_land":"yes","c__land_size_band":"lt_5_dunum","c__soil_types":"calcareous","c__crop_groups":"olives","c__water_sources":"tanker","c__water_availability":"never","c__water_scarcity":"yes","c__irrigation_need_change":"decrease","c__energy_sources":"grid","c__production_level":"small","c__coop_member":"no","c__homes_trad_food":"almost_all","c__seed_criteria":"price","c__seed_sources":"shop","c__seed_challenges":"high_cost","c__traditional_seed_knowledge":"yes","c__soil_enhancers":"chemical","c__chem_fertilizer_reliance":"partial","c__pest_control":"chemical","c__pesticide_reliance":"partial","c__marketing_challenges":"far_markets","c__logistics_challenges":"no_transport","c__climate_change_noticed":"yes","c__climate_changes":"temperature_rise","c__climate_impacts":"production_decrease","c__info_sources":"supply_shops","c__raises_poultry":"yes","c__poultry_purpose":"home_consumption","c__farmer_type":"type_d","c__low_input_practices":"no","values":{"owns_land":"yes","land_size_band":"lt_5_dunum","soil_types":["calcareous"],"crop_groups":["olives","grapes","other_fruits","legumes"],"water_sources":["tanker","storage"],"water_availability":"never","water_scarcity":"yes","irrigation_need_change":"decrease","energy_sources":["grid"],"production_level":"small","coop_member":"no","homes_trad_food":"almost_all","seed_criteria":["price","productivity"],"seed_sources":["shop"],"seed_challenges":["high_cost"],"traditional_seed_knowledge":"yes","soil_enhancers":["chemical"],"chem_fertilizer_reliance":"partial","pest_control":["chemical"],"pesticide_reliance":"partial","marketing_challenges":["far_markets"],"logistics_challenges":["no_transport"],"climate_change_noticed":"yes","climate_changes":["temperature_rise","rainfall_decrease"],"climate_impacts":["production_decrease"],"info_sources":["supply_shops"],"raises_poultry":"yes","poultry_purpose":["home_consumption","local_sale"],"farmer_type":"type_d","low_input_practices":"no"},"status":{"owns_land":"reported","land_size_band":"reported","soil_types":"reported","crop_groups":"reported","water_sources":"reported","water_availability":"reported","water_scarcity":"reported","irrigation_need_change":"reported","energy_sources":"reported","production_level":"reported","coop_member":"reported","homes_trad_food":"reported","seed_criteria":"reported","seed_sources":"reported","seed_challenges":"reported","traditional_seed_knowledge":"reported","soil_enhancers":"reported","chem_fertilizer_reliance":"reported","pest_control":"reported","pesticide_reliance":"reported","marketing_challenges":"reported","logistics_challenges":"reported","climate_change_noticed":"reported","climate_changes":"reported","climate_impacts":"reported","info_sources":"reported","raises_poultry":"reported","poultry_purpose":"reported","farmer_type":"reported","low_input_practices":"reported"}}},{"type":"Feature","id":"CH-7BHQRT:chouf_2026","geometry":{"type":"Point","coordinates":[35.41226,33.59196]},"properties":{"entity_type":"survey_respondent_public","respondent_id":"CH-7BHQRT","instrument":"chouf_2026","area_name_en":"Aalmane Ech-Chouf","area_name_ar":"علمان الشوف","geom_origin":"cadastral_unit_centre","spatial_precision":"cadastral_unit","spread_m":150,"c__owns_land":"yes","c__land_size_band":"lt_5_dunum","c__soil_types":"loamy","c__crop_groups":"citrus","c__water_sources":"well","c__water_availability":"never","c__water_scarcity":"no","c__irrigation_need_change":"increase","c__energy_sources":"grid","c__production_level":"medium","c__coop_member":"no","c__homes_trad_food":"most","c__seed_criteria":"price","c__seed_sources":"shop","c__seed_challenges":"low_availability","c__traditional_seed_knowledge":"no","c__soil_enhancers":"chemical","c__chem_fertilizer_reliance":"partial","c__pest_control":"chemical","c__pesticide_reliance":"partial","c__marketing_challenges":"low_prices","c__logistics_challenges":"high_transport_cost","c__climate_change_noticed":"yes","c__climate_changes":"frost","c__climate_impacts":"other","c__info_sources":"extension_agents","c__raises_poultry":"yes","c__poultry_purpose":"home_consumption","c__farmer_type":"type_a","c__low_input_practices":"no","values":{"owns_land":"yes","land_size_band":"lt_5_dunum","soil_types":["loamy"],"crop_groups":["citrus"],"water_sources":["well"],"water_availability":"never","water_scarcity":"no","irrigation_need_change":"increase","energy_sources":["grid"],"production_level":"medium","coop_member":"no","homes_trad_food":"most","seed_criteria":["price","productivity","pest_resistance"],"seed_sources":["shop"],"seed_challenges":["low_availability"],"traditional_seed_knowledge":"no","soil_enhancers":["chemical"],"chem_fertilizer_reliance":"partial","pest_control":["chemical"],"pesticide_reliance":"partial","marketing_challenges":["low_prices","far_markets","no_transport"],"logistics_challenges":["high_transport_cost","no_transport"],"climate_change_noticed":"yes","climate_changes":["frost"],"climate_impacts":["other"],"info_sources":["extension_agents","supply_shops"],"raises_poultry":"yes","poultry_purpose":["home_consumption"],"farmer_type":"type_a","low_input_practices":"no"},"status":{"owns_land":"reported","land_size_band":"reported","soil_types":"reported","crop_groups":"reported","water_sources":"reported","water_availability":"reported","water_scarcity":"reported","irrigation_need_change":"reported","energy_sources":"reported","production_level":"reported","coop_member":"reported","homes_trad_food":"reported","seed_criteria":"reported","seed_sources":"reported","seed_challenges":"reported","traditional_seed_knowledge":"reported","soil_enhancers":"reported","chem_fertilizer_reliance":"reported","pest_control":"reported","pesticide_reliance":"reported","marketing_challenges":"reported","logistics_challenges":"reported","climate_change_noticed":"reported","climate_changes":"reported","climate_impacts":"reported","info_sources":"reported","raises_poultry":"reported","poultry_purpose":"reported","farmer_type":"reported","low_input_practices":"reported"}}},{"type":"Feature","id":"CH-7F84DT:chouf_2026","geometry":{"type":"Point","coordinates":[35.53656,33.62773]},"properties":{"entity_type":"survey_respondent_public","respondent_id":"CH-7F84DT","instrument":"chouf_2026","area_name_en":"Chouf","area_name_ar":"الشوف","geom_origin":"district_centre","spatial_precision":"district","spread_m":500,"c__owns_land":"yes","c__land_size_band":"lt_5_dunum","c__soil_types":"loamy","c__crop_groups":"olives","c__water_sources":"tanker","c__water_availability":"rarely","c__water_scarcity":"yes","c__irrigation_need_change":"increase","c__energy_sources":"grid","c__production_level":"small","c__coop_member":"no","c__homes_trad_food":"some","c__seed_criteria":"productivity","c__seed_sources":"shop","c__seed_challenges":"unsuitable","c__traditional_seed_knowledge":"no","c__soil_enhancers":"manure","c__chem_fertilizer_reliance":"partial","c__pest_control":"biological","c__pesticide_reliance":"partial","c__climate_change_noticed":"yes","c__climate_changes":"temperature_rise","c__climate_impacts":"season_delay","c__info_sources":"social_media","c__raises_poultry":"yes","c__farmer_type":"type_d","c__low_input_practices":"yes","values":{"owns_land":"yes","land_size_band":"lt_5_dunum","soil_types":["loamy"],"crop_groups":["olives","citrus","tropical_fruits"],"water_sources":["tanker","storage"],"water_availability":"rarely","water_scarcity":"yes","irrigation_need_change":"increase","energy_sources":["grid","diesel","solar"],"production_level":"small","coop_member":"no","homes_trad_food":"some","seed_criteria":["productivity"],"seed_sources":["shop"],"seed_challenges":["unsuitable"],"traditional_seed_knowledge":"no","soil_enhancers":["manure"],"chem_fertilizer_reliance":"partial","pest_control":["biological","local"],"pesticide_reliance":"partial","marketing_challenges":null,"logistics_challenges":null,"climate_change_noticed":"yes","climate_changes":["temperature_rise","rainfall_decrease","heatwaves","frost"],"climate_impacts":["season_delay"],"info_sources":["social_media"],"raises_poultry":"yes","poultry_purpose":null,"farmer_type":"type_d","low_input_practices":"yes"},"status":{"owns_land":"reported","land_size_band":"reported","soil_types":"reported","crop_groups":"reported","water_sources":"reported","water_availability":"reported","water_scarcity":"reported","irrigation_need_change":"reported","energy_sources":"reported","production_level":"reported","coop_member":"reported","homes_trad_food":"reported","seed_criteria":"reported","seed_sources":"reported","seed_challenges":"reported","traditional_seed_knowledge":"reported","soil_enhancers":"reported","chem_fertilizer_reliance":"reported","pest_control":"reported","pesticide_reliance":"reported","marketing_challenges":"not_provided","logistics_challenges":"not_provided","climate_change_noticed":"reported","climate_changes":"reported","climate_impacts":"reported","info_sources":"reported","raises_poultry":"reported","poultry_purpose":"not_provided","farmer_type":"reported","low_input_practices":"reported"}}},{"type":"Feature","id":"CH-7HMP3V:chouf_2026","geometry":{"type":"Point","coordinates":[35.55755,33.69746]},"properties":{"entity_type":"survey_respondent_public","respondent_id":"CH-7HMP3V","instrument":"chouf_2026","area_name_en":"Deir El-Qamar","area_name_ar":"دير القمر","geom_origin":"cadastral_unit_centre","spatial_precision":"cadastral_unit","spread_m":150,"c__owns_land":"yes","c__land_size_band":"lt_5_dunum","c__soil_types":"clay","c__water_sources":"tanker","c__water_availability":"rarely","c__water_scarcity":"yes","c__irrigation_need_change":"increase","c__energy_sources":"grid","c__production_level":"small","c__coop_member":"no","c__homes_trad_food":"some","c__seed_criteria":"productivity","c__seed_sources":"shop","c__seed_challenges":"high_cost","c__traditional_seed_knowledge":"no","c__soil_enhancers":"manure","c__pest_control":"chemical","c__marketing_challenges":"far_markets","c__logistics_challenges":"high_transport_cost","c__climate_change_noticed":"yes","c__climate_changes":"temperature_rise","c__climate_impacts":"production_decrease","c__info_sources":"social_media","c__raises_poultry":"yes","c__poultry_purpose":"home_consumption","c__farmer_type":"type_d","c__low_input_practices":"yes","values":{"owns_land":"yes","land_size_band":"lt_5_dunum","soil_types":["clay"],"crop_groups":null,"water_sources":["tanker","storage"],"water_availability":"rarely","water_scarcity":"yes","irrigation_need_change":"increase","energy_sources":["grid","diesel"],"production_level":"small","coop_member":"no","homes_trad_food":"some","seed_criteria":["productivity"],"seed_sources":["shop"],"seed_challenges":["high_cost"],"traditional_seed_knowledge":"no","soil_enhancers":["manure"],"chem_fertilizer_reliance":null,"pest_control":["chemical"],"pesticide_reliance":null,"marketing_challenges":["far_markets"],"logistics_challenges":["high_transport_cost"],"climate_change_noticed":"yes","climate_changes":["temperature_rise"],"climate_impacts":["production_decrease"],"info_sources":["social_media"],"raises_poultry":"yes","poultry_purpose":["home_consumption"],"farmer_type":"type_d","low_input_practices":"yes"},"status":{"owns_land":"reported","land_size_band":"reported","soil_types":"reported","crop_groups":"not_provided","water_sources":"reported","water_availability":"reported","water_scarcity":"reported","irrigation_need_change":"reported","energy_sources":"reported","production_level":"reported","coop_member":"reported","homes_trad_food":"reported","seed_criteria":"reported","seed_sources":"reported","seed_challenges":"reported","traditional_seed_knowledge":"reported","soil_enhancers":"reported","chem_fertilizer_reliance":"not_provided","pest_control":"reported","pesticide_reliance":"not_provided","marketing_challenges":"reported","logistics_challenges":"reported","climate_change_noticed":"reported","climate_changes":"reported","climate_impacts":"reported","info_sources":"reported","raises_poultry":"reported","poultry_purpose":"reported","farmer_type":"reported","low_input_practices":"reported"}}},{"type":"Feature","id":"CH-7VWDEP:chouf_2026","geometry":{"type":"Point","coordinates":[35.41226,33.59196]},"properties":{"entity_type":"survey_respondent_public","respondent_id":"CH-7VWDEP","instrument":"chouf_2026","area_name_en":"Aalmane Ech-Chouf","area_name_ar":"علمان الشوف","geom_origin":"cadastral_unit_centre","spatial_precision":"cadastral_unit","spread_m":150,"c__owns_land":"yes","c__land_size_band":"lt_5_dunum","c__soil_types":"sandy","c__crop_groups":"tropical_fruits","c__water_sources":"well","c__water_availability":"sometimes","c__water_scarcity":"no","c__irrigation_need_change":"increase","c__energy_sources":"diesel","c__production_level":"small","c__coop_member":"no","c__homes_trad_food":"few","c__seed_criteria":"productivity","c__seed_sources":"shop","c__seed_challenges":"unreliable_suppliers","c__traditional_seed_knowledge":"no","c__soil_enhancers":"chemical","c__chem_fertilizer_reliance":"total","c__pest_control":"chemical","c__pesticide_reliance":"partial","c__marketing_challenges":"low_prices","c__logistics_challenges":"no_paved_roads","c__climate_change_noticed":"yes","c__climate_changes":"temperature_rise","c__climate_impacts":"pests_diseases","c__info_sources":"social_media","c__raises_poultry":"no","c__farmer_type":"type_a","c__low_input_practices":"no","values":{"owns_land":"yes","land_size_band":"lt_5_dunum","soil_types":["sandy"],"crop_groups":["tropical_fruits"],"water_sources":["well"],"water_availability":"sometimes","water_scarcity":"no","irrigation_need_change":"increase","energy_sources":["diesel"],"production_level":"small","coop_member":"no","homes_trad_food":"few","seed_criteria":["productivity"],"seed_sources":["shop"],"seed_challenges":["unreliable_suppliers"],"traditional_seed_knowledge":"no","soil_enhancers":["chemical"],"chem_fertilizer_reliance":"total","pest_control":["chemical"],"pesticide_reliance":"partial","marketing_challenges":["low_prices"],"logistics_challenges":["no_paved_roads"],"climate_change_noticed":"yes","climate_changes":["temperature_rise","rainfall_decrease"],"climate_impacts":["pests_diseases"],"info_sources":["social_media","extension_agents"],"raises_poultry":"no","poultry_purpose":null,"farmer_type":"type_a","low_input_practices":"no"},"status":{"owns_land":"reported","land_size_band":"reported","soil_types":"reported","crop_groups":"reported","water_sources":"reported","water_availability":"reported","water_scarcity":"reported","irrigation_need_change":"reported","energy_sources":"reported","production_level":"reported","coop_member":"reported","homes_trad_food":"reported","seed_criteria":"reported","seed_sources":"reported","seed_challenges":"reported","traditional_seed_knowledge":"reported","soil_enhancers":"reported","chem_fertilizer_reliance":"reported","pest_control":"reported","pesticide_reliance":"reported","marketing_challenges":"reported","logistics_challenges":"reported","climate_change_noticed":"reported","climate_changes":"reported","climate_impacts":"reported","info_sources":"reported","raises_poultry":"reported","poultry_purpose":"not_applicable","farmer_type":"reported","low_input_practices":"reported"}}},{"type":"Feature","id":"CH-7WDPY5:chouf_2026","geometry":{"type":"Point","coordinates":[35.53656,33.62773]},"properties":{"entity_type":"survey_respondent_public","respondent_id":"CH-7WDPY5","instrument":"chouf_2026","area_name_en":"Chouf","area_name_ar":"الشوف","geom_origin":"district_centre","spatial_precision":"district","spread_m":500,"c__owns_land":"yes","c__land_size_band":"lt_5_dunum","c__soil_types":"loamy","c__water_sources":"rain","c__water_availability":"rarely","c__water_scarcity":"yes","c__irrigation_need_change":"increase","c__energy_sources":"solar","c__production_level":"small","c__coop_member":"no","c__homes_trad_food":"few","c__seed_criteria":"price","c__seed_sources":"own_harvest","c__seed_challenges":"high_cost","c__traditional_seed_knowledge":"no","c__soil_enhancers":"compost","c__chem_fertilizer_reliance":"partial","c__pest_control":"biological","c__pesticide_reliance":"not_used","c__logistics_challenges":"high_transport_cost","c__climate_change_noticed":"yes","c__climate_changes":"temperature_rise","c__climate_impacts":"production_decrease","c__info_sources":"extension_agents","c__raises_poultry":"no","c__farmer_type":"type_c","c__low_input_practices":"yes","values":{"owns_land":"yes","land_size_band":"lt_5_dunum","soil_types":["loamy"],"crop_groups":null,"water_sources":["rain"],"water_availability":"rarely","water_scarcity":"yes","irrigation_need_change":"increase","energy_sources":["solar"],"production_level":"small","coop_member":"no","homes_trad_food":"few","seed_criteria":["price","productivity","pest_resistance"],"seed_sources":["own_harvest"],"seed_challenges":["high_cost"],"traditional_seed_knowledge":"no","soil_enhancers":["compost"],"chem_fertilizer_reliance":"partial","pest_control":["biological"],"pesticide_reliance":"not_used","marketing_challenges":null,"logistics_challenges":["high_transport_cost"],"climate_change_noticed":"yes","climate_changes":["temperature_rise","rainfall_decrease"],"climate_impacts":["production_decrease"],"info_sources":["extension_agents"],"raises_poultry":"no","poultry_purpose":null,"farmer_type":"type_c","low_input_practices":"yes"},"status":{"owns_land":"reported","land_size_band":"reported","soil_types":"reported","crop_groups":"not_provided","water_sources":"reported","water_availability":"reported","water_scarcity":"reported","irrigation_need_change":"reported","energy_sources":"reported","production_level":"reported","coop_member":"reported","homes_trad_food":"reported","seed_criteria":"reported","seed_sources":"reported","seed_challenges":"reported","traditional_seed_knowledge":"reported","soil_enhancers":"reported","chem_fertilizer_reliance":"reported","pest_control":"reported","pesticide_reliance":"reported","marketing_challenges":"not_provided","logistics_challenges":"reported","climate_change_noticed":"reported","climate_changes":"reported","climate_impacts":"reported","info_sources":"reported","raises_poultry":"reported","poultry_purpose":"not_applicable","farmer_type":"reported","low_input_practices":"reported"}}},{"type":"Feature","id":"CH-7Z23KC:chouf_2026","geometry":{"type":"Point","coordinates":[35.41226,33.59196]},"properties":{"entity_type":"survey_respondent_public","respondent_id":"CH-7Z23KC","instrument":"chouf_2026","area_name_en":"Aalmane Ech-Chouf","area_name_ar":"علمان الشوف","geom_origin":"cadastral_unit_centre","spatial_precision":"cadastral_unit","spread_m":150,"c__owns_land":"yes","c__land_size_band":"gt_1_ha","c__soil_types":"loamy","c__crop_groups":"citrus","c__water_sources":"well","c__water_availability":"always","c__water_scarcity":"no","c__irrigation_need_change":"increase","c__energy_sources":"diesel","c__production_level":"medium","c__coop_member":"no","c__homes_trad_food":"some","c__seed_criteria":"price","c__seed_sources":"shop","c__seed_challenges":"high_cost","c__traditional_seed_knowledge":"no","c__soil_enhancers":"chemical","c__chem_fertilizer_reliance":"total","c__pest_control":"chemical","c__pesticide_reliance":"total","c__marketing_challenges":"low_prices","c__logistics_challenges":"high_transport_cost","c__climate_change_noticed":"yes","c__climate_changes":"temperature_rise","c__climate_impacts":"pests_diseases","c__info_sources":"social_media","c__raises_poultry":"yes","c__poultry_purpose":"home_consumption","c__farmer_type":"type_a","c__low_input_practices":"no","values":{"owns_land":"yes","land_size_band":"gt_1_ha","soil_types":["loamy"],"crop_groups":["citrus","tropical_fruits"],"water_sources":["well"],"water_availability":"always","water_scarcity":"no","irrigation_need_change":"increase","energy_sources":["diesel","solar"],"production_level":"medium","coop_member":"no","homes_trad_food":"some","seed_criteria":["price","productivity"],"seed_sources":["shop"],"seed_challenges":["high_cost"],"traditional_seed_knowledge":"no","soil_enhancers":["chemical"],"chem_fertilizer_reliance":"total","pest_control":["chemical"],"pesticide_reliance":"total","marketing_challenges":["low_prices"],"logistics_challenges":["high_transport_cost"],"climate_change_noticed":"yes","climate_changes":["temperature_rise","rainfall_decrease","heatwaves"],"climate_impacts":["pests_diseases"],"info_sources":["social_media","extension_agents"],"raises_poultry":"yes","poultry_purpose":["home_consumption","local_sale"],"farmer_type":"type_a","low_input_practices":"no"},"status":{"owns_land":"reported","land_size_band":"reported","soil_types":"reported","crop_groups":"reported","water_sources":"reported","water_availability":"reported","water_scarcity":"reported","irrigation_need_change":"reported","energy_sources":"reported","production_level":"reported","coop_member":"reported","homes_trad_food":"reported","seed_criteria":"reported","seed_sources":"reported","seed_challenges":"reported","traditional_seed_knowledge":"reported","soil_enhancers":"reported","chem_fertilizer_reliance":"reported","pest_control":"reported","pesticide_reliance":"reported","marketing_challenges":"reported","logistics_challenges":"reported","climate_change_noticed":"reported","climate_changes":"reported","climate_impacts":"reported","info_sources":"reported","raises_poultry":"reported","poultry_purpose":"reported","farmer_type":"reported","low_input_practices":"reported"}}},{"type":"Feature","id":"CH-88UBFM:chouf_2026","geometry":{"type":"Point","coordinates":[35.53656,33.62773]},"properties":{"entity_type":"survey_respondent_public","respondent_id":"CH-88UBFM","instrument":"chouf_2026","area_name_en":"Chouf","area_name_ar":"الشوف","geom_origin":"district_centre","spatial_precision":"district","spread_m":500,"c__owns_land":"yes","c__land_size_band":"lt_5_dunum","c__soil_types":"loamy","c__crop_groups":"apples_pears","c__water_sources":"spring","c__water_availability":"sometimes","c__water_scarcity":"yes","c__irrigation_need_change":"increase","c__energy_sources":"manual","c__production_level":"medium","c__coop_member":"no","c__homes_trad_food":"most","c__seed_criteria":"productivity","c__seed_sources":"shop","c__seed_challenges":"unreliable_suppliers","c__traditional_seed_knowledge":"yes","c__soil_enhancers":"manure","c__chem_fertilizer_reliance":"not_used","c__pest_control":"chemical","c__pesticide_reliance":"total","c__marketing_challenges":"weak_demand","c__logistics_challenges":"high_transport_cost","c__climate_change_noticed":"yes","c__climate_changes":"temperature_rise","c__climate_impacts":"production_decrease","c__info_sources":"extension_agents","c__raises_poultry":"no","c__farmer_type":"type_c","c__low_input_practices":"yes","values":{"owns_land":"yes","land_size_band":"lt_5_dunum","soil_types":["loamy"],"crop_groups":["apples_pears"],"water_sources":["spring"],"water_availability":"sometimes","water_scarcity":"yes","irrigation_need_change":"increase","energy_sources":["manual"],"production_level":"medium","coop_member":"no","homes_trad_food":"most","seed_criteria":["productivity"],"seed_sources":["shop"],"seed_challenges":["unreliable_suppliers"],"traditional_seed_knowledge":"yes","soil_enhancers":["manure"],"chem_fertilizer_reliance":"not_used","pest_control":["chemical"],"pesticide_reliance":"total","marketing_challenges":["weak_demand"],"logistics_challenges":["high_transport_cost"],"climate_change_noticed":"yes","climate_changes":["temperature_rise","rainfall_decrease","heatwaves"],"climate_impacts":["production_decrease","pests_diseases","pollination"],"info_sources":["extension_agents"],"raises_poultry":"no","poultry_purpose":null,"farmer_type":"type_c","low_input_practices":"yes"},"status":{"owns_land":"reported","land_size_band":"reported","soil_types":"reported","crop_groups":"reported","water_sources":"reported","water_availability":"reported","water_scarcity":"reported","irrigation_need_change":"reported","energy_sources":"reported","production_level":"reported","coop_member":"reported","homes_trad_food":"reported","seed_criteria":"reported","seed_sources":"reported","seed_challenges":"reported","traditional_seed_knowledge":"reported","soil_enhancers":"reported","chem_fertilizer_reliance":"reported","pest_control":"reported","pesticide_reliance":"reported","marketing_challenges":"reported","logistics_challenges":"reported","climate_change_noticed":"reported","climate_changes":"reported","climate_impacts":"reported","info_sources":"reported","raises_poultry":"reported","poultry_purpose":"not_applicable","farmer_type":"reported","low_input_practices":"reported"}}},{"type":"Feature","id":"CH-8BFUNZ:chouf_2026","geometry":{"type":"Point","coordinates":[35.53656,33.62773]},"properties":{"entity_type":"survey_respondent_public","respondent_id":"CH-8BFUNZ","instrument":"chouf_2026","area_name_en":"Chouf","area_name_ar":"الشوف","geom_origin":"district_centre","spatial_precision":"district","spread_m":500,"c__owns_land":"yes","c__land_size_band":"lt_5_dunum","c__soil_types":"clay","c__crop_groups":"olives","c__water_sources":"tanker","c__water_availability":"never","c__water_scarcity":"yes","c__irrigation_need_change":"increase","c__energy_sources":"manual","c__production_level":"small","c__coop_member":"no","c__homes_trad_food":"some","c__seed_criteria":"price","c__seed_sources":"shop","c__seed_challenges":"high_cost","c__traditional_seed_knowledge":"no","c__soil_enhancers":"compost","c__chem_fertilizer_reliance":"partial","c__pest_control":"chemical","c__pesticide_reliance":"partial","c__marketing_challenges":"low_prices","c__logistics_challenges":"high_transport_cost","c__climate_change_noticed":"yes","c__climate_changes":"temperature_rise","c__climate_impacts":"production_decrease","c__info_sources":"social_media","c__raises_poultry":"yes","c__poultry_purpose":"home_consumption","c__farmer_type":"type_d","c__low_input_practices":"yes","values":{"owns_land":"yes","land_size_band":"lt_5_dunum","soil_types":["clay"],"crop_groups":["olives","vegetables","herbs"],"water_sources":["tanker","storage"],"water_availability":"never","water_scarcity":"yes","irrigation_need_change":"increase","energy_sources":["manual","grid","diesel"],"production_level":"small","coop_member":"no","homes_trad_food":"some","seed_criteria":["price","productivity"],"seed_sources":["shop"],"seed_challenges":["high_cost","low_availability","unreliable_suppliers","unsuitable"],"traditional_seed_knowledge":"no","soil_enhancers":["compost","manure"],"chem_fertilizer_reliance":"partial","pest_control":["chemical"],"pesticide_reliance":"partial","marketing_challenges":["low_prices","far_markets","no_transport","poor_packaging"],"logistics_challenges":["high_transport_cost","no_paved_roads","no_transport"],"climate_change_noticed":"yes","climate_changes":["temperature_rise","rainfall_decrease","heatwaves"],"climate_impacts":["production_decrease","season_delay","pests_diseases","pollination"],"info_sources":["social_media","supply_shops"],"raises_poultry":"yes","poultry_purpose":["home_consumption","local_sale"],"farmer_type":"type_d","low_input_practices":"yes"},"status":{"owns_land":"reported","land_size_band":"reported","soil_types":"reported","crop_groups":"reported","water_sources":"reported","water_availability":"reported","water_scarcity":"reported","irrigation_need_change":"reported","energy_sources":"reported","production_level":"reported","coop_member":"reported","homes_trad_food":"reported","seed_criteria":"reported","seed_sources":"reported","seed_challenges":"reported","traditional_seed_knowledge":"reported","soil_enhancers":"reported","chem_fertilizer_reliance":"reported","pest_control":"reported","pesticide_reliance":"reported","marketing_challenges":"reported","logistics_challenges":"reported","climate_change_noticed":"reported","climate_changes":"reported","climate_impacts":"reported","info_sources":"reported","raises_poultry":"reported","poultry_purpose":"reported","farmer_type":"reported","low_input_practices":"reported"}}},{"type":"Feature","id":"CH-8DKNDH:chouf_2026","geometry":{"type":"Point","coordinates":[35.55755,33.69746]},"properties":{"entity_type":"survey_respondent_public","respondent_id":"CH-8DKNDH","instrument":"chouf_2026","area_name_en":"Deir El-Qamar","area_name_ar":"دير القمر","geom_origin":"cadastral_unit_centre","spatial_precision":"cadastral_unit","spread_m":150,"c__owns_land":"yes","c__land_size_band":"lt_5_dunum","c__soil_types":"loamy","c__crop_groups":"vegetables","c__water_availability":"sometimes","c__water_scarcity":"yes","c__irrigation_need_change":"increase","c__energy_sources":"solar","c__production_level":"small","c__coop_member":"no","c__homes_trad_food":"few","c__seed_criteria":"productivity","c__seed_sources":"shop","c__seed_challenges":"low_availability","c__traditional_seed_knowledge":"yes","c__soil_enhancers":"manure","c__chem_fertilizer_reliance":"not_used","c__pest_control":"chemical","c__pesticide_reliance":"partial","c__logistics_challenges":"high_transport_cost","c__climate_change_noticed":"yes","c__climate_changes":"temperature_rise","c__climate_impacts":"production_decrease","c__info_sources":"supply_shops","c__raises_poultry":"no","c__farmer_type":"type_c","c__low_input_practices":"yes","values":{"owns_land":"yes","land_size_band":"lt_5_dunum","soil_types":["loamy"],"crop_groups":["vegetables","legumes"],"water_sources":null,"water_availability":"sometimes","water_scarcity":"yes","irrigation_need_change":"increase","energy_sources":["solar"],"production_level":"small","coop_member":"no","homes_trad_food":"few","seed_criteria":["productivity"],"seed_sources":["shop","own_harvest"],"seed_challenges":["low_availability","unreliable_suppliers","unsuitable"],"traditional_seed_knowledge":"yes","soil_enhancers":["manure"],"chem_fertilizer_reliance":"not_used","pest_control":["chemical"],"pesticide_reliance":"partial","marketing_challenges":null,"logistics_challenges":["high_transport_cost"],"climate_change_noticed":"yes","climate_changes":["temperature_rise","rainfall_decrease","heatwaves"],"climate_impacts":["production_decrease","season_delay","pests_diseases"],"info_sources":["supply_shops"],"raises_poultry":"no","poultry_purpose":null,"farmer_type":"type_c","low_input_practices":"yes"},"status":{"owns_land":"reported","land_size_band":"reported","soil_types":"reported","crop_groups":"reported","water_sources":"not_provided","water_availability":"reported","water_scarcity":"reported","irrigation_need_change":"reported","energy_sources":"reported","production_level":"reported","coop_member":"reported","homes_trad_food":"reported","seed_criteria":"reported","seed_sources":"reported","seed_challenges":"reported","traditional_seed_knowledge":"reported","soil_enhancers":"reported","chem_fertilizer_reliance":"reported","pest_control":"reported","pesticide_reliance":"reported","marketing_challenges":"not_provided","logistics_challenges":"reported","climate_change_noticed":"reported","climate_changes":"reported","climate_impacts":"reported","info_sources":"reported","raises_poultry":"reported","poultry_purpose":"not_applicable","farmer_type":"reported","low_input_practices":"reported"}}},{"type":"Feature","id":"CH-8K6Q4F:chouf_2026","geometry":{"type":"Point","coordinates":[35.55755,33.69746]},"properties":{"entity_type":"survey_respondent_public","respondent_id":"CH-8K6Q4F","instrument":"chouf_2026","area_name_en":"Deir El-Qamar","area_name_ar":"دير القمر","geom_origin":"cadastral_unit_centre","spatial_precision":"cadastral_unit","spread_m":150,"c__owns_land":"no","c__land_size_band":"lt_5_dunum","c__soil_types":"loamy","c__crop_groups":"other_fruits","c__water_availability":"never","c__water_scarcity":"yes","c__irrigation_need_change":"increase","c__energy_sources":"manual","c__production_level":"small","c__coop_member":"no","c__homes_trad_food":"few","c__seed_criteria":"productivity","c__seed_sources":"own_harvest","c__seed_challenges":"low_availability","c__traditional_seed_knowledge":"no","c__soil_enhancers":"compost","c__chem_fertilizer_reliance":"not_used","c__pest_control":"biological","c__pesticide_reliance":"not_used","c__climate_change_noticed":"yes","c__climate_changes":"temperature_rise","c__climate_impacts":"production_decrease","c__info_sources":"extension_agents","c__raises_poultry":"no","c__farmer_type":"type_c","c__low_input_practices":"yes","values":{"owns_land":"no","land_size_band":"lt_5_dunum","soil_types":["loamy"],"crop_groups":["other_fruits","vegetables"],"water_sources":null,"water_availability":"never","water_scarcity":"yes","irrigation_need_change":"increase","energy_sources":["manual"],"production_level":"small","coop_member":"no","homes_trad_food":"few","seed_criteria":["productivity"],"seed_sources":["own_harvest"],"seed_challenges":["low_availability"],"traditional_seed_knowledge":"no","soil_enhancers":["compost","manure"],"chem_fertilizer_reliance":"not_used","pest_control":["biological","physical"],"pesticide_reliance":"not_used","marketing_challenges":null,"logistics_challenges":null,"climate_change_noticed":"yes","climate_changes":["temperature_rise","rainfall_decrease","frost"],"climate_impacts":["production_decrease","season_delay","pests_diseases"],"info_sources":["extension_agents"],"raises_poultry":"no","poultry_purpose":null,"farmer_type":"type_c","low_input_practices":"yes"},"status":{"owns_land":"reported","land_size_band":"reported","soil_types":"reported","crop_groups":"reported","water_sources":"not_provided","water_availability":"reported","water_scarcity":"reported","irrigation_need_change":"reported","energy_sources":"reported","production_level":"reported","coop_member":"reported","homes_trad_food":"reported","seed_criteria":"reported","seed_sources":"reported","seed_challenges":"reported","traditional_seed_knowledge":"reported","soil_enhancers":"reported","chem_fertilizer_reliance":"reported","pest_control":"reported","pesticide_reliance":"reported","marketing_challenges":"not_provided","logistics_challenges":"not_provided","climate_change_noticed":"reported","climate_changes":"reported","climate_impacts":"reported","info_sources":"reported","raises_poultry":"reported","poultry_purpose":"not_applicable","farmer_type":"reported","low_input_practices":"reported"}}},{"type":"Feature","id":"CH-8WCRSY:chouf_2026","geometry":{"type":"Point","coordinates":[35.65655,33.62055]},"properties":{"entity_type":"survey_respondent_public","respondent_id":"CH-8WCRSY","instrument":"chouf_2026","area_name_en":"Mristi","area_name_ar":"مرستى","geom_origin":"cadastral_unit_centre","spatial_precision":"cadastral_unit","spread_m":150,"c__owns_land":"yes","c__land_size_band":"lt_5_dunum","c__soil_types":"clay","c__crop_groups":"vegetables","c__water_sources":"well","c__water_availability":"sometimes","c__water_scarcity":"yes","c__irrigation_need_change":"unsure","c__energy_sources":"manual","c__production_level":"small","c__coop_member":"no","c__homes_trad_food":"most","c__seed_criteria":"price","c__seed_sources":"shop","c__seed_challenges":"unreliable_suppliers","c__traditional_seed_knowledge":"no","c__soil_enhancers":"compost","c__chem_fertilizer_reliance":"not_used","c__pest_control":"chemical","c__pesticide_reliance":"partial","c__marketing_challenges":"far_markets","c__logistics_challenges":"high_transport_cost","c__climate_change_noticed":"yes","c__climate_changes":"temperature_rise","c__climate_impacts":"production_decrease","c__info_sources":"extension_agents","c__raises_poultry":"no","c__farmer_type":"type_c","c__low_input_practices":"yes","values":{"owns_land":"yes","land_size_band":"lt_5_dunum","soil_types":["clay"],"crop_groups":["vegetables"],"water_sources":["well"],"water_availability":"sometimes","water_scarcity":"yes","irrigation_need_change":"unsure","energy_sources":["manual"],"production_level":"small","coop_member":"no","homes_trad_food":"most","seed_criteria":["price","productivity","pest_resistance"],"seed_sources":["shop","neighbour","own_harvest"],"seed_challenges":["unreliable_suppliers"],"traditional_seed_knowledge":"no","soil_enhancers":["compost","manure"],"chem_fertilizer_reliance":"not_used","pest_control":["chemical","biological"],"pesticide_reliance":"partial","marketing_challenges":["far_markets"],"logistics_challenges":["high_transport_cost"],"climate_change_noticed":"yes","climate_changes":["temperature_rise","heatwaves","frost"],"climate_impacts":["production_decrease"],"info_sources":["extension_agents"],"raises_poultry":"no","poultry_purpose":null,"farmer_type":"type_c","low_input_practices":"yes"},"status":{"owns_land":"reported","land_size_band":"reported","soil_types":"reported","crop_groups":"reported","water_sources":"reported","water_availability":"reported","water_scarcity":"reported","irrigation_need_change":"reported","energy_sources":"reported","production_level":"reported","coop_member":"reported","homes_trad_food":"reported","seed_criteria":"reported","seed_sources":"reported","seed_challenges":"reported","traditional_seed_knowledge":"reported","soil_enhancers":"reported","chem_fertilizer_reliance":"reported","pest_control":"reported","pesticide_reliance":"reported","marketing_challenges":"reported","logistics_challenges":"reported","climate_change_noticed":"reported","climate_changes":"reported","climate_impacts":"reported","info_sources":"reported","raises_poultry":"reported","poultry_purpose":"not_applicable","farmer_type":"reported","low_input_practices":"reported"}}},{"type":"Feature","id":"CH-8XS3TD:chouf_2026","geometry":{"type":"Point","coordinates":[35.65655,33.62055]},"properties":{"entity_type":"survey_respondent_public","respondent_id":"CH-8XS3TD","instrument":"chouf_2026","area_name_en":"Mristi","area_name_ar":"مرستى","geom_origin":"cadastral_unit_centre","spatial_precision":"cadastral_unit","spread_m":150,"c__owns_land":"yes","c__land_size_band":"lt_1_ha","c__soil_types":"calcareous","c__crop_groups":"other_fruits","c__water_sources":"well","c__water_availability":"always","c__water_scarcity":"no","c__irrigation_need_change":"unsure","c__energy_sources":"grid","c__production_level":"small","c__coop_member":"no","c__homes_trad_food":"most","c__seed_criteria":"price","c__seed_sources":"shop","c__seed_challenges":"high_cost","c__traditional_seed_knowledge":"no","c__soil_enhancers":"compost","c__chem_fertilizer_reliance":"not_used","c__pest_control":"chemical","c__pesticide_reliance":"partial","c__marketing_challenges":"weak_demand","c__logistics_challenges":"high_transport_cost","c__climate_change_noticed":"yes","c__climate_changes":"rainfall_decrease","c__climate_impacts":"production_decrease","c__info_sources":"social_media","c__raises_poultry":"no","c__farmer_type":"type_c","c__low_input_practices":"yes","values":{"owns_land":"yes","land_size_band":"lt_1_ha","soil_types":["calcareous"],"crop_groups":["other_fruits"],"water_sources":["well","storage"],"water_availability":"always","water_scarcity":"no","irrigation_need_change":"unsure","energy_sources":["grid"],"production_level":"small","coop_member":"no","homes_trad_food":"most","seed_criteria":["price","productivity"],"seed_sources":["shop","neighbour"],"seed_challenges":["high_cost"],"traditional_seed_knowledge":"no","soil_enhancers":["compost"],"chem_fertilizer_reliance":"not_used","pest_control":["chemical","local"],"pesticide_reliance":"partial","marketing_challenges":["weak_demand"],"logistics_challenges":["high_transport_cost"],"climate_change_noticed":"yes","climate_changes":["rainfall_decrease","heatwaves"],"climate_impacts":["production_decrease"],"info_sources":["social_media","extension_agents","supply_shops"],"raises_poultry":"no","poultry_purpose":null,"farmer_type":"type_c","low_input_practices":"yes"},"status":{"owns_land":"reported","land_size_band":"reported","soil_types":"reported","crop_groups":"reported","water_sources":"reported","water_availability":"reported","water_scarcity":"reported","irrigation_need_change":"reported","energy_sources":"reported","production_level":"reported","coop_member":"reported","homes_trad_food":"reported","seed_criteria":"reported","seed_sources":"reported","seed_challenges":"reported","traditional_seed_knowledge":"reported","soil_enhancers":"reported","chem_fertilizer_reliance":"reported","pest_control":"reported","pesticide_reliance":"reported","marketing_challenges":"reported","logistics_challenges":"reported","climate_change_noticed":"reported","climate_changes":"reported","climate_impacts":"reported","info_sources":"reported","raises_poultry":"reported","poultry_purpose":"not_applicable","farmer_type":"reported","low_input_practices":"reported"}}},{"type":"Feature","id":"CH-93FXFM:chouf_2026","geometry":{"type":"Point","coordinates":[35.6704,33.71781]},"properties":{"entity_type":"survey_respondent_public","respondent_id":"CH-93FXFM","instrument":"chouf_2026","area_name_en":"Ouarhaniyeh","area_name_ar":"ورهانية","geom_origin":"cadastral_unit_centre","spatial_precision":"cadastral_unit","spread_m":150,"c__owns_land":"yes","c__land_size_band":"lt_1_ha","c__soil_types":"clay","c__crop_groups":"olives","c__water_sources":"rain","c__water_availability":"never","c__water_scarcity":"yes","c__irrigation_need_change":"increase","c__energy_sources":"manual","c__production_level":"medium","c__coop_member":"no","c__homes_trad_food":"some","c__seed_criteria":"pest_resistance","c__seed_sources":"own_harvest","c__seed_challenges":"unsuitable","c__traditional_seed_knowledge":"yes","c__soil_enhancers":"manure","c__chem_fertilizer_reliance":"not_used","c__pest_control":"chemical","c__pesticide_reliance":"partial","c__marketing_challenges":"low_prices","c__logistics_challenges":"high_transport_cost","c__climate_change_noticed":"yes","c__climate_changes":"rainfall_decrease","c__climate_impacts":"production_decrease","c__info_sources":"social_media","c__raises_poultry":"yes","c__poultry_purpose":"home_consumption","c__farmer_type":"type_d","c__low_input_practices":"yes","values":{"owns_land":"yes","land_size_band":"lt_1_ha","soil_types":["clay"],"crop_groups":["olives","herbs"],"water_sources":["rain","tanker","storage"],"water_availability":"never","water_scarcity":"yes","irrigation_need_change":"increase","energy_sources":["manual"],"production_level":"medium","coop_member":"no","homes_trad_food":"some","seed_criteria":["pest_resistance"],"seed_sources":["own_harvest"],"seed_challenges":["unsuitable"],"traditional_seed_knowledge":"yes","soil_enhancers":["manure"],"chem_fertilizer_reliance":"not_used","pest_control":["chemical"],"pesticide_reliance":"partial","marketing_challenges":["low_prices"],"logistics_challenges":["high_transport_cost"],"climate_change_noticed":"yes","climate_changes":["rainfall_decrease","heatwaves"],"climate_impacts":["production_decrease","pests_diseases","pollination"],"info_sources":["social_media"],"raises_poultry":"yes","poultry_purpose":["home_consumption"],"farmer_type":"type_d","low_input_practices":"yes"},"status":{"owns_land":"reported","land_size_band":"reported","soil_types":"reported","crop_groups":"reported","water_sources":"reported","water_availability":"reported","water_scarcity":"reported","irrigation_need_change":"reported","energy_sources":"reported","production_level":"reported","coop_member":"reported","homes_trad_food":"reported","seed_criteria":"reported","seed_sources":"reported","seed_challenges":"reported","traditional_seed_knowledge":"reported","soil_enhancers":"reported","chem_fertilizer_reliance":"reported","pest_control":"reported","pesticide_reliance":"reported","marketing_challenges":"reported","logistics_challenges":"reported","climate_change_noticed":"reported","climate_changes":"reported","climate_impacts":"reported","info_sources":"reported","raises_poultry":"reported","poultry_purpose":"reported","farmer_type":"reported","low_input_practices":"reported"}}},{"type":"Feature","id":"CH-93UXRA:chouf_2026","geometry":{"type":"Point","coordinates":[35.41226,33.59196]},"properties":{"entity_type":"survey_respondent_public","respondent_id":"CH-93UXRA","instrument":"chouf_2026","area_name_en":"Aalmane Ech-Chouf","area_name_ar":"علمان الشوف","geom_origin":"cadastral_unit_centre","spatial_precision":"cadastral_unit","spread_m":150,"c__owns_land":"yes","c__land_size_band":"lt_5_dunum","c__soil_types":"clay","c__crop_groups":"citrus","c__water_sources":"well","c__water_availability":"sometimes","c__water_scarcity":"no","c__irrigation_need_change":"no_change","c__energy_sources":"diesel","c__production_level":"medium","c__coop_member":"no","c__homes_trad_food":"almost_all","c__seed_criteria":"price","c__seed_sources":"shop","c__seed_challenges":"high_cost","c__traditional_seed_knowledge":"no","c__soil_enhancers":"chemical","c__chem_fertilizer_reliance":"total","c__pest_control":"chemical","c__pesticide_reliance":"total","c__marketing_challenges":"low_prices","c__logistics_challenges":"high_transport_cost","c__climate_change_noticed":"yes","c__climate_changes":"temperature_rise","c__climate_impacts":"production_decrease","c__info_sources":"supply_shops","c__raises_poultry":"no","c__farmer_type":"type_a","c__low_input_practices":"yes","values":{"owns_land":"yes","land_size_band":"lt_5_dunum","soil_types":["clay"],"crop_groups":["citrus","tropical_fruits"],"water_sources":["well","tanker","storage"],"water_availability":"sometimes","water_scarcity":"no","irrigation_need_change":"no_change","energy_sources":["diesel"],"production_level":"medium","coop_member":"no","homes_trad_food":"almost_all","seed_criteria":["price","productivity","pest_resistance"],"seed_sources":["shop"],"seed_challenges":["high_cost","unreliable_suppliers"],"traditional_seed_knowledge":"no","soil_enhancers":["chemical","compost","manure"],"chem_fertilizer_reliance":"total","pest_control":["chemical"],"pesticide_reliance":"total","marketing_challenges":["low_prices","weak_demand","far_markets"],"logistics_challenges":["high_transport_cost"],"climate_change_noticed":"yes","climate_changes":["temperature_rise","rainfall_decrease","heatwaves","frost"],"climate_impacts":["production_decrease","pests_diseases"],"info_sources":["supply_shops"],"raises_poultry":"no","poultry_purpose":null,"farmer_type":"type_a","low_input_practices":"yes"},"status":{"owns_land":"reported","land_size_band":"reported","soil_types":"reported","crop_groups":"reported","water_sources":"reported","water_availability":"reported","water_scarcity":"reported","irrigation_need_change":"reported","energy_sources":"reported","production_level":"reported","coop_member":"reported","homes_trad_food":"reported","seed_criteria":"reported","seed_sources":"reported","seed_challenges":"reported","traditional_seed_knowledge":"reported","soil_enhancers":"reported","chem_fertilizer_reliance":"reported","pest_control":"reported","pesticide_reliance":"reported","marketing_challenges":"reported","logistics_challenges":"reported","climate_change_noticed":"reported","climate_changes":"reported","climate_impacts":"reported","info_sources":"reported","raises_poultry":"reported","poultry_purpose":"not_applicable","farmer_type":"reported","low_input_practices":"reported"}}},{"type":"Feature","id":"CH-94YE3L:chouf_2026","geometry":{"type":"Point","coordinates":[35.65655,33.62055]},"properties":{"entity_type":"survey_respondent_public","respondent_id":"CH-94YE3L","instrument":"chouf_2026","area_name_en":"Mristi","area_name_ar":"مرستى","geom_origin":"cadastral_unit_centre","spatial_precision":"cadastral_unit","spread_m":150,"c__owns_land":"yes","c__land_size_band":"lt_5_dunum","c__soil_types":"sandy","c__crop_groups":"vegetables","c__water_sources":"canal","c__water_availability":"sometimes","c__water_scarcity":"no","c__irrigation_need_change":"increase","c__energy_sources":"manual","c__production_level":"medium","c__coop_member":"yes","c__homes_trad_food":"most","c__seed_criteria":"price","c__seed_sources":"association","c__seed_challenges":"none","c__traditional_seed_knowledge":"yes","c__soil_enhancers":"manure","c__chem_fertilizer_reliance":"not_used","c__pest_control":"chemical","c__pesticide_reliance":"partial","c__marketing_challenges":"low_prices","c__logistics_challenges":"high_transport_cost","c__climate_change_noticed":"yes","c__climate_changes":"rainfall_decrease","c__climate_impacts":"production_decrease","c__info_sources":"extension_agents","c__raises_poultry":"yes","c__poultry_purpose":"home_consumption","c__farmer_type":"type_c","c__low_input_practices":"yes","values":{"owns_land":"yes","land_size_band":"lt_5_dunum","soil_types":["sandy"],"crop_groups":["vegetables"],"water_sources":["canal"],"water_availability":"sometimes","water_scarcity":"no","irrigation_need_change":"increase","energy_sources":["manual"],"production_level":"medium","coop_member":"yes","homes_trad_food":"most","seed_criteria":["price"],"seed_sources":["association","own_harvest"],"seed_challenges":["none"],"traditional_seed_knowledge":"yes","soil_enhancers":["manure"],"chem_fertilizer_reliance":"not_used","pest_control":["chemical","local"],"pesticide_reliance":"partial","marketing_challenges":["low_prices"],"logistics_challenges":["high_transport_cost"],"climate_change_noticed":"yes","climate_changes":["rainfall_decrease","heatwaves"],"climate_impacts":["production_decrease","pests_diseases"],"info_sources":["extension_agents"],"raises_poultry":"yes","poultry_purpose":["home_consumption"],"farmer_type":"type_c","low_input_practices":"yes"},"status":{"owns_land":"reported","land_size_band":"reported","soil_types":"reported","crop_groups":"reported","water_sources":"reported","water_availability":"reported","water_scarcity":"reported","irrigation_need_change":"reported","energy_sources":"reported","production_level":"reported","coop_member":"reported","homes_trad_food":"reported","seed_criteria":"reported","seed_sources":"reported","seed_challenges":"reported","traditional_seed_knowledge":"reported","soil_enhancers":"reported","chem_fertilizer_reliance":"reported","pest_control":"reported","pesticide_reliance":"reported","marketing_challenges":"reported","logistics_challenges":"reported","climate_change_noticed":"reported","climate_changes":"reported","climate_impacts":"reported","info_sources":"reported","raises_poultry":"reported","poultry_purpose":"reported","farmer_type":"reported","low_input_practices":"reported"}}},{"type":"Feature","id":"CH-9CGDVN:chouf_2026","geometry":{"type":"Point","coordinates":[35.53656,33.62773]},"properties":{"entity_type":"survey_respondent_public","respondent_id":"CH-9CGDVN","instrument":"chouf_2026","area_name_en":"Chouf","area_name_ar":"الشوف","geom_origin":"district_centre","spatial_precision":"district","spread_m":500,"c__owns_land":"yes","c__land_size_band":"lt_5_dunum","c__soil_types":"loamy","c__crop_groups":"olives","c__water_sources":"spring","c__water_availability":"sometimes","c__water_scarcity":"yes","c__irrigation_need_change":"increase","c__energy_sources":"manual","c__production_level":"medium","c__coop_member":"no","c__homes_trad_food":"some","c__seed_criteria":"price","c__seed_sources":"shop","c__seed_challenges":"high_cost","c__traditional_seed_knowledge":"no","c__soil_enhancers":"compost","c__chem_fertilizer_reliance":"not_used","c__pest_control":"physical","c__pesticide_reliance":"not_used","c__marketing_challenges":"weak_demand","c__logistics_challenges":"high_transport_cost","c__climate_change_noticed":"yes","c__climate_changes":"temperature_rise","c__climate_impacts":"production_decrease","c__info_sources":"social_media","c__raises_poultry":"no","c__farmer_type":"type_c","c__low_input_practices":"yes","values":{"owns_land":"yes","land_size_band":"lt_5_dunum","soil_types":["loamy"],"crop_groups":["olives","other_fruits"],"water_sources":["spring"],"water_availability":"sometimes","water_scarcity":"yes","irrigation_need_change":"increase","energy_sources":["manual","diesel"],"production_level":"medium","coop_member":"no","homes_trad_food":"some","seed_criteria":["price","productivity","pest_resistance"],"seed_sources":["shop"],"seed_challenges":["high_cost","unreliable_suppliers"],"traditional_seed_knowledge":"no","soil_enhancers":["compost","manure"],"chem_fertilizer_reliance":"not_used","pest_control":["physical"],"pesticide_reliance":"not_used","marketing_challenges":["weak_demand","far_markets"],"logistics_challenges":["high_transport_cost"],"climate_change_noticed":"yes","climate_changes":["temperature_rise","rainfall_decrease"],"climate_impacts":["production_decrease","pests_diseases"],"info_sources":["social_media"],"raises_poultry":"no","poultry_purpose":null,"farmer_type":"type_c","low_input_practices":"yes"},"status":{"owns_land":"reported","land_size_band":"reported","soil_types":"reported","crop_groups":"reported","water_sources":"reported","water_availability":"reported","water_scarcity":"reported","irrigation_need_change":"reported","energy_sources":"reported","production_level":"reported","coop_member":"reported","homes_trad_food":"reported","seed_criteria":"reported","seed_sources":"reported","seed_challenges":"reported","traditional_seed_knowledge":"reported","soil_enhancers":"reported","chem_fertilizer_reliance":"reported","pest_control":"reported","pesticide_reliance":"reported","marketing_challenges":"reported","logistics_challenges":"reported","climate_change_noticed":"reported","climate_changes":"reported","climate_impacts":"reported","info_sources":"reported","raises_poultry":"reported","poultry_purpose":"not_applicable","farmer_type":"reported","low_input_practices":"reported"}}},{"type":"Feature","id":"CH-9CKM3T:chouf_2026","geometry":{"type":"Point","coordinates":[35.53656,33.62773]},"properties":{"entity_type":"survey_respondent_public","respondent_id":"CH-9CKM3T","instrument":"chouf_2026","area_name_en":"Chouf","area_name_ar":"الشوف","geom_origin":"district_centre","spatial_precision":"district","spread_m":500,"c__owns_land":"yes","c__land_size_band":"lt_5_dunum","c__soil_types":"loamy","c__crop_groups":"olives","c__water_sources":"tanker","c__water_availability":"rarely","c__water_scarcity":"yes","c__irrigation_need_change":"increase","c__energy_sources":"manual","c__production_level":"medium","c__coop_member":"no","c__homes_trad_food":"some","c__seed_criteria":"price","c__seed_sources":"shop","c__seed_challenges":"high_cost","c__traditional_seed_knowledge":"no","c__soil_enhancers":"chemical","c__chem_fertilizer_reliance":"partial","c__pest_control":"chemical","c__pesticide_reliance":"partial","c__marketing_challenges":"low_prices","c__logistics_challenges":"high_transport_cost","c__climate_change_noticed":"yes","c__climate_changes":"temperature_rise","c__climate_impacts":"production_decrease","c__info_sources":"social_media","c__raises_poultry":"yes","c__poultry_purpose":"home_consumption","c__farmer_type":"type_d","c__low_input_practices":"yes","values":{"owns_land":"yes","land_size_band":"lt_5_dunum","soil_types":["loamy"],"crop_groups":["olives","vegetables"],"water_sources":["tanker","storage"],"water_availability":"rarely","water_scarcity":"yes","irrigation_need_change":"increase","energy_sources":["manual","grid"],"production_level":"medium","coop_member":"no","homes_trad_food":"some","seed_criteria":["price","productivity","pest_resistance"],"seed_sources":["shop"],"seed_challenges":["high_cost","low_availability"],"traditional_seed_knowledge":"no","soil_enhancers":["chemical","compost","manure"],"chem_fertilizer_reliance":"partial","pest_control":["chemical"],"pesticide_reliance":"partial","marketing_challenges":["low_prices","weak_demand","poor_packaging"],"logistics_challenges":["high_transport_cost"],"climate_change_noticed":"yes","climate_changes":["temperature_rise","rainfall_decrease","heatwaves"],"climate_impacts":["production_decrease","season_delay","pests_diseases","pollination"],"info_sources":["social_media","extension_agents","supply_shops"],"raises_poultry":"yes","poultry_purpose":["home_consumption","local_sale"],"farmer_type":"type_d","low_input_practices":"yes"},"status":{"owns_land":"reported","land_size_band":"reported","soil_types":"reported","crop_groups":"reported","water_sources":"reported","water_availability":"reported","water_scarcity":"reported","irrigation_need_change":"reported","energy_sources":"reported","production_level":"reported","coop_member":"reported","homes_trad_food":"reported","seed_criteria":"reported","seed_sources":"reported","seed_challenges":"reported","traditional_seed_knowledge":"reported","soil_enhancers":"reported","chem_fertilizer_reliance":"reported","pest_control":"reported","pesticide_reliance":"reported","marketing_challenges":"reported","logistics_challenges":"reported","climate_change_noticed":"reported","climate_changes":"reported","climate_impacts":"reported","info_sources":"reported","raises_poultry":"reported","poultry_purpose":"reported","farmer_type":"reported","low_input_practices":"reported"}}},{"type":"Feature","id":"CH-9CQDWE:chouf_2026","geometry":{"type":"Point","coordinates":[35.53656,33.62773]},"properties":{"entity_type":"survey_respondent_public","respondent_id":"CH-9CQDWE","instrument":"chouf_2026","area_name_en":"Chouf","area_name_ar":"الشوف","geom_origin":"district_centre","spatial_precision":"district","spread_m":500,"c__owns_land":"yes","c__land_size_band":"lt_5_dunum","c__soil_types":"sandy","c__crop_groups":"olives","c__water_sources":"rain","c__water_availability":"sometimes","c__water_scarcity":"yes","c__irrigation_need_change":"increase","c__energy_sources":"grid","c__production_level":"small","c__coop_member":"no","c__homes_trad_food":"some","c__seed_criteria":"price","c__seed_sources":"shop","c__seed_challenges":"high_cost","c__traditional_seed_knowledge":"no","c__soil_enhancers":"chemical","c__chem_fertilizer_reliance":"partial","c__pest_control":"chemical","c__pesticide_reliance":"partial","c__marketing_challenges":"weak_demand","c__logistics_challenges":"high_transport_cost","c__climate_change_noticed":"yes","c__climate_changes":"temperature_rise","c__climate_impacts":"production_decrease","c__info_sources":"social_media","c__raises_poultry":"yes","c__poultry_purpose":"home_consumption","c__farmer_type":"type_d","c__low_input_practices":"yes","values":{"owns_land":"yes","land_size_band":"lt_5_dunum","soil_types":["sandy"],"crop_groups":["olives","other_fruits"],"water_sources":["rain","tanker","storage"],"water_availability":"sometimes","water_scarcity":"yes","irrigation_need_change":"increase","energy_sources":["grid"],"production_level":"small","coop_member":"no","homes_trad_food":"some","seed_criteria":["price","pest_resistance"],"seed_sources":["shop"],"seed_challenges":["high_cost"],"traditional_seed_knowledge":"no","soil_enhancers":["chemical","manure"],"chem_fertilizer_reliance":"partial","pest_control":["chemical"],"pesticide_reliance":"partial","marketing_challenges":["weak_demand"],"logistics_challenges":["high_transport_cost"],"climate_change_noticed":"yes","climate_changes":["temperature_rise","rainfall_decrease","heatwaves"],"climate_impacts":["production_decrease","season_delay","pests_diseases"],"info_sources":["social_media"],"raises_poultry":"yes","poultry_purpose":["home_consumption","local_sale"],"farmer_type":"type_d","low_input_practices":"yes"},"status":{"owns_land":"reported","land_size_band":"reported","soil_types":"reported","crop_groups":"reported","water_sources":"reported","water_availability":"reported","water_scarcity":"reported","irrigation_need_change":"reported","energy_sources":"reported","production_level":"reported","coop_member":"reported","homes_trad_food":"reported","seed_criteria":"reported","seed_sources":"reported","seed_challenges":"reported","traditional_seed_knowledge":"reported","soil_enhancers":"reported","chem_fertilizer_reliance":"reported","pest_control":"reported","pesticide_reliance":"reported","marketing_challenges":"reported","logistics_challenges":"reported","climate_change_noticed":"reported","climate_changes":"reported","climate_impacts":"reported","info_sources":"reported","raises_poultry":"reported","poultry_purpose":"reported","farmer_type":"reported","low_input_practices":"reported"}}},{"type":"Feature","id":"CH-9DR7RX:chouf_2026","geometry":{"type":"Point","coordinates":[35.70198,33.69463]},"properties":{"entity_type":"survey_respondent_public","respondent_id":"CH-9DR7RX","instrument":"chouf_2026","area_name_en":"Barouk","area_name_ar":"الباروك","geom_origin":"cadastral_unit_centre","spatial_precision":"cadastral_unit","spread_m":150,"c__owns_land":"yes","c__land_size_band":"lt_5_dunum","c__soil_types":"calcareous","c__crop_groups":"vegetables","c__water_sources":"river","c__water_availability":"always","c__water_scarcity":"no","c__irrigation_need_change":"increase","c__energy_sources":"grid","c__production_level":"large","c__coop_member":"no","c__homes_trad_food":"most","c__seed_criteria":"price","c__seed_sources":"shop","c__seed_challenges":"none","c__traditional_seed_knowledge":"yes","c__soil_enhancers":"chemical","c__chem_fertilizer_reliance":"partial","c__pest_control":"chemical","c__pesticide_reliance":"total","c__marketing_challenges":"low_prices","c__logistics_challenges":"no_paved_roads","c__climate_change_noticed":"yes","c__climate_changes":"temperature_rise","c__climate_impacts":"production_decrease","c__info_sources":"social_media","c__raises_poultry":"no","c__farmer_type":"type_a","c__low_input_practices":"yes","values":{"owns_land":"yes","land_size_band":"lt_5_dunum","soil_types":["calcareous"],"crop_groups":["vegetables"],"water_sources":["river"],"water_availability":"always","water_scarcity":"no","irrigation_need_change":"increase","energy_sources":["grid"],"production_level":"large","coop_member":"no","homes_trad_food":"most","seed_criteria":["price","productivity","pest_resistance"],"seed_sources":["shop","own_harvest"],"seed_challenges":["none"],"traditional_seed_knowledge":"yes","soil_enhancers":["chemical","manure"],"chem_fertilizer_reliance":"partial","pest_control":["chemical"],"pesticide_reliance":"total","marketing_challenges":["low_prices","weak_demand","far_markets"],"logistics_challenges":["no_paved_roads"],"climate_change_noticed":"yes","climate_changes":["temperature_rise","rainfall_decrease","heatwaves"],"climate_impacts":["production_decrease","season_delay"],"info_sources":["social_media","extension_agents","supply_shops"],"raises_poultry":"no","poultry_purpose":null,"farmer_type":"type_a","low_input_practices":"yes"},"status":{"owns_land":"reported","land_size_band":"reported","soil_types":"reported","crop_groups":"reported","water_sources":"reported","water_availability":"reported","water_scarcity":"reported","irrigation_need_change":"reported","energy_sources":"reported","production_level":"reported","coop_member":"reported","homes_trad_food":"reported","seed_criteria":"reported","seed_sources":"reported","seed_challenges":"reported","traditional_seed_knowledge":"reported","soil_enhancers":"reported","chem_fertilizer_reliance":"reported","pest_control":"reported","pesticide_reliance":"reported","marketing_challenges":"reported","logistics_challenges":"reported","climate_change_noticed":"reported","climate_changes":"reported","climate_impacts":"reported","info_sources":"reported","raises_poultry":"reported","poultry_purpose":"not_applicable","farmer_type":"reported","low_input_practices":"reported"}}},{"type":"Feature","id":"CH-A2T98L:chouf_2026","geometry":{"type":"Point","coordinates":[35.59263,33.64839]},"properties":{"entity_type":"survey_respondent_public","respondent_id":"CH-A2T98L","instrument":"chouf_2026","area_name_en":"Kahlouniet Ech-Chouf","area_name_ar":"كحلونية الشوف","geom_origin":"cadastral_unit_centre","spatial_precision":"cadastral_unit","spread_m":150,"c__owns_land":"yes","c__land_size_band":"lt_5_dunum","c__soil_types":"clay","c__crop_groups":"vegetables","c__water_sources":"rain","c__water_availability":"sometimes","c__water_scarcity":"yes","c__irrigation_need_change":"increase","c__energy_sources":"manual","c__production_level":"medium","c__coop_member":"no","c__homes_trad_food":"most","c__seed_criteria":"price","c__seed_sources":"shop","c__seed_challenges":"high_cost","c__traditional_seed_knowledge":"yes","c__soil_enhancers":"compost","c__chem_fertilizer_reliance":"partial","c__pest_control":"biological","c__pesticide_reliance":"not_used","c__marketing_challenges":"low_prices","c__logistics_challenges":"high_transport_cost","c__climate_change_noticed":"yes","c__climate_changes":"rainfall_decrease","c__climate_impacts":"production_decrease","c__info_sources":"social_media","c__raises_poultry":"no","c__farmer_type":"type_c","c__low_input_practices":"yes","values":{"owns_land":"yes","land_size_band":"lt_5_dunum","soil_types":["clay"],"crop_groups":["vegetables"],"water_sources":["rain","tanker","storage"],"water_availability":"sometimes","water_scarcity":"yes","irrigation_need_change":"increase","energy_sources":["manual"],"production_level":"medium","coop_member":"no","homes_trad_food":"most","seed_criteria":["price","productivity","pest_resistance"],"seed_sources":["shop","neighbour"],"seed_challenges":["high_cost","low_availability"],"traditional_seed_knowledge":"yes","soil_enhancers":["compost","manure"],"chem_fertilizer_reliance":"partial","pest_control":["biological"],"pesticide_reliance":"not_used","marketing_challenges":["low_prices"],"logistics_challenges":["high_transport_cost"],"climate_change_noticed":"yes","climate_changes":["rainfall_decrease"],"climate_impacts":["production_decrease","season_delay"],"info_sources":["social_media","extension_agents","supply_shops"],"raises_poultry":"no","poultry_purpose":null,"farmer_type":"type_c","low_input_practices":"yes"},"status":{"owns_land":"reported","land_size_band":"reported","soil_types":"reported","crop_groups":"reported","water_sources":"reported","water_availability":"reported","water_scarcity":"reported","irrigation_need_change":"reported","energy_sources":"reported","production_level":"reported","coop_member":"reported","homes_trad_food":"reported","seed_criteria":"reported","seed_sources":"reported","seed_challenges":"reported","traditional_seed_knowledge":"reported","soil_enhancers":"reported","chem_fertilizer_reliance":"reported","pest_control":"reported","pesticide_reliance":"reported","marketing_challenges":"reported","logistics_challenges":"reported","climate_change_noticed":"reported","climate_changes":"reported","climate_impacts":"reported","info_sources":"reported","raises_poultry":"reported","poultry_purpose":"not_applicable","farmer_type":"reported","low_input_practices":"reported"}}},{"type":"Feature","id":"CH-A2UD7J:chouf_2026","geometry":{"type":"Point","coordinates":[35.6526,33.69324]},"properties":{"entity_type":"survey_respondent_public","respondent_id":"CH-A2UD7J","instrument":"chouf_2026","area_name_en":"Batloun","area_name_ar":"بتلون","geom_origin":"cadastral_unit_centre","spatial_precision":"cadastral_unit","spread_m":150,"c__owns_land":"yes","c__land_size_band":"lt_5_dunum","c__soil_types":"clay","c__crop_groups":"other_fruits","c__water_sources":"river","c__water_availability":"rarely","c__water_scarcity":"yes","c__irrigation_need_change":"decrease","c__energy_sources":"diesel","c__production_level":"small","c__coop_member":"no","c__homes_trad_food":"almost_all","c__seed_criteria":"productivity","c__seed_sources":"shop","c__seed_challenges":"none","c__traditional_seed_knowledge":"no","c__soil_enhancers":"compost","c__pest_control":"biological","c__climate_change_noticed":"yes","c__climate_changes":"temperature_rise","c__climate_impacts":"production_decrease","c__info_sources":"social_media","c__raises_poultry":"no","c__farmer_type":"type_c","c__low_input_practices":"yes","values":{"owns_land":"yes","land_size_band":"lt_5_dunum","soil_types":["clay"],"crop_groups":["other_fruits"],"water_sources":["river"],"water_availability":"rarely","water_scarcity":"yes","irrigation_need_change":"decrease","energy_sources":["diesel"],"production_level":"small","coop_member":"no","homes_trad_food":"almost_all","seed_criteria":["productivity"],"seed_sources":["shop"],"seed_challenges":["none"],"traditional_seed_knowledge":"no","soil_enhancers":["compost"],"chem_fertilizer_reliance":null,"pest_control":["biological","physical"],"pesticide_reliance":null,"marketing_challenges":null,"logistics_challenges":null,"climate_change_noticed":"yes","climate_changes":["temperature_rise","rainfall_decrease","heatwaves","frost"],"climate_impacts":["production_decrease","season_delay","pests_diseases"],"info_sources":["social_media","extension_agents"],"raises_poultry":"no","poultry_purpose":null,"farmer_type":"type_c","low_input_practices":"yes"},"status":{"owns_land":"reported","land_size_band":"reported","soil_types":"reported","crop_groups":"reported","water_sources":"reported","water_availability":"reported","water_scarcity":"reported","irrigation_need_change":"reported","energy_sources":"reported","production_level":"reported","coop_member":"reported","homes_trad_food":"reported","seed_criteria":"reported","seed_sources":"reported","seed_challenges":"reported","traditional_seed_knowledge":"reported","soil_enhancers":"reported","chem_fertilizer_reliance":"not_provided","pest_control":"reported","pesticide_reliance":"not_provided","marketing_challenges":"not_provided","logistics_challenges":"not_provided","climate_change_noticed":"reported","climate_changes":"reported","climate_impacts":"reported","info_sources":"reported","raises_poultry":"reported","poultry_purpose":"not_applicable","farmer_type":"reported","low_input_practices":"reported"}}},{"type":"Feature","id":"CH-A5WLAM:chouf_2026","geometry":{"type":"Point","coordinates":[35.6526,33.69324]},"properties":{"entity_type":"survey_respondent_public","respondent_id":"CH-A5WLAM","instrument":"chouf_2026","area_name_en":"Batloun","area_name_ar":"بتلون","geom_origin":"cadastral_unit_centre","spatial_precision":"cadastral_unit","spread_m":150,"c__owns_land":"yes","c__land_size_band":"lt_5_dunum","c__soil_types":"loamy","c__crop_groups":"apples_pears","c__water_sources":"river","c__water_availability":"rarely","c__water_scarcity":"yes","c__irrigation_need_change":"increase","c__energy_sources":"manual","c__production_level":"small","c__coop_member":"yes","c__homes_trad_food":"some","c__seed_criteria":"price","c__seed_sources":"shop","c__seed_challenges":"high_cost","c__traditional_seed_knowledge":"no","c__soil_enhancers":"none","c__chem_fertilizer_reliance":"partial","c__pest_control":"local","c__pesticide_reliance":"not_used","c__marketing_challenges":"low_prices","c__logistics_challenges":"high_transport_cost","c__climate_change_noticed":"yes","c__climate_changes":"rainfall_decrease","c__climate_impacts":"production_decrease","c__info_sources":"supply_shops","c__raises_poultry":"no","c__farmer_type":"type_b","c__low_input_practices":"yes","values":{"owns_land":"yes","land_size_band":"lt_5_dunum","soil_types":["loamy"],"crop_groups":["apples_pears","stone_fruits"],"water_sources":["river"],"water_availability":"rarely","water_scarcity":"yes","irrigation_need_change":"increase","energy_sources":["manual"],"production_level":"small","coop_member":"yes","homes_trad_food":"some","seed_criteria":["price"],"seed_sources":["shop"],"seed_challenges":["high_cost"],"traditional_seed_knowledge":"no","soil_enhancers":["none"],"chem_fertilizer_reliance":"partial","pest_control":["local"],"pesticide_reliance":"not_used","marketing_challenges":["low_prices"],"logistics_challenges":["high_transport_cost"],"climate_change_noticed":"yes","climate_changes":["rainfall_decrease"],"climate_impacts":["production_decrease"],"info_sources":["supply_shops"],"raises_poultry":"no","poultry_purpose":null,"farmer_type":"type_b","low_input_practices":"yes"},"status":{"owns_land":"reported","land_size_band":"reported","soil_types":"reported","crop_groups":"reported","water_sources":"reported","water_availability":"reported","water_scarcity":"reported","irrigation_need_change":"reported","energy_sources":"reported","production_level":"reported","coop_member":"reported","homes_trad_food":"reported","seed_criteria":"reported","seed_sources":"reported","seed_challenges":"reported","traditional_seed_knowledge":"reported","soil_enhancers":"reported","chem_fertilizer_reliance":"reported","pest_control":"reported","pesticide_reliance":"reported","marketing_challenges":"reported","logistics_challenges":"reported","climate_change_noticed":"reported","climate_changes":"reported","climate_impacts":"reported","info_sources":"reported","raises_poultry":"reported","poultry_purpose":"not_applicable","farmer_type":"reported","low_input_practices":"reported"}}},{"type":"Feature","id":"CH-AD845B:chouf_2026","geometry":{"type":"Point","coordinates":[35.5707,33.62135]},"properties":{"entity_type":"survey_respondent_public","respondent_id":"CH-AD845B","instrument":"chouf_2026","area_name_en":"Mazraat Ech-Chouf","area_name_ar":"مزرعة","geom_origin":"cadastral_unit_centre","spatial_precision":"cadastral_unit","spread_m":150,"c__owns_land":"yes","c__land_size_band":"gt_1_ha","c__soil_types":"loamy","c__crop_groups":"vegetables","c__water_sources":"rain","c__water_availability":"sometimes","c__water_scarcity":"yes","c__irrigation_need_change":"increase","c__energy_sources":"diesel","c__production_level":"medium","c__coop_member":"no","c__homes_trad_food":"some","c__seed_criteria":"productivity","c__seed_sources":"shop","c__seed_challenges":"high_cost","c__traditional_seed_knowledge":"no","c__soil_enhancers":"compost","c__chem_fertilizer_reliance":"not_used","c__pest_control":"chemical","c__pesticide_reliance":"partial","c__marketing_challenges":"low_prices","c__logistics_challenges":"high_transport_cost","c__climate_change_noticed":"yes","c__climate_changes":"temperature_rise","c__climate_impacts":"production_decrease","c__info_sources":"social_media","c__raises_poultry":"yes","c__poultry_purpose":"home_consumption","c__farmer_type":"type_c","c__low_input_practices":"yes","values":{"owns_land":"yes","land_size_band":"gt_1_ha","soil_types":["loamy"],"crop_groups":["vegetables","cereals_fodder"],"water_sources":["rain","well"],"water_availability":"sometimes","water_scarcity":"yes","irrigation_need_change":"increase","energy_sources":["diesel","solar"],"production_level":"medium","coop_member":"no","homes_trad_food":"some","seed_criteria":["productivity","pest_resistance"],"seed_sources":["shop","own_harvest"],"seed_challenges":["high_cost","low_availability"],"traditional_seed_knowledge":"no","soil_enhancers":["compost","manure"],"chem_fertilizer_reliance":"not_used","pest_control":["chemical","biological"],"pesticide_reliance":"partial","marketing_challenges":["low_prices"],"logistics_challenges":["high_transport_cost"],"climate_change_noticed":"yes","climate_changes":["temperature_rise","rainfall_decrease"],"climate_impacts":["production_decrease","pests_diseases"],"info_sources":["social_media","extension_agents","supply_shops"],"raises_poultry":"yes","poultry_purpose":["home_consumption","local_sale"],"farmer_type":"type_c","low_input_practices":"yes"},"status":{"owns_land":"reported","land_size_band":"reported","soil_types":"reported","crop_groups":"reported","water_sources":"reported","water_availability":"reported","water_scarcity":"reported","irrigation_need_change":"reported","energy_sources":"reported","production_level":"reported","coop_member":"reported","homes_trad_food":"reported","seed_criteria":"reported","seed_sources":"reported","seed_challenges":"reported","traditional_seed_knowledge":"reported","soil_enhancers":"reported","chem_fertilizer_reliance":"reported","pest_control":"reported","pesticide_reliance":"reported","marketing_challenges":"reported","logistics_challenges":"reported","climate_change_noticed":"reported","climate_changes":"reported","climate_impacts":"reported","info_sources":"reported","raises_poultry":"reported","poultry_purpose":"reported","farmer_type":"reported","low_input_practices":"reported"}}},{"type":"Feature","id":"CH-ADM723:chouf_2026","geometry":{"type":"Point","coordinates":[35.53656,33.62773]},"properties":{"entity_type":"survey_respondent_public","respondent_id":"CH-ADM723","instrument":"chouf_2026","area_name_en":"Chouf","area_name_ar":"الشوف","geom_origin":"district_centre","spatial_precision":"district","spread_m":500,"c__owns_land":"yes","c__land_size_band":"lt_1_ha","c__soil_types":"loamy","c__crop_groups":"vegetables","c__water_sources":"rain","c__water_availability":"never","c__water_scarcity":"yes","c__irrigation_need_change":"increase","c__energy_sources":"diesel","c__production_level":"medium","c__coop_member":"no","c__homes_trad_food":"some","c__seed_criteria":"none","c__seed_sources":"association","c__seed_challenges":"unsuitable","c__traditional_seed_knowledge":"yes","c__soil_enhancers":"manure","c__chem_fertilizer_reliance":"not_used","c__pest_control":"physical","c__pesticide_reliance":"not_used","c__marketing_challenges":"weak_demand","c__logistics_challenges":"high_transport_cost","c__climate_change_noticed":"yes","c__climate_impacts":"production_decrease","c__info_sources":"social_media","c__raises_poultry":"yes","c__poultry_purpose":"home_consumption","c__farmer_type":"type_c","c__low_input_practices":"yes","values":{"owns_land":"yes","land_size_band":"lt_1_ha","soil_types":["loamy"],"crop_groups":["vegetables","legumes"],"water_sources":["rain"],"water_availability":"never","water_scarcity":"yes","irrigation_need_change":"increase","energy_sources":["diesel"],"production_level":"medium","coop_member":"no","homes_trad_food":"some","seed_criteria":["none"],"seed_sources":["association","own_harvest"],"seed_challenges":["unsuitable"],"traditional_seed_knowledge":"yes","soil_enhancers":["manure"],"chem_fertilizer_reliance":"not_used","pest_control":["physical"],"pesticide_reliance":"not_used","marketing_challenges":["weak_demand"],"logistics_challenges":["high_transport_cost"],"climate_change_noticed":"yes","climate_changes":null,"climate_impacts":["production_decrease","season_delay","pests_diseases","pollination"],"info_sources":["social_media","supply_shops"],"raises_poultry":"yes","poultry_purpose":["home_consumption"],"farmer_type":"type_c","low_input_practices":"yes"},"status":{"owns_land":"reported","land_size_band":"reported","soil_types":"reported","crop_groups":"reported","water_sources":"reported","water_availability":"reported","water_scarcity":"reported","irrigation_need_change":"reported","energy_sources":"reported","production_level":"reported","coop_member":"reported","homes_trad_food":"reported","seed_criteria":"reported","seed_sources":"reported","seed_challenges":"reported","traditional_seed_knowledge":"reported","soil_enhancers":"reported","chem_fertilizer_reliance":"reported","pest_control":"reported","pesticide_reliance":"reported","marketing_challenges":"reported","logistics_challenges":"reported","climate_change_noticed":"reported","climate_changes":"not_provided","climate_impacts":"reported","info_sources":"reported","raises_poultry":"reported","poultry_purpose":"reported","farmer_type":"reported","low_input_practices":"reported"}}},{"type":"Feature","id":"CH-AECPU8:chouf_2026","geometry":{"type":"Point","coordinates":[35.53656,33.62773]},"properties":{"entity_type":"survey_respondent_public","respondent_id":"CH-AECPU8","instrument":"chouf_2026","area_name_en":"Chouf","area_name_ar":"الشوف","geom_origin":"district_centre","spatial_precision":"district","spread_m":500,"c__owns_land":"yes","c__land_size_band":"gt_1_ha","c__soil_types":"loamy","c__crop_groups":"olives","c__water_sources":"canal","c__water_availability":"never","c__water_scarcity":"yes","c__irrigation_need_change":"decrease","c__energy_sources":"manual","c__production_level":"small","c__coop_member":"no","c__homes_trad_food":"almost_all","c__seed_criteria":"pest_resistance","c__seed_sources":"shop","c__seed_challenges":"high_cost","c__traditional_seed_knowledge":"yes","c__soil_enhancers":"compost","c__chem_fertilizer_reliance":"partial","c__pest_control":"biological","c__pesticide_reliance":"partial","c__marketing_challenges":"low_prices","c__logistics_challenges":"high_transport_cost","c__climate_change_noticed":"yes","c__climate_changes":"temperature_rise","c__climate_impacts":"production_decrease","c__info_sources":"extension_agents","c__raises_poultry":"yes","c__poultry_purpose":"home_consumption","c__farmer_type":"type_b","c__low_input_practices":"yes","values":{"owns_land":"yes","land_size_band":"gt_1_ha","soil_types":["loamy"],"crop_groups":["olives","apples_pears","vegetables"],"water_sources":["canal"],"water_availability":"never","water_scarcity":"yes","irrigation_need_change":"decrease","energy_sources":["manual"],"production_level":"small","coop_member":"no","homes_trad_food":"almost_all","seed_criteria":["pest_resistance"],"seed_sources":["shop","own_harvest"],"seed_challenges":["high_cost","unreliable_suppliers"],"traditional_seed_knowledge":"yes","soil_enhancers":["compost","manure"],"chem_fertilizer_reliance":"partial","pest_control":["biological","physical"],"pesticide_reliance":"partial","marketing_challenges":["low_prices","far_markets"],"logistics_challenges":["high_transport_cost"],"climate_change_noticed":"yes","climate_changes":["temperature_rise","rainfall_decrease"],"climate_impacts":["production_decrease","season_delay","pests_diseases"],"info_sources":["extension_agents"],"raises_poultry":"yes","poultry_purpose":["home_consumption"],"farmer_type":"type_b","low_input_practices":"yes"},"status":{"owns_land":"reported","land_size_band":"reported","soil_types":"reported","crop_groups":"reported","water_sources":"reported","water_availability":"reported","water_scarcity":"reported","irrigation_need_change":"reported","energy_sources":"reported","production_level":"reported","coop_member":"reported","homes_trad_food":"reported","seed_criteria":"reported","seed_sources":"reported","seed_challenges":"reported","traditional_seed_knowledge":"reported","soil_enhancers":"reported","chem_fertilizer_reliance":"reported","pest_control":"reported","pesticide_reliance":"reported","marketing_challenges":"reported","logistics_challenges":"reported","climate_change_noticed":"reported","climate_changes":"reported","climate_impacts":"reported","info_sources":"reported","raises_poultry":"reported","poultry_purpose":"reported","farmer_type":"reported","low_input_practices":"reported"}}},{"type":"Feature","id":"CH-AGVAX3:chouf_2026","geometry":{"type":"Point","coordinates":[35.53656,33.62773]},"properties":{"entity_type":"survey_respondent_public","respondent_id":"CH-AGVAX3","instrument":"chouf_2026","area_name_en":"Chouf","area_name_ar":"الشوف","geom_origin":"district_centre","spatial_precision":"district","spread_m":500,"c__owns_land":"yes","c__land_size_band":"lt_5_dunum","c__soil_types":"calcareous","c__crop_groups":"vegetables","c__water_sources":"canal","c__water_availability":"always","c__water_scarcity":"no","c__irrigation_need_change":"increase","c__energy_sources":"grid","c__production_level":"medium","c__coop_member":"no","c__homes_trad_food":"some","c__seed_criteria":"productivity","c__seed_sources":"shop","c__seed_challenges":"high_cost","c__traditional_seed_knowledge":"no","c__soil_enhancers":"none","c__chem_fertilizer_reliance":"not_used","c__pest_control":"chemical","c__pesticide_reliance":"partial","c__marketing_challenges":"weak_demand","c__logistics_challenges":"high_transport_cost","c__climate_change_noticed":"yes","c__climate_changes":"rainfall_decrease","c__climate_impacts":"season_delay","c__info_sources":"social_media","c__raises_poultry":"no","c__farmer_type":"type_c","c__low_input_practices":"no","values":{"owns_land":"yes","land_size_band":"lt_5_dunum","soil_types":["calcareous"],"crop_groups":["vegetables","herbs"],"water_sources":["canal"],"water_availability":"always","water_scarcity":"no","irrigation_need_change":"increase","energy_sources":["grid","diesel"],"production_level":"medium","coop_member":"no","homes_trad_food":"some","seed_criteria":["productivity"],"seed_sources":["shop"],"seed_challenges":["high_cost"],"traditional_seed_knowledge":"no","soil_enhancers":["none"],"chem_fertilizer_reliance":"not_used","pest_control":["chemical"],"pesticide_reliance":"partial","marketing_challenges":["weak_demand"],"logistics_challenges":["high_transport_cost"],"climate_change_noticed":"yes","climate_changes":["rainfall_decrease","frost"],"climate_impacts":["season_delay"],"info_sources":["social_media","supply_shops"],"raises_poultry":"no","poultry_purpose":null,"farmer_type":"type_c","low_input_practices":"no"},"status":{"owns_land":"reported","land_size_band":"reported","soil_types":"reported","crop_groups":"reported","water_sources":"reported","water_availability":"reported","water_scarcity":"reported","irrigation_need_change":"reported","energy_sources":"reported","production_level":"reported","coop_member":"reported","homes_trad_food":"reported","seed_criteria":"reported","seed_sources":"reported","seed_challenges":"reported","traditional_seed_knowledge":"reported","soil_enhancers":"reported","chem_fertilizer_reliance":"reported","pest_control":"reported","pesticide_reliance":"reported","marketing_challenges":"reported","logistics_challenges":"reported","climate_change_noticed":"reported","climate_changes":"reported","climate_impacts":"reported","info_sources":"reported","raises_poultry":"reported","poultry_purpose":"not_applicable","farmer_type":"reported","low_input_practices":"reported"}}},{"type":"Feature","id":"CH-AWYM9R:chouf_2026","geometry":{"type":"Point","coordinates":[35.41226,33.59196]},"properties":{"entity_type":"survey_respondent_public","respondent_id":"CH-AWYM9R","instrument":"chouf_2026","area_name_en":"Aalmane Ech-Chouf","area_name_ar":"علمان الشوف","geom_origin":"cadastral_unit_centre","spatial_precision":"cadastral_unit","spread_m":150,"c__owns_land":"yes","c__land_size_band":"lt_5_dunum","c__soil_types":"loamy","c__crop_groups":"citrus","c__water_sources":"well","c__water_availability":"always","c__water_scarcity":"no","c__irrigation_need_change":"increase","c__energy_sources":"diesel","c__production_level":"medium","c__coop_member":"no","c__homes_trad_food":"almost_all","c__seed_criteria":"price","c__seed_sources":"shop","c__seed_challenges":"unsuitable","c__traditional_seed_knowledge":"no","c__soil_enhancers":"chemical","c__chem_fertilizer_reliance":"total","c__pest_control":"chemical","c__pesticide_reliance":"total","c__marketing_challenges":"weak_demand","c__logistics_challenges":"high_transport_cost","c__climate_change_noticed":"yes","c__climate_changes":"temperature_rise","c__climate_impacts":"production_decrease","c__info_sources":"supply_shops","c__raises_poultry":"no","c__farmer_type":"type_a","c__low_input_practices":"no","values":{"owns_land":"yes","land_size_band":"lt_5_dunum","soil_types":["loamy"],"crop_groups":["citrus","tropical_fruits"],"water_sources":["well"],"water_availability":"always","water_scarcity":"no","irrigation_need_change":"increase","energy_sources":["diesel"],"production_level":"medium","coop_member":"no","homes_trad_food":"almost_all","seed_criteria":["price","productivity"],"seed_sources":["shop"],"seed_challenges":["unsuitable"],"traditional_seed_knowledge":"no","soil_enhancers":["chemical"],"chem_fertilizer_reliance":"total","pest_control":["chemical"],"pesticide_reliance":"total","marketing_challenges":["weak_demand","far_markets"],"logistics_challenges":["high_transport_cost"],"climate_change_noticed":"yes","climate_changes":["temperature_rise"],"climate_impacts":["production_decrease","season_delay","pests_diseases"],"info_sources":["supply_shops"],"raises_poultry":"no","poultry_purpose":null,"farmer_type":"type_a","low_input_practices":"no"},"status":{"owns_land":"reported","land_size_band":"reported","soil_types":"reported","crop_groups":"reported","water_sources":"reported","water_availability":"reported","water_scarcity":"reported","irrigation_need_change":"reported","energy_sources":"reported","production_level":"reported","coop_member":"reported","homes_trad_food":"reported","seed_criteria":"reported","seed_sources":"reported","seed_challenges":"reported","traditional_seed_knowledge":"reported","soil_enhancers":"reported","chem_fertilizer_reliance":"reported","pest_control":"reported","pesticide_reliance":"reported","marketing_challenges":"reported","logistics_challenges":"reported","climate_change_noticed":"reported","climate_changes":"reported","climate_impacts":"reported","info_sources":"reported","raises_poultry":"reported","poultry_purpose":"not_applicable","farmer_type":"reported","low_input_practices":"reported"}}},{"type":"Feature","id":"CH-BNYE97:chouf_2026","geometry":{"type":"Point","coordinates":[35.6526,33.69324]},"properties":{"entity_type":"survey_respondent_public","respondent_id":"CH-BNYE97","instrument":"chouf_2026","area_name_en":"Batloun","area_name_ar":"بتلون","geom_origin":"cadastral_unit_centre","spatial_precision":"cadastral_unit","spread_m":150,"c__owns_land":"yes","c__land_size_band":"lt_1_ha","c__soil_types":"loamy","c__crop_groups":"olives","c__water_sources":"river","c__water_availability":"rarely","c__water_scarcity":"yes","c__irrigation_need_change":"increase","c__energy_sources":"none","c__production_level":"small","c__coop_member":"yes","c__homes_trad_food":"most","c__seed_criteria":"price","c__seed_sources":"shop","c__seed_challenges":"high_cost","c__traditional_seed_knowledge":"yes","c__soil_enhancers":"chemical","c__chem_fertilizer_reliance":"partial","c__pest_control":"chemical","c__pesticide_reliance":"total","c__climate_change_noticed":"yes","c__climate_changes":"temperature_rise","c__climate_impacts":"production_decrease","c__info_sources":"social_media","c__raises_poultry":"no","c__farmer_type":"type_b","c__low_input_practices":"yes","values":{"owns_land":"yes","land_size_band":"lt_1_ha","soil_types":["loamy"],"crop_groups":["olives","apples_pears"],"water_sources":["river"],"water_availability":"rarely","water_scarcity":"yes","irrigation_need_change":"increase","energy_sources":["none"],"production_level":"small","coop_member":"yes","homes_trad_food":"most","seed_criteria":["price"],"seed_sources":["shop","own_harvest"],"seed_challenges":["high_cost"],"traditional_seed_knowledge":"yes","soil_enhancers":["chemical","manure"],"chem_fertilizer_reliance":"partial","pest_control":["chemical"],"pesticide_reliance":"total","marketing_challenges":null,"logistics_challenges":null,"climate_change_noticed":"yes","climate_changes":["temperature_rise","rainfall_decrease","heatwaves"],"climate_impacts":["production_decrease","season_delay","pests_diseases"],"info_sources":["social_media","extension_agents"],"raises_poultry":"no","poultry_purpose":null,"farmer_type":"type_b","low_input_practices":"yes"},"status":{"owns_land":"reported","land_size_band":"reported","soil_types":"reported","crop_groups":"reported","water_sources":"reported","water_availability":"reported","water_scarcity":"reported","irrigation_need_change":"reported","energy_sources":"reported","production_level":"reported","coop_member":"reported","homes_trad_food":"reported","seed_criteria":"reported","seed_sources":"reported","seed_challenges":"reported","traditional_seed_knowledge":"reported","soil_enhancers":"reported","chem_fertilizer_reliance":"reported","pest_control":"reported","pesticide_reliance":"reported","marketing_challenges":"not_provided","logistics_challenges":"not_provided","climate_change_noticed":"reported","climate_changes":"reported","climate_impacts":"reported","info_sources":"reported","raises_poultry":"reported","poultry_purpose":"not_applicable","farmer_type":"reported","low_input_practices":"reported"}}},{"type":"Feature","id":"CH-BW49BZ:chouf_2026","geometry":{"type":"Point","coordinates":[35.45398,33.71168]},"properties":{"entity_type":"survey_respondent_public","respondent_id":"CH-BW49BZ","instrument":"chouf_2026","area_name_en":"Damour","area_name_ar":"الدامور","geom_origin":"cadastral_unit_centre","spatial_precision":"cadastral_unit","spread_m":150,"c__owns_land":"yes","c__land_size_band":"lt_1_ha","c__soil_types":"sandy","c__crop_groups":"citrus","c__water_sources":"river","c__water_availability":"sometimes","c__water_scarcity":"yes","c__irrigation_need_change":"decrease","c__energy_sources":"manual","c__production_level":"medium","c__coop_member":"no","c__homes_trad_food":"most","c__seed_criteria":"price","c__seed_sources":"shop","c__seed_challenges":"high_cost","c__traditional_seed_knowledge":"no","c__soil_enhancers":"chemical","c__chem_fertilizer_reliance":"partial","c__pest_control":"chemical","c__pesticide_reliance":"partial","c__marketing_challenges":"low_prices","c__logistics_challenges":"high_transport_cost","c__climate_change_noticed":"yes","c__climate_changes":"temperature_rise","c__climate_impacts":"production_decrease","c__info_sources":"extension_agents","c__raises_poultry":"yes","c__poultry_purpose":"home_consumption","c__farmer_type":"type_b","c__low_input_practices":"yes","values":{"owns_land":"yes","land_size_band":"lt_1_ha","soil_types":["sandy"],"crop_groups":["citrus","tropical_fruits"],"water_sources":["river","canal"],"water_availability":"sometimes","water_scarcity":"yes","irrigation_need_change":"decrease","energy_sources":["manual","diesel"],"production_level":"medium","coop_member":"no","homes_trad_food":"most","seed_criteria":["price","productivity","pest_resistance"],"seed_sources":["shop"],"seed_challenges":["high_cost","unsuitable"],"traditional_seed_knowledge":"no","soil_enhancers":["chemical","manure"],"chem_fertilizer_reliance":"partial","pest_control":["chemical"],"pesticide_reliance":"partial","marketing_challenges":["low_prices","weak_demand","far_markets","no_transport"],"logistics_challenges":["high_transport_cost"],"climate_change_noticed":"yes","climate_changes":["temperature_rise","rainfall_decrease","heatwaves"],"climate_impacts":["production_decrease","season_delay","pests_diseases","pollination"],"info_sources":["extension_agents","supply_shops"],"raises_poultry":"yes","poultry_purpose":["home_consumption"],"farmer_type":"type_b","low_input_practices":"yes"},"status":{"owns_land":"reported","land_size_band":"reported","soil_types":"reported","crop_groups":"reported","water_sources":"reported","water_availability":"reported","water_scarcity":"reported","irrigation_need_change":"reported","energy_sources":"reported","production_level":"reported","coop_member":"reported","homes_trad_food":"reported","seed_criteria":"reported","seed_sources":"reported","seed_challenges":"reported","traditional_seed_knowledge":"reported","soil_enhancers":"reported","chem_fertilizer_reliance":"reported","pest_control":"reported","pesticide_reliance":"reported","marketing_challenges":"reported","logistics_challenges":"reported","climate_change_noticed":"reported","climate_changes":"reported","climate_impacts":"reported","info_sources":"reported","raises_poultry":"reported","poultry_purpose":"reported","farmer_type":"reported","low_input_practices":"reported"}}},{"type":"Feature","id":"CH-C5YFC4:chouf_2026","geometry":{"type":"Point","coordinates":[35.53656,33.62773]},"properties":{"entity_type":"survey_respondent_public","respondent_id":"CH-C5YFC4","instrument":"chouf_2026","area_name_en":"Chouf","area_name_ar":"الشوف","geom_origin":"district_centre","spatial_precision":"district","spread_m":500,"c__owns_land":"yes","c__land_size_band":"lt_1_ha","c__soil_types":"loamy","c__crop_groups":"vegetables","c__water_sources":"canal","c__water_availability":"sometimes","c__water_scarcity":"yes","c__irrigation_need_change":"decrease","c__energy_sources":"grid","c__production_level":"medium","c__coop_member":"no","c__homes_trad_food":"most","c__seed_criteria":"productivity","c__seed_sources":"neighbour","c__seed_challenges":"high_cost","c__traditional_seed_knowledge":"no","c__soil_enhancers":"manure","c__chem_fertilizer_reliance":"partial","c__pest_control":"chemical","c__pesticide_reliance":"total","c__marketing_challenges":"low_prices","c__logistics_challenges":"high_transport_cost","c__climate_change_noticed":"yes","c__climate_changes":"temperature_rise","c__climate_impacts":"production_decrease","c__info_sources":"extension_agents","c__raises_poultry":"no","c__farmer_type":"type_a","c__low_input_practices":"yes","values":{"owns_land":"yes","land_size_band":"lt_1_ha","soil_types":["loamy"],"crop_groups":["vegetables","legumes"],"water_sources":["canal"],"water_availability":"sometimes","water_scarcity":"yes","irrigation_need_change":"decrease","energy_sources":["grid","diesel"],"production_level":"medium","coop_member":"no","homes_trad_food":"most","seed_criteria":["productivity","pest_resistance"],"seed_sources":["neighbour","own_harvest"],"seed_challenges":["high_cost","low_availability","unreliable_suppliers"],"traditional_seed_knowledge":"no","soil_enhancers":["manure"],"chem_fertilizer_reliance":"partial","pest_control":["chemical"],"pesticide_reliance":"total","marketing_challenges":["low_prices","far_markets"],"logistics_challenges":["high_transport_cost"],"climate_change_noticed":"yes","climate_changes":["temperature_rise","rainfall_decrease","heatwaves"],"climate_impacts":["production_decrease","season_delay","pests_diseases","pollination"],"info_sources":["extension_agents","supply_shops"],"raises_poultry":"no","poultry_purpose":null,"farmer_type":"type_a","low_input_practices":"yes"},"status":{"owns_land":"reported","land_size_band":"reported","soil_types":"reported","crop_groups":"reported","water_sources":"reported","water_availability":"reported","water_scarcity":"reported","irrigation_need_change":"reported","energy_sources":"reported","production_level":"reported","coop_member":"reported","homes_trad_food":"reported","seed_criteria":"reported","seed_sources":"reported","seed_challenges":"reported","traditional_seed_knowledge":"reported","soil_enhancers":"reported","chem_fertilizer_reliance":"reported","pest_control":"reported","pesticide_reliance":"reported","marketing_challenges":"reported","logistics_challenges":"reported","climate_change_noticed":"reported","climate_changes":"reported","climate_impacts":"reported","info_sources":"reported","raises_poultry":"reported","poultry_purpose":"not_applicable","farmer_type":"reported","low_input_practices":"reported"}}},{"type":"Feature","id":"CH-CA44ZE:chouf_2026","geometry":{"type":"Point","coordinates":[35.70198,33.69463]},"properties":{"entity_type":"survey_respondent_public","respondent_id":"CH-CA44ZE","instrument":"chouf_2026","area_name_en":"Barouk","area_name_ar":"الباروك","geom_origin":"cadastral_unit_centre","spatial_precision":"cadastral_unit","spread_m":150,"c__owns_land":"yes","c__land_size_band":"gt_1_ha","c__soil_types":"clay","c__crop_groups":"apples_pears","c__water_sources":"well","c__water_availability":"rarely","c__water_scarcity":"yes","c__irrigation_need_change":"no_change","c__energy_sources":"grid","c__production_level":"large","c__coop_member":"no","c__homes_trad_food":"some","c__seed_criteria":"pest_resistance","c__seed_sources":"own_harvest","c__seed_challenges":"none","c__traditional_seed_knowledge":"yes","c__soil_enhancers":"compost","c__chem_fertilizer_reliance":"not_used","c__pest_control":"biological","c__pesticide_reliance":"partial","c__marketing_challenges":"low_prices","c__logistics_challenges":"high_transport_cost","c__climate_change_noticed":"yes","c__climate_changes":"temperature_rise","c__climate_impacts":"production_decrease","c__info_sources":"social_media","c__raises_poultry":"yes","c__poultry_purpose":"home_consumption","c__farmer_type":"type_c","c__low_input_practices":"yes","values":{"owns_land":"yes","land_size_band":"gt_1_ha","soil_types":["clay","sandy"],"crop_groups":["apples_pears","vegetables"],"water_sources":["well","canal"],"water_availability":"rarely","water_scarcity":"yes","irrigation_need_change":"no_change","energy_sources":["grid","diesel","solar"],"production_level":"large","coop_member":"no","homes_trad_food":"some","seed_criteria":["pest_resistance"],"seed_sources":["own_harvest"],"seed_challenges":["none"],"traditional_seed_knowledge":"yes","soil_enhancers":["compost","manure"],"chem_fertilizer_reliance":"not_used","pest_control":["biological"],"pesticide_reliance":"partial","marketing_challenges":["low_prices","weak_demand","far_markets"],"logistics_challenges":["high_transport_cost"],"climate_change_noticed":"yes","climate_changes":["temperature_rise","rainfall_decrease","heatwaves","frost"],"climate_impacts":["production_decrease","season_delay","pests_diseases","pollination"],"info_sources":["social_media","extension_agents"],"raises_poultry":"yes","poultry_purpose":["home_consumption","gifts"],"farmer_type":"type_c","low_input_practices":"yes"},"status":{"owns_land":"reported","land_size_band":"reported","soil_types":"reported","crop_groups":"reported","water_sources":"reported","water_availability":"reported","water_scarcity":"reported","irrigation_need_change":"reported","energy_sources":"reported","production_level":"reported","coop_member":"reported","homes_trad_food":"reported","seed_criteria":"reported","seed_sources":"reported","seed_challenges":"reported","traditional_seed_knowledge":"reported","soil_enhancers":"reported","chem_fertilizer_reliance":"reported","pest_control":"reported","pesticide_reliance":"reported","marketing_challenges":"reported","logistics_challenges":"reported","climate_change_noticed":"reported","climate_changes":"reported","climate_impacts":"reported","info_sources":"reported","raises_poultry":"reported","poultry_purpose":"reported","farmer_type":"reported","low_input_practices":"reported"}}},{"type":"Feature","id":"CH-CF5JMC:chouf_2026","geometry":{"type":"Point","coordinates":[35.53656,33.62773]},"properties":{"entity_type":"survey_respondent_public","respondent_id":"CH-CF5JMC","instrument":"chouf_2026","area_name_en":"Chouf","area_name_ar":"الشوف","geom_origin":"district_centre","spatial_precision":"district","spread_m":500,"c__owns_land":"yes","c__land_size_band":"lt_1_ha","c__soil_types":"clay","c__crop_groups":"vegetables","c__water_sources":"tanker","c__water_availability":"sometimes","c__water_scarcity":"yes","c__irrigation_need_change":"increase","c__energy_sources":"manual","c__production_level":"medium","c__coop_member":"no","c__homes_trad_food":"most","c__seed_criteria":"price","c__seed_sources":"own_harvest","c__seed_challenges":"none","c__traditional_seed_knowledge":"no","c__soil_enhancers":"compost","c__chem_fertilizer_reliance":"partial","c__pest_control":"local","c__pesticide_reliance":"partial","c__marketing_challenges":"far_markets","c__logistics_challenges":"high_transport_cost","c__climate_change_noticed":"yes","c__climate_changes":"rainfall_decrease","c__climate_impacts":"season_delay","c__info_sources":"extension_agents","c__raises_poultry":"no","c__farmer_type":"type_b","c__low_input_practices":"yes","values":{"owns_land":"yes","land_size_band":"lt_1_ha","soil_types":["clay"],"crop_groups":["vegetables"],"water_sources":["tanker","storage"],"water_availability":"sometimes","water_scarcity":"yes","irrigation_need_change":"increase","energy_sources":["manual"],"production_level":"medium","coop_member":"no","homes_trad_food":"most","seed_criteria":["price","productivity","pest_resistance"],"seed_sources":["own_harvest"],"seed_challenges":["none"],"traditional_seed_knowledge":"no","soil_enhancers":["compost"],"chem_fertilizer_reliance":"partial","pest_control":["local"],"pesticide_reliance":"partial","marketing_challenges":["far_markets"],"logistics_challenges":["high_transport_cost"],"climate_change_noticed":"yes","climate_changes":["rainfall_decrease"],"climate_impacts":["season_delay"],"info_sources":["extension_agents"],"raises_poultry":"no","poultry_purpose":null,"farmer_type":"type_b","low_input_practices":"yes"},"status":{"owns_land":"reported","land_size_band":"reported","soil_types":"reported","crop_groups":"reported","water_sources":"reported","water_availability":"reported","water_scarcity":"reported","irrigation_need_change":"reported","energy_sources":"reported","production_level":"reported","coop_member":"reported","homes_trad_food":"reported","seed_criteria":"reported","seed_sources":"reported","seed_challenges":"reported","traditional_seed_knowledge":"reported","soil_enhancers":"reported","chem_fertilizer_reliance":"reported","pest_control":"reported","pesticide_reliance":"reported","marketing_challenges":"reported","logistics_challenges":"reported","climate_change_noticed":"reported","climate_changes":"reported","climate_impacts":"reported","info_sources":"reported","raises_poultry":"reported","poultry_purpose":"not_applicable","farmer_type":"reported","low_input_practices":"reported"}}},{"type":"Feature","id":"CH-CQYF6K:chouf_2026","geometry":{"type":"Point","coordinates":[35.65655,33.62055]},"properties":{"entity_type":"survey_respondent_public","respondent_id":"CH-CQYF6K","instrument":"chouf_2026","area_name_en":"Mristi","area_name_ar":"مرستى","geom_origin":"cadastral_unit_centre","spatial_precision":"cadastral_unit","spread_m":150,"c__owns_land":"yes","c__land_size_band":"lt_1_ha","c__soil_types":"clay","c__crop_groups":"apples_pears","c__water_sources":"tanker","c__water_availability":"never","c__water_scarcity":"yes","c__irrigation_need_change":"increase","c__energy_sources":"manual","c__production_level":"small","c__coop_member":"no","c__homes_trad_food":"almost_all","c__seed_criteria":"price","c__seed_sources":"shop","c__seed_challenges":"high_cost","c__traditional_seed_knowledge":"no","c__soil_enhancers":"chemical","c__chem_fertilizer_reliance":"partial","c__pest_control":"chemical","c__pesticide_reliance":"total","c__marketing_challenges":"low_prices","c__logistics_challenges":"high_transport_cost","c__climate_change_noticed":"yes","c__climate_changes":"temperature_rise","c__climate_impacts":"production_decrease","c__info_sources":"social_media","c__raises_poultry":"no","c__farmer_type":"type_b","c__low_input_practices":"yes","values":{"owns_land":"yes","land_size_band":"lt_1_ha","soil_types":["clay","calcareous"],"crop_groups":["apples_pears","stone_fruits"],"water_sources":["tanker","storage"],"water_availability":"never","water_scarcity":"yes","irrigation_need_change":"increase","energy_sources":["manual","diesel"],"production_level":"small","coop_member":"no","homes_trad_food":"almost_all","seed_criteria":["price","productivity"],"seed_sources":["shop","neighbour","association","own_harvest"],"seed_challenges":["high_cost","low_availability","unreliable_suppliers"],"traditional_seed_knowledge":"no","soil_enhancers":["chemical","compost","manure"],"chem_fertilizer_reliance":"partial","pest_control":["chemical"],"pesticide_reliance":"total","marketing_challenges":["low_prices","weak_demand"],"logistics_challenges":["high_transport_cost"],"climate_change_noticed":"yes","climate_changes":["temperature_rise","rainfall_decrease","heatwaves"],"climate_impacts":["production_decrease","pests_diseases"],"info_sources":["social_media","supply_shops"],"raises_poultry":"no","poultry_purpose":null,"farmer_type":"type_b","low_input_practices":"yes"},"status":{"owns_land":"reported","land_size_band":"reported","soil_types":"reported","crop_groups":"reported","water_sources":"reported","water_availability":"reported","water_scarcity":"reported","irrigation_need_change":"reported","energy_sources":"reported","production_level":"reported","coop_member":"reported","homes_trad_food":"reported","seed_criteria":"reported","seed_sources":"reported","seed_challenges":"reported","traditional_seed_knowledge":"reported","soil_enhancers":"reported","chem_fertilizer_reliance":"reported","pest_control":"reported","pesticide_reliance":"reported","marketing_challenges":"reported","logistics_challenges":"reported","climate_change_noticed":"reported","climate_changes":"reported","climate_impacts":"reported","info_sources":"reported","raises_poultry":"reported","poultry_purpose":"not_applicable","farmer_type":"reported","low_input_practices":"reported"}}},{"type":"Feature","id":"CH-CT4X6Q:chouf_2026","geometry":{"type":"Point","coordinates":[35.53656,33.62773]},"properties":{"entity_type":"survey_respondent_public","respondent_id":"CH-CT4X6Q","instrument":"chouf_2026","area_name_en":"Chouf","area_name_ar":"الشوف","geom_origin":"district_centre","spatial_precision":"district","spread_m":500,"c__owns_land":"yes","c__land_size_band":"lt_5_dunum","c__soil_types":"clay","c__crop_groups":"vegetables","c__water_sources":"tanker","c__water_availability":"rarely","c__water_scarcity":"yes","c__irrigation_need_change":"increase","c__energy_sources":"diesel","c__production_level":"medium","c__coop_member":"no","c__homes_trad_food":"few","c__seed_criteria":"productivity","c__seed_sources":"shop","c__seed_challenges":"low_availability","c__traditional_seed_knowledge":"no","c__soil_enhancers":"compost","c__chem_fertilizer_reliance":"not_used","c__pest_control":"biological","c__pesticide_reliance":"not_used","c__marketing_challenges":"low_prices","c__logistics_challenges":"high_transport_cost","c__climate_change_noticed":"yes","c__climate_changes":"temperature_rise","c__climate_impacts":"production_decrease","c__info_sources":"social_media","c__raises_poultry":"no","c__farmer_type":"type_c","c__low_input_practices":"yes","values":{"owns_land":"yes","land_size_band":"lt_5_dunum","soil_types":["clay"],"crop_groups":["vegetables"],"water_sources":["tanker","storage"],"water_availability":"rarely","water_scarcity":"yes","irrigation_need_change":"increase","energy_sources":["diesel"],"production_level":"medium","coop_member":"no","homes_trad_food":"few","seed_criteria":["productivity","pest_resistance"],"seed_sources":["shop"],"seed_challenges":["low_availability","unsuitable"],"traditional_seed_knowledge":"no","soil_enhancers":["compost","manure"],"chem_fertilizer_reliance":"not_used","pest_control":["biological"],"pesticide_reliance":"not_used","marketing_challenges":["low_prices","weak_demand"],"logistics_challenges":["high_transport_cost","no_transport"],"climate_change_noticed":"yes","climate_changes":["temperature_rise","rainfall_decrease"],"climate_impacts":["production_decrease","pests_diseases"],"info_sources":["social_media","extension_agents"],"raises_poultry":"no","poultry_purpose":null,"farmer_type":"type_c","low_input_practices":"yes"},"status":{"owns_land":"reported","land_size_band":"reported","soil_types":"reported","crop_groups":"reported","water_sources":"reported","water_availability":"reported","water_scarcity":"reported","irrigation_need_change":"reported","energy_sources":"reported","production_level":"reported","coop_member":"reported","homes_trad_food":"reported","seed_criteria":"reported","seed_sources":"reported","seed_challenges":"reported","traditional_seed_knowledge":"reported","soil_enhancers":"reported","chem_fertilizer_reliance":"reported","pest_control":"reported","pesticide_reliance":"reported","marketing_challenges":"reported","logistics_challenges":"reported","climate_change_noticed":"reported","climate_changes":"reported","climate_impacts":"reported","info_sources":"reported","raises_poultry":"reported","poultry_purpose":"not_applicable","farmer_type":"reported","low_input_practices":"reported"}}},{"type":"Feature","id":"CH-CVB82G:chouf_2026","geometry":{"type":"Point","coordinates":[35.6526,33.69324]},"properties":{"entity_type":"survey_respondent_public","respondent_id":"CH-CVB82G","instrument":"chouf_2026","area_name_en":"Batloun","area_name_ar":"بتلون","geom_origin":"cadastral_unit_centre","spatial_precision":"cadastral_unit","spread_m":150,"c__owns_land":"yes","c__land_size_band":"lt_5_dunum","c__soil_types":"loamy","c__crop_groups":"apples_pears","c__water_sources":"river","c__water_availability":"always","c__water_scarcity":"no","c__irrigation_need_change":"increase","c__energy_sources":"grid","c__production_level":"small","c__coop_member":"no","c__homes_trad_food":"few","c__seed_criteria":"price","c__seed_sources":"neighbour","c__seed_challenges":"unreliable_suppliers","c__traditional_seed_knowledge":"yes","c__soil_enhancers":"chemical","c__chem_fertilizer_reliance":"partial","c__pest_control":"chemical","c__pesticide_reliance":"partial","c__marketing_challenges":"low_prices","c__logistics_challenges":"high_transport_cost","c__climate_change_noticed":"yes","c__climate_changes":"temperature_rise","c__climate_impacts":"production_decrease","c__info_sources":"social_media","c__raises_poultry":"no","c__farmer_type":"type_b","c__low_input_practices":"yes","values":{"owns_land":"yes","land_size_band":"lt_5_dunum","soil_types":["loamy"],"crop_groups":["apples_pears","stone_fruits"],"water_sources":["river"],"water_availability":"always","water_scarcity":"no","irrigation_need_change":"increase","energy_sources":["grid"],"production_level":"small","coop_member":"no","homes_trad_food":"few","seed_criteria":["price","productivity"],"seed_sources":["neighbour","own_harvest"],"seed_challenges":["unreliable_suppliers","unsuitable"],"traditional_seed_knowledge":"yes","soil_enhancers":["chemical","manure"],"chem_fertilizer_reliance":"partial","pest_control":["chemical","biological","local"],"pesticide_reliance":"partial","marketing_challenges":["low_prices","weak_demand"],"logistics_challenges":["high_transport_cost","no_paved_roads"],"climate_change_noticed":"yes","climate_changes":["temperature_rise","rainfall_decrease","heatwaves"],"climate_impacts":["production_decrease"],"info_sources":["social_media","extension_agents"],"raises_poultry":"no","poultry_purpose":null,"farmer_type":"type_b","low_input_practices":"yes"},"status":{"owns_land":"reported","land_size_band":"reported","soil_types":"reported","crop_groups":"reported","water_sources":"reported","water_availability":"reported","water_scarcity":"reported","irrigation_need_change":"reported","energy_sources":"reported","production_level":"reported","coop_member":"reported","homes_trad_food":"reported","seed_criteria":"reported","seed_sources":"reported","seed_challenges":"reported","traditional_seed_knowledge":"reported","soil_enhancers":"reported","chem_fertilizer_reliance":"reported","pest_control":"reported","pesticide_reliance":"reported","marketing_challenges":"reported","logistics_challenges":"reported","climate_change_noticed":"reported","climate_changes":"reported","climate_impacts":"reported","info_sources":"reported","raises_poultry":"reported","poultry_purpose":"not_applicable","farmer_type":"reported","low_input_practices":"reported"}}},{"type":"Feature","id":"CH-D8N48L:chouf_2026","geometry":{"type":"Point","coordinates":[35.54094,33.6679]},"properties":{"entity_type":"survey_respondent_public","respondent_id":"CH-D8N48L","instrument":"chouf_2026","area_name_en":"Baaqline","area_name_ar":"بعقلين","geom_origin":"cadastral_unit_centre","spatial_precision":"cadastral_unit","spread_m":150,"c__owns_land":"yes","c__land_size_band":"lt_5_dunum","c__soil_types":"acidic","c__crop_groups":"vegetables","c__water_sources":"public_network","c__water_availability":"always","c__water_scarcity":"yes","c__irrigation_need_change":"no_change","c__energy_sources":"none","c__production_level":"large","c__coop_member":"no","c__homes_trad_food":"most","c__seed_criteria":"productivity","c__seed_sources":"shop","c__seed_challenges":"none","c__traditional_seed_knowledge":"yes","c__soil_enhancers":"compost","c__chem_fertilizer_reliance":"partial","c__pest_control":"chemical","c__pesticide_reliance":"partial","c__climate_change_noticed":"yes","c__climate_changes":"temperature_rise","c__climate_impacts":"season_delay","c__info_sources":"extension_agents","c__raises_poultry":"no","c__farmer_type":"type_b","c__low_input_practices":"yes","values":{"owns_land":"yes","land_size_band":"lt_5_dunum","soil_types":["acidic"],"crop_groups":["vegetables"],"water_sources":["public_network"],"water_availability":"always","water_scarcity":"yes","irrigation_need_change":"no_change","energy_sources":["none"],"production_level":"large","coop_member":"no","homes_trad_food":"most","seed_criteria":["productivity","pest_resistance"],"seed_sources":["shop"],"seed_challenges":["none"],"traditional_seed_knowledge":"yes","soil_enhancers":["compost","biofertilizer","manure"],"chem_fertilizer_reliance":"partial","pest_control":["chemical"],"pesticide_reliance":"partial","marketing_challenges":null,"logistics_challenges":null,"climate_change_noticed":"yes","climate_changes":["temperature_rise","rainfall_decrease"],"climate_impacts":["season_delay"],"info_sources":["extension_agents"],"raises_poultry":"no","poultry_purpose":null,"farmer_type":"type_b","low_input_practices":"yes"},"status":{"owns_land":"reported","land_size_band":"reported","soil_types":"reported","crop_groups":"reported","water_sources":"reported","water_availability":"reported","water_scarcity":"reported","irrigation_need_change":"reported","energy_sources":"reported","production_level":"reported","coop_member":"reported","homes_trad_food":"reported","seed_criteria":"reported","seed_sources":"reported","seed_challenges":"reported","traditional_seed_knowledge":"reported","soil_enhancers":"reported","chem_fertilizer_reliance":"reported","pest_control":"reported","pesticide_reliance":"reported","marketing_challenges":"not_provided","logistics_challenges":"not_provided","climate_change_noticed":"reported","climate_changes":"reported","climate_impacts":"reported","info_sources":"reported","raises_poultry":"reported","poultry_purpose":"not_applicable","farmer_type":"reported","low_input_practices":"reported"}}},{"type":"Feature","id":"CH-DB2T23:chouf_2026","geometry":{"type":"Point","coordinates":[35.65655,33.62055]},"properties":{"entity_type":"survey_respondent_public","respondent_id":"CH-DB2T23","instrument":"chouf_2026","area_name_en":"Mristi","area_name_ar":"مرستى","geom_origin":"cadastral_unit_centre","spatial_precision":"cadastral_unit","spread_m":150,"c__owns_land":"yes","c__land_size_band":"lt_1_ha","c__soil_types":"clay","c__crop_groups":"apples_pears","c__water_sources":"rain","c__water_availability":"sometimes","c__water_scarcity":"yes","c__irrigation_need_change":"increase","c__energy_sources":"manual","c__production_level":"medium","c__coop_member":"no","c__homes_trad_food":"some","c__seed_criteria":"price","c__seed_sources":"association","c__seed_challenges":"high_cost","c__traditional_seed_knowledge":"no","c__soil_enhancers":"compost","c__chem_fertilizer_reliance":"partial","c__pest_control":"chemical","c__pesticide_reliance":"total","c__marketing_challenges":"low_prices","c__logistics_challenges":"high_transport_cost","c__climate_change_noticed":"yes","c__climate_changes":"temperature_rise","c__climate_impacts":"production_decrease","c__info_sources":"supply_shops","c__raises_poultry":"no","c__farmer_type":"type_b","c__low_input_practices":"yes","values":{"owns_land":"yes","land_size_band":"lt_1_ha","soil_types":["clay","calcareous"],"crop_groups":["apples_pears","stone_fruits","vegetables"],"water_sources":["rain","canal"],"water_availability":"sometimes","water_scarcity":"yes","irrigation_need_change":"increase","energy_sources":["manual","diesel"],"production_level":"medium","coop_member":"no","homes_trad_food":"some","seed_criteria":["price"],"seed_sources":["association","own_harvest"],"seed_challenges":["high_cost","low_availability","unreliable_suppliers"],"traditional_seed_knowledge":"no","soil_enhancers":["compost","biofertilizer","manure"],"chem_fertilizer_reliance":"partial","pest_control":["chemical"],"pesticide_reliance":"total","marketing_challenges":["low_prices","weak_demand","far_markets","no_transport","poor_packaging"],"logistics_challenges":["high_transport_cost","no_transport"],"climate_change_noticed":"yes","climate_changes":["temperature_rise","rainfall_decrease","heatwaves"],"climate_impacts":["production_decrease","season_delay","pests_diseases","pollination"],"info_sources":["supply_shops"],"raises_poultry":"no","poultry_purpose":null,"farmer_type":"type_b","low_input_practices":"yes"},"status":{"owns_land":"reported","land_size_band":"reported","soil_types":"reported","crop_groups":"reported","water_sources":"reported","water_availability":"reported","water_scarcity":"reported","irrigation_need_change":"reported","energy_sources":"reported","production_level":"reported","coop_member":"reported","homes_trad_food":"reported","seed_criteria":"reported","seed_sources":"reported","seed_challenges":"reported","traditional_seed_knowledge":"reported","soil_enhancers":"reported","chem_fertilizer_reliance":"reported","pest_control":"reported","pesticide_reliance":"reported","marketing_challenges":"reported","logistics_challenges":"reported","climate_change_noticed":"reported","climate_changes":"reported","climate_impacts":"reported","info_sources":"reported","raises_poultry":"reported","poultry_purpose":"not_applicable","farmer_type":"reported","low_input_practices":"reported"}}},{"type":"Feature","id":"CH-DELKRX:chouf_2026","geometry":{"type":"Point","coordinates":[35.53656,33.62773]},"properties":{"entity_type":"survey_respondent_public","respondent_id":"CH-DELKRX","instrument":"chouf_2026","area_name_en":"Chouf","area_name_ar":"الشوف","geom_origin":"district_centre","spatial_precision":"district","spread_m":500,"c__owns_land":"yes","c__land_size_band":"lt_5_dunum","c__soil_types":"clay","c__crop_groups":"vegetables","c__water_sources":"canal","c__water_availability":"sometimes","c__water_scarcity":"yes","c__irrigation_need_change":"increase","c__energy_sources":"manual","c__production_level":"medium","c__coop_member":"no","c__homes_trad_food":"most","c__seed_criteria":"productivity","c__seed_sources":"shop","c__seed_challenges":"high_cost","c__traditional_seed_knowledge":"yes","c__soil_enhancers":"biofertilizer","c__chem_fertilizer_reliance":"not_used","c__pest_control":"chemical","c__pesticide_reliance":"partial","c__marketing_challenges":"weak_demand","c__logistics_challenges":"high_transport_cost","c__climate_change_noticed":"yes","c__climate_changes":"temperature_rise","c__climate_impacts":"production_decrease","c__info_sources":"social_media","c__raises_poultry":"yes","c__poultry_purpose":"home_consumption","c__farmer_type":"type_c","c__low_input_practices":"yes","values":{"owns_land":"yes","land_size_band":"lt_5_dunum","soil_types":["clay"],"crop_groups":["vegetables","legumes"],"water_sources":["canal"],"water_availability":"sometimes","water_scarcity":"yes","irrigation_need_change":"increase","energy_sources":["manual"],"production_level":"medium","coop_member":"no","homes_trad_food":"most","seed_criteria":["productivity"],"seed_sources":["shop","own_harvest"],"seed_challenges":["high_cost"],"traditional_seed_knowledge":"yes","soil_enhancers":["biofertilizer","manure"],"chem_fertilizer_reliance":"not_used","pest_control":["chemical","biological"],"pesticide_reliance":"partial","marketing_challenges":["weak_demand"],"logistics_challenges":["high_transport_cost"],"climate_change_noticed":"yes","climate_changes":["temperature_rise","rainfall_decrease","heatwaves"],"climate_impacts":["production_decrease","pests_diseases"],"info_sources":["social_media","extension_agents","supply_shops"],"raises_poultry":"yes","poultry_purpose":["home_consumption","local_sale"],"farmer_type":"type_c","low_input_practices":"yes"},"status":{"owns_land":"reported","land_size_band":"reported","soil_types":"reported","crop_groups":"reported","water_sources":"reported","water_availability":"reported","water_scarcity":"reported","irrigation_need_change":"reported","energy_sources":"reported","production_level":"reported","coop_member":"reported","homes_trad_food":"reported","seed_criteria":"reported","seed_sources":"reported","seed_challenges":"reported","traditional_seed_knowledge":"reported","soil_enhancers":"reported","chem_fertilizer_reliance":"reported","pest_control":"reported","pesticide_reliance":"reported","marketing_challenges":"reported","logistics_challenges":"reported","climate_change_noticed":"reported","climate_changes":"reported","climate_impacts":"reported","info_sources":"reported","raises_poultry":"reported","poultry_purpose":"reported","farmer_type":"reported","low_input_practices":"reported"}}},{"type":"Feature","id":"CH-E5NPTN:chouf_2026","geometry":{"type":"Point","coordinates":[35.59263,33.64839]},"properties":{"entity_type":"survey_respondent_public","respondent_id":"CH-E5NPTN","instrument":"chouf_2026","area_name_en":"Kahlouniet Ech-Chouf","area_name_ar":"كحلونية الشوف","geom_origin":"cadastral_unit_centre","spatial_precision":"cadastral_unit","spread_m":150,"c__owns_land":"yes","c__land_size_band":"lt_1_ha","c__soil_types":"clay","c__crop_groups":"olives","c__water_sources":"rain","c__water_availability":"never","c__water_scarcity":"yes","c__irrigation_need_change":"decrease","c__energy_sources":"manual","c__production_level":"small","c__coop_member":"no","c__homes_trad_food":"some","c__seed_criteria":"productivity","c__seed_sources":"shop","c__seed_challenges":"unreliable_suppliers","c__traditional_seed_knowledge":"no","c__soil_enhancers":"biofertilizer","c__chem_fertilizer_reliance":"partial","c__pest_control":"chemical","c__pesticide_reliance":"partial","c__marketing_challenges":"low_prices","c__logistics_challenges":"no_paved_roads","c__climate_change_noticed":"yes","c__climate_changes":"temperature_rise","c__climate_impacts":"production_decrease","c__info_sources":"social_media","c__raises_poultry":"no","c__farmer_type":"type_d","c__low_input_practices":"yes","values":{"owns_land":"yes","land_size_band":"lt_1_ha","soil_types":["clay"],"crop_groups":["olives","herbs"],"water_sources":["rain","tanker","storage"],"water_availability":"never","water_scarcity":"yes","irrigation_need_change":"decrease","energy_sources":["manual"],"production_level":"small","coop_member":"no","homes_trad_food":"some","seed_criteria":["productivity"],"seed_sources":["shop"],"seed_challenges":["unreliable_suppliers"],"traditional_seed_knowledge":"no","soil_enhancers":["biofertilizer"],"chem_fertilizer_reliance":"partial","pest_control":["chemical"],"pesticide_reliance":"partial","marketing_challenges":["low_prices","weak_demand"],"logistics_challenges":["no_paved_roads"],"climate_change_noticed":"yes","climate_changes":["temperature_rise","rainfall_decrease"],"climate_impacts":["production_decrease","season_delay"],"info_sources":["social_media"],"raises_poultry":"no","poultry_purpose":null,"farmer_type":"type_d","low_input_practices":"yes"},"status":{"owns_land":"reported","land_size_band":"reported","soil_types":"reported","crop_groups":"reported","water_sources":"reported","water_availability":"reported","water_scarcity":"reported","irrigation_need_change":"reported","energy_sources":"reported","production_level":"reported","coop_member":"reported","homes_trad_food":"reported","seed_criteria":"reported","seed_sources":"reported","seed_challenges":"reported","traditional_seed_knowledge":"reported","soil_enhancers":"reported","chem_fertilizer_reliance":"reported","pest_control":"reported","pesticide_reliance":"reported","marketing_challenges":"reported","logistics_challenges":"reported","climate_change_noticed":"reported","climate_changes":"reported","climate_impacts":"reported","info_sources":"reported","raises_poultry":"reported","poultry_purpose":"not_applicable","farmer_type":"reported","low_input_practices":"reported"}}},{"type":"Feature","id":"CH-EELAVD:chouf_2026","geometry":{"type":"Point","coordinates":[35.53656,33.62773]},"properties":{"entity_type":"survey_respondent_public","respondent_id":"CH-EELAVD","instrument":"chouf_2026","area_name_en":"Chouf","area_name_ar":"الشوف","geom_origin":"district_centre","spatial_precision":"district","spread_m":500,"c__owns_land":"yes","c__land_size_band":"lt_5_dunum","c__soil_types":"loamy","c__crop_groups":"vegetables","c__water_sources":"rain","c__water_availability":"sometimes","c__water_scarcity":"yes","c__irrigation_need_change":"increase","c__energy_sources":"manual","c__production_level":"medium","c__coop_member":"no","c__homes_trad_food":"most","c__seed_criteria":"productivity","c__seed_sources":"shop","c__seed_challenges":"high_cost","c__traditional_seed_knowledge":"no","c__soil_enhancers":"compost","c__chem_fertilizer_reliance":"partial","c__pest_control":"biological","c__pesticide_reliance":"not_used","c__marketing_challenges":"low_prices","c__logistics_challenges":"high_transport_cost","c__climate_change_noticed":"yes","c__climate_changes":"temperature_rise","c__climate_impacts":"production_decrease","c__info_sources":"social_media","c__raises_poultry":"no","c__farmer_type":"type_c","c__low_input_practices":"yes","values":{"owns_land":"yes","land_size_band":"lt_5_dunum","soil_types":["loamy"],"crop_groups":["vegetables"],"water_sources":["rain","canal"],"water_availability":"sometimes","water_scarcity":"yes","irrigation_need_change":"increase","energy_sources":["manual"],"production_level":"medium","coop_member":"no","homes_trad_food":"most","seed_criteria":["productivity","pest_resistance"],"seed_sources":["shop"],"seed_challenges":["high_cost","unreliable_suppliers"],"traditional_seed_knowledge":"no","soil_enhancers":["compost","manure"],"chem_fertilizer_reliance":"partial","pest_control":["biological"],"pesticide_reliance":"not_used","marketing_challenges":["low_prices","far_markets","no_transport"],"logistics_challenges":["high_transport_cost","no_transport"],"climate_change_noticed":"yes","climate_changes":["temperature_rise","rainfall_decrease","frost"],"climate_impacts":["production_decrease","season_delay"],"info_sources":["social_media","extension_agents"],"raises_poultry":"no","poultry_purpose":null,"farmer_type":"type_c","low_input_practices":"yes"},"status":{"owns_land":"reported","land_size_band":"reported","soil_types":"reported","crop_groups":"reported","water_sources":"reported","water_availability":"reported","water_scarcity":"reported","irrigation_need_change":"reported","energy_sources":"reported","production_level":"reported","coop_member":"reported","homes_trad_food":"reported","seed_criteria":"reported","seed_sources":"reported","seed_challenges":"reported","traditional_seed_knowledge":"reported","soil_enhancers":"reported","chem_fertilizer_reliance":"reported","pest_control":"reported","pesticide_reliance":"reported","marketing_challenges":"reported","logistics_challenges":"reported","climate_change_noticed":"reported","climate_changes":"reported","climate_impacts":"reported","info_sources":"reported","raises_poultry":"reported","poultry_purpose":"not_applicable","farmer_type":"reported","low_input_practices":"reported"}}},{"type":"Feature","id":"CH-EF3DS6:chouf_2026","geometry":{"type":"Point","coordinates":[35.53656,33.62773]},"properties":{"entity_type":"survey_respondent_public","respondent_id":"CH-EF3DS6","instrument":"chouf_2026","area_name_en":"Chouf","area_name_ar":"الشوف","geom_origin":"district_centre","spatial_precision":"district","spread_m":500,"c__owns_land":"yes","c__land_size_band":"gt_2_ha","c__soil_types":"clay","c__crop_groups":"olives","c__water_sources":"river","c__water_availability":"sometimes","c__water_scarcity":"yes","c__irrigation_need_change":"increase","c__energy_sources":"manual","c__production_level":"medium","c__coop_member":"no","c__homes_trad_food":"most","c__seed_criteria":"price","c__seed_sources":"neighbour","c__seed_challenges":"high_cost","c__traditional_seed_knowledge":"no","c__soil_enhancers":"chemical","c__chem_fertilizer_reliance":"partial","c__pest_control":"chemical","c__pesticide_reliance":"total","c__marketing_challenges":"low_prices","c__logistics_challenges":"no_paved_roads","c__climate_change_noticed":"yes","c__climate_changes":"temperature_rise","c__climate_impacts":"production_decrease","c__info_sources":"social_media","c__raises_poultry":"yes","c__poultry_purpose":"home_consumption","c__farmer_type":"type_b","c__low_input_practices":"yes","values":{"owns_land":"yes","land_size_band":"gt_2_ha","soil_types":["clay","calcareous"],"crop_groups":["olives","tropical_fruits","grapes"],"water_sources":["river","canal"],"water_availability":"sometimes","water_scarcity":"yes","irrigation_need_change":"increase","energy_sources":["manual"],"production_level":"medium","coop_member":"no","homes_trad_food":"most","seed_criteria":["price","productivity","pest_resistance"],"seed_sources":["neighbour","own_harvest"],"seed_challenges":["high_cost","low_availability","unreliable_suppliers"],"traditional_seed_knowledge":"no","soil_enhancers":["chemical","compost","manure"],"chem_fertilizer_reliance":"partial","pest_control":["chemical"],"pesticide_reliance":"total","marketing_challenges":["low_prices"],"logistics_challenges":["no_paved_roads"],"climate_change_noticed":"yes","climate_changes":["temperature_rise","rainfall_decrease","heatwaves","frost"],"climate_impacts":["production_decrease","pollination"],"info_sources":["social_media","extension_agents"],"raises_poultry":"yes","poultry_purpose":["home_consumption","local_sale"],"farmer_type":"type_b","low_input_practices":"yes"},"status":{"owns_land":"reported","land_size_band":"reported","soil_types":"reported","crop_groups":"reported","water_sources":"reported","water_availability":"reported","water_scarcity":"reported","irrigation_need_change":"reported","energy_sources":"reported","production_level":"reported","coop_member":"reported","homes_trad_food":"reported","seed_criteria":"reported","seed_sources":"reported","seed_challenges":"reported","traditional_seed_knowledge":"reported","soil_enhancers":"reported","chem_fertilizer_reliance":"reported","pest_control":"reported","pesticide_reliance":"reported","marketing_challenges":"reported","logistics_challenges":"reported","climate_change_noticed":"reported","climate_changes":"reported","climate_impacts":"reported","info_sources":"reported","raises_poultry":"reported","poultry_purpose":"reported","farmer_type":"reported","low_input_practices":"reported"}}},{"type":"Feature","id":"CH-ENV9JT:chouf_2026","geometry":{"type":"Point","coordinates":[35.53656,33.62773]},"properties":{"entity_type":"survey_respondent_public","respondent_id":"CH-ENV9JT","instrument":"chouf_2026","area_name_en":"Chouf","area_name_ar":"الشوف","geom_origin":"district_centre","spatial_precision":"district","spread_m":500,"c__owns_land":"yes","c__land_size_band":"lt_5_dunum","c__soil_types":"clay","c__crop_groups":"vegetables","c__water_sources":"well","c__water_availability":"always","c__water_scarcity":"no","c__irrigation_need_change":"increase","c__energy_sources":"solar","c__production_level":"medium","c__coop_member":"no","c__homes_trad_food":"most","c__seed_criteria":"productivity","c__seed_sources":"shop","c__seed_challenges":"high_cost","c__traditional_seed_knowledge":"no","c__soil_enhancers":"chemical","c__chem_fertilizer_reliance":"partial","c__pest_control":"chemical","c__pesticide_reliance":"total","c__marketing_challenges":"low_prices","c__logistics_challenges":"no_transport","c__climate_change_noticed":"yes","c__climate_changes":"temperature_rise","c__climate_impacts":"pests_diseases","c__info_sources":"extension_agents","c__raises_poultry":"yes","c__poultry_purpose":"local_sale","c__farmer_type":"type_a","c__low_input_practices":"yes","values":{"owns_land":"yes","land_size_band":"lt_5_dunum","soil_types":["clay"],"crop_groups":["vegetables"],"water_sources":["well"],"water_availability":"always","water_scarcity":"no","irrigation_need_change":"increase","energy_sources":["solar"],"production_level":"medium","coop_member":"no","homes_trad_food":"most","seed_criteria":["productivity"],"seed_sources":["shop"],"seed_challenges":["high_cost"],"traditional_seed_knowledge":"no","soil_enhancers":["chemical","manure"],"chem_fertilizer_reliance":"partial","pest_control":["chemical"],"pesticide_reliance":"total","marketing_challenges":["low_prices"],"logistics_challenges":["no_transport"],"climate_change_noticed":"yes","climate_changes":["temperature_rise"],"climate_impacts":["pests_diseases"],"info_sources":["extension_agents"],"raises_poultry":"yes","poultry_purpose":["local_sale"],"farmer_type":"type_a","low_input_practices":"yes"},"status":{"owns_land":"reported","land_size_band":"reported","soil_types":"reported","crop_groups":"reported","water_sources":"reported","water_availability":"reported","water_scarcity":"reported","irrigation_need_change":"reported","energy_sources":"reported","production_level":"reported","coop_member":"reported","homes_trad_food":"reported","seed_criteria":"reported","seed_sources":"reported","seed_challenges":"reported","traditional_seed_knowledge":"reported","soil_enhancers":"reported","chem_fertilizer_reliance":"reported","pest_control":"reported","pesticide_reliance":"reported","marketing_challenges":"reported","logistics_challenges":"reported","climate_change_noticed":"reported","climate_changes":"reported","climate_impacts":"reported","info_sources":"reported","raises_poultry":"reported","poultry_purpose":"reported","farmer_type":"reported","low_input_practices":"reported"}}},{"type":"Feature","id":"CH-EW66UZ:chouf_2026","geometry":{"type":"Point","coordinates":[35.53656,33.62773]},"properties":{"entity_type":"survey_respondent_public","respondent_id":"CH-EW66UZ","instrument":"chouf_2026","area_name_en":"Chouf","area_name_ar":"الشوف","geom_origin":"district_centre","spatial_precision":"district","spread_m":500,"c__owns_land":"yes","c__land_size_band":"lt_1_ha","c__soil_types":"calcareous","c__crop_groups":"olives","c__water_sources":"rain","c__water_availability":"sometimes","c__water_scarcity":"yes","c__irrigation_need_change":"increase","c__energy_sources":"manual","c__production_level":"medium","c__coop_member":"no","c__homes_trad_food":"some","c__seed_criteria":"price","c__seed_sources":"shop","c__seed_challenges":"none","c__traditional_seed_knowledge":"yes","c__soil_enhancers":"compost","c__chem_fertilizer_reliance":"partial","c__pest_control":"chemical","c__pesticide_reliance":"not_used","c__marketing_challenges":"low_prices","c__logistics_challenges":"no_transport","c__climate_change_noticed":"yes","c__climate_changes":"temperature_rise","c__climate_impacts":"production_decrease","c__info_sources":"social_media","c__raises_poultry":"no","c__farmer_type":"type_b","c__low_input_practices":"yes","values":{"owns_land":"yes","land_size_band":"lt_1_ha","soil_types":["calcareous"],"crop_groups":["olives","herbs"],"water_sources":["rain","well"],"water_availability":"sometimes","water_scarcity":"yes","irrigation_need_change":"increase","energy_sources":["manual"],"production_level":"medium","coop_member":"no","homes_trad_food":"some","seed_criteria":["price","productivity","pest_resistance"],"seed_sources":["shop"],"seed_challenges":["none"],"traditional_seed_knowledge":"yes","soil_enhancers":["compost","manure"],"chem_fertilizer_reliance":"partial","pest_control":["chemical"],"pesticide_reliance":"not_used","marketing_challenges":["low_prices","weak_demand","far_markets"],"logistics_challenges":["no_transport"],"climate_change_noticed":"yes","climate_changes":["temperature_rise","rainfall_decrease"],"climate_impacts":["production_decrease"],"info_sources":["social_media"],"raises_poultry":"no","poultry_purpose":null,"farmer_type":"type_b","low_input_practices":"yes"},"status":{"owns_land":"reported","land_size_band":"reported","soil_types":"reported","crop_groups":"reported","water_sources":"reported","water_availability":"reported","water_scarcity":"reported","irrigation_need_change":"reported","energy_sources":"reported","production_level":"reported","coop_member":"reported","homes_trad_food":"reported","seed_criteria":"reported","seed_sources":"reported","seed_challenges":"reported","traditional_seed_knowledge":"reported","soil_enhancers":"reported","chem_fertilizer_reliance":"reported","pest_control":"reported","pesticide_reliance":"reported","marketing_challenges":"reported","logistics_challenges":"reported","climate_change_noticed":"reported","climate_changes":"reported","climate_impacts":"reported","info_sources":"reported","raises_poultry":"reported","poultry_purpose":"not_applicable","farmer_type":"reported","low_input_practices":"reported"}}},{"type":"Feature","id":"CH-FNY9ZK:chouf_2026","geometry":{"type":"Point","coordinates":[35.5707,33.62135]},"properties":{"entity_type":"survey_respondent_public","respondent_id":"CH-FNY9ZK","instrument":"chouf_2026","area_name_en":"Mazraat Ech-Chouf","area_name_ar":"مزرعة","geom_origin":"cadastral_unit_centre","spatial_precision":"cadastral_unit","spread_m":150,"c__owns_land":"yes","c__land_size_band":"lt_5_dunum","c__soil_types":"clay","c__crop_groups":"vegetables","c__water_sources":"tanker","c__water_availability":"sometimes","c__water_scarcity":"yes","c__irrigation_need_change":"increase","c__energy_sources":"manual","c__production_level":"small","c__coop_member":"no","c__homes_trad_food":"almost_all","c__seed_criteria":"none","c__seed_sources":"association","c__seed_challenges":"none","c__traditional_seed_knowledge":"no","c__soil_enhancers":"manure","c__chem_fertilizer_reliance":"total","c__pest_control":"chemical","c__pesticide_reliance":"partial","c__marketing_challenges":"low_prices","c__logistics_challenges":"no_paved_roads","c__climate_change_noticed":"no","c__climate_changes":"temperature_rise","c__climate_impacts":"production_decrease","c__info_sources":"supply_shops","c__raises_poultry":"no","c__farmer_type":"type_d","c__low_input_practices":"yes","values":{"owns_land":"yes","land_size_band":"lt_5_dunum","soil_types":["clay"],"crop_groups":["vegetables","legumes"],"water_sources":["tanker","storage"],"water_availability":"sometimes","water_scarcity":"yes","irrigation_need_change":"increase","energy_sources":["manual"],"production_level":"small","coop_member":"no","homes_trad_food":"almost_all","seed_criteria":["none"],"seed_sources":["association"],"seed_challenges":["none"],"traditional_seed_knowledge":"no","soil_enhancers":["manure"],"chem_fertilizer_reliance":"total","pest_control":["chemical"],"pesticide_reliance":"partial","marketing_challenges":["low_prices"],"logistics_challenges":["no_paved_roads"],"climate_change_noticed":"no","climate_changes":["temperature_rise","rainfall_decrease","heatwaves"],"climate_impacts":["production_decrease","season_delay","pests_diseases"],"info_sources":["supply_shops"],"raises_poultry":"no","poultry_purpose":null,"farmer_type":"type_d","low_input_practices":"yes"},"status":{"owns_land":"reported","land_size_band":"reported","soil_types":"reported","crop_groups":"reported","water_sources":"reported","water_availability":"reported","water_scarcity":"reported","irrigation_need_change":"reported","energy_sources":"reported","production_level":"reported","coop_member":"reported","homes_trad_food":"reported","seed_criteria":"reported","seed_sources":"reported","seed_challenges":"reported","traditional_seed_knowledge":"reported","soil_enhancers":"reported","chem_fertilizer_reliance":"reported","pest_control":"reported","pesticide_reliance":"reported","marketing_challenges":"reported","logistics_challenges":"reported","climate_change_noticed":"reported","climate_changes":"reported","climate_impacts":"reported","info_sources":"reported","raises_poultry":"reported","poultry_purpose":"not_applicable","farmer_type":"reported","low_input_practices":"reported"}}},{"type":"Feature","id":"CH-FT5F5Z:chouf_2026","geometry":{"type":"Point","coordinates":[35.53656,33.62773]},"properties":{"entity_type":"survey_respondent_public","respondent_id":"CH-FT5F5Z","instrument":"chouf_2026","area_name_en":"Chouf","area_name_ar":"الشوف","geom_origin":"district_centre","spatial_precision":"district","spread_m":500,"c__owns_land":"yes","c__land_size_band":"lt_5_dunum","c__soil_types":"clay","c__crop_groups":"legumes","c__water_sources":"rain","c__water_availability":"rarely","c__water_scarcity":"yes","c__irrigation_need_change":"increase","c__energy_sources":"diesel","c__production_level":"small","c__coop_member":"no","c__homes_trad_food":"few","c__seed_criteria":"price","c__seed_sources":"shop","c__seed_challenges":"high_cost","c__traditional_seed_knowledge":"no","c__soil_enhancers":"chemical","c__chem_fertilizer_reliance":"partial","c__pest_control":"chemical","c__pesticide_reliance":"partial","c__marketing_challenges":"weak_demand","c__logistics_challenges":"high_transport_cost","c__climate_change_noticed":"yes","c__climate_changes":"temperature_rise","c__climate_impacts":"production_decrease","c__info_sources":"social_media","c__raises_poultry":"no","c__farmer_type":"type_d","c__low_input_practices":"yes","values":{"owns_land":"yes","land_size_band":"lt_5_dunum","soil_types":["clay"],"crop_groups":["legumes","herbs"],"water_sources":["rain","tanker","storage"],"water_availability":"rarely","water_scarcity":"yes","irrigation_need_change":"increase","energy_sources":["diesel"],"production_level":"small","coop_member":"no","homes_trad_food":"few","seed_criteria":["price","productivity","pest_resistance"],"seed_sources":["shop"],"seed_challenges":["high_cost","low_availability"],"traditional_seed_knowledge":"no","soil_enhancers":["chemical","manure"],"chem_fertilizer_reliance":"partial","pest_control":["chemical","local"],"pesticide_reliance":"partial","marketing_challenges":["weak_demand"],"logistics_challenges":["high_transport_cost"],"climate_change_noticed":"yes","climate_changes":["temperature_rise","rainfall_decrease","heatwaves"],"climate_impacts":["production_decrease","season_delay"],"info_sources":["social_media"],"raises_poultry":"no","poultry_purpose":null,"farmer_type":"type_d","low_input_practices":"yes"},"status":{"owns_land":"reported","land_size_band":"reported","soil_types":"reported","crop_groups":"reported","water_sources":"reported","water_availability":"reported","water_scarcity":"reported","irrigation_need_change":"reported","energy_sources":"reported","production_level":"reported","coop_member":"reported","homes_trad_food":"reported","seed_criteria":"reported","seed_sources":"reported","seed_challenges":"reported","traditional_seed_knowledge":"reported","soil_enhancers":"reported","chem_fertilizer_reliance":"reported","pest_control":"reported","pesticide_reliance":"reported","marketing_challenges":"reported","logistics_challenges":"reported","climate_change_noticed":"reported","climate_changes":"reported","climate_impacts":"reported","info_sources":"reported","raises_poultry":"reported","poultry_purpose":"not_applicable","farmer_type":"reported","low_input_practices":"reported"}}},{"type":"Feature","id":"CH-FU93TS:chouf_2026","geometry":{"type":"Point","coordinates":[35.41226,33.59196]},"properties":{"entity_type":"survey_respondent_public","respondent_id":"CH-FU93TS","instrument":"chouf_2026","area_name_en":"Aalmane Ech-Chouf","area_name_ar":"علمان الشوف","geom_origin":"cadastral_unit_centre","spatial_precision":"cadastral_unit","spread_m":150,"c__owns_land":"yes","c__land_size_band":"lt_5_dunum","c__soil_types":"clay","c__water_sources":"well","c__water_availability":"rarely","c__water_scarcity":"yes","c__irrigation_need_change":"increase","c__energy_sources":"diesel","c__production_level":"medium","c__coop_member":"no","c__homes_trad_food":"some","c__seed_criteria":"price","c__seed_sources":"shop","c__seed_challenges":"high_cost","c__traditional_seed_knowledge":"no","c__soil_enhancers":"chemical","c__chem_fertilizer_reliance":"partial","c__pest_control":"chemical","c__pesticide_reliance":"partial","c__marketing_challenges":"low_prices","c__logistics_challenges":"no_transport","c__climate_change_noticed":"yes","c__climate_changes":"temperature_rise","c__climate_impacts":"production_decrease","c__info_sources":"social_media","c__raises_poultry":"no","c__farmer_type":"type_a","c__low_input_practices":"no","values":{"owns_land":"yes","land_size_band":"lt_5_dunum","soil_types":["clay"],"crop_groups":null,"water_sources":["well"],"water_availability":"rarely","water_scarcity":"yes","irrigation_need_change":"increase","energy_sources":["diesel"],"production_level":"medium","coop_member":"no","homes_trad_food":"some","seed_criteria":["price"],"seed_sources":["shop"],"seed_challenges":["high_cost"],"traditional_seed_knowledge":"no","soil_enhancers":["chemical"],"chem_fertilizer_reliance":"partial","pest_control":["chemical"],"pesticide_reliance":"partial","marketing_challenges":["low_prices","no_transport"],"logistics_challenges":["no_transport"],"climate_change_noticed":"yes","climate_changes":["temperature_rise","rainfall_decrease","heatwaves"],"climate_impacts":["production_decrease","season_delay","pests_diseases"],"info_sources":["social_media","extension_agents","supply_shops"],"raises_poultry":"no","poultry_purpose":null,"farmer_type":"type_a","low_input_practices":"no"},"status":{"owns_land":"reported","land_size_band":"reported","soil_types":"reported","crop_groups":"invalid","water_sources":"reported","water_availability":"reported","water_scarcity":"reported","irrigation_need_change":"reported","energy_sources":"reported","production_level":"reported","coop_member":"reported","homes_trad_food":"reported","seed_criteria":"reported","seed_sources":"reported","seed_challenges":"reported","traditional_seed_knowledge":"reported","soil_enhancers":"reported","chem_fertilizer_reliance":"reported","pest_control":"reported","pesticide_reliance":"reported","marketing_challenges":"reported","logistics_challenges":"reported","climate_change_noticed":"reported","climate_changes":"reported","climate_impacts":"reported","info_sources":"reported","raises_poultry":"reported","poultry_purpose":"not_applicable","farmer_type":"reported","low_input_practices":"reported"}}},{"type":"Feature","id":"CH-FUAKKS:chouf_2026","geometry":{"type":"Point","coordinates":[35.53656,33.62773]},"properties":{"entity_type":"survey_respondent_public","respondent_id":"CH-FUAKKS","instrument":"chouf_2026","area_name_en":"Chouf","area_name_ar":"الشوف","geom_origin":"district_centre","spatial_precision":"district","spread_m":500,"c__owns_land":"yes","c__land_size_band":"lt_5_dunum","c__soil_types":"sandy","c__water_sources":"spring","c__water_availability":"sometimes","c__water_scarcity":"no","c__irrigation_need_change":"decrease","c__energy_sources":"none","c__production_level":"medium","c__coop_member":"no","c__homes_trad_food":"most","c__seed_criteria":"productivity","c__seed_sources":"own_harvest","c__seed_challenges":"unreliable_suppliers","c__traditional_seed_knowledge":"yes","c__soil_enhancers":"manure","c__chem_fertilizer_reliance":"not_used","c__pest_control":"local","c__pesticide_reliance":"not_used","c__marketing_challenges":"weak_demand","c__logistics_challenges":"high_transport_cost","c__climate_change_noticed":"yes","c__climate_changes":"temperature_rise","c__climate_impacts":"no_major_impact","c__info_sources":"social_media","c__raises_poultry":"yes","c__poultry_purpose":"home_consumption","c__farmer_type":"type_c","c__low_input_practices":"yes","values":{"owns_land":"yes","land_size_band":"lt_5_dunum","soil_types":["sandy"],"crop_groups":null,"water_sources":["spring"],"water_availability":"sometimes","water_scarcity":"no","irrigation_need_change":"decrease","energy_sources":["none"],"production_level":"medium","coop_member":"no","homes_trad_food":"most","seed_criteria":["productivity"],"seed_sources":["own_harvest"],"seed_challenges":["unreliable_suppliers"],"traditional_seed_knowledge":"yes","soil_enhancers":["manure"],"chem_fertilizer_reliance":"not_used","pest_control":["local"],"pesticide_reliance":"not_used","marketing_challenges":["weak_demand"],"logistics_challenges":["high_transport_cost"],"climate_change_noticed":"yes","climate_changes":["temperature_rise","rainfall_decrease"],"climate_impacts":["no_major_impact"],"info_sources":["social_media"],"raises_poultry":"yes","poultry_purpose":["home_consumption"],"farmer_type":"type_c","low_input_practices":"yes"},"status":{"owns_land":"reported","land_size_band":"reported","soil_types":"reported","crop_groups":"invalid","water_sources":"reported","water_availability":"reported","water_scarcity":"reported","irrigation_need_change":"reported","energy_sources":"reported","production_level":"reported","coop_member":"reported","homes_trad_food":"reported","seed_criteria":"reported","seed_sources":"reported","seed_challenges":"reported","traditional_seed_knowledge":"reported","soil_enhancers":"reported","chem_fertilizer_reliance":"reported","pest_control":"reported","pesticide_reliance":"reported","marketing_challenges":"reported","logistics_challenges":"reported","climate_change_noticed":"reported","climate_changes":"reported","climate_impacts":"reported","info_sources":"reported","raises_poultry":"reported","poultry_purpose":"reported","farmer_type":"reported","low_input_practices":"reported"}}},{"type":"Feature","id":"CH-G77FHM:chouf_2026","geometry":{"type":"Point","coordinates":[35.53656,33.62773]},"properties":{"entity_type":"survey_respondent_public","respondent_id":"CH-G77FHM","instrument":"chouf_2026","area_name_en":"Chouf","area_name_ar":"الشوف","geom_origin":"district_centre","spatial_precision":"district","spread_m":500,"c__owns_land":"yes","c__land_size_band":"lt_1_ha","c__soil_types":"loamy","c__crop_groups":"apples_pears","c__water_sources":"river","c__water_availability":"sometimes","c__water_scarcity":"yes","c__irrigation_need_change":"increase","c__energy_sources":"gravity","c__production_level":"medium","c__coop_member":"no","c__homes_trad_food":"most","c__seed_criteria":"price","c__seed_sources":"shop","c__seed_challenges":"high_cost","c__traditional_seed_knowledge":"yes","c__soil_enhancers":"chemical","c__chem_fertilizer_reliance":"partial","c__pest_control":"chemical","c__pesticide_reliance":"partial","c__marketing_challenges":"low_prices","c__logistics_challenges":"high_transport_cost","c__climate_change_noticed":"yes","c__climate_changes":"temperature_rise","c__climate_impacts":"production_decrease","c__info_sources":"social_media","c__raises_poultry":"yes","c__poultry_purpose":"home_consumption","c__farmer_type":"type_b","c__low_input_practices":"no","values":{"owns_land":"yes","land_size_band":"lt_1_ha","soil_types":["loamy","sandy"],"crop_groups":["apples_pears","legumes"],"water_sources":["river"],"water_availability":"sometimes","water_scarcity":"yes","irrigation_need_change":"increase","energy_sources":["gravity"],"production_level":"medium","coop_member":"no","homes_trad_food":"most","seed_criteria":["price"],"seed_sources":["shop","own_harvest"],"seed_challenges":["high_cost"],"traditional_seed_knowledge":"yes","soil_enhancers":["chemical"],"chem_fertilizer_reliance":"partial","pest_control":["chemical"],"pesticide_reliance":"partial","marketing_challenges":["low_prices"],"logistics_challenges":["high_transport_cost"],"climate_change_noticed":"yes","climate_changes":["temperature_rise","rainfall_decrease","heatwaves"],"climate_impacts":["production_decrease","season_delay","pests_diseases"],"info_sources":["social_media","extension_agents"],"raises_poultry":"yes","poultry_purpose":["home_consumption","local_sale"],"farmer_type":"type_b","low_input_practices":"no"},"status":{"owns_land":"reported","land_size_band":"reported","soil_types":"reported","crop_groups":"reported","water_sources":"reported","water_availability":"reported","water_scarcity":"reported","irrigation_need_change":"reported","energy_sources":"reported","production_level":"reported","coop_member":"reported","homes_trad_food":"reported","seed_criteria":"reported","seed_sources":"reported","seed_challenges":"reported","traditional_seed_knowledge":"reported","soil_enhancers":"reported","chem_fertilizer_reliance":"reported","pest_control":"reported","pesticide_reliance":"reported","marketing_challenges":"reported","logistics_challenges":"reported","climate_change_noticed":"reported","climate_changes":"reported","climate_impacts":"reported","info_sources":"reported","raises_poultry":"reported","poultry_purpose":"reported","farmer_type":"reported","low_input_practices":"reported"}}},{"type":"Feature","id":"CH-GDGL6M:chouf_2026","geometry":{"type":"Point","coordinates":[35.41226,33.59196]},"properties":{"entity_type":"survey_respondent_public","respondent_id":"CH-GDGL6M","instrument":"chouf_2026","area_name_en":"Aalmane Ech-Chouf","area_name_ar":"علمان الشوف","geom_origin":"cadastral_unit_centre","spatial_precision":"cadastral_unit","spread_m":150,"c__owns_land":"yes","c__land_size_band":"lt_5_dunum","c__soil_types":"clay","c__crop_groups":"citrus","c__water_sources":"well","c__water_availability":"always","c__water_scarcity":"no","c__irrigation_need_change":"no_change","c__energy_sources":"grid","c__production_level":"medium","c__coop_member":"no","c__homes_trad_food":"almost_all","c__seed_criteria":"productivity","c__seed_sources":"shop","c__seed_challenges":"none","c__traditional_seed_knowledge":"no","c__soil_enhancers":"chemical","c__chem_fertilizer_reliance":"partial","c__pest_control":"chemical","c__pesticide_reliance":"partial","c__marketing_challenges":"low_prices","c__logistics_challenges":"no_transport","c__climate_change_noticed":"yes","c__climate_changes":"temperature_rise","c__climate_impacts":"production_decrease","c__raises_poultry":"no","c__farmer_type":"type_a","c__low_input_practices":"yes","values":{"owns_land":"yes","land_size_band":"lt_5_dunum","soil_types":["clay"],"crop_groups":["citrus","tropical_fruits"],"water_sources":["well"],"water_availability":"always","water_scarcity":"no","irrigation_need_change":"no_change","energy_sources":["grid"],"production_level":"medium","coop_member":"no","homes_trad_food":"almost_all","seed_criteria":["productivity"],"seed_sources":["shop"],"seed_challenges":["none"],"traditional_seed_knowledge":"no","soil_enhancers":["chemical","compost"],"chem_fertilizer_reliance":"partial","pest_control":["chemical"],"pesticide_reliance":"partial","marketing_challenges":["low_prices"],"logistics_challenges":["no_transport"],"climate_change_noticed":"yes","climate_changes":["temperature_rise","rainfall_decrease","heatwaves"],"climate_impacts":["production_decrease","season_delay","pollination"],"info_sources":null,"raises_poultry":"no","poultry_purpose":null,"farmer_type":"type_a","low_input_practices":"yes"},"status":{"owns_land":"reported","land_size_band":"reported","soil_types":"reported","crop_groups":"reported","water_sources":"reported","water_availability":"reported","water_scarcity":"reported","irrigation_need_change":"reported","energy_sources":"reported","production_level":"reported","coop_member":"reported","homes_trad_food":"reported","seed_criteria":"reported","seed_sources":"reported","seed_challenges":"reported","traditional_seed_knowledge":"reported","soil_enhancers":"reported","chem_fertilizer_reliance":"reported","pest_control":"reported","pesticide_reliance":"reported","marketing_challenges":"reported","logistics_challenges":"reported","climate_change_noticed":"reported","climate_changes":"reported","climate_impacts":"reported","info_sources":"not_provided","raises_poultry":"reported","poultry_purpose":"not_applicable","farmer_type":"reported","low_input_practices":"reported"}}},{"type":"Feature","id":"CH-GQ6XMX:chouf_2026","geometry":{"type":"Point","coordinates":[35.54094,33.6679]},"properties":{"entity_type":"survey_respondent_public","respondent_id":"CH-GQ6XMX","instrument":"chouf_2026","area_name_en":"Baaqline","area_name_ar":"بعقلين","geom_origin":"cadastral_unit_centre","spatial_precision":"cadastral_unit","spread_m":150,"c__owns_land":"no","c__land_size_band":"gt_2_ha","c__soil_types":"calcareous","c__crop_groups":"olives","c__water_sources":"river","c__water_availability":"never","c__water_scarcity":"yes","c__irrigation_need_change":"increase","c__energy_sources":"solar","c__production_level":"medium","c__coop_member":"no","c__homes_trad_food":"most","c__seed_criteria":"price","c__seed_sources":"shop","c__seed_challenges":"high_cost","c__traditional_seed_knowledge":"no","c__soil_enhancers":"chemical","c__chem_fertilizer_reliance":"partial","c__pest_control":"chemical","c__pesticide_reliance":"partial","c__climate_change_noticed":"yes","c__climate_changes":"temperature_rise","c__climate_impacts":"production_decrease","c__info_sources":"social_media","c__raises_poultry":"yes","c__poultry_purpose":"local_sale","c__farmer_type":"type_b","c__low_input_practices":"yes","values":{"owns_land":"no","land_size_band":"gt_2_ha","soil_types":["calcareous"],"crop_groups":["olives","vegetables"],"water_sources":["river"],"water_availability":"never","water_scarcity":"yes","irrigation_need_change":"increase","energy_sources":["solar"],"production_level":"medium","coop_member":"no","homes_trad_food":"most","seed_criteria":["price","productivity","pest_resistance"],"seed_sources":["shop"],"seed_challenges":["high_cost","low_availability"],"traditional_seed_knowledge":"no","soil_enhancers":["chemical","compost","manure"],"chem_fertilizer_reliance":"partial","pest_control":["chemical"],"pesticide_reliance":"partial","marketing_challenges":null,"logistics_challenges":null,"climate_change_noticed":"yes","climate_changes":["temperature_rise","rainfall_decrease"],"climate_impacts":["production_decrease","season_delay"],"info_sources":["social_media","extension_agents"],"raises_poultry":"yes","poultry_purpose":["local_sale"],"farmer_type":"type_b","low_input_practices":"yes"},"status":{"owns_land":"reported","land_size_band":"reported","soil_types":"reported","crop_groups":"reported","water_sources":"reported","water_availability":"reported","water_scarcity":"reported","irrigation_need_change":"reported","energy_sources":"reported","production_level":"reported","coop_member":"reported","homes_trad_food":"reported","seed_criteria":"reported","seed_sources":"reported","seed_challenges":"reported","traditional_seed_knowledge":"reported","soil_enhancers":"reported","chem_fertilizer_reliance":"reported","pest_control":"reported","pesticide_reliance":"reported","marketing_challenges":"not_provided","logistics_challenges":"not_provided","climate_change_noticed":"reported","climate_changes":"reported","climate_impacts":"reported","info_sources":"reported","raises_poultry":"reported","poultry_purpose":"reported","farmer_type":"reported","low_input_practices":"reported"}}},{"type":"Feature","id":"CH-GVE25F:chouf_2026","geometry":{"type":"Point","coordinates":[35.41226,33.59196]},"properties":{"entity_type":"survey_respondent_public","respondent_id":"CH-GVE25F","instrument":"chouf_2026","area_name_en":"Aalmane Ech-Chouf","area_name_ar":"علمان الشوف","geom_origin":"cadastral_unit_centre","spatial_precision":"cadastral_unit","spread_m":150,"c__owns_land":"yes","c__land_size_band":"gt_2_ha","c__soil_types":"loamy","c__crop_groups":"citrus","c__water_sources":"well","c__water_availability":"always","c__water_scarcity":"no","c__irrigation_need_change":"increase","c__energy_sources":"diesel","c__production_level":"large","c__coop_member":"no","c__homes_trad_food":"few","c__seed_criteria":"price","c__seed_sources":"shop","c__seed_challenges":"high_cost","c__traditional_seed_knowledge":"no","c__soil_enhancers":"chemical","c__chem_fertilizer_reliance":"total","c__pest_control":"chemical","c__pesticide_reliance":"total","c__marketing_challenges":"low_prices","c__logistics_challenges":"high_transport_cost","c__climate_change_noticed":"yes","c__climate_changes":"temperature_rise","c__climate_impacts":"production_decrease","c__info_sources":"social_media","c__raises_poultry":"yes","c__poultry_purpose":"home_consumption","c__farmer_type":"type_a","c__low_input_practices":"no","values":{"owns_land":"yes","land_size_band":"gt_2_ha","soil_types":["loamy"],"crop_groups":["citrus","tropical_fruits"],"water_sources":["well"],"water_availability":"always","water_scarcity":"no","irrigation_need_change":"increase","energy_sources":["diesel"],"production_level":"large","coop_member":"no","homes_trad_food":"few","seed_criteria":["price","productivity"],"seed_sources":["shop"],"seed_challenges":["high_cost"],"traditional_seed_knowledge":"no","soil_enhancers":["chemical"],"chem_fertilizer_reliance":"total","pest_control":["chemical"],"pesticide_reliance":"total","marketing_challenges":["low_prices"],"logistics_challenges":["high_transport_cost"],"climate_change_noticed":"yes","climate_changes":["temperature_rise","rainfall_decrease"],"climate_impacts":["production_decrease","pests_diseases","pollination"],"info_sources":["social_media","extension_agents"],"raises_poultry":"yes","poultry_purpose":["home_consumption"],"farmer_type":"type_a","low_input_practices":"no"},"status":{"owns_land":"reported","land_size_band":"reported","soil_types":"reported","crop_groups":"reported","water_sources":"reported","water_availability":"reported","water_scarcity":"reported","irrigation_need_change":"reported","energy_sources":"reported","production_level":"reported","coop_member":"reported","homes_trad_food":"reported","seed_criteria":"reported","seed_sources":"reported","seed_challenges":"reported","traditional_seed_knowledge":"reported","soil_enhancers":"reported","chem_fertilizer_reliance":"reported","pest_control":"reported","pesticide_reliance":"reported","marketing_challenges":"reported","logistics_challenges":"reported","climate_change_noticed":"reported","climate_changes":"reported","climate_impacts":"reported","info_sources":"reported","raises_poultry":"reported","poultry_purpose":"reported","farmer_type":"reported","low_input_practices":"reported"}}},{"type":"Feature","id":"CH-GZFGSH:chouf_2026","geometry":{"type":"Point","coordinates":[35.6526,33.69324]},"properties":{"entity_type":"survey_respondent_public","respondent_id":"CH-GZFGSH","instrument":"chouf_2026","area_name_en":"Batloun","area_name_ar":"بتلون","geom_origin":"cadastral_unit_centre","spatial_precision":"cadastral_unit","spread_m":150,"c__owns_land":"yes","c__land_size_band":"lt_5_dunum","c__soil_types":"clay","c__crop_groups":"apples_pears","c__water_sources":"canal","c__water_availability":"rarely","c__water_scarcity":"yes","c__irrigation_need_change":"decrease","c__energy_sources":"manual","c__production_level":"small","c__coop_member":"no","c__homes_trad_food":"some","c__seed_criteria":"productivity","c__seed_sources":"own_harvest","c__seed_challenges":"none","c__traditional_seed_knowledge":"yes","c__soil_enhancers":"manure","c__chem_fertilizer_reliance":"not_used","c__pest_control":"chemical","c__pesticide_reliance":"partial","c__climate_change_noticed":"yes","c__climate_changes":"temperature_rise","c__climate_impacts":"production_decrease","c__info_sources":"social_media","c__raises_poultry":"no","c__farmer_type":"type_c","c__low_input_practices":"yes","values":{"owns_land":"yes","land_size_band":"lt_5_dunum","soil_types":["clay"],"crop_groups":["apples_pears","vegetables","legumes"],"water_sources":["canal"],"water_availability":"rarely","water_scarcity":"yes","irrigation_need_change":"decrease","energy_sources":["manual"],"production_level":"small","coop_member":"no","homes_trad_food":"some","seed_criteria":["productivity"],"seed_sources":["own_harvest"],"seed_challenges":["none"],"traditional_seed_knowledge":"yes","soil_enhancers":["manure"],"chem_fertilizer_reliance":"not_used","pest_control":["chemical"],"pesticide_reliance":"partial","marketing_challenges":null,"logistics_challenges":null,"climate_change_noticed":"yes","climate_changes":["temperature_rise","rainfall_decrease","heatwaves"],"climate_impacts":["production_decrease","pests_diseases"],"info_sources":["social_media","extension_agents"],"raises_poultry":"no","poultry_purpose":null,"farmer_type":"type_c","low_input_practices":"yes"},"status":{"owns_land":"reported","land_size_band":"reported","soil_types":"reported","crop_groups":"reported","water_sources":"reported","water_availability":"reported","water_scarcity":"reported","irrigation_need_change":"reported","energy_sources":"reported","production_level":"reported","coop_member":"reported","homes_trad_food":"reported","seed_criteria":"reported","seed_sources":"reported","seed_challenges":"reported","traditional_seed_knowledge":"reported","soil_enhancers":"reported","chem_fertilizer_reliance":"reported","pest_control":"reported","pesticide_reliance":"reported","marketing_challenges":"not_provided","logistics_challenges":"not_provided","climate_change_noticed":"reported","climate_changes":"reported","climate_impacts":"reported","info_sources":"reported","raises_poultry":"reported","poultry_purpose":"not_applicable","farmer_type":"reported","low_input_practices":"reported"}}},{"type":"Feature","id":"CH-H9MPC5:chouf_2026","geometry":{"type":"Point","coordinates":[35.53656,33.62773]},"properties":{"entity_type":"survey_respondent_public","respondent_id":"CH-H9MPC5","instrument":"chouf_2026","area_name_en":"Chouf","area_name_ar":"الشوف","geom_origin":"district_centre","spatial_precision":"district","spread_m":500,"c__owns_land":"yes","c__land_size_band":"lt_5_dunum","c__soil_types":"loamy","c__crop_groups":"vegetables","c__water_sources":"canal","c__water_availability":"sometimes","c__water_scarcity":"yes","c__irrigation_need_change":"decrease","c__energy_sources":"grid","c__production_level":"medium","c__coop_member":"no","c__homes_trad_food":"some","c__seed_criteria":"price","c__seed_sources":"shop","c__seed_challenges":"high_cost","c__traditional_seed_knowledge":"no","c__soil_enhancers":"compost","c__chem_fertilizer_reliance":"partial","c__pest_control":"biological","c__pesticide_reliance":"not_used","c__marketing_challenges":"low_prices","c__logistics_challenges":"high_transport_cost","c__climate_change_noticed":"yes","c__climate_changes":"temperature_rise","c__climate_impacts":"pests_diseases","c__info_sources":"social_media","c__raises_poultry":"yes","c__poultry_purpose":"home_consumption","c__farmer_type":"type_c","c__low_input_practices":"yes","values":{"owns_land":"yes","land_size_band":"lt_5_dunum","soil_types":["loamy"],"crop_groups":["vegetables","legumes"],"water_sources":["canal"],"water_availability":"sometimes","water_scarcity":"yes","irrigation_need_change":"decrease","energy_sources":["grid"],"production_level":"medium","coop_member":"no","homes_trad_food":"some","seed_criteria":["price"],"seed_sources":["shop"],"seed_challenges":["high_cost"],"traditional_seed_knowledge":"no","soil_enhancers":["compost"],"chem_fertilizer_reliance":"partial","pest_control":["biological"],"pesticide_reliance":"not_used","marketing_challenges":["low_prices"],"logistics_challenges":["high_transport_cost"],"climate_change_noticed":"yes","climate_changes":["temperature_rise","rainfall_decrease"],"climate_impacts":["pests_diseases"],"info_sources":["social_media"],"raises_poultry":"yes","poultry_purpose":["home_consumption"],"farmer_type":"type_c","low_input_practices":"yes"},"status":{"owns_land":"reported","land_size_band":"reported","soil_types":"reported","crop_groups":"reported","water_sources":"reported","water_availability":"reported","water_scarcity":"reported","irrigation_need_change":"reported","energy_sources":"reported","production_level":"reported","coop_member":"reported","homes_trad_food":"reported","seed_criteria":"reported","seed_sources":"reported","seed_challenges":"reported","traditional_seed_knowledge":"reported","soil_enhancers":"reported","chem_fertilizer_reliance":"reported","pest_control":"reported","pesticide_reliance":"reported","marketing_challenges":"reported","logistics_challenges":"reported","climate_change_noticed":"reported","climate_changes":"reported","climate_impacts":"reported","info_sources":"reported","raises_poultry":"reported","poultry_purpose":"reported","farmer_type":"reported","low_input_practices":"reported"}}},{"type":"Feature","id":"CH-HJAGFP:chouf_2026","geometry":{"type":"Point","coordinates":[35.53656,33.62773]},"properties":{"entity_type":"survey_respondent_public","respondent_id":"CH-HJAGFP","instrument":"chouf_2026","area_name_en":"Chouf","area_name_ar":"الشوف","geom_origin":"district_centre","spatial_precision":"district","spread_m":500,"c__owns_land":"yes","c__land_size_band":"lt_5_dunum","c__soil_types":"loamy","c__crop_groups":"vegetables","c__water_sources":"tanker","c__water_availability":"never","c__water_scarcity":"yes","c__irrigation_need_change":"unsure","c__energy_sources":"manual","c__production_level":"small","c__coop_member":"no","c__homes_trad_food":"few","c__seed_criteria":"price","c__seed_sources":"shop","c__seed_challenges":"low_availability","c__traditional_seed_knowledge":"no","c__soil_enhancers":"manure","c__chem_fertilizer_reliance":"not_used","c__pest_control":"chemical","c__pesticide_reliance":"partial","c__climate_change_noticed":"yes","c__climate_changes":"rainfall_decrease","c__climate_impacts":"pests_diseases","c__info_sources":"supply_shops","c__raises_poultry":"no","c__farmer_type":"type_d","c__low_input_practices":"yes","values":{"owns_land":"yes","land_size_band":"lt_5_dunum","soil_types":["loamy"],"crop_groups":["vegetables","legumes"],"water_sources":["tanker","storage"],"water_availability":"never","water_scarcity":"yes","irrigation_need_change":"unsure","energy_sources":["manual"],"production_level":"small","coop_member":"no","homes_trad_food":"few","seed_criteria":["price","productivity","pest_resistance"],"seed_sources":["shop","neighbour"],"seed_challenges":["low_availability"],"traditional_seed_knowledge":"no","soil_enhancers":["manure"],"chem_fertilizer_reliance":"not_used","pest_control":["chemical"],"pesticide_reliance":"partial","marketing_challenges":null,"logistics_challenges":null,"climate_change_noticed":"yes","climate_changes":["rainfall_decrease","frost"],"climate_impacts":["pests_diseases"],"info_sources":["supply_shops"],"raises_poultry":"no","poultry_purpose":null,"farmer_type":"type_d","low_input_practices":"yes"},"status":{"owns_land":"reported","land_size_band":"reported","soil_types":"reported","crop_groups":"reported","water_sources":"reported","water_availability":"reported","water_scarcity":"reported","irrigation_need_change":"reported","energy_sources":"reported","production_level":"reported","coop_member":"reported","homes_trad_food":"reported","seed_criteria":"reported","seed_sources":"reported","seed_challenges":"reported","traditional_seed_knowledge":"reported","soil_enhancers":"reported","chem_fertilizer_reliance":"reported","pest_control":"reported","pesticide_reliance":"reported","marketing_challenges":"not_provided","logistics_challenges":"not_provided","climate_change_noticed":"reported","climate_changes":"reported","climate_impacts":"reported","info_sources":"reported","raises_poultry":"reported","poultry_purpose":"not_applicable","farmer_type":"reported","low_input_practices":"reported"}}},{"type":"Feature","id":"CH-HJULXC:chouf_2026","geometry":{"type":"Point","coordinates":[35.5707,33.62135]},"properties":{"entity_type":"survey_respondent_public","respondent_id":"CH-HJULXC","instrument":"chouf_2026","area_name_en":"Mazraat Ech-Chouf","area_name_ar":"مزرعة","geom_origin":"cadastral_unit_centre","spatial_precision":"cadastral_unit","spread_m":150,"c__owns_land":"yes","c__land_size_band":"lt_5_dunum","c__soil_types":"calcareous","c__crop_groups":"vegetables","c__water_sources":"tanker","c__water_availability":"never","c__water_scarcity":"yes","c__irrigation_need_change":"increase","c__energy_sources":"solar","c__production_level":"medium","c__coop_member":"no","c__homes_trad_food":"some","c__seed_criteria":"pest_resistance","c__seed_sources":"shop","c__seed_challenges":"low_availability","c__traditional_seed_knowledge":"no","c__soil_enhancers":"compost","c__chem_fertilizer_reliance":"not_used","c__pest_control":"physical","c__pesticide_reliance":"not_used","c__marketing_challenges":"low_prices","c__logistics_challenges":"high_transport_cost","c__climate_change_noticed":"no","c__climate_changes":"temperature_rise","c__climate_impacts":"production_decrease","c__info_sources":"extension_agents","c__raises_poultry":"no","c__farmer_type":"type_c","c__low_input_practices":"yes","values":{"owns_land":"yes","land_size_band":"lt_5_dunum","soil_types":["calcareous"],"crop_groups":["vegetables"],"water_sources":["tanker","storage"],"water_availability":"never","water_scarcity":"yes","irrigation_need_change":"increase","energy_sources":["solar"],"production_level":"medium","coop_member":"no","homes_trad_food":"some","seed_criteria":["pest_resistance"],"seed_sources":["shop"],"seed_challenges":["low_availability"],"traditional_seed_knowledge":"no","soil_enhancers":["compost","biofertilizer","manure"],"chem_fertilizer_reliance":"not_used","pest_control":["physical"],"pesticide_reliance":"not_used","marketing_challenges":["low_prices"],"logistics_challenges":["high_transport_cost"],"climate_change_noticed":"no","climate_changes":["temperature_rise","rainfall_decrease"],"climate_impacts":["production_decrease","pests_diseases"],"info_sources":["extension_agents","supply_shops"],"raises_poultry":"no","poultry_purpose":null,"farmer_type":"type_c","low_input_practices":"yes"},"status":{"owns_land":"reported","land_size_band":"reported","soil_types":"reported","crop_groups":"reported","water_sources":"reported","water_availability":"reported","water_scarcity":"reported","irrigation_need_change":"reported","energy_sources":"reported","production_level":"reported","coop_member":"reported","homes_trad_food":"reported","seed_criteria":"reported","seed_sources":"reported","seed_challenges":"reported","traditional_seed_knowledge":"reported","soil_enhancers":"reported","chem_fertilizer_reliance":"reported","pest_control":"reported","pesticide_reliance":"reported","marketing_challenges":"reported","logistics_challenges":"reported","climate_change_noticed":"reported","climate_changes":"reported","climate_impacts":"reported","info_sources":"reported","raises_poultry":"reported","poultry_purpose":"not_applicable","farmer_type":"reported","low_input_practices":"reported"}}},{"type":"Feature","id":"CH-HPD27T:chouf_2026","geometry":{"type":"Point","coordinates":[35.59263,33.64839]},"properties":{"entity_type":"survey_respondent_public","respondent_id":"CH-HPD27T","instrument":"chouf_2026","area_name_en":"Kahlouniet Ech-Chouf","area_name_ar":"كحلونية الشوف","geom_origin":"cadastral_unit_centre","spatial_precision":"cadastral_unit","spread_m":150,"c__owns_land":"no","c__land_size_band":"gt_2_ha","c__soil_types":"calcareous","c__water_sources":"rain","c__water_availability":"never","c__water_scarcity":"no","c__irrigation_need_change":"increase","c__energy_sources":"manual","c__production_level":"medium","c__coop_member":"yes","c__homes_trad_food":"few","c__seed_criteria":"price","c__seed_sources":"shop","c__seed_challenges":"high_cost","c__traditional_seed_knowledge":"no","c__soil_enhancers":"compost","c__pest_control":"physical","c__pesticide_reliance":"not_used","c__marketing_challenges":"low_prices","c__logistics_challenges":"high_transport_cost","c__climate_change_noticed":"yes","c__climate_changes":"temperature_rise","c__climate_impacts":"production_decrease","c__info_sources":"social_media","c__raises_poultry":"no","c__farmer_type":"type_c","c__low_input_practices":"yes","values":{"owns_land":"no","land_size_band":"gt_2_ha","soil_types":["calcareous"],"crop_groups":null,"water_sources":["rain"],"water_availability":"never","water_scarcity":"no","irrigation_need_change":"increase","energy_sources":["manual"],"production_level":"medium","coop_member":"yes","homes_trad_food":"few","seed_criteria":["price","productivity","pest_resistance"],"seed_sources":["shop","own_harvest"],"seed_challenges":["high_cost","low_availability"],"traditional_seed_knowledge":"no","soil_enhancers":["compost","manure"],"chem_fertilizer_reliance":null,"pest_control":["physical"],"pesticide_reliance":"not_used","marketing_challenges":["low_prices","poor_packaging"],"logistics_challenges":["high_transport_cost"],"climate_change_noticed":"yes","climate_changes":["temperature_rise","rainfall_decrease"],"climate_impacts":["production_decrease","pests_diseases","pollination"],"info_sources":["social_media","extension_agents"],"raises_poultry":"no","poultry_purpose":null,"farmer_type":"type_c","low_input_practices":"yes"},"status":{"owns_land":"reported","land_size_band":"reported","soil_types":"reported","crop_groups":"not_provided","water_sources":"reported","water_availability":"reported","water_scarcity":"reported","irrigation_need_change":"reported","energy_sources":"reported","production_level":"reported","coop_member":"reported","homes_trad_food":"reported","seed_criteria":"reported","seed_sources":"reported","seed_challenges":"reported","traditional_seed_knowledge":"reported","soil_enhancers":"reported","chem_fertilizer_reliance":"not_provided","pest_control":"reported","pesticide_reliance":"reported","marketing_challenges":"reported","logistics_challenges":"reported","climate_change_noticed":"reported","climate_changes":"reported","climate_impacts":"reported","info_sources":"reported","raises_poultry":"reported","poultry_purpose":"not_applicable","farmer_type":"reported","low_input_practices":"reported"}}},{"type":"Feature","id":"CH-HWQR2L:chouf_2026","geometry":{"type":"Point","coordinates":[35.53656,33.62773]},"properties":{"entity_type":"survey_respondent_public","respondent_id":"CH-HWQR2L","instrument":"chouf_2026","area_name_en":"Chouf","area_name_ar":"الشوف","geom_origin":"district_centre","spatial_precision":"district","spread_m":500,"c__owns_land":"yes","c__land_size_band":"lt_5_dunum","c__soil_types":"loamy","c__crop_groups":"other_fruits","c__water_sources":"canal","c__water_availability":"rarely","c__water_scarcity":"yes","c__irrigation_need_change":"unsure","c__energy_sources":"manual","c__production_level":"medium","c__coop_member":"no","c__homes_trad_food":"few","c__seed_criteria":"price","c__seed_sources":"shop","c__seed_challenges":"high_cost","c__traditional_seed_knowledge":"no","c__soil_enhancers":"chemical","c__chem_fertilizer_reliance":"partial","c__pest_control":"chemical","c__pesticide_reliance":"total","c__marketing_challenges":"low_prices","c__logistics_challenges":"high_transport_cost","c__climate_change_noticed":"yes","c__climate_changes":"rainfall_decrease","c__climate_impacts":"production_decrease","c__info_sources":"social_media","c__raises_poultry":"yes","c__poultry_purpose":"home_consumption","c__farmer_type":"type_a","c__low_input_practices":"no","values":{"owns_land":"yes","land_size_band":"lt_5_dunum","soil_types":["loamy"],"crop_groups":["other_fruits","legumes"],"water_sources":["canal"],"water_availability":"rarely","water_scarcity":"yes","irrigation_need_change":"unsure","energy_sources":["manual"],"production_level":"medium","coop_member":"no","homes_trad_food":"few","seed_criteria":["price","productivity","pest_resistance"],"seed_sources":["shop","own_harvest"],"seed_challenges":["high_cost","low_availability"],"traditional_seed_knowledge":"no","soil_enhancers":["chemical"],"chem_fertilizer_reliance":"partial","pest_control":["chemical"],"pesticide_reliance":"total","marketing_challenges":["low_prices","far_markets"],"logistics_challenges":["high_transport_cost"],"climate_change_noticed":"yes","climate_changes":["rainfall_decrease"],"climate_impacts":["production_decrease","season_delay"],"info_sources":["social_media"],"raises_poultry":"yes","poultry_purpose":["home_consumption"],"farmer_type":"type_a","low_input_practices":"no"},"status":{"owns_land":"reported","land_size_band":"reported","soil_types":"reported","crop_groups":"reported","water_sources":"reported","water_availability":"reported","water_scarcity":"reported","irrigation_need_change":"reported","energy_sources":"reported","production_level":"reported","coop_member":"reported","homes_trad_food":"reported","seed_criteria":"reported","seed_sources":"reported","seed_challenges":"reported","traditional_seed_knowledge":"reported","soil_enhancers":"reported","chem_fertilizer_reliance":"reported","pest_control":"reported","pesticide_reliance":"reported","marketing_challenges":"reported","logistics_challenges":"reported","climate_change_noticed":"reported","climate_changes":"reported","climate_impacts":"reported","info_sources":"reported","raises_poultry":"reported","poultry_purpose":"reported","farmer_type":"reported","low_input_practices":"reported"}}},{"type":"Feature","id":"CH-J8849L:chouf_2026","geometry":{"type":"Point","coordinates":[35.6704,33.71781]},"properties":{"entity_type":"survey_respondent_public","respondent_id":"CH-J8849L","instrument":"chouf_2026","area_name_en":"Ouarhaniyeh","area_name_ar":"ورهانية","geom_origin":"cadastral_unit_centre","spatial_precision":"cadastral_unit","spread_m":150,"c__owns_land":"yes","c__land_size_band":"lt_1_ha","c__soil_types":"clay","c__crop_groups":"apples_pears","c__water_sources":"canal","c__water_availability":"sometimes","c__water_scarcity":"no","c__irrigation_need_change":"increase","c__energy_sources":"manual","c__production_level":"small","c__coop_member":"no","c__homes_trad_food":"some","c__seed_criteria":"price","c__seed_sources":"shop","c__seed_challenges":"high_cost","c__traditional_seed_knowledge":"no","c__soil_enhancers":"chemical","c__chem_fertilizer_reliance":"partial","c__pest_control":"chemical","c__pesticide_reliance":"total","c__marketing_challenges":"low_prices","c__climate_change_noticed":"yes","c__climate_changes":"temperature_rise","c__climate_impacts":"production_decrease","c__info_sources":"supply_shops","c__raises_poultry":"yes","c__poultry_purpose":"home_consumption","c__farmer_type":"type_b","c__low_input_practices":"yes","values":{"owns_land":"yes","land_size_band":"lt_1_ha","soil_types":["clay"],"crop_groups":["apples_pears","stone_fruits"],"water_sources":["canal"],"water_availability":"sometimes","water_scarcity":"no","irrigation_need_change":"increase","energy_sources":["manual"],"production_level":"small","coop_member":"no","homes_trad_food":"some","seed_criteria":["price","productivity"],"seed_sources":["shop","neighbour","own_harvest"],"seed_challenges":["high_cost","low_availability","unreliable_suppliers"],"traditional_seed_knowledge":"no","soil_enhancers":["chemical","biofertilizer","manure"],"chem_fertilizer_reliance":"partial","pest_control":["chemical","physical"],"pesticide_reliance":"total","marketing_challenges":["low_prices","far_markets"],"logistics_challenges":null,"climate_change_noticed":"yes","climate_changes":["temperature_rise","heatwaves","frost"],"climate_impacts":["production_decrease","season_delay","pests_diseases"],"info_sources":["supply_shops"],"raises_poultry":"yes","poultry_purpose":["home_consumption","local_sale"],"farmer_type":"type_b","low_input_practices":"yes"},"status":{"owns_land":"reported","land_size_band":"reported","soil_types":"reported","crop_groups":"reported","water_sources":"reported","water_availability":"reported","water_scarcity":"reported","irrigation_need_change":"reported","energy_sources":"reported","production_level":"reported","coop_member":"reported","homes_trad_food":"reported","seed_criteria":"reported","seed_sources":"reported","seed_challenges":"reported","traditional_seed_knowledge":"reported","soil_enhancers":"reported","chem_fertilizer_reliance":"reported","pest_control":"reported","pesticide_reliance":"reported","marketing_challenges":"reported","logistics_challenges":"not_provided","climate_change_noticed":"reported","climate_changes":"reported","climate_impacts":"reported","info_sources":"reported","raises_poultry":"reported","poultry_purpose":"reported","farmer_type":"reported","low_input_practices":"reported"}}},{"type":"Feature","id":"CH-JBFDKV:chouf_2026","geometry":{"type":"Point","coordinates":[35.54094,33.6679]},"properties":{"entity_type":"survey_respondent_public","respondent_id":"CH-JBFDKV","instrument":"chouf_2026","area_name_en":"Baaqline","area_name_ar":"بعقلين","geom_origin":"cadastral_unit_centre","spatial_precision":"cadastral_unit","spread_m":150,"c__owns_land":"yes","c__land_size_band":"lt_1_ha","c__soil_types":"loamy","c__crop_groups":"vegetables","c__water_sources":"public_network","c__water_availability":"never","c__water_scarcity":"yes","c__irrigation_need_change":"increase","c__energy_sources":"none","c__production_level":"medium","c__coop_member":"no","c__homes_trad_food":"most","c__seed_criteria":"price","c__seed_sources":"shop","c__seed_challenges":"high_cost","c__traditional_seed_knowledge":"no","c__soil_enhancers":"chemical","c__chem_fertilizer_reliance":"partial","c__pest_control":"chemical","c__pesticide_reliance":"total","c__marketing_challenges":"low_prices","c__logistics_challenges":"high_transport_cost","c__climate_change_noticed":"yes","c__climate_changes":"temperature_rise","c__climate_impacts":"production_decrease","c__info_sources":"social_media","c__raises_poultry":"no","c__farmer_type":"type_a","c__low_input_practices":"yes","values":{"owns_land":"yes","land_size_band":"lt_1_ha","soil_types":["loamy"],"crop_groups":["vegetables"],"water_sources":["public_network"],"water_availability":"never","water_scarcity":"yes","irrigation_need_change":"increase","energy_sources":["none"],"production_level":"medium","coop_member":"no","homes_trad_food":"most","seed_criteria":["price","productivity","pest_resistance"],"seed_sources":["shop"],"seed_challenges":["high_cost","low_availability","unsuitable"],"traditional_seed_knowledge":"no","soil_enhancers":["chemical","manure"],"chem_fertilizer_reliance":"partial","pest_control":["chemical"],"pesticide_reliance":"total","marketing_challenges":["low_prices"],"logistics_challenges":["high_transport_cost"],"climate_change_noticed":"yes","climate_changes":["temperature_rise","rainfall_decrease"],"climate_impacts":["production_decrease","season_delay","pests_diseases"],"info_sources":["social_media","extension_agents","supply_shops"],"raises_poultry":"no","poultry_purpose":null,"farmer_type":"type_a","low_input_practices":"yes"},"status":{"owns_land":"reported","land_size_band":"reported","soil_types":"reported","crop_groups":"reported","water_sources":"reported","water_availability":"reported","water_scarcity":"reported","irrigation_need_change":"reported","energy_sources":"reported","production_level":"reported","coop_member":"reported","homes_trad_food":"reported","seed_criteria":"reported","seed_sources":"reported","seed_challenges":"reported","traditional_seed_knowledge":"reported","soil_enhancers":"reported","chem_fertilizer_reliance":"reported","pest_control":"reported","pesticide_reliance":"reported","marketing_challenges":"reported","logistics_challenges":"reported","climate_change_noticed":"reported","climate_changes":"reported","climate_impacts":"reported","info_sources":"reported","raises_poultry":"reported","poultry_purpose":"not_applicable","farmer_type":"reported","low_input_practices":"reported"}}},{"type":"Feature","id":"CH-JC5DPE:chouf_2026","geometry":{"type":"Point","coordinates":[35.53656,33.62773]},"properties":{"entity_type":"survey_respondent_public","respondent_id":"CH-JC5DPE","instrument":"chouf_2026","area_name_en":"Chouf","area_name_ar":"الشوف","geom_origin":"district_centre","spatial_precision":"district","spread_m":500,"c__owns_land":"yes","c__land_size_band":"lt_5_dunum","c__soil_types":"clay","c__crop_groups":"olives","c__water_sources":"storage","c__water_availability":"rarely","c__water_scarcity":"yes","c__irrigation_need_change":"increase","c__energy_sources":"manual","c__production_level":"small","c__coop_member":"no","c__homes_trad_food":"some","c__seed_criteria":"price","c__seed_sources":"shop","c__seed_challenges":"high_cost","c__traditional_seed_knowledge":"no","c__soil_enhancers":"compost","c__chem_fertilizer_reliance":"not_used","c__pest_control":"biological","c__pesticide_reliance":"not_used","c__marketing_challenges":"weak_demand","c__logistics_challenges":"no_paved_roads","c__climate_change_noticed":"yes","c__climate_changes":"rainfall_decrease","c__climate_impacts":"production_decrease","c__info_sources":"extension_agents","c__raises_poultry":"no","c__poultry_purpose":"local_sale","c__farmer_type":"type_c","c__low_input_practices":"yes","values":{"owns_land":"yes","land_size_band":"lt_5_dunum","soil_types":["clay"],"crop_groups":["olives","vegetables"],"water_sources":["storage"],"water_availability":"rarely","water_scarcity":"yes","irrigation_need_change":"increase","energy_sources":["manual"],"production_level":"small","coop_member":"no","homes_trad_food":"some","seed_criteria":["price","productivity","pest_resistance"],"seed_sources":["shop"],"seed_challenges":["high_cost","low_availability"],"traditional_seed_knowledge":"no","soil_enhancers":["compost","manure"],"chem_fertilizer_reliance":"not_used","pest_control":["biological"],"pesticide_reliance":"not_used","marketing_challenges":["weak_demand"],"logistics_challenges":["no_paved_roads"],"climate_change_noticed":"yes","climate_changes":["rainfall_decrease","heatwaves","frost"],"climate_impacts":["production_decrease","season_delay","pests_diseases","pollination"],"info_sources":["extension_agents"],"raises_poultry":"no","poultry_purpose":["local_sale"],"farmer_type":"type_c","low_input_practices":"yes"},"status":{"owns_land":"reported","land_size_band":"reported","soil_types":"reported","crop_groups":"reported","water_sources":"reported","water_availability":"reported","water_scarcity":"reported","irrigation_need_change":"reported","energy_sources":"reported","production_level":"reported","coop_member":"reported","homes_trad_food":"reported","seed_criteria":"reported","seed_sources":"reported","seed_challenges":"reported","traditional_seed_knowledge":"reported","soil_enhancers":"reported","chem_fertilizer_reliance":"reported","pest_control":"reported","pesticide_reliance":"reported","marketing_challenges":"reported","logistics_challenges":"reported","climate_change_noticed":"reported","climate_changes":"reported","climate_impacts":"reported","info_sources":"reported","raises_poultry":"reported","poultry_purpose":"reported","farmer_type":"reported","low_input_practices":"reported"}}},{"type":"Feature","id":"CH-JFTF3M:chouf_2026","geometry":{"type":"Point","coordinates":[35.6526,33.69324]},"properties":{"entity_type":"survey_respondent_public","respondent_id":"CH-JFTF3M","instrument":"chouf_2026","area_name_en":"Batloun","area_name_ar":"بتلون","geom_origin":"cadastral_unit_centre","spatial_precision":"cadastral_unit","spread_m":150,"c__owns_land":"yes","c__land_size_band":"lt_5_dunum","c__soil_types":"clay","c__crop_groups":"vegetables","c__water_sources":"tanker","c__water_availability":"rarely","c__water_scarcity":"yes","c__irrigation_need_change":"decrease","c__energy_sources":"none","c__production_level":"small","c__coop_member":"no","c__homes_trad_food":"most","c__seed_criteria":"productivity","c__seed_sources":"shop","c__seed_challenges":"high_cost","c__traditional_seed_knowledge":"no","c__soil_enhancers":"compost","c__pest_control":"biological","c__logistics_challenges":"no_transport","c__climate_change_noticed":"yes","c__climate_changes":"temperature_rise","c__climate_impacts":"production_decrease","c__info_sources":"social_media","c__raises_poultry":"no","c__farmer_type":"type_c","c__low_input_practices":"yes","values":{"owns_land":"yes","land_size_band":"lt_5_dunum","soil_types":["clay"],"crop_groups":["vegetables"],"water_sources":["tanker","canal","storage"],"water_availability":"rarely","water_scarcity":"yes","irrigation_need_change":"decrease","energy_sources":["none"],"production_level":"small","coop_member":"no","homes_trad_food":"most","seed_criteria":["productivity","pest_resistance"],"seed_sources":["shop","neighbour","own_harvest"],"seed_challenges":["high_cost","low_availability","unsuitable"],"traditional_seed_knowledge":"no","soil_enhancers":["compost","manure"],"chem_fertilizer_reliance":null,"pest_control":["biological"],"pesticide_reliance":null,"marketing_challenges":null,"logistics_challenges":["no_transport"],"climate_change_noticed":"yes","climate_changes":["temperature_rise","rainfall_decrease","heatwaves","frost"],"climate_impacts":["production_decrease","season_delay","pests_diseases","pollination"],"info_sources":["social_media"],"raises_poultry":"no","poultry_purpose":null,"farmer_type":"type_c","low_input_practices":"yes"},"status":{"owns_land":"reported","land_size_band":"reported","soil_types":"reported","crop_groups":"reported","water_sources":"reported","water_availability":"reported","water_scarcity":"reported","irrigation_need_change":"reported","energy_sources":"reported","production_level":"reported","coop_member":"reported","homes_trad_food":"reported","seed_criteria":"reported","seed_sources":"reported","seed_challenges":"reported","traditional_seed_knowledge":"reported","soil_enhancers":"reported","chem_fertilizer_reliance":"not_provided","pest_control":"reported","pesticide_reliance":"not_provided","marketing_challenges":"not_provided","logistics_challenges":"reported","climate_change_noticed":"reported","climate_changes":"reported","climate_impacts":"reported","info_sources":"reported","raises_poultry":"reported","poultry_purpose":"not_applicable","farmer_type":"reported","low_input_practices":"reported"}}},{"type":"Feature","id":"CH-JX2GU7:chouf_2026","geometry":{"type":"Point","coordinates":[35.59263,33.64839]},"properties":{"entity_type":"survey_respondent_public","respondent_id":"CH-JX2GU7","instrument":"chouf_2026","area_name_en":"Kahlouniet Ech-Chouf","area_name_ar":"كحلونية الشوف","geom_origin":"cadastral_unit_centre","spatial_precision":"cadastral_unit","spread_m":150,"c__owns_land":"yes","c__land_size_band":"lt_5_dunum","c__soil_types":"loamy","c__crop_groups":"vegetables","c__water_sources":"tanker","c__water_availability":"never","c__water_scarcity":"yes","c__irrigation_need_change":"unsure","c__energy_sources":"manual","c__production_level":"small","c__coop_member":"no","c__homes_trad_food":"few","c__seed_criteria":"price","c__seed_sources":"shop","c__seed_challenges":"high_cost","c__traditional_seed_knowledge":"yes","c__soil_enhancers":"manure","c__chem_fertilizer_reliance":"not_used","c__pest_control":"local","c__pesticide_reliance":"partial","c__marketing_challenges":"low_prices","c__logistics_challenges":"no_paved_roads","c__climate_change_noticed":"yes","c__climate_changes":"rainfall_decrease","c__climate_impacts":"production_decrease","c__info_sources":"social_media","c__raises_poultry":"yes","c__poultry_purpose":"home_consumption","c__farmer_type":"type_d","c__low_input_practices":"yes","values":{"owns_land":"yes","land_size_band":"lt_5_dunum","soil_types":["loamy"],"crop_groups":["vegetables"],"water_sources":["tanker","storage"],"water_availability":"never","water_scarcity":"yes","irrigation_need_change":"unsure","energy_sources":["manual"],"production_level":"small","coop_member":"no","homes_trad_food":"few","seed_criteria":["price"],"seed_sources":["shop"],"seed_challenges":["high_cost"],"traditional_seed_knowledge":"yes","soil_enhancers":["manure"],"chem_fertilizer_reliance":"not_used","pest_control":["local"],"pesticide_reliance":"partial","marketing_challenges":["low_prices"],"logistics_challenges":["no_paved_roads"],"climate_change_noticed":"yes","climate_changes":["rainfall_decrease"],"climate_impacts":["production_decrease"],"info_sources":["social_media"],"raises_poultry":"yes","poultry_purpose":["home_consumption"],"farmer_type":"type_d","low_input_practices":"yes"},"status":{"owns_land":"reported","land_size_band":"reported","soil_types":"reported","crop_groups":"reported","water_sources":"reported","water_availability":"reported","water_scarcity":"reported","irrigation_need_change":"reported","energy_sources":"reported","production_level":"reported","coop_member":"reported","homes_trad_food":"reported","seed_criteria":"reported","seed_sources":"reported","seed_challenges":"reported","traditional_seed_knowledge":"reported","soil_enhancers":"reported","chem_fertilizer_reliance":"reported","pest_control":"reported","pesticide_reliance":"reported","marketing_challenges":"reported","logistics_challenges":"reported","climate_change_noticed":"reported","climate_changes":"reported","climate_impacts":"reported","info_sources":"reported","raises_poultry":"reported","poultry_purpose":"reported","farmer_type":"reported","low_input_practices":"reported"}}},{"type":"Feature","id":"CH-JYKK6A:chouf_2026","geometry":{"type":"Point","coordinates":[35.63089,33.69785]},"properties":{"entity_type":"survey_respondent_public","respondent_id":"CH-JYKK6A","instrument":"chouf_2026","area_name_en":"Kfar Nabrakh","area_name_ar":"كفرنبرخ","geom_origin":"cadastral_unit_centre","spatial_precision":"cadastral_unit","spread_m":150,"c__owns_land":"yes","c__land_size_band":"lt_5_dunum","c__soil_types":"clay","c__crop_groups":"vegetables","c__water_sources":"canal","c__water_availability":"sometimes","c__water_scarcity":"no","c__irrigation_need_change":"increase","c__energy_sources":"diesel","c__production_level":"medium","c__coop_member":"no","c__homes_trad_food":"few","c__seed_criteria":"productivity","c__seed_sources":"own_harvest","c__seed_challenges":"high_cost","c__traditional_seed_knowledge":"no","c__soil_enhancers":"chemical","c__chem_fertilizer_reliance":"total","c__pest_control":"chemical","c__pesticide_reliance":"total","c__marketing_challenges":"low_prices","c__logistics_challenges":"high_transport_cost","c__climate_change_noticed":"yes","c__climate_changes":"rainfall_decrease","c__climate_impacts":"pests_diseases","c__info_sources":"supply_shops","c__raises_poultry":"no","c__farmer_type":"type_a","c__low_input_practices":"no","values":{"owns_land":"yes","land_size_band":"lt_5_dunum","soil_types":["clay"],"crop_groups":["vegetables"],"water_sources":["canal"],"water_availability":"sometimes","water_scarcity":"no","irrigation_need_change":"increase","energy_sources":["diesel"],"production_level":"medium","coop_member":"no","homes_trad_food":"few","seed_criteria":["productivity"],"seed_sources":["own_harvest"],"seed_challenges":["high_cost"],"traditional_seed_knowledge":"no","soil_enhancers":["chemical"],"chem_fertilizer_reliance":"total","pest_control":["chemical"],"pesticide_reliance":"total","marketing_challenges":["low_prices"],"logistics_challenges":["high_transport_cost","no_paved_roads"],"climate_change_noticed":"yes","climate_changes":["rainfall_decrease","heatwaves"],"climate_impacts":["pests_diseases"],"info_sources":["supply_shops"],"raises_poultry":"no","poultry_purpose":null,"farmer_type":"type_a","low_input_practices":"no"},"status":{"owns_land":"reported","land_size_band":"reported","soil_types":"reported","crop_groups":"reported","water_sources":"reported","water_availability":"reported","water_scarcity":"reported","irrigation_need_change":"reported","energy_sources":"reported","production_level":"reported","coop_member":"reported","homes_trad_food":"reported","seed_criteria":"reported","seed_sources":"reported","seed_challenges":"reported","traditional_seed_knowledge":"reported","soil_enhancers":"reported","chem_fertilizer_reliance":"reported","pest_control":"reported","pesticide_reliance":"reported","marketing_challenges":"reported","logistics_challenges":"reported","climate_change_noticed":"reported","climate_changes":"reported","climate_impacts":"reported","info_sources":"reported","raises_poultry":"reported","poultry_purpose":"not_applicable","farmer_type":"reported","low_input_practices":"reported"}}},{"type":"Feature","id":"CH-K6QX6K:chouf_2026","geometry":{"type":"Point","coordinates":[35.53656,33.62773]},"properties":{"entity_type":"survey_respondent_public","respondent_id":"CH-K6QX6K","instrument":"chouf_2026","area_name_en":"Chouf","area_name_ar":"الشوف","geom_origin":"district_centre","spatial_precision":"district","spread_m":500,"c__owns_land":"yes","c__land_size_band":"lt_1_ha","c__soil_types":"clay","c__crop_groups":"olives","c__water_sources":"rain","c__water_availability":"always","c__water_scarcity":"no","c__irrigation_need_change":"decrease","c__energy_sources":"none","c__production_level":"medium","c__coop_member":"no","c__homes_trad_food":"some","c__seed_criteria":"productivity","c__seed_sources":"nursery","c__seed_challenges":"none","c__traditional_seed_knowledge":"no","c__soil_enhancers":"manure","c__pest_control":"physical","c__marketing_challenges":"weak_demand","c__logistics_challenges":"high_transport_cost","c__climate_change_noticed":"yes","c__climate_changes":"temperature_rise","c__climate_impacts":"pests_diseases","c__info_sources":"social_media","c__raises_poultry":"yes","c__poultry_purpose":"home_consumption","c__farmer_type":"type_c","c__low_input_practices":"yes","values":{"owns_land":"yes","land_size_band":"lt_1_ha","soil_types":["clay"],"crop_groups":["olives"],"water_sources":["rain"],"water_availability":"always","water_scarcity":"no","irrigation_need_change":"decrease","energy_sources":["none"],"production_level":"medium","coop_member":"no","homes_trad_food":"some","seed_criteria":["productivity"],"seed_sources":["nursery"],"seed_challenges":["none"],"traditional_seed_knowledge":"no","soil_enhancers":["manure"],"chem_fertilizer_reliance":null,"pest_control":["physical"],"pesticide_reliance":null,"marketing_challenges":["weak_demand","no_transport"],"logistics_challenges":["high_transport_cost"],"climate_change_noticed":"yes","climate_changes":["temperature_rise","rainfall_decrease","heatwaves"],"climate_impacts":["pests_diseases","pollination"],"info_sources":["social_media","extension_agents"],"raises_poultry":"yes","poultry_purpose":["home_consumption"],"farmer_type":"type_c","low_input_practices":"yes"},"status":{"owns_land":"reported","land_size_band":"reported","soil_types":"reported","crop_groups":"reported","water_sources":"reported","water_availability":"reported","water_scarcity":"reported","irrigation_need_change":"reported","energy_sources":"reported","production_level":"reported","coop_member":"reported","homes_trad_food":"reported","seed_criteria":"reported","seed_sources":"reported","seed_challenges":"reported","traditional_seed_knowledge":"reported","soil_enhancers":"reported","chem_fertilizer_reliance":"not_provided","pest_control":"reported","pesticide_reliance":"not_provided","marketing_challenges":"reported","logistics_challenges":"reported","climate_change_noticed":"reported","climate_changes":"reported","climate_impacts":"reported","info_sources":"reported","raises_poultry":"reported","poultry_purpose":"reported","farmer_type":"reported","low_input_practices":"reported"}}},{"type":"Feature","id":"CH-K8GKU2:chouf_2026","geometry":{"type":"Point","coordinates":[35.53656,33.62773]},"properties":{"entity_type":"survey_respondent_public","respondent_id":"CH-K8GKU2","instrument":"chouf_2026","area_name_en":"Chouf","area_name_ar":"الشوف","geom_origin":"district_centre","spatial_precision":"district","spread_m":500,"c__owns_land":"yes","c__land_size_band":"lt_1_ha","c__soil_types":"clay","c__crop_groups":"olives","c__water_sources":"river","c__water_availability":"always","c__water_scarcity":"no","c__irrigation_need_change":"increase","c__energy_sources":"manual","c__production_level":"small","c__coop_member":"no","c__homes_trad_food":"some","c__seed_criteria":"productivity","c__seed_sources":"shop","c__seed_challenges":"low_availability","c__traditional_seed_knowledge":"no","c__soil_enhancers":"chemical","c__chem_fertilizer_reliance":"partial","c__pest_control":"chemical","c__pesticide_reliance":"total","c__marketing_challenges":"weak_demand","c__logistics_challenges":"high_transport_cost","c__climate_change_noticed":"yes","c__climate_changes":"temperature_rise","c__climate_impacts":"production_decrease","c__info_sources":"social_media","c__raises_poultry":"yes","c__poultry_purpose":"home_consumption","c__farmer_type":"type_b","c__low_input_practices":"yes","values":{"owns_land":"yes","land_size_band":"lt_1_ha","soil_types":["clay"],"crop_groups":["olives","vegetables"],"water_sources":["river"],"water_availability":"always","water_scarcity":"no","irrigation_need_change":"increase","energy_sources":["manual"],"production_level":"small","coop_member":"no","homes_trad_food":"some","seed_criteria":["productivity","pest_resistance"],"seed_sources":["shop"],"seed_challenges":["low_availability","unreliable_suppliers"],"traditional_seed_knowledge":"no","soil_enhancers":["chemical","manure"],"chem_fertilizer_reliance":"partial","pest_control":["chemical"],"pesticide_reliance":"total","marketing_challenges":["weak_demand"],"logistics_challenges":["high_transport_cost"],"climate_change_noticed":"yes","climate_changes":["temperature_rise","rainfall_decrease"],"climate_impacts":["production_decrease","pests_diseases"],"info_sources":["social_media","extension_agents"],"raises_poultry":"yes","poultry_purpose":["home_consumption"],"farmer_type":"type_b","low_input_practices":"yes"},"status":{"owns_land":"reported","land_size_band":"reported","soil_types":"reported","crop_groups":"reported","water_sources":"reported","water_availability":"reported","water_scarcity":"reported","irrigation_need_change":"reported","energy_sources":"reported","production_level":"reported","coop_member":"reported","homes_trad_food":"reported","seed_criteria":"reported","seed_sources":"reported","seed_challenges":"reported","traditional_seed_knowledge":"reported","soil_enhancers":"reported","chem_fertilizer_reliance":"reported","pest_control":"reported","pesticide_reliance":"reported","marketing_challenges":"reported","logistics_challenges":"reported","climate_change_noticed":"reported","climate_changes":"reported","climate_impacts":"reported","info_sources":"reported","raises_poultry":"reported","poultry_purpose":"reported","farmer_type":"reported","low_input_practices":"reported"}}},{"type":"Feature","id":"CH-K8LPQF:chouf_2026","geometry":{"type":"Point","coordinates":[35.53656,33.62773]},"properties":{"entity_type":"survey_respondent_public","respondent_id":"CH-K8LPQF","instrument":"chouf_2026","area_name_en":"Chouf","area_name_ar":"الشوف","geom_origin":"district_centre","spatial_precision":"district","spread_m":500,"c__owns_land":"yes","c__land_size_band":"lt_5_dunum","c__soil_types":"loamy","c__crop_groups":"vegetables","c__water_sources":"canal","c__water_availability":"sometimes","c__water_scarcity":"yes","c__irrigation_need_change":"decrease","c__energy_sources":"gravity","c__production_level":"medium","c__coop_member":"no","c__homes_trad_food":"some","c__seed_criteria":"price","c__seed_sources":"shop","c__seed_challenges":"high_cost","c__traditional_seed_knowledge":"no","c__soil_enhancers":"manure","c__chem_fertilizer_reliance":"partial","c__pest_control":"chemical","c__pesticide_reliance":"total","c__marketing_challenges":"low_prices","c__logistics_challenges":"high_transport_cost","c__climate_change_noticed":"yes","c__climate_changes":"rainfall_decrease","c__climate_impacts":"production_decrease","c__info_sources":"supply_shops","c__raises_poultry":"no","c__poultry_purpose":"home_consumption","c__farmer_type":"type_a","c__low_input_practices":"yes","values":{"owns_land":"yes","land_size_band":"lt_5_dunum","soil_types":["loamy"],"crop_groups":["vegetables","legumes"],"water_sources":["canal","spring"],"water_availability":"sometimes","water_scarcity":"yes","irrigation_need_change":"decrease","energy_sources":["gravity"],"production_level":"medium","coop_member":"no","homes_trad_food":"some","seed_criteria":["price"],"seed_sources":["shop","own_harvest"],"seed_challenges":["high_cost","low_availability"],"traditional_seed_knowledge":"no","soil_enhancers":["manure"],"chem_fertilizer_reliance":"partial","pest_control":["chemical"],"pesticide_reliance":"total","marketing_challenges":["low_prices"],"logistics_challenges":["high_transport_cost"],"climate_change_noticed":"yes","climate_changes":["rainfall_decrease","heatwaves"],"climate_impacts":["production_decrease"],"info_sources":["supply_shops"],"raises_poultry":"no","poultry_purpose":["home_consumption"],"farmer_type":"type_a","low_input_practices":"yes"},"status":{"owns_land":"reported","land_size_band":"reported","soil_types":"reported","crop_groups":"reported","water_sources":"reported","water_availability":"reported","water_scarcity":"reported","irrigation_need_change":"reported","energy_sources":"reported","production_level":"reported","coop_member":"reported","homes_trad_food":"reported","seed_criteria":"reported","seed_sources":"reported","seed_challenges":"reported","traditional_seed_knowledge":"reported","soil_enhancers":"reported","chem_fertilizer_reliance":"reported","pest_control":"reported","pesticide_reliance":"reported","marketing_challenges":"reported","logistics_challenges":"reported","climate_change_noticed":"reported","climate_changes":"reported","climate_impacts":"reported","info_sources":"reported","raises_poultry":"reported","poultry_purpose":"reported","farmer_type":"reported","low_input_practices":"reported"}}},{"type":"Feature","id":"CH-K9HGHV:chouf_2026","geometry":{"type":"Point","coordinates":[35.41226,33.59196]},"properties":{"entity_type":"survey_respondent_public","respondent_id":"CH-K9HGHV","instrument":"chouf_2026","area_name_en":"Aalmane Ech-Chouf","area_name_ar":"علمان الشوف","geom_origin":"cadastral_unit_centre","spatial_precision":"cadastral_unit","spread_m":150,"c__owns_land":"yes","c__land_size_band":"lt_5_dunum","c__soil_types":"loamy","c__crop_groups":"citrus","c__water_sources":"well","c__water_availability":"always","c__water_scarcity":"no","c__irrigation_need_change":"unsure","c__energy_sources":"diesel","c__production_level":"medium","c__coop_member":"no","c__homes_trad_food":"almost_all","c__seed_criteria":"price","c__seed_sources":"shop","c__seed_challenges":"none","c__traditional_seed_knowledge":"no","c__soil_enhancers":"chemical","c__chem_fertilizer_reliance":"partial","c__pest_control":"chemical","c__pesticide_reliance":"total","c__marketing_challenges":"low_prices","c__logistics_challenges":"high_transport_cost","c__climate_change_noticed":"yes","c__climate_changes":"temperature_rise","c__climate_impacts":"production_decrease","c__info_sources":"supply_shops","c__raises_poultry":"yes","c__poultry_purpose":"home_consumption","c__farmer_type":"type_a","c__low_input_practices":"no","values":{"owns_land":"yes","land_size_band":"lt_5_dunum","soil_types":["loamy"],"crop_groups":["citrus","tropical_fruits"],"water_sources":["well"],"water_availability":"always","water_scarcity":"no","irrigation_need_change":"unsure","energy_sources":["diesel"],"production_level":"medium","coop_member":"no","homes_trad_food":"almost_all","seed_criteria":["price","productivity","pest_resistance"],"seed_sources":["shop"],"seed_challenges":["none"],"traditional_seed_knowledge":"no","soil_enhancers":["chemical"],"chem_fertilizer_reliance":"partial","pest_control":["chemical"],"pesticide_reliance":"total","marketing_challenges":["low_prices","weak_demand","far_markets","no_transport"],"logistics_challenges":["high_transport_cost","no_transport"],"climate_change_noticed":"yes","climate_changes":["temperature_rise"],"climate_impacts":["production_decrease"],"info_sources":["supply_shops"],"raises_poultry":"yes","poultry_purpose":["home_consumption"],"farmer_type":"type_a","low_input_practices":"no"},"status":{"owns_land":"reported","land_size_band":"reported","soil_types":"reported","crop_groups":"reported","water_sources":"reported","water_availability":"reported","water_scarcity":"reported","irrigation_need_change":"reported","energy_sources":"reported","production_level":"reported","coop_member":"reported","homes_trad_food":"reported","seed_criteria":"reported","seed_sources":"reported","seed_challenges":"reported","traditional_seed_knowledge":"reported","soil_enhancers":"reported","chem_fertilizer_reliance":"reported","pest_control":"reported","pesticide_reliance":"reported","marketing_challenges":"reported","logistics_challenges":"reported","climate_change_noticed":"reported","climate_changes":"reported","climate_impacts":"reported","info_sources":"reported","raises_poultry":"reported","poultry_purpose":"reported","farmer_type":"reported","low_input_practices":"reported"}}},{"type":"Feature","id":"CH-K9NY8N:chouf_2026","geometry":{"type":"Point","coordinates":[35.6704,33.71781]},"properties":{"entity_type":"survey_respondent_public","respondent_id":"CH-K9NY8N","instrument":"chouf_2026","area_name_en":"Ouarhaniyeh","area_name_ar":"ورهانية","geom_origin":"cadastral_unit_centre","spatial_precision":"cadastral_unit","spread_m":150,"c__owns_land":"yes","c__land_size_band":"gt_1_ha","c__soil_types":"clay","c__crop_groups":"apples_pears","c__water_sources":"river","c__water_availability":"sometimes","c__water_scarcity":"yes","c__irrigation_need_change":"increase","c__energy_sources":"grid","c__production_level":"medium","c__coop_member":"yes","c__homes_trad_food":"most","c__seed_criteria":"price","c__seed_sources":"nursery","c__seed_challenges":"high_cost","c__traditional_seed_knowledge":"no","c__soil_enhancers":"chemical","c__chem_fertilizer_reliance":"partial","c__pest_control":"chemical","c__pesticide_reliance":"total","c__marketing_challenges":"low_prices","c__logistics_challenges":"high_transport_cost","c__climate_change_noticed":"yes","c__climate_changes":"temperature_rise","c__climate_impacts":"production_decrease","c__info_sources":"supply_shops","c__raises_poultry":"no","c__farmer_type":"type_b","c__low_input_practices":"yes","values":{"owns_land":"yes","land_size_band":"gt_1_ha","soil_types":["clay"],"crop_groups":["apples_pears","stone_fruits"],"water_sources":["river"],"water_availability":"sometimes","water_scarcity":"yes","irrigation_need_change":"increase","energy_sources":["grid"],"production_level":"medium","coop_member":"yes","homes_trad_food":"most","seed_criteria":["price","productivity","pest_resistance"],"seed_sources":["nursery"],"seed_challenges":["high_cost","unreliable_suppliers"],"traditional_seed_knowledge":"no","soil_enhancers":["chemical","manure"],"chem_fertilizer_reliance":"partial","pest_control":["chemical"],"pesticide_reliance":"total","marketing_challenges":["low_prices"],"logistics_challenges":["high_transport_cost"],"climate_change_noticed":"yes","climate_changes":["temperature_rise","rainfall_decrease"],"climate_impacts":["production_decrease","pests_diseases"],"info_sources":["supply_shops"],"raises_poultry":"no","poultry_purpose":null,"farmer_type":"type_b","low_input_practices":"yes"},"status":{"owns_land":"reported","land_size_band":"reported","soil_types":"reported","crop_groups":"reported","water_sources":"reported","water_availability":"reported","water_scarcity":"reported","irrigation_need_change":"reported","energy_sources":"reported","production_level":"reported","coop_member":"reported","homes_trad_food":"reported","seed_criteria":"reported","seed_sources":"reported","seed_challenges":"reported","traditional_seed_knowledge":"reported","soil_enhancers":"reported","chem_fertilizer_reliance":"reported","pest_control":"reported","pesticide_reliance":"reported","marketing_challenges":"reported","logistics_challenges":"reported","climate_change_noticed":"reported","climate_changes":"reported","climate_impacts":"reported","info_sources":"reported","raises_poultry":"reported","poultry_purpose":"not_applicable","farmer_type":"reported","low_input_practices":"reported"}}},{"type":"Feature","id":"CH-KEMZ5U:chouf_2026","geometry":{"type":"Point","coordinates":[35.65655,33.62055]},"properties":{"entity_type":"survey_respondent_public","respondent_id":"CH-KEMZ5U","instrument":"chouf_2026","area_name_en":"Mristi","area_name_ar":"مرستى","geom_origin":"cadastral_unit_centre","spatial_precision":"cadastral_unit","spread_m":150,"c__owns_land":"yes","c__land_size_band":"lt_1_ha","c__soil_types":"loamy","c__crop_groups":"vegetables","c__water_sources":"well","c__water_availability":"sometimes","c__water_scarcity":"yes","c__irrigation_need_change":"decrease","c__energy_sources":"gasoline","c__production_level":"small","c__coop_member":"no","c__homes_trad_food":"almost_all","c__seed_criteria":"pest_resistance","c__seed_sources":"shop","c__seed_challenges":"low_availability","c__traditional_seed_knowledge":"no","c__soil_enhancers":"compost","c__chem_fertilizer_reliance":"not_used","c__pest_control":"chemical","c__pesticide_reliance":"partial","c__marketing_challenges":"low_prices","c__logistics_challenges":"high_transport_cost","c__climate_change_noticed":"yes","c__climate_changes":"rainfall_decrease","c__climate_impacts":"season_delay","c__info_sources":"extension_agents","c__raises_poultry":"yes","c__poultry_purpose":"home_consumption","c__farmer_type":"type_c","c__low_input_practices":"yes","values":{"owns_land":"yes","land_size_band":"lt_1_ha","soil_types":["loamy"],"crop_groups":["vegetables"],"water_sources":["well"],"water_availability":"sometimes","water_scarcity":"yes","irrigation_need_change":"decrease","energy_sources":["gasoline"],"production_level":"small","coop_member":"no","homes_trad_food":"almost_all","seed_criteria":["pest_resistance"],"seed_sources":["shop"],"seed_challenges":["low_availability"],"traditional_seed_knowledge":"no","soil_enhancers":["compost"],"chem_fertilizer_reliance":"not_used","pest_control":["chemical"],"pesticide_reliance":"partial","marketing_challenges":["low_prices"],"logistics_challenges":["high_transport_cost"],"climate_change_noticed":"yes","climate_changes":["rainfall_decrease"],"climate_impacts":["season_delay","pests_diseases"],"info_sources":["extension_agents"],"raises_poultry":"yes","poultry_purpose":["home_consumption"],"farmer_type":"type_c","low_input_practices":"yes"},"status":{"owns_land":"reported","land_size_band":"reported","soil_types":"reported","crop_groups":"reported","water_sources":"reported","water_availability":"reported","water_scarcity":"reported","irrigation_need_change":"reported","energy_sources":"reported","production_level":"reported","coop_member":"reported","homes_trad_food":"reported","seed_criteria":"reported","seed_sources":"reported","seed_challenges":"reported","traditional_seed_knowledge":"reported","soil_enhancers":"reported","chem_fertilizer_reliance":"reported","pest_control":"reported","pesticide_reliance":"reported","marketing_challenges":"reported","logistics_challenges":"reported","climate_change_noticed":"reported","climate_changes":"reported","climate_impacts":"reported","info_sources":"reported","raises_poultry":"reported","poultry_purpose":"reported","farmer_type":"reported","low_input_practices":"reported"}}},{"type":"Feature","id":"CH-KWMDRJ:chouf_2026","geometry":{"type":"Point","coordinates":[35.41226,33.59196]},"properties":{"entity_type":"survey_respondent_public","respondent_id":"CH-KWMDRJ","instrument":"chouf_2026","area_name_en":"Aalmane Ech-Chouf","area_name_ar":"علمان الشوف","geom_origin":"cadastral_unit_centre","spatial_precision":"cadastral_unit","spread_m":150,"c__owns_land":"yes","c__land_size_band":"lt_5_dunum","c__soil_types":"loamy","c__crop_groups":"citrus","c__water_sources":"well","c__water_availability":"always","c__water_scarcity":"no","c__irrigation_need_change":"increase","c__energy_sources":"diesel","c__production_level":"medium","c__coop_member":"no","c__homes_trad_food":"almost_all","c__seed_criteria":"price","c__seed_sources":"shop","c__seed_challenges":"high_cost","c__traditional_seed_knowledge":"no","c__soil_enhancers":"chemical","c__chem_fertilizer_reliance":"total","c__pest_control":"chemical","c__pesticide_reliance":"partial","c__marketing_challenges":"far_markets","c__logistics_challenges":"high_transport_cost","c__climate_change_noticed":"yes","c__climate_changes":"temperature_rise","c__climate_impacts":"pests_diseases","c__info_sources":"supply_shops","c__raises_poultry":"yes","c__poultry_purpose":"home_consumption","c__farmer_type":"type_a","c__low_input_practices":"no","values":{"owns_land":"yes","land_size_band":"lt_5_dunum","soil_types":["loamy"],"crop_groups":["citrus","tropical_fruits"],"water_sources":["well"],"water_availability":"always","water_scarcity":"no","irrigation_need_change":"increase","energy_sources":["diesel"],"production_level":"medium","coop_member":"no","homes_trad_food":"almost_all","seed_criteria":["price","productivity","pest_resistance"],"seed_sources":["shop"],"seed_challenges":["high_cost","unreliable_suppliers"],"traditional_seed_knowledge":"no","soil_enhancers":["chemical"],"chem_fertilizer_reliance":"total","pest_control":["chemical"],"pesticide_reliance":"partial","marketing_challenges":["far_markets"],"logistics_challenges":["high_transport_cost"],"climate_change_noticed":"yes","climate_changes":["temperature_rise"],"climate_impacts":["pests_diseases"],"info_sources":["supply_shops"],"raises_poultry":"yes","poultry_purpose":["home_consumption"],"farmer_type":"type_a","low_input_practices":"no"},"status":{"owns_land":"reported","land_size_band":"reported","soil_types":"reported","crop_groups":"reported","water_sources":"reported","water_availability":"reported","water_scarcity":"reported","irrigation_need_change":"reported","energy_sources":"reported","production_level":"reported","coop_member":"reported","homes_trad_food":"reported","seed_criteria":"reported","seed_sources":"reported","seed_challenges":"reported","traditional_seed_knowledge":"reported","soil_enhancers":"reported","chem_fertilizer_reliance":"reported","pest_control":"reported","pesticide_reliance":"reported","marketing_challenges":"reported","logistics_challenges":"reported","climate_change_noticed":"reported","climate_changes":"reported","climate_impacts":"reported","info_sources":"reported","raises_poultry":"reported","poultry_purpose":"reported","farmer_type":"reported","low_input_practices":"reported"}}},{"type":"Feature","id":"CH-KZ68NX:chouf_2026","geometry":{"type":"Point","coordinates":[35.63089,33.69785]},"properties":{"entity_type":"survey_respondent_public","respondent_id":"CH-KZ68NX","instrument":"chouf_2026","area_name_en":"Kfar Nabrakh","area_name_ar":"كفرنبرخ","geom_origin":"cadastral_unit_centre","spatial_precision":"cadastral_unit","spread_m":150,"c__owns_land":"yes","c__land_size_band":"lt_5_dunum","c__soil_types":"loamy","c__crop_groups":"other_fruits","c__water_sources":"canal","c__water_availability":"never","c__water_scarcity":"yes","c__irrigation_need_change":"increase","c__energy_sources":"manual","c__production_level":"medium","c__coop_member":"no","c__homes_trad_food":"some","c__seed_criteria":"price","c__seed_sources":"shop","c__seed_challenges":"high_cost","c__traditional_seed_knowledge":"no","c__soil_enhancers":"manure","c__chem_fertilizer_reliance":"not_used","c__pest_control":"chemical","c__marketing_challenges":"low_prices","c__logistics_challenges":"high_transport_cost","c__climate_change_noticed":"yes","c__climate_changes":"rainfall_decrease","c__climate_impacts":"production_decrease","c__info_sources":"supply_shops","c__raises_poultry":"yes","c__poultry_purpose":"home_consumption","c__farmer_type":"type_c","c__low_input_practices":"yes","values":{"owns_land":"yes","land_size_band":"lt_5_dunum","soil_types":["loamy"],"crop_groups":["other_fruits"],"water_sources":["canal"],"water_availability":"never","water_scarcity":"yes","irrigation_need_change":"increase","energy_sources":["manual"],"production_level":"medium","coop_member":"no","homes_trad_food":"some","seed_criteria":["price","productivity","pest_resistance"],"seed_sources":["shop"],"seed_challenges":["high_cost"],"traditional_seed_knowledge":"no","soil_enhancers":["manure"],"chem_fertilizer_reliance":"not_used","pest_control":["chemical"],"pesticide_reliance":null,"marketing_challenges":["low_prices","weak_demand","far_markets"],"logistics_challenges":["high_transport_cost"],"climate_change_noticed":"yes","climate_changes":["rainfall_decrease","heatwaves"],"climate_impacts":["production_decrease","pests_diseases"],"info_sources":["supply_shops"],"raises_poultry":"yes","poultry_purpose":["home_consumption","local_sale","gifts"],"farmer_type":"type_c","low_input_practices":"yes"},"status":{"owns_land":"reported","land_size_band":"reported","soil_types":"reported","crop_groups":"reported","water_sources":"reported","water_availability":"reported","water_scarcity":"reported","irrigation_need_change":"reported","energy_sources":"reported","production_level":"reported","coop_member":"reported","homes_trad_food":"reported","seed_criteria":"reported","seed_sources":"reported","seed_challenges":"reported","traditional_seed_knowledge":"reported","soil_enhancers":"reported","chem_fertilizer_reliance":"reported","pest_control":"reported","pesticide_reliance":"not_provided","marketing_challenges":"reported","logistics_challenges":"reported","climate_change_noticed":"reported","climate_changes":"reported","climate_impacts":"reported","info_sources":"reported","raises_poultry":"reported","poultry_purpose":"reported","farmer_type":"reported","low_input_practices":"reported"}}},{"type":"Feature","id":"CH-KZNS6N:chouf_2026","geometry":{"type":"Point","coordinates":[35.65655,33.62055]},"properties":{"entity_type":"survey_respondent_public","respondent_id":"CH-KZNS6N","instrument":"chouf_2026","area_name_en":"Mristi","area_name_ar":"مرستى","geom_origin":"cadastral_unit_centre","spatial_precision":"cadastral_unit","spread_m":150,"c__owns_land":"yes","c__land_size_band":"lt_1_ha","c__soil_types":"clay","c__crop_groups":"apples_pears","c__water_sources":"canal","c__water_availability":"sometimes","c__water_scarcity":"yes","c__irrigation_need_change":"increase","c__energy_sources":"grid","c__production_level":"medium","c__coop_member":"yes","c__homes_trad_food":"most","c__seed_criteria":"productivity","c__seed_sources":"own_harvest","c__seed_challenges":"unreliable_suppliers","c__traditional_seed_knowledge":"yes","c__soil_enhancers":"manure","c__chem_fertilizer_reliance":"not_used","c__pest_control":"physical","c__pesticide_reliance":"not_used","c__marketing_challenges":"far_markets","c__logistics_challenges":"high_transport_cost","c__climate_change_noticed":"yes","c__climate_changes":"temperature_rise","c__climate_impacts":"production_decrease","c__info_sources":"extension_agents","c__raises_poultry":"yes","c__poultry_purpose":"home_consumption","c__farmer_type":"type_c","c__low_input_practices":"yes","values":{"owns_land":"yes","land_size_band":"lt_1_ha","soil_types":["clay"],"crop_groups":["apples_pears","stone_fruits"],"water_sources":["canal"],"water_availability":"sometimes","water_scarcity":"yes","irrigation_need_change":"increase","energy_sources":["grid"],"production_level":"medium","coop_member":"yes","homes_trad_food":"most","seed_criteria":["productivity"],"seed_sources":["own_harvest"],"seed_challenges":["unreliable_suppliers"],"traditional_seed_knowledge":"yes","soil_enhancers":["manure"],"chem_fertilizer_reliance":"not_used","pest_control":["physical"],"pesticide_reliance":"not_used","marketing_challenges":["far_markets"],"logistics_challenges":["high_transport_cost"],"climate_change_noticed":"yes","climate_changes":["temperature_rise","rainfall_decrease"],"climate_impacts":["production_decrease","pests_diseases"],"info_sources":["extension_agents"],"raises_poultry":"yes","poultry_purpose":["home_consumption","gifts"],"farmer_type":"type_c","low_input_practices":"yes"},"status":{"owns_land":"reported","land_size_band":"reported","soil_types":"reported","crop_groups":"reported","water_sources":"reported","water_availability":"reported","water_scarcity":"reported","irrigation_need_change":"reported","energy_sources":"reported","production_level":"reported","coop_member":"reported","homes_trad_food":"reported","seed_criteria":"reported","seed_sources":"reported","seed_challenges":"reported","traditional_seed_knowledge":"reported","soil_enhancers":"reported","chem_fertilizer_reliance":"reported","pest_control":"reported","pesticide_reliance":"reported","marketing_challenges":"reported","logistics_challenges":"reported","climate_change_noticed":"reported","climate_changes":"reported","climate_impacts":"reported","info_sources":"reported","raises_poultry":"reported","poultry_purpose":"reported","farmer_type":"reported","low_input_practices":"reported"}}},{"type":"Feature","id":"CH-L2MYZY:chouf_2026","geometry":{"type":"Point","coordinates":[35.5707,33.62135]},"properties":{"entity_type":"survey_respondent_public","respondent_id":"CH-L2MYZY","instrument":"chouf_2026","area_name_en":"Mazraat Ech-Chouf","area_name_ar":"مزرعة","geom_origin":"cadastral_unit_centre","spatial_precision":"cadastral_unit","spread_m":150,"c__owns_land":"no","c__land_size_band":"lt_5_dunum","c__soil_types":"calcareous","c__crop_groups":"vegetables","c__water_sources":"tanker","c__water_availability":"never","c__water_scarcity":"yes","c__irrigation_need_change":"no_change","c__energy_sources":"grid","c__production_level":"medium","c__coop_member":"no","c__homes_trad_food":"some","c__seed_criteria":"productivity","c__seed_sources":"shop","c__seed_challenges":"low_availability","c__traditional_seed_knowledge":"no","c__soil_enhancers":"compost","c__chem_fertilizer_reliance":"not_used","c__pest_control":"biological","c__pesticide_reliance":"not_used","c__marketing_challenges":"low_prices","c__logistics_challenges":"high_transport_cost","c__climate_change_noticed":"yes","c__climate_changes":"rainfall_decrease","c__climate_impacts":"production_decrease","c__info_sources":"social_media","c__raises_poultry":"yes","c__poultry_purpose":"home_consumption","c__farmer_type":"type_c","c__low_input_practices":"yes","values":{"owns_land":"no","land_size_band":"lt_5_dunum","soil_types":["calcareous"],"crop_groups":["vegetables","legumes"],"water_sources":["tanker","storage"],"water_availability":"never","water_scarcity":"yes","irrigation_need_change":"no_change","energy_sources":["grid"],"production_level":"medium","coop_member":"no","homes_trad_food":"some","seed_criteria":["productivity","pest_resistance"],"seed_sources":["shop","own_harvest"],"seed_challenges":["low_availability","unreliable_suppliers","unsuitable"],"traditional_seed_knowledge":"no","soil_enhancers":["compost"],"chem_fertilizer_reliance":"not_used","pest_control":["biological","physical"],"pesticide_reliance":"not_used","marketing_challenges":["low_prices","weak_demand","far_markets"],"logistics_challenges":["high_transport_cost"],"climate_change_noticed":"yes","climate_changes":["rainfall_decrease","heatwaves","frost"],"climate_impacts":["production_decrease","season_delay","pollination"],"info_sources":["social_media","extension_agents"],"raises_poultry":"yes","poultry_purpose":["home_consumption"],"farmer_type":"type_c","low_input_practices":"yes"},"status":{"owns_land":"reported","land_size_band":"reported","soil_types":"reported","crop_groups":"reported","water_sources":"reported","water_availability":"reported","water_scarcity":"reported","irrigation_need_change":"reported","energy_sources":"reported","production_level":"reported","coop_member":"reported","homes_trad_food":"reported","seed_criteria":"reported","seed_sources":"reported","seed_challenges":"reported","traditional_seed_knowledge":"reported","soil_enhancers":"reported","chem_fertilizer_reliance":"reported","pest_control":"reported","pesticide_reliance":"reported","marketing_challenges":"reported","logistics_challenges":"reported","climate_change_noticed":"reported","climate_changes":"reported","climate_impacts":"reported","info_sources":"reported","raises_poultry":"reported","poultry_purpose":"reported","farmer_type":"reported","low_input_practices":"reported"}}},{"type":"Feature","id":"CH-L977YP:chouf_2026","geometry":{"type":"Point","coordinates":[35.65655,33.62055]},"properties":{"entity_type":"survey_respondent_public","respondent_id":"CH-L977YP","instrument":"chouf_2026","area_name_en":"Mristi","area_name_ar":"مرستى","geom_origin":"cadastral_unit_centre","spatial_precision":"cadastral_unit","spread_m":150,"c__owns_land":"yes","c__land_size_band":"lt_5_dunum","c__soil_types":"loamy","c__crop_groups":"apples_pears","c__water_sources":"well","c__water_availability":"sometimes","c__water_scarcity":"yes","c__irrigation_need_change":"increase","c__energy_sources":"diesel","c__production_level":"medium","c__coop_member":"no","c__homes_trad_food":"some","c__seed_criteria":"price","c__seed_sources":"shop","c__seed_challenges":"high_cost","c__traditional_seed_knowledge":"no","c__soil_enhancers":"manure","c__chem_fertilizer_reliance":"not_used","c__pest_control":"local","c__pesticide_reliance":"not_used","c__marketing_challenges":"low_prices","c__logistics_challenges":"high_transport_cost","c__climate_change_noticed":"yes","c__climate_changes":"rainfall_decrease","c__climate_impacts":"season_delay","c__info_sources":"extension_agents","c__raises_poultry":"yes","c__poultry_purpose":"local_sale","c__farmer_type":"type_c","c__low_input_practices":"yes","values":{"owns_land":"yes","land_size_band":"lt_5_dunum","soil_types":["loamy"],"crop_groups":["apples_pears","stone_fruits","vegetables"],"water_sources":["well"],"water_availability":"sometimes","water_scarcity":"yes","irrigation_need_change":"increase","energy_sources":["diesel"],"production_level":"medium","coop_member":"no","homes_trad_food":"some","seed_criteria":["price"],"seed_sources":["shop"],"seed_challenges":["high_cost"],"traditional_seed_knowledge":"no","soil_enhancers":["manure"],"chem_fertilizer_reliance":"not_used","pest_control":["local"],"pesticide_reliance":"not_used","marketing_challenges":["low_prices"],"logistics_challenges":["high_transport_cost"],"climate_change_noticed":"yes","climate_changes":["rainfall_decrease"],"climate_impacts":["season_delay"],"info_sources":["extension_agents"],"raises_poultry":"yes","poultry_purpose":["local_sale"],"farmer_type":"type_c","low_input_practices":"yes"},"status":{"owns_land":"reported","land_size_band":"reported","soil_types":"reported","crop_groups":"reported","water_sources":"reported","water_availability":"reported","water_scarcity":"reported","irrigation_need_change":"reported","energy_sources":"reported","production_level":"reported","coop_member":"reported","homes_trad_food":"reported","seed_criteria":"reported","seed_sources":"reported","seed_challenges":"reported","traditional_seed_knowledge":"reported","soil_enhancers":"reported","chem_fertilizer_reliance":"reported","pest_control":"reported","pesticide_reliance":"reported","marketing_challenges":"reported","logistics_challenges":"reported","climate_change_noticed":"reported","climate_changes":"reported","climate_impacts":"reported","info_sources":"reported","raises_poultry":"reported","poultry_purpose":"reported","farmer_type":"reported","low_input_practices":"reported"}}},{"type":"Feature","id":"CH-L9F2RW:chouf_2026","geometry":{"type":"Point","coordinates":[35.53656,33.62773]},"properties":{"entity_type":"survey_respondent_public","respondent_id":"CH-L9F2RW","instrument":"chouf_2026","area_name_en":"Chouf","area_name_ar":"الشوف","geom_origin":"district_centre","spatial_precision":"district","spread_m":500,"c__owns_land":"yes","c__land_size_band":"lt_5_dunum","c__soil_types":"clay","c__crop_groups":"vegetables","c__water_sources":"well","c__water_availability":"always","c__water_scarcity":"no","c__irrigation_need_change":"increase","c__energy_sources":"solar","c__production_level":"medium","c__coop_member":"no","c__homes_trad_food":"most","c__seed_criteria":"productivity","c__seed_sources":"shop","c__seed_challenges":"high_cost","c__traditional_seed_knowledge":"no","c__soil_enhancers":"compost","c__chem_fertilizer_reliance":"partial","c__pest_control":"chemical","c__pesticide_reliance":"total","c__marketing_challenges":"low_prices","c__logistics_challenges":"high_transport_cost","c__climate_change_noticed":"yes","c__climate_changes":"temperature_rise","c__climate_impacts":"pests_diseases","c__info_sources":"extension_agents","c__raises_poultry":"yes","c__poultry_purpose":"local_sale","c__farmer_type":"type_a","c__low_input_practices":"yes","values":{"owns_land":"yes","land_size_band":"lt_5_dunum","soil_types":["clay"],"crop_groups":["vegetables"],"water_sources":["well"],"water_availability":"always","water_scarcity":"no","irrigation_need_change":"increase","energy_sources":["solar"],"production_level":"medium","coop_member":"no","homes_trad_food":"most","seed_criteria":["productivity","pest_resistance"],"seed_sources":["shop"],"seed_challenges":["high_cost"],"traditional_seed_knowledge":"no","soil_enhancers":["compost"],"chem_fertilizer_reliance":"partial","pest_control":["chemical"],"pesticide_reliance":"total","marketing_challenges":["low_prices"],"logistics_challenges":["high_transport_cost"],"climate_change_noticed":"yes","climate_changes":["temperature_rise"],"climate_impacts":["pests_diseases"],"info_sources":["extension_agents","supply_shops"],"raises_poultry":"yes","poultry_purpose":["local_sale"],"farmer_type":"type_a","low_input_practices":"yes"},"status":{"owns_land":"reported","land_size_band":"reported","soil_types":"reported","crop_groups":"reported","water_sources":"reported","water_availability":"reported","water_scarcity":"reported","irrigation_need_change":"reported","energy_sources":"reported","production_level":"reported","coop_member":"reported","homes_trad_food":"reported","seed_criteria":"reported","seed_sources":"reported","seed_challenges":"reported","traditional_seed_knowledge":"reported","soil_enhancers":"reported","chem_fertilizer_reliance":"reported","pest_control":"reported","pesticide_reliance":"reported","marketing_challenges":"reported","logistics_challenges":"reported","climate_change_noticed":"reported","climate_changes":"reported","climate_impacts":"reported","info_sources":"reported","raises_poultry":"reported","poultry_purpose":"reported","farmer_type":"reported","low_input_practices":"reported"}}},{"type":"Feature","id":"CH-LPJDYE:chouf_2026","geometry":{"type":"Point","coordinates":[35.53656,33.62773]},"properties":{"entity_type":"survey_respondent_public","respondent_id":"CH-LPJDYE","instrument":"chouf_2026","area_name_en":"Chouf","area_name_ar":"الشوف","geom_origin":"district_centre","spatial_precision":"district","spread_m":500,"c__owns_land":"yes","c__land_size_band":"lt_5_dunum","c__soil_types":"loamy","c__crop_groups":"olives","c__water_sources":"canal","c__water_availability":"rarely","c__water_scarcity":"yes","c__irrigation_need_change":"increase","c__energy_sources":"diesel","c__production_level":"medium","c__coop_member":"no","c__homes_trad_food":"most","c__seed_criteria":"price","c__seed_sources":"shop","c__seed_challenges":"high_cost","c__traditional_seed_knowledge":"yes","c__soil_enhancers":"chemical","c__chem_fertilizer_reliance":"total","c__pest_control":"local","c__pesticide_reliance":"total","c__marketing_challenges":"low_prices","c__logistics_challenges":"high_transport_cost","c__climate_change_noticed":"yes","c__climate_changes":"temperature_rise","c__climate_impacts":"production_decrease","c__info_sources":"social_media","c__raises_poultry":"no","c__farmer_type":"type_a","c__low_input_practices":"yes","values":{"owns_land":"yes","land_size_band":"lt_5_dunum","soil_types":["loamy","clay"],"crop_groups":["olives","vegetables"],"water_sources":["canal"],"water_availability":"rarely","water_scarcity":"yes","irrigation_need_change":"increase","energy_sources":["diesel"],"production_level":"medium","coop_member":"no","homes_trad_food":"most","seed_criteria":["price","productivity","pest_resistance"],"seed_sources":["shop"],"seed_challenges":["high_cost","low_availability"],"traditional_seed_knowledge":"yes","soil_enhancers":["chemical"],"chem_fertilizer_reliance":"total","pest_control":["local"],"pesticide_reliance":"total","marketing_challenges":["low_prices","far_markets"],"logistics_challenges":["high_transport_cost","no_paved_roads"],"climate_change_noticed":"yes","climate_changes":["temperature_rise","rainfall_decrease"],"climate_impacts":["production_decrease","pests_diseases"],"info_sources":["social_media","supply_shops"],"raises_poultry":"no","poultry_purpose":null,"farmer_type":"type_a","low_input_practices":"yes"},"status":{"owns_land":"reported","land_size_band":"reported","soil_types":"reported","crop_groups":"reported","water_sources":"reported","water_availability":"reported","water_scarcity":"reported","irrigation_need_change":"reported","energy_sources":"reported","production_level":"reported","coop_member":"reported","homes_trad_food":"reported","seed_criteria":"reported","seed_sources":"reported","seed_challenges":"reported","traditional_seed_knowledge":"reported","soil_enhancers":"reported","chem_fertilizer_reliance":"reported","pest_control":"reported","pesticide_reliance":"reported","marketing_challenges":"reported","logistics_challenges":"reported","climate_change_noticed":"reported","climate_changes":"reported","climate_impacts":"reported","info_sources":"reported","raises_poultry":"reported","poultry_purpose":"not_applicable","farmer_type":"reported","low_input_practices":"reported"}}},{"type":"Feature","id":"CH-LT9U7Z:chouf_2026","geometry":{"type":"Point","coordinates":[35.53656,33.62773]},"properties":{"entity_type":"survey_respondent_public","respondent_id":"CH-LT9U7Z","instrument":"chouf_2026","area_name_en":"Chouf","area_name_ar":"الشوف","geom_origin":"district_centre","spatial_precision":"district","spread_m":500,"c__owns_land":"yes","c__land_size_band":"lt_5_dunum","c__soil_types":"clay","c__crop_groups":"olives","c__water_sources":"river","c__water_availability":"sometimes","c__water_scarcity":"yes","c__irrigation_need_change":"increase","c__energy_sources":"manual","c__production_level":"medium","c__coop_member":"yes","c__homes_trad_food":"almost_all","c__seed_criteria":"price","c__seed_sources":"shop","c__seed_challenges":"high_cost","c__traditional_seed_knowledge":"no","c__soil_enhancers":"manure","c__chem_fertilizer_reliance":"partial","c__pest_control":"chemical","c__pesticide_reliance":"partial","c__marketing_challenges":"low_prices","c__logistics_challenges":"high_transport_cost","c__climate_change_noticed":"yes","c__climate_changes":"temperature_rise","c__climate_impacts":"pests_diseases","c__info_sources":"extension_agents","c__raises_poultry":"no","c__farmer_type":"type_b","c__low_input_practices":"yes","values":{"owns_land":"yes","land_size_band":"lt_5_dunum","soil_types":["clay"],"crop_groups":["olives","other_fruits"],"water_sources":["river"],"water_availability":"sometimes","water_scarcity":"yes","irrigation_need_change":"increase","energy_sources":["manual"],"production_level":"medium","coop_member":"yes","homes_trad_food":"almost_all","seed_criteria":["price","productivity","pest_resistance"],"seed_sources":["shop"],"seed_challenges":["high_cost"],"traditional_seed_knowledge":"no","soil_enhancers":["manure"],"chem_fertilizer_reliance":"partial","pest_control":["chemical"],"pesticide_reliance":"partial","marketing_challenges":["low_prices","far_markets"],"logistics_challenges":["high_transport_cost","no_transport"],"climate_change_noticed":"yes","climate_changes":["temperature_rise","rainfall_decrease","heatwaves"],"climate_impacts":["pests_diseases"],"info_sources":["extension_agents"],"raises_poultry":"no","poultry_purpose":null,"farmer_type":"type_b","low_input_practices":"yes"},"status":{"owns_land":"reported","land_size_band":"reported","soil_types":"reported","crop_groups":"reported","water_sources":"reported","water_availability":"reported","water_scarcity":"reported","irrigation_need_change":"reported","energy_sources":"reported","production_level":"reported","coop_member":"reported","homes_trad_food":"reported","seed_criteria":"reported","seed_sources":"reported","seed_challenges":"reported","traditional_seed_knowledge":"reported","soil_enhancers":"reported","chem_fertilizer_reliance":"reported","pest_control":"reported","pesticide_reliance":"reported","marketing_challenges":"reported","logistics_challenges":"reported","climate_change_noticed":"reported","climate_changes":"reported","climate_impacts":"reported","info_sources":"reported","raises_poultry":"reported","poultry_purpose":"not_applicable","farmer_type":"reported","low_input_practices":"reported"}}},{"type":"Feature","id":"CH-LUE4T8:chouf_2026","geometry":{"type":"Point","coordinates":[35.59263,33.64839]},"properties":{"entity_type":"survey_respondent_public","respondent_id":"CH-LUE4T8","instrument":"chouf_2026","area_name_en":"Kahlouniet Ech-Chouf","area_name_ar":"كحلونية الشوف","geom_origin":"cadastral_unit_centre","spatial_precision":"cadastral_unit","spread_m":150,"c__owns_land":"yes","c__land_size_band":"lt_5_dunum","c__soil_types":"clay","c__crop_groups":"olives","c__water_sources":"rain","c__water_availability":"rarely","c__water_scarcity":"yes","c__irrigation_need_change":"increase","c__energy_sources":"manual","c__production_level":"small","c__coop_member":"no","c__homes_trad_food":"almost_all","c__seed_criteria":"productivity","c__seed_sources":"shop","c__seed_challenges":"none","c__traditional_seed_knowledge":"no","c__soil_enhancers":"chemical","c__chem_fertilizer_reliance":"partial","c__pest_control":"chemical","c__pesticide_reliance":"partial","c__marketing_challenges":"low_prices","c__logistics_challenges":"no_paved_roads","c__climate_change_noticed":"yes","c__climate_changes":"temperature_rise","c__climate_impacts":"production_decrease","c__info_sources":"social_media","c__raises_poultry":"yes","c__poultry_purpose":"home_consumption","c__farmer_type":"type_d","c__low_input_practices":"no","values":{"owns_land":"yes","land_size_band":"lt_5_dunum","soil_types":["clay"],"crop_groups":["olives","apples_pears","other_fruits"],"water_sources":["rain","storage"],"water_availability":"rarely","water_scarcity":"yes","irrigation_need_change":"increase","energy_sources":["manual"],"production_level":"small","coop_member":"no","homes_trad_food":"almost_all","seed_criteria":["productivity"],"seed_sources":["shop"],"seed_challenges":["none"],"traditional_seed_knowledge":"no","soil_enhancers":["chemical"],"chem_fertilizer_reliance":"partial","pest_control":["chemical"],"pesticide_reliance":"partial","marketing_challenges":["low_prices"],"logistics_challenges":["no_paved_roads"],"climate_change_noticed":"yes","climate_changes":["temperature_rise"],"climate_impacts":["production_decrease"],"info_sources":["social_media"],"raises_poultry":"yes","poultry_purpose":["home_consumption"],"farmer_type":"type_d","low_input_practices":"no"},"status":{"owns_land":"reported","land_size_band":"reported","soil_types":"reported","crop_groups":"reported","water_sources":"reported","water_availability":"reported","water_scarcity":"reported","irrigation_need_change":"reported","energy_sources":"reported","production_level":"reported","coop_member":"reported","homes_trad_food":"reported","seed_criteria":"reported","seed_sources":"reported","seed_challenges":"reported","traditional_seed_knowledge":"reported","soil_enhancers":"reported","chem_fertilizer_reliance":"reported","pest_control":"reported","pesticide_reliance":"reported","marketing_challenges":"reported","logistics_challenges":"reported","climate_change_noticed":"reported","climate_changes":"reported","climate_impacts":"reported","info_sources":"reported","raises_poultry":"reported","poultry_purpose":"reported","farmer_type":"reported","low_input_practices":"reported"}}},{"type":"Feature","id":"CH-M4EK55:chouf_2026","geometry":{"type":"Point","coordinates":[35.41226,33.59196]},"properties":{"entity_type":"survey_respondent_public","respondent_id":"CH-M4EK55","instrument":"chouf_2026","area_name_en":"Aalmane Ech-Chouf","area_name_ar":"علمان الشوف","geom_origin":"cadastral_unit_centre","spatial_precision":"cadastral_unit","spread_m":150,"c__owns_land":"yes","c__land_size_band":"lt_5_dunum","c__soil_types":"sandy","c__crop_groups":"tropical_fruits","c__water_sources":"well","c__water_availability":"sometimes","c__water_scarcity":"no","c__irrigation_need_change":"increase","c__energy_sources":"solar","c__production_level":"medium","c__coop_member":"no","c__homes_trad_food":"few","c__seed_criteria":"none","c__seed_sources":"shop","c__seed_challenges":"none","c__traditional_seed_knowledge":"no","c__soil_enhancers":"chemical","c__chem_fertilizer_reliance":"total","c__pest_control":"chemical","c__pesticide_reliance":"total","c__marketing_challenges":"far_markets","c__logistics_challenges":"high_transport_cost","c__climate_change_noticed":"yes","c__climate_changes":"rainfall_decrease","c__climate_impacts":"production_decrease","c__info_sources":"extension_agents","c__raises_poultry":"no","c__farmer_type":"type_a","c__low_input_practices":"no","values":{"owns_land":"yes","land_size_band":"lt_5_dunum","soil_types":["sandy"],"crop_groups":["tropical_fruits"],"water_sources":["well"],"water_availability":"sometimes","water_scarcity":"no","irrigation_need_change":"increase","energy_sources":["solar"],"production_level":"medium","coop_member":"no","homes_trad_food":"few","seed_criteria":["none"],"seed_sources":["shop"],"seed_challenges":["none"],"traditional_seed_knowledge":"no","soil_enhancers":["chemical"],"chem_fertilizer_reliance":"total","pest_control":["chemical"],"pesticide_reliance":"total","marketing_challenges":["far_markets"],"logistics_challenges":["high_transport_cost"],"climate_change_noticed":"yes","climate_changes":["rainfall_decrease"],"climate_impacts":["production_decrease"],"info_sources":["extension_agents"],"raises_poultry":"no","poultry_purpose":null,"farmer_type":"type_a","low_input_practices":"no"},"status":{"owns_land":"reported","land_size_band":"reported","soil_types":"reported","crop_groups":"reported","water_sources":"reported","water_availability":"reported","water_scarcity":"reported","irrigation_need_change":"reported","energy_sources":"reported","production_level":"reported","coop_member":"reported","homes_trad_food":"reported","seed_criteria":"reported","seed_sources":"reported","seed_challenges":"reported","traditional_seed_knowledge":"reported","soil_enhancers":"reported","chem_fertilizer_reliance":"reported","pest_control":"reported","pesticide_reliance":"reported","marketing_challenges":"reported","logistics_challenges":"reported","climate_change_noticed":"reported","climate_changes":"reported","climate_impacts":"reported","info_sources":"reported","raises_poultry":"reported","poultry_purpose":"not_applicable","farmer_type":"reported","low_input_practices":"reported"}}},{"type":"Feature","id":"CH-MKX4QT:chouf_2026","geometry":{"type":"Point","coordinates":[35.41226,33.59196]},"properties":{"entity_type":"survey_respondent_public","respondent_id":"CH-MKX4QT","instrument":"chouf_2026","area_name_en":"Aalmane Ech-Chouf","area_name_ar":"علمان الشوف","geom_origin":"cadastral_unit_centre","spatial_precision":"cadastral_unit","spread_m":150,"c__owns_land":"yes","c__land_size_band":"lt_5_dunum","c__soil_types":"loamy","c__crop_groups":"citrus","c__water_sources":"canal","c__water_availability":"always","c__water_scarcity":"no","c__irrigation_need_change":"increase","c__energy_sources":"grid","c__production_level":"small","c__coop_member":"no","c__homes_trad_food":"few","c__seed_criteria":"price","c__seed_challenges":"none","c__traditional_seed_knowledge":"no","c__soil_enhancers":"chemical","c__chem_fertilizer_reliance":"partial","c__pest_control":"chemical","c__pesticide_reliance":"total","c__marketing_challenges":"low_prices","c__logistics_challenges":"high_transport_cost","c__climate_change_noticed":"yes","c__climate_changes":"temperature_rise","c__climate_impacts":"production_decrease","c__info_sources":"supply_shops","c__raises_poultry":"yes","c__poultry_purpose":"home_consumption","c__farmer_type":"type_a","c__low_input_practices":"no","values":{"owns_land":"yes","land_size_band":"lt_5_dunum","soil_types":["loamy"],"crop_groups":["citrus","tropical_fruits"],"water_sources":["canal"],"water_availability":"always","water_scarcity":"no","irrigation_need_change":"increase","energy_sources":["grid"],"production_level":"small","coop_member":"no","homes_trad_food":"few","seed_criteria":["price","productivity","pest_resistance"],"seed_sources":null,"seed_challenges":["none"],"traditional_seed_knowledge":"no","soil_enhancers":["chemical"],"chem_fertilizer_reliance":"partial","pest_control":["chemical"],"pesticide_reliance":"total","marketing_challenges":["low_prices","far_markets"],"logistics_challenges":["high_transport_cost"],"climate_change_noticed":"yes","climate_changes":["temperature_rise","rainfall_decrease"],"climate_impacts":["production_decrease","pests_diseases"],"info_sources":["supply_shops"],"raises_poultry":"yes","poultry_purpose":["home_consumption"],"farmer_type":"type_a","low_input_practices":"no"},"status":{"owns_land":"reported","land_size_band":"reported","soil_types":"reported","crop_groups":"reported","water_sources":"reported","water_availability":"reported","water_scarcity":"reported","irrigation_need_change":"reported","energy_sources":"reported","production_level":"reported","coop_member":"reported","homes_trad_food":"reported","seed_criteria":"reported","seed_sources":"not_provided","seed_challenges":"reported","traditional_seed_knowledge":"reported","soil_enhancers":"reported","chem_fertilizer_reliance":"reported","pest_control":"reported","pesticide_reliance":"reported","marketing_challenges":"reported","logistics_challenges":"reported","climate_change_noticed":"reported","climate_changes":"reported","climate_impacts":"reported","info_sources":"reported","raises_poultry":"reported","poultry_purpose":"reported","farmer_type":"reported","low_input_practices":"reported"}}},{"type":"Feature","id":"CH-MW25LF:chouf_2026","geometry":{"type":"Point","coordinates":[35.65655,33.62055]},"properties":{"entity_type":"survey_respondent_public","respondent_id":"CH-MW25LF","instrument":"chouf_2026","area_name_en":"Mristi","area_name_ar":"مرستى","geom_origin":"cadastral_unit_centre","spatial_precision":"cadastral_unit","spread_m":150,"c__owns_land":"yes","c__land_size_band":"lt_5_dunum","c__soil_types":"clay","c__crop_groups":"apples_pears","c__water_sources":"well","c__water_availability":"rarely","c__water_scarcity":"yes","c__irrigation_need_change":"increase","c__energy_sources":"manual","c__production_level":"medium","c__coop_member":"no","c__homes_trad_food":"almost_all","c__seed_criteria":"price","c__seed_sources":"shop","c__seed_challenges":"high_cost","c__traditional_seed_knowledge":"yes","c__soil_enhancers":"compost","c__chem_fertilizer_reliance":"not_used","c__pest_control":"biological","c__pesticide_reliance":"not_used","c__marketing_challenges":"low_prices","c__logistics_challenges":"high_transport_cost","c__climate_change_noticed":"yes","c__climate_changes":"temperature_rise","c__climate_impacts":"production_decrease","c__info_sources":"supply_shops","c__raises_poultry":"no","c__farmer_type":"type_c","c__low_input_practices":"yes","values":{"owns_land":"yes","land_size_band":"lt_5_dunum","soil_types":["clay"],"crop_groups":["apples_pears","vegetables"],"water_sources":["well"],"water_availability":"rarely","water_scarcity":"yes","irrigation_need_change":"increase","energy_sources":["manual"],"production_level":"medium","coop_member":"no","homes_trad_food":"almost_all","seed_criteria":["price","productivity","pest_resistance"],"seed_sources":["shop"],"seed_challenges":["high_cost"],"traditional_seed_knowledge":"yes","soil_enhancers":["compost"],"chem_fertilizer_reliance":"not_used","pest_control":["biological","physical"],"pesticide_reliance":"not_used","marketing_challenges":["low_prices","no_transport","poor_packaging"],"logistics_challenges":["high_transport_cost","no_transport"],"climate_change_noticed":"yes","climate_changes":["temperature_rise","rainfall_decrease"],"climate_impacts":["production_decrease"],"info_sources":["supply_shops"],"raises_poultry":"no","poultry_purpose":null,"farmer_type":"type_c","low_input_practices":"yes"},"status":{"owns_land":"reported","land_size_band":"reported","soil_types":"reported","crop_groups":"reported","water_sources":"reported","water_availability":"reported","water_scarcity":"reported","irrigation_need_change":"reported","energy_sources":"reported","production_level":"reported","coop_member":"reported","homes_trad_food":"reported","seed_criteria":"reported","seed_sources":"reported","seed_challenges":"reported","traditional_seed_knowledge":"reported","soil_enhancers":"reported","chem_fertilizer_reliance":"reported","pest_control":"reported","pesticide_reliance":"reported","marketing_challenges":"reported","logistics_challenges":"reported","climate_change_noticed":"reported","climate_changes":"reported","climate_impacts":"reported","info_sources":"reported","raises_poultry":"reported","poultry_purpose":"not_applicable","farmer_type":"reported","low_input_practices":"reported"}}},{"type":"Feature","id":"CH-NJD9LC:chouf_2026","geometry":{"type":"Point","coordinates":[35.65655,33.62055]},"properties":{"entity_type":"survey_respondent_public","respondent_id":"CH-NJD9LC","instrument":"chouf_2026","area_name_en":"Mristi","area_name_ar":"مرستى","geom_origin":"cadastral_unit_centre","spatial_precision":"cadastral_unit","spread_m":150,"c__owns_land":"yes","c__land_size_band":"lt_5_dunum","c__soil_types":"clay","c__crop_groups":"apples_pears","c__water_sources":"canal","c__water_availability":"never","c__water_scarcity":"yes","c__irrigation_need_change":"decrease","c__energy_sources":"manual","c__production_level":"medium","c__coop_member":"no","c__homes_trad_food":"few","c__seed_criteria":"productivity","c__seed_sources":"shop","c__seed_challenges":"low_availability","c__traditional_seed_knowledge":"no","c__soil_enhancers":"chemical","c__chem_fertilizer_reliance":"partial","c__pest_control":"chemical","c__pesticide_reliance":"total","c__marketing_challenges":"low_prices","c__logistics_challenges":"high_transport_cost","c__climate_change_noticed":"yes","c__climate_changes":"rainfall_decrease","c__climate_impacts":"production_decrease","c__info_sources":"social_media","c__raises_poultry":"no","c__farmer_type":"type_b","c__low_input_practices":"yes","values":{"owns_land":"yes","land_size_band":"lt_5_dunum","soil_types":["clay"],"crop_groups":["apples_pears","stone_fruits"],"water_sources":["canal"],"water_availability":"never","water_scarcity":"yes","irrigation_need_change":"decrease","energy_sources":["manual"],"production_level":"medium","coop_member":"no","homes_trad_food":"few","seed_criteria":["productivity"],"seed_sources":["shop"],"seed_challenges":["low_availability","unreliable_suppliers"],"traditional_seed_knowledge":"no","soil_enhancers":["chemical","compost"],"chem_fertilizer_reliance":"partial","pest_control":["chemical"],"pesticide_reliance":"total","marketing_challenges":["low_prices"],"logistics_challenges":["high_transport_cost","no_transport"],"climate_change_noticed":"yes","climate_changes":["rainfall_decrease","frost"],"climate_impacts":["production_decrease","season_delay","pests_diseases"],"info_sources":["social_media","extension_agents"],"raises_poultry":"no","poultry_purpose":null,"farmer_type":"type_b","low_input_practices":"yes"},"status":{"owns_land":"reported","land_size_band":"reported","soil_types":"reported","crop_groups":"reported","water_sources":"reported","water_availability":"reported","water_scarcity":"reported","irrigation_need_change":"reported","energy_sources":"reported","production_level":"reported","coop_member":"reported","homes_trad_food":"reported","seed_criteria":"reported","seed_sources":"reported","seed_challenges":"reported","traditional_seed_knowledge":"reported","soil_enhancers":"reported","chem_fertilizer_reliance":"reported","pest_control":"reported","pesticide_reliance":"reported","marketing_challenges":"reported","logistics_challenges":"reported","climate_change_noticed":"reported","climate_changes":"reported","climate_impacts":"reported","info_sources":"reported","raises_poultry":"reported","poultry_purpose":"not_applicable","farmer_type":"reported","low_input_practices":"reported"}}},{"type":"Feature","id":"CH-NPBYDF:chouf_2026","geometry":{"type":"Point","coordinates":[35.53656,33.62773]},"properties":{"entity_type":"survey_respondent_public","respondent_id":"CH-NPBYDF","instrument":"chouf_2026","area_name_en":"Chouf","area_name_ar":"الشوف","geom_origin":"district_centre","spatial_precision":"district","spread_m":500,"c__owns_land":"yes","c__land_size_band":"lt_5_dunum","c__soil_types":"clay","c__crop_groups":"olives","c__water_sources":"well","c__water_availability":"sometimes","c__water_scarcity":"yes","c__irrigation_need_change":"increase","c__energy_sources":"manual","c__production_level":"medium","c__coop_member":"no","c__homes_trad_food":"some","c__seed_criteria":"productivity","c__seed_sources":"shop","c__seed_challenges":"low_availability","c__traditional_seed_knowledge":"no","c__soil_enhancers":"chemical","c__chem_fertilizer_reliance":"total","c__pest_control":"chemical","c__pesticide_reliance":"total","c__marketing_challenges":"weak_demand","c__logistics_challenges":"high_transport_cost","c__climate_change_noticed":"yes","c__climate_changes":"temperature_rise","c__climate_impacts":"production_decrease","c__info_sources":"social_media","c__raises_poultry":"no","c__farmer_type":"type_a","c__low_input_practices":"yes","values":{"owns_land":"yes","land_size_band":"lt_5_dunum","soil_types":["clay"],"crop_groups":["olives","vegetables"],"water_sources":["well","tanker","storage"],"water_availability":"sometimes","water_scarcity":"yes","irrigation_need_change":"increase","energy_sources":["manual"],"production_level":"medium","coop_member":"no","homes_trad_food":"some","seed_criteria":["productivity"],"seed_sources":["shop","neighbour"],"seed_challenges":["low_availability","unreliable_suppliers"],"traditional_seed_knowledge":"no","soil_enhancers":["chemical","manure"],"chem_fertilizer_reliance":"total","pest_control":["chemical"],"pesticide_reliance":"total","marketing_challenges":["weak_demand","far_markets"],"logistics_challenges":["high_transport_cost","no_paved_roads"],"climate_change_noticed":"yes","climate_changes":["temperature_rise","rainfall_decrease"],"climate_impacts":["production_decrease","pests_diseases"],"info_sources":["social_media","supply_shops"],"raises_poultry":"no","poultry_purpose":null,"farmer_type":"type_a","low_input_practices":"yes"},"status":{"owns_land":"reported","land_size_band":"reported","soil_types":"reported","crop_groups":"reported","water_sources":"reported","water_availability":"reported","water_scarcity":"reported","irrigation_need_change":"reported","energy_sources":"reported","production_level":"reported","coop_member":"reported","homes_trad_food":"reported","seed_criteria":"reported","seed_sources":"reported","seed_challenges":"reported","traditional_seed_knowledge":"reported","soil_enhancers":"reported","chem_fertilizer_reliance":"reported","pest_control":"reported","pesticide_reliance":"reported","marketing_challenges":"reported","logistics_challenges":"reported","climate_change_noticed":"reported","climate_changes":"reported","climate_impacts":"reported","info_sources":"reported","raises_poultry":"reported","poultry_purpose":"not_applicable","farmer_type":"reported","low_input_practices":"reported"}}},{"type":"Feature","id":"CH-NTSN7Z:chouf_2026","geometry":{"type":"Point","coordinates":[35.53656,33.62773]},"properties":{"entity_type":"survey_respondent_public","respondent_id":"CH-NTSN7Z","instrument":"chouf_2026","area_name_en":"Chouf","area_name_ar":"الشوف","geom_origin":"district_centre","spatial_precision":"district","spread_m":500,"c__owns_land":"yes","c__land_size_band":"gt_1_ha","c__soil_types":"loamy","c__crop_groups":"olives","c__water_sources":"rain","c__water_availability":"never","c__water_scarcity":"yes","c__irrigation_need_change":"increase","c__energy_sources":"grid","c__production_level":"medium","c__coop_member":"no","c__homes_trad_food":"few","c__seed_criteria":"pest_resistance","c__seed_sources":"own_harvest","c__seed_challenges":"low_availability","c__traditional_seed_knowledge":"no","c__soil_enhancers":"compost","c__chem_fertilizer_reliance":"not_used","c__pest_control":"biological","c__pesticide_reliance":"partial","c__marketing_challenges":"low_prices","c__logistics_challenges":"high_transport_cost","c__climate_change_noticed":"yes","c__climate_changes":"temperature_rise","c__climate_impacts":"production_decrease","c__info_sources":"social_media","c__raises_poultry":"no","c__farmer_type":"type_c","c__low_input_practices":"yes","values":{"owns_land":"yes","land_size_band":"gt_1_ha","soil_types":["loamy"],"crop_groups":["olives","tropical_fruits","legumes"],"water_sources":["rain","storage"],"water_availability":"never","water_scarcity":"yes","irrigation_need_change":"increase","energy_sources":["grid"],"production_level":"medium","coop_member":"no","homes_trad_food":"few","seed_criteria":["pest_resistance"],"seed_sources":["own_harvest"],"seed_challenges":["low_availability","unreliable_suppliers","unsuitable"],"traditional_seed_knowledge":"no","soil_enhancers":["compost","biofertilizer"],"chem_fertilizer_reliance":"not_used","pest_control":["biological","physical"],"pesticide_reliance":"partial","marketing_challenges":["low_prices"],"logistics_challenges":["high_transport_cost"],"climate_change_noticed":"yes","climate_changes":["temperature_rise","rainfall_decrease","heatwaves","frost"],"climate_impacts":["production_decrease","pests_diseases","pollination"],"info_sources":["social_media"],"raises_poultry":"no","poultry_purpose":null,"farmer_type":"type_c","low_input_practices":"yes"},"status":{"owns_land":"reported","land_size_band":"reported","soil_types":"reported","crop_groups":"reported","water_sources":"reported","water_availability":"reported","water_scarcity":"reported","irrigation_need_change":"reported","energy_sources":"reported","production_level":"reported","coop_member":"reported","homes_trad_food":"reported","seed_criteria":"reported","seed_sources":"reported","seed_challenges":"reported","traditional_seed_knowledge":"reported","soil_enhancers":"reported","chem_fertilizer_reliance":"reported","pest_control":"reported","pesticide_reliance":"reported","marketing_challenges":"reported","logistics_challenges":"reported","climate_change_noticed":"reported","climate_changes":"reported","climate_impacts":"reported","info_sources":"reported","raises_poultry":"reported","poultry_purpose":"not_applicable","farmer_type":"reported","low_input_practices":"reported"}}},{"type":"Feature","id":"CH-PEYMJM:chouf_2026","geometry":{"type":"Point","coordinates":[35.6704,33.71781]},"properties":{"entity_type":"survey_respondent_public","respondent_id":"CH-PEYMJM","instrument":"chouf_2026","area_name_en":"Ouarhaniyeh","area_name_ar":"ورهانية","geom_origin":"cadastral_unit_centre","spatial_precision":"cadastral_unit","spread_m":150,"c__owns_land":"yes","c__land_size_band":"lt_5_dunum","c__soil_types":"clay","c__crop_groups":"apples_pears","c__water_sources":"canal","c__water_availability":"rarely","c__water_scarcity":"yes","c__irrigation_need_change":"decrease","c__energy_sources":"manual","c__production_level":"small","c__coop_member":"no","c__homes_trad_food":"most","c__seed_criteria":"productivity","c__seed_sources":"shop","c__seed_challenges":"high_cost","c__traditional_seed_knowledge":"no","c__soil_enhancers":"chemical","c__chem_fertilizer_reliance":"partial","c__pest_control":"local","c__pesticide_reliance":"not_used","c__marketing_challenges":"low_prices","c__logistics_challenges":"high_transport_cost","c__climate_change_noticed":"yes","c__climate_changes":"temperature_rise","c__climate_impacts":"production_decrease","c__info_sources":"extension_agents","c__raises_poultry":"no","c__farmer_type":"type_b","c__low_input_practices":"yes","values":{"owns_land":"yes","land_size_band":"lt_5_dunum","soil_types":["clay"],"crop_groups":["apples_pears","vegetables"],"water_sources":["canal"],"water_availability":"rarely","water_scarcity":"yes","irrigation_need_change":"decrease","energy_sources":["manual"],"production_level":"small","coop_member":"no","homes_trad_food":"most","seed_criteria":["productivity"],"seed_sources":["shop","own_harvest"],"seed_challenges":["high_cost","low_availability"],"traditional_seed_knowledge":"no","soil_enhancers":["chemical"],"chem_fertilizer_reliance":"partial","pest_control":["local"],"pesticide_reliance":"not_used","marketing_challenges":["low_prices"],"logistics_challenges":["high_transport_cost"],"climate_change_noticed":"yes","climate_changes":["temperature_rise","rainfall_decrease","heatwaves","frost"],"climate_impacts":["production_decrease","pests_diseases"],"info_sources":["extension_agents"],"raises_poultry":"no","poultry_purpose":null,"farmer_type":"type_b","low_input_practices":"yes"},"status":{"owns_land":"reported","land_size_band":"reported","soil_types":"reported","crop_groups":"reported","water_sources":"reported","water_availability":"reported","water_scarcity":"reported","irrigation_need_change":"reported","energy_sources":"reported","production_level":"reported","coop_member":"reported","homes_trad_food":"reported","seed_criteria":"reported","seed_sources":"reported","seed_challenges":"reported","traditional_seed_knowledge":"reported","soil_enhancers":"reported","chem_fertilizer_reliance":"reported","pest_control":"reported","pesticide_reliance":"reported","marketing_challenges":"reported","logistics_challenges":"reported","climate_change_noticed":"reported","climate_changes":"reported","climate_impacts":"reported","info_sources":"reported","raises_poultry":"reported","poultry_purpose":"not_applicable","farmer_type":"reported","low_input_practices":"reported"}}},{"type":"Feature","id":"CH-PQCUSS:chouf_2026","geometry":{"type":"Point","coordinates":[35.53656,33.62773]},"properties":{"entity_type":"survey_respondent_public","respondent_id":"CH-PQCUSS","instrument":"chouf_2026","area_name_en":"Chouf","area_name_ar":"الشوف","geom_origin":"district_centre","spatial_precision":"district","spread_m":500,"c__owns_land":"yes","c__land_size_band":"gt_1_ha","c__soil_types":"loamy","c__crop_groups":"tropical_fruits","c__water_sources":"rain","c__water_availability":"never","c__water_scarcity":"yes","c__irrigation_need_change":"increase","c__energy_sources":"manual","c__production_level":"small","c__coop_member":"no","c__homes_trad_food":"few","c__seed_criteria":"price","c__seed_sources":"shop","c__seed_challenges":"high_cost","c__traditional_seed_knowledge":"no","c__soil_enhancers":"chemical","c__chem_fertilizer_reliance":"partial","c__pest_control":"chemical","c__pesticide_reliance":"total","c__marketing_challenges":"weak_demand","c__logistics_challenges":"high_transport_cost","c__climate_change_noticed":"yes","c__climate_changes":"temperature_rise","c__climate_impacts":"production_decrease","c__info_sources":"social_media","c__raises_poultry":"no","c__farmer_type":"type_d","c__low_input_practices":"yes","values":{"owns_land":"yes","land_size_band":"gt_1_ha","soil_types":["loamy"],"crop_groups":["tropical_fruits","herbs"],"water_sources":["rain","tanker","storage"],"water_availability":"never","water_scarcity":"yes","irrigation_need_change":"increase","energy_sources":["manual","grid","diesel"],"production_level":"small","coop_member":"no","homes_trad_food":"few","seed_criteria":["price","productivity"],"seed_sources":["shop","association"],"seed_challenges":["high_cost","low_availability"],"traditional_seed_knowledge":"no","soil_enhancers":["chemical","compost","manure"],"chem_fertilizer_reliance":"partial","pest_control":["chemical","local"],"pesticide_reliance":"total","marketing_challenges":["weak_demand","far_markets"],"logistics_challenges":["high_transport_cost","no_transport"],"climate_change_noticed":"yes","climate_changes":["temperature_rise","rainfall_decrease","frost"],"climate_impacts":["production_decrease","season_delay","pests_diseases","pollination"],"info_sources":["social_media","extension_agents","supply_shops"],"raises_poultry":"no","poultry_purpose":null,"farmer_type":"type_d","low_input_practices":"yes"},"status":{"owns_land":"reported","land_size_band":"reported","soil_types":"reported","crop_groups":"reported","water_sources":"reported","water_availability":"reported","water_scarcity":"reported","irrigation_need_change":"reported","energy_sources":"reported","production_level":"reported","coop_member":"reported","homes_trad_food":"reported","seed_criteria":"reported","seed_sources":"reported","seed_challenges":"reported","traditional_seed_knowledge":"reported","soil_enhancers":"reported","chem_fertilizer_reliance":"reported","pest_control":"reported","pesticide_reliance":"reported","marketing_challenges":"reported","logistics_challenges":"reported","climate_change_noticed":"reported","climate_changes":"reported","climate_impacts":"reported","info_sources":"reported","raises_poultry":"reported","poultry_purpose":"not_applicable","farmer_type":"reported","low_input_practices":"reported"}}},{"type":"Feature","id":"CH-PRP2UE:chouf_2026","geometry":{"type":"Point","coordinates":[35.65655,33.62055]},"properties":{"entity_type":"survey_respondent_public","respondent_id":"CH-PRP2UE","instrument":"chouf_2026","area_name_en":"Mristi","area_name_ar":"مرستى","geom_origin":"cadastral_unit_centre","spatial_precision":"cadastral_unit","spread_m":150,"c__owns_land":"yes","c__land_size_band":"lt_5_dunum","c__soil_types":"loamy","c__crop_groups":"vegetables","c__water_sources":"rain","c__water_availability":"rarely","c__water_scarcity":"yes","c__irrigation_need_change":"increase","c__energy_sources":"manual","c__production_level":"medium","c__coop_member":"no","c__homes_trad_food":"most","c__seed_criteria":"productivity","c__seed_sources":"shop","c__seed_challenges":"none","c__traditional_seed_knowledge":"no","c__soil_enhancers":"chemical","c__chem_fertilizer_reliance":"partial","c__pest_control":"chemical","c__pesticide_reliance":"partial","c__marketing_challenges":"low_prices","c__logistics_challenges":"no_paved_roads","c__climate_change_noticed":"yes","c__climate_changes":"temperature_rise","c__climate_impacts":"production_decrease","c__info_sources":"social_media","c__raises_poultry":"yes","c__poultry_purpose":"home_consumption","c__farmer_type":"type_d","c__low_input_practices":"yes","values":{"owns_land":"yes","land_size_band":"lt_5_dunum","soil_types":["loamy"],"crop_groups":["vegetables","legumes"],"water_sources":["rain"],"water_availability":"rarely","water_scarcity":"yes","irrigation_need_change":"increase","energy_sources":["manual"],"production_level":"medium","coop_member":"no","homes_trad_food":"most","seed_criteria":["productivity","pest_resistance"],"seed_sources":["shop","neighbour","own_harvest"],"seed_challenges":["none"],"traditional_seed_knowledge":"no","soil_enhancers":["chemical","biofertilizer","manure"],"chem_fertilizer_reliance":"partial","pest_control":["chemical","local"],"pesticide_reliance":"partial","marketing_challenges":["low_prices","weak_demand"],"logistics_challenges":["no_paved_roads"],"climate_change_noticed":"yes","climate_changes":["temperature_rise","rainfall_decrease","heatwaves"],"climate_impacts":["production_decrease","pests_diseases"],"info_sources":["social_media","extension_agents"],"raises_poultry":"yes","poultry_purpose":["home_consumption"],"farmer_type":"type_d","low_input_practices":"yes"},"status":{"owns_land":"reported","land_size_band":"reported","soil_types":"reported","crop_groups":"reported","water_sources":"reported","water_availability":"reported","water_scarcity":"reported","irrigation_need_change":"reported","energy_sources":"reported","production_level":"reported","coop_member":"reported","homes_trad_food":"reported","seed_criteria":"reported","seed_sources":"reported","seed_challenges":"reported","traditional_seed_knowledge":"reported","soil_enhancers":"reported","chem_fertilizer_reliance":"reported","pest_control":"reported","pesticide_reliance":"reported","marketing_challenges":"reported","logistics_challenges":"reported","climate_change_noticed":"reported","climate_changes":"reported","climate_impacts":"reported","info_sources":"reported","raises_poultry":"reported","poultry_purpose":"reported","farmer_type":"reported","low_input_practices":"reported"}}},{"type":"Feature","id":"CH-PTTYWS:chouf_2026","geometry":{"type":"Point","coordinates":[35.53656,33.62773]},"properties":{"entity_type":"survey_respondent_public","respondent_id":"CH-PTTYWS","instrument":"chouf_2026","area_name_en":"Chouf","area_name_ar":"الشوف","geom_origin":"district_centre","spatial_precision":"district","spread_m":500,"c__owns_land":"yes","c__land_size_band":"gt_1_ha","c__soil_types":"clay","c__crop_groups":"olives","c__water_sources":"river","c__water_availability":"always","c__water_scarcity":"yes","c__irrigation_need_change":"increase","c__energy_sources":"manual","c__production_level":"medium","c__coop_member":"no","c__homes_trad_food":"some","c__seed_criteria":"price","c__seed_sources":"shop","c__seed_challenges":"high_cost","c__traditional_seed_knowledge":"yes","c__soil_enhancers":"compost","c__chem_fertilizer_reliance":"partial","c__pest_control":"chemical","c__pesticide_reliance":"partial","c__marketing_challenges":"low_prices","c__logistics_challenges":"high_transport_cost","c__climate_change_noticed":"yes","c__climate_changes":"rainfall_decrease","c__climate_impacts":"production_decrease","c__info_sources":"social_media","c__raises_poultry":"no","c__farmer_type":"type_b","c__low_input_practices":"yes","values":{"owns_land":"yes","land_size_band":"gt_1_ha","soil_types":["clay"],"crop_groups":["olives","grapes","other_fruits"],"water_sources":["river","public_network","storage"],"water_availability":"always","water_scarcity":"yes","irrigation_need_change":"increase","energy_sources":["manual"],"production_level":"medium","coop_member":"no","homes_trad_food":"some","seed_criteria":["price","productivity","pest_resistance"],"seed_sources":["shop","neighbour","own_harvest"],"seed_challenges":["high_cost","low_availability","unreliable_suppliers"],"traditional_seed_knowledge":"yes","soil_enhancers":["compost","manure"],"chem_fertilizer_reliance":"partial","pest_control":["chemical","biological"],"pesticide_reliance":"partial","marketing_challenges":["low_prices","weak_demand","no_transport"],"logistics_challenges":["high_transport_cost","no_paved_roads"],"climate_change_noticed":"yes","climate_changes":["rainfall_decrease","heatwaves"],"climate_impacts":["production_decrease","pests_diseases"],"info_sources":["social_media","extension_agents","supply_shops","television"],"raises_poultry":"no","poultry_purpose":null,"farmer_type":"type_b","low_input_practices":"yes"},"status":{"owns_land":"reported","land_size_band":"reported","soil_types":"reported","crop_groups":"reported","water_sources":"reported","water_availability":"reported","water_scarcity":"reported","irrigation_need_change":"reported","energy_sources":"reported","production_level":"reported","coop_member":"reported","homes_trad_food":"reported","seed_criteria":"reported","seed_sources":"reported","seed_challenges":"reported","traditional_seed_knowledge":"reported","soil_enhancers":"reported","chem_fertilizer_reliance":"reported","pest_control":"reported","pesticide_reliance":"reported","marketing_challenges":"reported","logistics_challenges":"reported","climate_change_noticed":"reported","climate_changes":"reported","climate_impacts":"reported","info_sources":"reported","raises_poultry":"reported","poultry_purpose":"not_applicable","farmer_type":"reported","low_input_practices":"reported"}}},{"type":"Feature","id":"CH-Q3TN9W:chouf_2026","geometry":{"type":"Point","coordinates":[35.53656,33.62773]},"properties":{"entity_type":"survey_respondent_public","respondent_id":"CH-Q3TN9W","instrument":"chouf_2026","area_name_en":"Chouf","area_name_ar":"الشوف","geom_origin":"district_centre","spatial_precision":"district","spread_m":500,"c__owns_land":"yes","c__land_size_band":"lt_5_dunum","c__soil_types":"loamy","c__crop_groups":"olives","c__water_sources":"river","c__water_availability":"rarely","c__water_scarcity":"yes","c__irrigation_need_change":"increase","c__energy_sources":"manual","c__production_level":"medium","c__coop_member":"no","c__homes_trad_food":"most","c__seed_criteria":"none","c__seed_challenges":"none","c__traditional_seed_knowledge":"no","c__soil_enhancers":"chemical","c__chem_fertilizer_reliance":"partial","c__pest_control":"chemical","c__pesticide_reliance":"partial","c__logistics_challenges":"high_transport_cost","c__climate_change_noticed":"yes","c__climate_changes":"temperature_rise","c__climate_impacts":"production_decrease","c__info_sources":"social_media","c__raises_poultry":"no","c__farmer_type":"type_b","c__low_input_practices":"yes","values":{"owns_land":"yes","land_size_band":"lt_5_dunum","soil_types":["loamy"],"crop_groups":["olives","nuts_pine"],"water_sources":["river","canal"],"water_availability":"rarely","water_scarcity":"yes","irrigation_need_change":"increase","energy_sources":["manual"],"production_level":"medium","coop_member":"no","homes_trad_food":"most","seed_criteria":["none"],"seed_sources":null,"seed_challenges":["none"],"traditional_seed_knowledge":"no","soil_enhancers":["chemical","manure"],"chem_fertilizer_reliance":"partial","pest_control":["chemical","biological"],"pesticide_reliance":"partial","marketing_challenges":null,"logistics_challenges":["high_transport_cost","no_paved_roads"],"climate_change_noticed":"yes","climate_changes":["temperature_rise","rainfall_decrease","heatwaves"],"climate_impacts":["production_decrease","season_delay"],"info_sources":["social_media","extension_agents"],"raises_poultry":"no","poultry_purpose":null,"farmer_type":"type_b","low_input_practices":"yes"},"status":{"owns_land":"reported","land_size_band":"reported","soil_types":"reported","crop_groups":"reported","water_sources":"reported","water_availability":"reported","water_scarcity":"reported","irrigation_need_change":"reported","energy_sources":"reported","production_level":"reported","coop_member":"reported","homes_trad_food":"reported","seed_criteria":"reported","seed_sources":"not_provided","seed_challenges":"reported","traditional_seed_knowledge":"reported","soil_enhancers":"reported","chem_fertilizer_reliance":"reported","pest_control":"reported","pesticide_reliance":"reported","marketing_challenges":"not_provided","logistics_challenges":"reported","climate_change_noticed":"reported","climate_changes":"reported","climate_impacts":"reported","info_sources":"reported","raises_poultry":"reported","poultry_purpose":"not_applicable","farmer_type":"reported","low_input_practices":"reported"}}},{"type":"Feature","id":"CH-QEZ5M3:chouf_2026","geometry":{"type":"Point","coordinates":[35.6526,33.69324]},"properties":{"entity_type":"survey_respondent_public","respondent_id":"CH-QEZ5M3","instrument":"chouf_2026","area_name_en":"Batloun","area_name_ar":"بتلون","geom_origin":"cadastral_unit_centre","spatial_precision":"cadastral_unit","spread_m":150,"c__owns_land":"yes","c__land_size_band":"lt_5_dunum","c__soil_types":"clay","c__water_sources":"public_network","c__water_availability":"sometimes","c__water_scarcity":"yes","c__irrigation_need_change":"decrease","c__energy_sources":"manual","c__production_level":"small","c__coop_member":"no","c__homes_trad_food":"most","c__seed_criteria":"productivity","c__seed_sources":"shop","c__seed_challenges":"low_availability","c__traditional_seed_knowledge":"yes","c__soil_enhancers":"compost","c__chem_fertilizer_reliance":"not_used","c__pest_control":"local","c__pesticide_reliance":"not_used","c__marketing_challenges":"low_prices","c__logistics_challenges":"no_transport","c__climate_change_noticed":"yes","c__climate_changes":"temperature_rise","c__climate_impacts":"production_decrease","c__info_sources":"social_media","c__raises_poultry":"yes","c__poultry_purpose":"home_consumption","c__farmer_type":"type_c","c__low_input_practices":"yes","values":{"owns_land":"yes","land_size_band":"lt_5_dunum","soil_types":["clay"],"crop_groups":null,"water_sources":["public_network"],"water_availability":"sometimes","water_scarcity":"yes","irrigation_need_change":"decrease","energy_sources":["manual"],"production_level":"small","coop_member":"no","homes_trad_food":"most","seed_criteria":["productivity","pest_resistance"],"seed_sources":["shop","neighbour","association","own_harvest"],"seed_challenges":["low_availability","unsuitable"],"traditional_seed_knowledge":"yes","soil_enhancers":["compost","manure"],"chem_fertilizer_reliance":"not_used","pest_control":["local"],"pesticide_reliance":"not_used","marketing_challenges":["low_prices","weak_demand"],"logistics_challenges":["no_transport"],"climate_change_noticed":"yes","climate_changes":["temperature_rise","rainfall_decrease","heatwaves"],"climate_impacts":["production_decrease","pests_diseases","pollination"],"info_sources":["social_media","extension_agents"],"raises_poultry":"yes","poultry_purpose":["home_consumption"],"farmer_type":"type_c","low_input_practices":"yes"},"status":{"owns_land":"reported","land_size_band":"reported","soil_types":"reported","crop_groups":"invalid","water_sources":"reported","water_availability":"reported","water_scarcity":"reported","irrigation_need_change":"reported","energy_sources":"reported","production_level":"reported","coop_member":"reported","homes_trad_food":"reported","seed_criteria":"reported","seed_sources":"reported","seed_challenges":"reported","traditional_seed_knowledge":"reported","soil_enhancers":"reported","chem_fertilizer_reliance":"reported","pest_control":"reported","pesticide_reliance":"reported","marketing_challenges":"reported","logistics_challenges":"reported","climate_change_noticed":"reported","climate_changes":"reported","climate_impacts":"reported","info_sources":"reported","raises_poultry":"reported","poultry_purpose":"reported","farmer_type":"reported","low_input_practices":"reported"}}},{"type":"Feature","id":"CH-QHF5KA:chouf_2026","geometry":{"type":"Point","coordinates":[35.70198,33.69463]},"properties":{"entity_type":"survey_respondent_public","respondent_id":"CH-QHF5KA","instrument":"chouf_2026","area_name_en":"Barouk","area_name_ar":"الباروك","geom_origin":"cadastral_unit_centre","spatial_precision":"cadastral_unit","spread_m":150,"c__owns_land":"yes","c__land_size_band":"lt_1_ha","c__soil_types":"loamy","c__crop_groups":"apples_pears","c__water_sources":"river","c__water_availability":"sometimes","c__water_scarcity":"no","c__irrigation_need_change":"increase","c__energy_sources":"manual","c__production_level":"medium","c__coop_member":"yes","c__homes_trad_food":"most","c__seed_criteria":"productivity","c__seed_sources":"neighbour","c__seed_challenges":"high_cost","c__traditional_seed_knowledge":"no","c__soil_enhancers":"compost","c__chem_fertilizer_reliance":"partial","c__pest_control":"chemical","c__pesticide_reliance":"partial","c__marketing_challenges":"weak_demand","c__logistics_challenges":"no_paved_roads","c__climate_change_noticed":"yes","c__climate_changes":"temperature_rise","c__climate_impacts":"production_decrease","c__info_sources":"social_media","c__raises_poultry":"no","c__farmer_type":"type_b","c__low_input_practices":"yes","values":{"owns_land":"yes","land_size_band":"lt_1_ha","soil_types":["loamy"],"crop_groups":["apples_pears","vegetables"],"water_sources":["river"],"water_availability":"sometimes","water_scarcity":"no","irrigation_need_change":"increase","energy_sources":["manual"],"production_level":"medium","coop_member":"yes","homes_trad_food":"most","seed_criteria":["productivity"],"seed_sources":["neighbour"],"seed_challenges":["high_cost"],"traditional_seed_knowledge":"no","soil_enhancers":["compost","manure"],"chem_fertilizer_reliance":"partial","pest_control":["chemical"],"pesticide_reliance":"partial","marketing_challenges":["weak_demand","far_markets"],"logistics_challenges":["no_paved_roads"],"climate_change_noticed":"yes","climate_changes":["temperature_rise","rainfall_decrease","heatwaves"],"climate_impacts":["production_decrease","pests_diseases"],"info_sources":["social_media","extension_agents"],"raises_poultry":"no","poultry_purpose":null,"farmer_type":"type_b","low_input_practices":"yes"},"status":{"owns_land":"reported","land_size_band":"reported","soil_types":"reported","crop_groups":"reported","water_sources":"reported","water_availability":"reported","water_scarcity":"reported","irrigation_need_change":"reported","energy_sources":"reported","production_level":"reported","coop_member":"reported","homes_trad_food":"reported","seed_criteria":"reported","seed_sources":"reported","seed_challenges":"reported","traditional_seed_knowledge":"reported","soil_enhancers":"reported","chem_fertilizer_reliance":"reported","pest_control":"reported","pesticide_reliance":"reported","marketing_challenges":"reported","logistics_challenges":"reported","climate_change_noticed":"reported","climate_changes":"reported","climate_impacts":"reported","info_sources":"reported","raises_poultry":"reported","poultry_purpose":"not_applicable","farmer_type":"reported","low_input_practices":"reported"}}},{"type":"Feature","id":"CH-QKPXWC:chouf_2026","geometry":{"type":"Point","coordinates":[35.53656,33.62773]},"properties":{"entity_type":"survey_respondent_public","respondent_id":"CH-QKPXWC","instrument":"chouf_2026","area_name_en":"Chouf","area_name_ar":"الشوف","geom_origin":"district_centre","spatial_precision":"district","spread_m":500,"c__owns_land":"yes","c__land_size_band":"gt_2_ha","c__soil_types":"clay","c__crop_groups":"other","c__water_sources":"rain","c__water_availability":"never","c__water_scarcity":"yes","c__irrigation_need_change":"increase","c__energy_sources":"manual","c__production_level":"small","c__coop_member":"no","c__homes_trad_food":"some","c__seed_criteria":"none","c__seed_sources":"shop","c__seed_challenges":"high_cost","c__traditional_seed_knowledge":"no","c__soil_enhancers":"chemical","c__chem_fertilizer_reliance":"partial","c__pest_control":"chemical","c__pesticide_reliance":"total","c__marketing_challenges":"low_prices","c__logistics_challenges":"no_transport","c__climate_change_noticed":"no","c__climate_changes":"temperature_rise","c__climate_impacts":"no_major_impact","c__info_sources":"social_media","c__raises_poultry":"no","c__farmer_type":"type_b","c__low_input_practices":"yes","values":{"owns_land":"yes","land_size_band":"gt_2_ha","soil_types":["clay"],"crop_groups":["other"],"water_sources":["rain"],"water_availability":"never","water_scarcity":"yes","irrigation_need_change":"increase","energy_sources":["manual"],"production_level":"small","coop_member":"no","homes_trad_food":"some","seed_criteria":["none"],"seed_sources":["shop","association"],"seed_challenges":["high_cost"],"traditional_seed_knowledge":"no","soil_enhancers":["chemical","compost","manure"],"chem_fertilizer_reliance":"partial","pest_control":["chemical"],"pesticide_reliance":"total","marketing_challenges":["low_prices"],"logistics_challenges":["no_transport"],"climate_change_noticed":"no","climate_changes":["temperature_rise","rainfall_decrease","heatwaves"],"climate_impacts":["no_major_impact"],"info_sources":["social_media","supply_shops"],"raises_poultry":"no","poultry_purpose":null,"farmer_type":"type_b","low_input_practices":"yes"},"status":{"owns_land":"reported","land_size_band":"reported","soil_types":"reported","crop_groups":"reported","water_sources":"reported","water_availability":"reported","water_scarcity":"reported","irrigation_need_change":"reported","energy_sources":"reported","production_level":"reported","coop_member":"reported","homes_trad_food":"reported","seed_criteria":"reported","seed_sources":"reported","seed_challenges":"reported","traditional_seed_knowledge":"reported","soil_enhancers":"reported","chem_fertilizer_reliance":"reported","pest_control":"reported","pesticide_reliance":"reported","marketing_challenges":"reported","logistics_challenges":"reported","climate_change_noticed":"reported","climate_changes":"reported","climate_impacts":"reported","info_sources":"reported","raises_poultry":"reported","poultry_purpose":"not_applicable","farmer_type":"reported","low_input_practices":"reported"}}},{"type":"Feature","id":"CH-QRK62A:chouf_2026","geometry":{"type":"Point","coordinates":[35.41226,33.59196]},"properties":{"entity_type":"survey_respondent_public","respondent_id":"CH-QRK62A","instrument":"chouf_2026","area_name_en":"Aalmane Ech-Chouf","area_name_ar":"علمان الشوف","geom_origin":"cadastral_unit_centre","spatial_precision":"cadastral_unit","spread_m":150,"c__owns_land":"yes","c__land_size_band":"lt_5_dunum","c__soil_types":"clay","c__crop_groups":"citrus","c__water_sources":"well","c__water_availability":"rarely","c__water_scarcity":"yes","c__irrigation_need_change":"no_change","c__energy_sources":"grid","c__production_level":"medium","c__coop_member":"no","c__homes_trad_food":"few","c__seed_criteria":"none","c__seed_sources":"shop","c__seed_challenges":"high_cost","c__traditional_seed_knowledge":"no","c__soil_enhancers":"chemical","c__chem_fertilizer_reliance":"partial","c__pest_control":"chemical","c__pesticide_reliance":"total","c__marketing_challenges":"low_prices","c__logistics_challenges":"no_paved_roads","c__climate_change_noticed":"yes","c__climate_changes":"rainfall_decrease","c__climate_impacts":"production_decrease","c__info_sources":"extension_agents","c__raises_poultry":"no","c__farmer_type":"type_a","c__low_input_practices":"yes","values":{"owns_land":"yes","land_size_band":"lt_5_dunum","soil_types":["clay"],"crop_groups":["citrus"],"water_sources":["well"],"water_availability":"rarely","water_scarcity":"yes","irrigation_need_change":"no_change","energy_sources":["grid"],"production_level":"medium","coop_member":"no","homes_trad_food":"few","seed_criteria":["none"],"seed_sources":["shop"],"seed_challenges":["high_cost"],"traditional_seed_knowledge":"no","soil_enhancers":["chemical","manure"],"chem_fertilizer_reliance":"partial","pest_control":["chemical"],"pesticide_reliance":"total","marketing_challenges":["low_prices"],"logistics_challenges":["no_paved_roads"],"climate_change_noticed":"yes","climate_changes":["rainfall_decrease"],"climate_impacts":["production_decrease"],"info_sources":["extension_agents"],"raises_poultry":"no","poultry_purpose":null,"farmer_type":"type_a","low_input_practices":"yes"},"status":{"owns_land":"reported","land_size_band":"reported","soil_types":"reported","crop_groups":"reported","water_sources":"reported","water_availability":"reported","water_scarcity":"reported","irrigation_need_change":"reported","energy_sources":"reported","production_level":"reported","coop_member":"reported","homes_trad_food":"reported","seed_criteria":"reported","seed_sources":"reported","seed_challenges":"reported","traditional_seed_knowledge":"reported","soil_enhancers":"reported","chem_fertilizer_reliance":"reported","pest_control":"reported","pesticide_reliance":"reported","marketing_challenges":"reported","logistics_challenges":"reported","climate_change_noticed":"reported","climate_changes":"reported","climate_impacts":"reported","info_sources":"reported","raises_poultry":"reported","poultry_purpose":"not_applicable","farmer_type":"reported","low_input_practices":"reported"}}},{"type":"Feature","id":"CH-QVP638:chouf_2026","geometry":{"type":"Point","coordinates":[35.6704,33.71781]},"properties":{"entity_type":"survey_respondent_public","respondent_id":"CH-QVP638","instrument":"chouf_2026","area_name_en":"Ouarhaniyeh","area_name_ar":"ورهانية","geom_origin":"cadastral_unit_centre","spatial_precision":"cadastral_unit","spread_m":150,"c__owns_land":"yes","c__land_size_band":"lt_1_ha","c__soil_types":"loamy","c__crop_groups":"olives","c__water_sources":"canal","c__water_availability":"sometimes","c__water_scarcity":"yes","c__irrigation_need_change":"no_change","c__energy_sources":"manual","c__production_level":"large","c__coop_member":"no","c__homes_trad_food":"most","c__seed_criteria":"price","c__seed_sources":"shop","c__seed_challenges":"high_cost","c__traditional_seed_knowledge":"yes","c__soil_enhancers":"chemical","c__chem_fertilizer_reliance":"partial","c__pest_control":"chemical","c__pesticide_reliance":"total","c__marketing_challenges":"low_prices","c__logistics_challenges":"high_transport_cost","c__climate_change_noticed":"yes","c__climate_changes":"temperature_rise","c__climate_impacts":"pests_diseases","c__info_sources":"supply_shops","c__raises_poultry":"yes","c__poultry_purpose":"home_consumption","c__farmer_type":"type_b","c__low_input_practices":"yes","values":{"owns_land":"yes","land_size_band":"lt_1_ha","soil_types":["loamy","clay","calcareous"],"crop_groups":["olives","citrus","other_fruits","nuts_pine"],"water_sources":["canal"],"water_availability":"sometimes","water_scarcity":"yes","irrigation_need_change":"no_change","energy_sources":["manual"],"production_level":"large","coop_member":"no","homes_trad_food":"most","seed_criteria":["price","productivity","pest_resistance"],"seed_sources":["shop","own_harvest"],"seed_challenges":["high_cost","low_availability"],"traditional_seed_knowledge":"yes","soil_enhancers":["chemical","manure"],"chem_fertilizer_reliance":"partial","pest_control":["chemical"],"pesticide_reliance":"total","marketing_challenges":["low_prices","weak_demand","far_markets","no_transport","poor_packaging"],"logistics_challenges":["high_transport_cost","no_paved_roads"],"climate_change_noticed":"yes","climate_changes":["temperature_rise","rainfall_decrease"],"climate_impacts":["pests_diseases"],"info_sources":["supply_shops"],"raises_poultry":"yes","poultry_purpose":["home_consumption"],"farmer_type":"type_b","low_input_practices":"yes"},"status":{"owns_land":"reported","land_size_band":"reported","soil_types":"reported","crop_groups":"reported","water_sources":"reported","water_availability":"reported","water_scarcity":"reported","irrigation_need_change":"reported","energy_sources":"reported","production_level":"reported","coop_member":"reported","homes_trad_food":"reported","seed_criteria":"reported","seed_sources":"reported","seed_challenges":"reported","traditional_seed_knowledge":"reported","soil_enhancers":"reported","chem_fertilizer_reliance":"reported","pest_control":"reported","pesticide_reliance":"reported","marketing_challenges":"reported","logistics_challenges":"reported","climate_change_noticed":"reported","climate_changes":"reported","climate_impacts":"reported","info_sources":"reported","raises_poultry":"reported","poultry_purpose":"reported","farmer_type":"reported","low_input_practices":"reported"}}},{"type":"Feature","id":"CH-QWA93A:chouf_2026","geometry":{"type":"Point","coordinates":[35.59263,33.64839]},"properties":{"entity_type":"survey_respondent_public","respondent_id":"CH-QWA93A","instrument":"chouf_2026","area_name_en":"Kahlouniet Ech-Chouf","area_name_ar":"كحلونية الشوف","geom_origin":"cadastral_unit_centre","spatial_precision":"cadastral_unit","spread_m":150,"c__owns_land":"yes","c__land_size_band":"lt_5_dunum","c__soil_types":"loamy","c__crop_groups":"vegetables","c__water_sources":"tanker","c__water_availability":"sometimes","c__water_scarcity":"yes","c__irrigation_need_change":"increase","c__energy_sources":"manual","c__production_level":"small","c__coop_member":"no","c__homes_trad_food":"some","c__seed_criteria":"productivity","c__seed_sources":"shop","c__seed_challenges":"high_cost","c__traditional_seed_knowledge":"yes","c__soil_enhancers":"manure","c__chem_fertilizer_reliance":"partial","c__pest_control":"chemical","c__pesticide_reliance":"partial","c__marketing_challenges":"weak_demand","c__logistics_challenges":"high_transport_cost","c__climate_change_noticed":"yes","c__climate_changes":"temperature_rise","c__climate_impacts":"production_decrease","c__info_sources":"social_media","c__raises_poultry":"yes","c__poultry_purpose":"home_consumption","c__farmer_type":"type_d","c__low_input_practices":"yes","values":{"owns_land":"yes","land_size_band":"lt_5_dunum","soil_types":["loamy"],"crop_groups":["vegetables"],"water_sources":["tanker","storage"],"water_availability":"sometimes","water_scarcity":"yes","irrigation_need_change":"increase","energy_sources":["manual"],"production_level":"small","coop_member":"no","homes_trad_food":"some","seed_criteria":["productivity","pest_resistance"],"seed_sources":["shop"],"seed_challenges":["high_cost","low_availability"],"traditional_seed_knowledge":"yes","soil_enhancers":["manure"],"chem_fertilizer_reliance":"partial","pest_control":["chemical"],"pesticide_reliance":"partial","marketing_challenges":["weak_demand"],"logistics_challenges":["high_transport_cost"],"climate_change_noticed":"yes","climate_changes":["temperature_rise","rainfall_decrease"],"climate_impacts":["production_decrease","season_delay","pests_diseases","pollination"],"info_sources":["social_media","extension_agents"],"raises_poultry":"yes","poultry_purpose":["home_consumption"],"farmer_type":"type_d","low_input_practices":"yes"},"status":{"owns_land":"reported","land_size_band":"reported","soil_types":"reported","crop_groups":"reported","water_sources":"reported","water_availability":"reported","water_scarcity":"reported","irrigation_need_change":"reported","energy_sources":"reported","production_level":"reported","coop_member":"reported","homes_trad_food":"reported","seed_criteria":"reported","seed_sources":"reported","seed_challenges":"reported","traditional_seed_knowledge":"reported","soil_enhancers":"reported","chem_fertilizer_reliance":"reported","pest_control":"reported","pesticide_reliance":"reported","marketing_challenges":"reported","logistics_challenges":"reported","climate_change_noticed":"reported","climate_changes":"reported","climate_impacts":"reported","info_sources":"reported","raises_poultry":"reported","poultry_purpose":"reported","farmer_type":"reported","low_input_practices":"reported"}}},{"type":"Feature","id":"CH-QZ2XAN:chouf_2026","geometry":{"type":"Point","coordinates":[35.65655,33.62055]},"properties":{"entity_type":"survey_respondent_public","respondent_id":"CH-QZ2XAN","instrument":"chouf_2026","area_name_en":"Mristi","area_name_ar":"مرستى","geom_origin":"cadastral_unit_centre","spatial_precision":"cadastral_unit","spread_m":150,"c__owns_land":"yes","c__land_size_band":"lt_5_dunum","c__soil_types":"clay","c__crop_groups":"apples_pears","c__water_sources":"canal","c__water_availability":"sometimes","c__water_scarcity":"yes","c__irrigation_need_change":"increase","c__energy_sources":"grid","c__production_level":"medium","c__coop_member":"no","c__homes_trad_food":"most","c__seed_criteria":"price","c__seed_sources":"shop","c__seed_challenges":"high_cost","c__traditional_seed_knowledge":"no","c__soil_enhancers":"chemical","c__chem_fertilizer_reliance":"partial","c__pest_control":"chemical","c__pesticide_reliance":"partial","c__marketing_challenges":"low_prices","c__logistics_challenges":"high_transport_cost","c__climate_change_noticed":"yes","c__climate_changes":"rainfall_decrease","c__climate_impacts":"production_decrease","c__info_sources":"extension_agents","c__raises_poultry":"yes","c__poultry_purpose":"home_consumption","c__farmer_type":"type_b","c__low_input_practices":"yes","values":{"owns_land":"yes","land_size_band":"lt_5_dunum","soil_types":["clay"],"crop_groups":["apples_pears","stone_fruits","vegetables"],"water_sources":["canal"],"water_availability":"sometimes","water_scarcity":"yes","irrigation_need_change":"increase","energy_sources":["grid"],"production_level":"medium","coop_member":"no","homes_trad_food":"most","seed_criteria":["price","pest_resistance"],"seed_sources":["shop"],"seed_challenges":["high_cost"],"traditional_seed_knowledge":"no","soil_enhancers":["chemical","manure"],"chem_fertilizer_reliance":"partial","pest_control":["chemical"],"pesticide_reliance":"partial","marketing_challenges":["low_prices"],"logistics_challenges":["high_transport_cost"],"climate_change_noticed":"yes","climate_changes":["rainfall_decrease","frost"],"climate_impacts":["production_decrease"],"info_sources":["extension_agents","supply_shops"],"raises_poultry":"yes","poultry_purpose":["home_consumption"],"farmer_type":"type_b","low_input_practices":"yes"},"status":{"owns_land":"reported","land_size_band":"reported","soil_types":"reported","crop_groups":"reported","water_sources":"reported","water_availability":"reported","water_scarcity":"reported","irrigation_need_change":"reported","energy_sources":"reported","production_level":"reported","coop_member":"reported","homes_trad_food":"reported","seed_criteria":"reported","seed_sources":"reported","seed_challenges":"reported","traditional_seed_knowledge":"reported","soil_enhancers":"reported","chem_fertilizer_reliance":"reported","pest_control":"reported","pesticide_reliance":"reported","marketing_challenges":"reported","logistics_challenges":"reported","climate_change_noticed":"reported","climate_changes":"reported","climate_impacts":"reported","info_sources":"reported","raises_poultry":"reported","poultry_purpose":"reported","farmer_type":"reported","low_input_practices":"reported"}}},{"type":"Feature","id":"CH-R8E7GT:chouf_2026","geometry":{"type":"Point","coordinates":[35.53656,33.62773]},"properties":{"entity_type":"survey_respondent_public","respondent_id":"CH-R8E7GT","instrument":"chouf_2026","area_name_en":"Chouf","area_name_ar":"الشوف","geom_origin":"district_centre","spatial_precision":"district","spread_m":500,"c__owns_land":"yes","c__land_size_band":"lt_1_ha","c__soil_types":"loamy","c__crop_groups":"olives","c__water_sources":"tanker","c__water_availability":"rarely","c__water_scarcity":"yes","c__irrigation_need_change":"increase","c__energy_sources":"manual","c__production_level":"small","c__coop_member":"no","c__homes_trad_food":"some","c__seed_criteria":"price","c__seed_sources":"shop","c__seed_challenges":"high_cost","c__traditional_seed_knowledge":"no","c__soil_enhancers":"compost","c__chem_fertilizer_reliance":"partial","c__pest_control":"chemical","c__pesticide_reliance":"partial","c__marketing_challenges":"low_prices","c__logistics_challenges":"high_transport_cost","c__climate_change_noticed":"yes","c__climate_changes":"temperature_rise","c__climate_impacts":"production_decrease","c__info_sources":"social_media","c__raises_poultry":"yes","c__poultry_purpose":"home_consumption","c__farmer_type":"type_d","c__low_input_practices":"yes","values":{"owns_land":"yes","land_size_band":"lt_1_ha","soil_types":["loamy"],"crop_groups":["olives"],"water_sources":["tanker","canal","storage"],"water_availability":"rarely","water_scarcity":"yes","irrigation_need_change":"increase","energy_sources":["manual"],"production_level":"small","coop_member":"no","homes_trad_food":"some","seed_criteria":["price","productivity","pest_resistance"],"seed_sources":["shop","association"],"seed_challenges":["high_cost","low_availability","unreliable_suppliers","unsuitable"],"traditional_seed_knowledge":"no","soil_enhancers":["compost","manure"],"chem_fertilizer_reliance":"partial","pest_control":["chemical"],"pesticide_reliance":"partial","marketing_challenges":["low_prices","poor_packaging"],"logistics_challenges":["high_transport_cost","no_transport"],"climate_change_noticed":"yes","climate_changes":["temperature_rise","rainfall_decrease","heatwaves","frost"],"climate_impacts":["production_decrease","pests_diseases","pollination"],"info_sources":["social_media","extension_agents","supply_shops","television"],"raises_poultry":"yes","poultry_purpose":["home_consumption"],"farmer_type":"type_d","low_input_practices":"yes"},"status":{"owns_land":"reported","land_size_band":"reported","soil_types":"reported","crop_groups":"reported","water_sources":"reported","water_availability":"reported","water_scarcity":"reported","irrigation_need_change":"reported","energy_sources":"reported","production_level":"reported","coop_member":"reported","homes_trad_food":"reported","seed_criteria":"reported","seed_sources":"reported","seed_challenges":"reported","traditional_seed_knowledge":"reported","soil_enhancers":"reported","chem_fertilizer_reliance":"reported","pest_control":"reported","pesticide_reliance":"reported","marketing_challenges":"reported","logistics_challenges":"reported","climate_change_noticed":"reported","climate_changes":"reported","climate_impacts":"reported","info_sources":"reported","raises_poultry":"reported","poultry_purpose":"reported","farmer_type":"reported","low_input_practices":"reported"}}},{"type":"Feature","id":"CH-RH9Y37:chouf_2026","geometry":{"type":"Point","coordinates":[35.63089,33.69785]},"properties":{"entity_type":"survey_respondent_public","respondent_id":"CH-RH9Y37","instrument":"chouf_2026","area_name_en":"Kfar Nabrakh","area_name_ar":"كفرنبرخ","geom_origin":"cadastral_unit_centre","spatial_precision":"cadastral_unit","spread_m":150,"c__owns_land":"yes","c__land_size_band":"gt_2_ha","c__soil_types":"loamy","c__crop_groups":"legumes","c__water_sources":"canal","c__water_availability":"always","c__water_scarcity":"yes","c__irrigation_need_change":"increase","c__energy_sources":"manual","c__production_level":"medium","c__coop_member":"no","c__homes_trad_food":"most","c__seed_criteria":"price","c__seed_sources":"shop","c__seed_challenges":"unreliable_suppliers","c__traditional_seed_knowledge":"no","c__soil_enhancers":"chemical","c__chem_fertilizer_reliance":"partial","c__pest_control":"chemical","c__pesticide_reliance":"partial","c__marketing_challenges":"low_prices","c__logistics_challenges":"high_transport_cost","c__climate_change_noticed":"yes","c__climate_changes":"temperature_rise","c__climate_impacts":"production_decrease","c__info_sources":"social_media","c__raises_poultry":"no","c__farmer_type":"type_b","c__low_input_practices":"yes","values":{"owns_land":"yes","land_size_band":"gt_2_ha","soil_types":["loamy"],"crop_groups":["legumes"],"water_sources":["canal"],"water_availability":"always","water_scarcity":"yes","irrigation_need_change":"increase","energy_sources":["manual"],"production_level":"medium","coop_member":"no","homes_trad_food":"most","seed_criteria":["price","productivity","pest_resistance"],"seed_sources":["shop"],"seed_challenges":["unreliable_suppliers"],"traditional_seed_knowledge":"no","soil_enhancers":["chemical","compost"],"chem_fertilizer_reliance":"partial","pest_control":["chemical"],"pesticide_reliance":"partial","marketing_challenges":["low_prices"],"logistics_challenges":["high_transport_cost"],"climate_change_noticed":"yes","climate_changes":["temperature_rise","rainfall_decrease"],"climate_impacts":["production_decrease"],"info_sources":["social_media"],"raises_poultry":"no","poultry_purpose":null,"farmer_type":"type_b","low_input_practices":"yes"},"status":{"owns_land":"reported","land_size_band":"reported","soil_types":"reported","crop_groups":"reported","water_sources":"reported","water_availability":"reported","water_scarcity":"reported","irrigation_need_change":"reported","energy_sources":"reported","production_level":"reported","coop_member":"reported","homes_trad_food":"reported","seed_criteria":"reported","seed_sources":"reported","seed_challenges":"reported","traditional_seed_knowledge":"reported","soil_enhancers":"reported","chem_fertilizer_reliance":"reported","pest_control":"reported","pesticide_reliance":"reported","marketing_challenges":"reported","logistics_challenges":"reported","climate_change_noticed":"reported","climate_changes":"reported","climate_impacts":"reported","info_sources":"reported","raises_poultry":"reported","poultry_purpose":"not_applicable","farmer_type":"reported","low_input_practices":"reported"}}},{"type":"Feature","id":"CH-RKRT6J:chouf_2026","geometry":{"type":"Point","coordinates":[35.53656,33.62773]},"properties":{"entity_type":"survey_respondent_public","respondent_id":"CH-RKRT6J","instrument":"chouf_2026","area_name_en":"Chouf","area_name_ar":"الشوف","geom_origin":"district_centre","spatial_precision":"district","spread_m":500,"c__owns_land":"yes","c__land_size_band":"lt_1_ha","c__soil_types":"loamy","c__crop_groups":"citrus","c__water_sources":"canal","c__water_availability":"rarely","c__water_scarcity":"yes","c__irrigation_need_change":"no_change","c__energy_sources":"manual","c__production_level":"medium","c__coop_member":"no","c__homes_trad_food":"almost_all","c__seed_criteria":"price","c__seed_sources":"shop","c__seed_challenges":"high_cost","c__traditional_seed_knowledge":"no","c__soil_enhancers":"chemical","c__chem_fertilizer_reliance":"total","c__pest_control":"chemical","c__pesticide_reliance":"total","c__marketing_challenges":"weak_demand","c__logistics_challenges":"high_transport_cost","c__climate_change_noticed":"no","c__climate_impacts":"no_major_impact","c__info_sources":"social_media","c__raises_poultry":"no","c__farmer_type":"type_a","c__low_input_practices":"no","values":{"owns_land":"yes","land_size_band":"lt_1_ha","soil_types":["loamy"],"crop_groups":["citrus","other_fruits","legumes"],"water_sources":["canal"],"water_availability":"rarely","water_scarcity":"yes","irrigation_need_change":"no_change","energy_sources":["manual"],"production_level":"medium","coop_member":"no","homes_trad_food":"almost_all","seed_criteria":["price","productivity","pest_resistance"],"seed_sources":["shop","own_harvest"],"seed_challenges":["high_cost"],"traditional_seed_knowledge":"no","soil_enhancers":["chemical"],"chem_fertilizer_reliance":"total","pest_control":["chemical"],"pesticide_reliance":"total","marketing_challenges":["weak_demand"],"logistics_challenges":["high_transport_cost","no_paved_roads","no_transport"],"climate_change_noticed":"no","climate_changes":null,"climate_impacts":["no_major_impact"],"info_sources":["social_media","supply_shops"],"raises_poultry":"no","poultry_purpose":null,"farmer_type":"type_a","low_input_practices":"no"},"status":{"owns_land":"reported","land_size_band":"reported","soil_types":"reported","crop_groups":"reported","water_sources":"reported","water_availability":"reported","water_scarcity":"reported","irrigation_need_change":"reported","energy_sources":"reported","production_level":"reported","coop_member":"reported","homes_trad_food":"reported","seed_criteria":"reported","seed_sources":"reported","seed_challenges":"reported","traditional_seed_knowledge":"reported","soil_enhancers":"reported","chem_fertilizer_reliance":"reported","pest_control":"reported","pesticide_reliance":"reported","marketing_challenges":"reported","logistics_challenges":"reported","climate_change_noticed":"reported","climate_changes":"not_applicable","climate_impacts":"reported","info_sources":"reported","raises_poultry":"reported","poultry_purpose":"not_applicable","farmer_type":"reported","low_input_practices":"reported"}}},{"type":"Feature","id":"CH-RLSGB6:chouf_2026","geometry":{"type":"Point","coordinates":[35.53656,33.62773]},"properties":{"entity_type":"survey_respondent_public","respondent_id":"CH-RLSGB6","instrument":"chouf_2026","area_name_en":"Chouf","area_name_ar":"الشوف","geom_origin":"district_centre","spatial_precision":"district","spread_m":500,"c__owns_land":"yes","c__land_size_band":"lt_1_ha","c__soil_types":"calcareous","c__crop_groups":"olives","c__water_sources":"river","c__water_availability":"rarely","c__water_scarcity":"no","c__irrigation_need_change":"increase","c__energy_sources":"manual","c__production_level":"medium","c__coop_member":"no","c__homes_trad_food":"few","c__seed_criteria":"productivity","c__seed_sources":"own_harvest","c__seed_challenges":"high_cost","c__traditional_seed_knowledge":"no","c__soil_enhancers":"compost","c__chem_fertilizer_reliance":"partial","c__pest_control":"local","c__pesticide_reliance":"partial","c__marketing_challenges":"weak_demand","c__logistics_challenges":"high_transport_cost","c__climate_change_noticed":"yes","c__climate_changes":"temperature_rise","c__climate_impacts":"production_decrease","c__info_sources":"supply_shops","c__raises_poultry":"yes","c__poultry_purpose":"home_consumption","c__farmer_type":"type_b","c__low_input_practices":"yes","values":{"owns_land":"yes","land_size_band":"lt_1_ha","soil_types":["calcareous"],"crop_groups":["olives","stone_fruits","vegetables"],"water_sources":["river"],"water_availability":"rarely","water_scarcity":"no","irrigation_need_change":"increase","energy_sources":["manual"],"production_level":"medium","coop_member":"no","homes_trad_food":"few","seed_criteria":["productivity"],"seed_sources":["own_harvest"],"seed_challenges":["high_cost","low_availability"],"traditional_seed_knowledge":"no","soil_enhancers":["compost","manure"],"chem_fertilizer_reliance":"partial","pest_control":["local"],"pesticide_reliance":"partial","marketing_challenges":["weak_demand","far_markets"],"logistics_challenges":["high_transport_cost"],"climate_change_noticed":"yes","climate_changes":["temperature_rise","rainfall_decrease"],"climate_impacts":["production_decrease","pests_diseases"],"info_sources":["supply_shops"],"raises_poultry":"yes","poultry_purpose":["home_consumption"],"farmer_type":"type_b","low_input_practices":"yes"},"status":{"owns_land":"reported","land_size_band":"reported","soil_types":"reported","crop_groups":"reported","water_sources":"reported","water_availability":"reported","water_scarcity":"reported","irrigation_need_change":"reported","energy_sources":"reported","production_level":"reported","coop_member":"reported","homes_trad_food":"reported","seed_criteria":"reported","seed_sources":"reported","seed_challenges":"reported","traditional_seed_knowledge":"reported","soil_enhancers":"reported","chem_fertilizer_reliance":"reported","pest_control":"reported","pesticide_reliance":"reported","marketing_challenges":"reported","logistics_challenges":"reported","climate_change_noticed":"reported","climate_changes":"reported","climate_impacts":"reported","info_sources":"reported","raises_poultry":"reported","poultry_purpose":"reported","farmer_type":"reported","low_input_practices":"reported"}}},{"type":"Feature","id":"CH-RS3ZFY:chouf_2026","geometry":{"type":"Point","coordinates":[35.53656,33.62773]},"properties":{"entity_type":"survey_respondent_public","respondent_id":"CH-RS3ZFY","instrument":"chouf_2026","area_name_en":"Chouf","area_name_ar":"الشوف","geom_origin":"district_centre","spatial_precision":"district","spread_m":500,"c__owns_land":"yes","c__land_size_band":"lt_1_ha","c__soil_types":"sandy","c__crop_groups":"citrus","c__water_sources":"river","c__water_availability":"always","c__water_scarcity":"yes","c__irrigation_need_change":"increase","c__energy_sources":"manual","c__production_level":"large","c__coop_member":"no","c__homes_trad_food":"most","c__seed_criteria":"price","c__seed_sources":"shop","c__seed_challenges":"low_availability","c__traditional_seed_knowledge":"no","c__soil_enhancers":"compost","c__chem_fertilizer_reliance":"partial","c__pest_control":"chemical","c__pesticide_reliance":"partial","c__marketing_challenges":"low_prices","c__logistics_challenges":"high_transport_cost","c__climate_change_noticed":"yes","c__climate_changes":"temperature_rise","c__climate_impacts":"production_decrease","c__info_sources":"extension_agents","c__raises_poultry":"yes","c__poultry_purpose":"home_consumption","c__farmer_type":"type_b","c__low_input_practices":"yes","values":{"owns_land":"yes","land_size_band":"lt_1_ha","soil_types":["sandy"],"crop_groups":["citrus","tropical_fruits"],"water_sources":["river"],"water_availability":"always","water_scarcity":"yes","irrigation_need_change":"increase","energy_sources":["manual","diesel"],"production_level":"large","coop_member":"no","homes_trad_food":"most","seed_criteria":["price","productivity","pest_resistance"],"seed_sources":["shop"],"seed_challenges":["low_availability"],"traditional_seed_knowledge":"no","soil_enhancers":["compost","manure"],"chem_fertilizer_reliance":"partial","pest_control":["chemical"],"pesticide_reliance":"partial","marketing_challenges":["low_prices","weak_demand","far_markets"],"logistics_challenges":["high_transport_cost","no_paved_roads"],"climate_change_noticed":"yes","climate_changes":["temperature_rise","rainfall_decrease"],"climate_impacts":["production_decrease","pests_diseases"],"info_sources":["extension_agents","supply_shops"],"raises_poultry":"yes","poultry_purpose":["home_consumption","gifts"],"farmer_type":"type_b","low_input_practices":"yes"},"status":{"owns_land":"reported","land_size_band":"reported","soil_types":"reported","crop_groups":"reported","water_sources":"reported","water_availability":"reported","water_scarcity":"reported","irrigation_need_change":"reported","energy_sources":"reported","production_level":"reported","coop_member":"reported","homes_trad_food":"reported","seed_criteria":"reported","seed_sources":"reported","seed_challenges":"reported","traditional_seed_knowledge":"reported","soil_enhancers":"reported","chem_fertilizer_reliance":"reported","pest_control":"reported","pesticide_reliance":"reported","marketing_challenges":"reported","logistics_challenges":"reported","climate_change_noticed":"reported","climate_changes":"reported","climate_impacts":"reported","info_sources":"reported","raises_poultry":"reported","poultry_purpose":"reported","farmer_type":"reported","low_input_practices":"reported"}}},{"type":"Feature","id":"CH-RXGMUL:chouf_2026","geometry":{"type":"Point","coordinates":[35.54094,33.6679]},"properties":{"entity_type":"survey_respondent_public","respondent_id":"CH-RXGMUL","instrument":"chouf_2026","area_name_en":"Baaqline","area_name_ar":"بعقلين","geom_origin":"cadastral_unit_centre","spatial_precision":"cadastral_unit","spread_m":150,"c__owns_land":"yes","c__land_size_band":"gt_2_ha","c__soil_types":"calcareous","c__crop_groups":"cereals_fodder","c__water_sources":"well","c__water_availability":"sometimes","c__water_scarcity":"yes","c__irrigation_need_change":"increase","c__energy_sources":"diesel","c__production_level":"medium","c__coop_member":"no","c__homes_trad_food":"some","c__seed_criteria":"productivity","c__seed_sources":"shop","c__seed_challenges":"high_cost","c__traditional_seed_knowledge":"yes","c__soil_enhancers":"compost","c__chem_fertilizer_reliance":"partial","c__pest_control":"chemical","c__pesticide_reliance":"partial","c__marketing_challenges":"low_prices","c__logistics_challenges":"high_transport_cost","c__climate_change_noticed":"yes","c__climate_changes":"temperature_rise","c__climate_impacts":"production_decrease","c__info_sources":"extension_agents","c__raises_poultry":"yes","c__poultry_purpose":"home_consumption","c__farmer_type":"type_a","c__low_input_practices":"yes","values":{"owns_land":"yes","land_size_band":"gt_2_ha","soil_types":["calcareous"],"crop_groups":["cereals_fodder"],"water_sources":["well"],"water_availability":"sometimes","water_scarcity":"yes","irrigation_need_change":"increase","energy_sources":["diesel"],"production_level":"medium","coop_member":"no","homes_trad_food":"some","seed_criteria":["productivity"],"seed_sources":["shop","own_harvest"],"seed_challenges":["high_cost"],"traditional_seed_knowledge":"yes","soil_enhancers":["compost"],"chem_fertilizer_reliance":"partial","pest_control":["chemical"],"pesticide_reliance":"partial","marketing_challenges":["low_prices","weak_demand","no_transport"],"logistics_challenges":["high_transport_cost","no_transport"],"climate_change_noticed":"yes","climate_changes":["temperature_rise","rainfall_decrease","heatwaves"],"climate_impacts":["production_decrease","season_delay","pests_diseases"],"info_sources":["extension_agents","supply_shops"],"raises_poultry":"yes","poultry_purpose":["home_consumption"],"farmer_type":"type_a","low_input_practices":"yes"},"status":{"owns_land":"reported","land_size_band":"reported","soil_types":"reported","crop_groups":"reported","water_sources":"reported","water_availability":"reported","water_scarcity":"reported","irrigation_need_change":"reported","energy_sources":"reported","production_level":"reported","coop_member":"reported","homes_trad_food":"reported","seed_criteria":"reported","seed_sources":"reported","seed_challenges":"reported","traditional_seed_knowledge":"reported","soil_enhancers":"reported","chem_fertilizer_reliance":"reported","pest_control":"reported","pesticide_reliance":"reported","marketing_challenges":"reported","logistics_challenges":"reported","climate_change_noticed":"reported","climate_changes":"reported","climate_impacts":"reported","info_sources":"reported","raises_poultry":"reported","poultry_purpose":"reported","farmer_type":"reported","low_input_practices":"reported"}}},{"type":"Feature","id":"CH-S2HQTN:chouf_2026","geometry":{"type":"Point","coordinates":[35.65655,33.62055]},"properties":{"entity_type":"survey_respondent_public","respondent_id":"CH-S2HQTN","instrument":"chouf_2026","area_name_en":"Mristi","area_name_ar":"مرستى","geom_origin":"cadastral_unit_centre","spatial_precision":"cadastral_unit","spread_m":150,"c__owns_land":"yes","c__land_size_band":"gt_1_ha","c__soil_types":"clay","c__crop_groups":"apples_pears","c__water_sources":"rain","c__water_availability":"never","c__water_scarcity":"yes","c__irrigation_need_change":"no_change","c__energy_sources":"manual","c__production_level":"large","c__coop_member":"yes","c__homes_trad_food":"some","c__seed_criteria":"price","c__seed_sources":"shop","c__seed_challenges":"high_cost","c__traditional_seed_knowledge":"no","c__soil_enhancers":"compost","c__chem_fertilizer_reliance":"partial","c__pest_control":"chemical","c__pesticide_reliance":"partial","c__marketing_challenges":"low_prices","c__logistics_challenges":"high_transport_cost","c__climate_change_noticed":"yes","c__climate_changes":"rainfall_decrease","c__climate_impacts":"production_decrease","c__info_sources":"extension_agents","c__raises_poultry":"no","c__farmer_type":"type_b","c__low_input_practices":"yes","values":{"owns_land":"yes","land_size_band":"gt_1_ha","soil_types":["clay"],"crop_groups":["apples_pears","stone_fruits"],"water_sources":["rain"],"water_availability":"never","water_scarcity":"yes","irrigation_need_change":"no_change","energy_sources":["manual"],"production_level":"large","coop_member":"yes","homes_trad_food":"some","seed_criteria":["price","productivity"],"seed_sources":["shop"],"seed_challenges":["high_cost"],"traditional_seed_knowledge":"no","soil_enhancers":["compost","manure"],"chem_fertilizer_reliance":"partial","pest_control":["chemical"],"pesticide_reliance":"partial","marketing_challenges":["low_prices","far_markets"],"logistics_challenges":["high_transport_cost","no_transport"],"climate_change_noticed":"yes","climate_changes":["rainfall_decrease","frost"],"climate_impacts":["production_decrease"],"info_sources":["extension_agents","supply_shops"],"raises_poultry":"no","poultry_purpose":null,"farmer_type":"type_b","low_input_practices":"yes"},"status":{"owns_land":"reported","land_size_band":"reported","soil_types":"reported","crop_groups":"reported","water_sources":"reported","water_availability":"reported","water_scarcity":"reported","irrigation_need_change":"reported","energy_sources":"reported","production_level":"reported","coop_member":"reported","homes_trad_food":"reported","seed_criteria":"reported","seed_sources":"reported","seed_challenges":"reported","traditional_seed_knowledge":"reported","soil_enhancers":"reported","chem_fertilizer_reliance":"reported","pest_control":"reported","pesticide_reliance":"reported","marketing_challenges":"reported","logistics_challenges":"reported","climate_change_noticed":"reported","climate_changes":"reported","climate_impacts":"reported","info_sources":"reported","raises_poultry":"reported","poultry_purpose":"not_applicable","farmer_type":"reported","low_input_practices":"reported"}}},{"type":"Feature","id":"CH-S8KFJF:chouf_2026","geometry":{"type":"Point","coordinates":[35.53656,33.62773]},"properties":{"entity_type":"survey_respondent_public","respondent_id":"CH-S8KFJF","instrument":"chouf_2026","area_name_en":"Chouf","area_name_ar":"الشوف","geom_origin":"district_centre","spatial_precision":"district","spread_m":500,"c__owns_land":"yes","c__land_size_band":"lt_1_ha","c__soil_types":"clay","c__crop_groups":"olives","c__water_sources":"tanker","c__water_availability":"rarely","c__water_scarcity":"yes","c__irrigation_need_change":"increase","c__energy_sources":"grid","c__production_level":"small","c__coop_member":"no","c__homes_trad_food":"most","c__seed_criteria":"none","c__seed_sources":"shop","c__seed_challenges":"high_cost","c__traditional_seed_knowledge":"no","c__soil_enhancers":"chemical","c__chem_fertilizer_reliance":"partial","c__pest_control":"chemical","c__pesticide_reliance":"partial","c__marketing_challenges":"weak_demand","c__logistics_challenges":"high_transport_cost","c__climate_change_noticed":"yes","c__climate_changes":"temperature_rise","c__climate_impacts":"production_decrease","c__info_sources":"social_media","c__raises_poultry":"yes","c__poultry_purpose":"home_consumption","c__farmer_type":"type_d","c__low_input_practices":"no","values":{"owns_land":"yes","land_size_band":"lt_1_ha","soil_types":["clay"],"crop_groups":["olives","nursery"],"water_sources":["tanker","storage"],"water_availability":"rarely","water_scarcity":"yes","irrigation_need_change":"increase","energy_sources":["grid"],"production_level":"small","coop_member":"no","homes_trad_food":"most","seed_criteria":["none"],"seed_sources":["shop"],"seed_challenges":["high_cost","low_availability","unsuitable"],"traditional_seed_knowledge":"no","soil_enhancers":["chemical"],"chem_fertilizer_reliance":"partial","pest_control":["chemical"],"pesticide_reliance":"partial","marketing_challenges":["weak_demand","no_transport","poor_packaging"],"logistics_challenges":["high_transport_cost","no_transport"],"climate_change_noticed":"yes","climate_changes":["temperature_rise","rainfall_decrease"],"climate_impacts":["production_decrease","season_delay","pests_diseases"],"info_sources":["social_media"],"raises_poultry":"yes","poultry_purpose":["home_consumption"],"farmer_type":"type_d","low_input_practices":"no"},"status":{"owns_land":"reported","land_size_band":"reported","soil_types":"reported","crop_groups":"reported","water_sources":"reported","water_availability":"reported","water_scarcity":"reported","irrigation_need_change":"reported","energy_sources":"reported","production_level":"reported","coop_member":"reported","homes_trad_food":"reported","seed_criteria":"reported","seed_sources":"reported","seed_challenges":"reported","traditional_seed_knowledge":"reported","soil_enhancers":"reported","chem_fertilizer_reliance":"reported","pest_control":"reported","pesticide_reliance":"reported","marketing_challenges":"reported","logistics_challenges":"reported","climate_change_noticed":"reported","climate_changes":"reported","climate_impacts":"reported","info_sources":"reported","raises_poultry":"reported","poultry_purpose":"reported","farmer_type":"reported","low_input_practices":"reported"}}},{"type":"Feature","id":"CH-SMH2YV:chouf_2026","geometry":{"type":"Point","coordinates":[35.53656,33.62773]},"properties":{"entity_type":"survey_respondent_public","respondent_id":"CH-SMH2YV","instrument":"chouf_2026","area_name_en":"Chouf","area_name_ar":"الشوف","geom_origin":"district_centre","spatial_precision":"district","spread_m":500,"c__owns_land":"yes","c__land_size_band":"lt_5_dunum","c__soil_types":"clay","c__crop_groups":"vegetables","c__water_sources":"rain","c__water_availability":"never","c__water_scarcity":"yes","c__irrigation_need_change":"increase","c__energy_sources":"manual","c__production_level":"small","c__coop_member":"no","c__homes_trad_food":"few","c__seed_criteria":"price","c__seed_sources":"shop","c__seed_challenges":"high_cost","c__traditional_seed_knowledge":"no","c__soil_enhancers":"chemical","c__chem_fertilizer_reliance":"partial","c__pest_control":"chemical","c__pesticide_reliance":"partial","c__marketing_challenges":"weak_demand","c__logistics_challenges":"no_paved_roads","c__climate_change_noticed":"yes","c__climate_changes":"temperature_rise","c__climate_impacts":"production_decrease","c__info_sources":"social_media","c__raises_poultry":"yes","c__poultry_purpose":"home_consumption","c__farmer_type":"type_d","c__low_input_practices":"no","values":{"owns_land":"yes","land_size_band":"lt_5_dunum","soil_types":["clay"],"crop_groups":["vegetables"],"water_sources":["rain","tanker","storage"],"water_availability":"never","water_scarcity":"yes","irrigation_need_change":"increase","energy_sources":["manual","grid"],"production_level":"small","coop_member":"no","homes_trad_food":"few","seed_criteria":["price"],"seed_sources":["shop","association"],"seed_challenges":["high_cost","low_availability"],"traditional_seed_knowledge":"no","soil_enhancers":["chemical"],"chem_fertilizer_reliance":"partial","pest_control":["chemical"],"pesticide_reliance":"partial","marketing_challenges":["weak_demand"],"logistics_challenges":["no_paved_roads"],"climate_change_noticed":"yes","climate_changes":["temperature_rise","rainfall_decrease","heatwaves","frost"],"climate_impacts":["production_decrease","pests_diseases"],"info_sources":["social_media","television"],"raises_poultry":"yes","poultry_purpose":["home_consumption"],"farmer_type":"type_d","low_input_practices":"no"},"status":{"owns_land":"reported","land_size_band":"reported","soil_types":"reported","crop_groups":"reported","water_sources":"reported","water_availability":"reported","water_scarcity":"reported","irrigation_need_change":"reported","energy_sources":"reported","production_level":"reported","coop_member":"reported","homes_trad_food":"reported","seed_criteria":"reported","seed_sources":"reported","seed_challenges":"reported","traditional_seed_knowledge":"reported","soil_enhancers":"reported","chem_fertilizer_reliance":"reported","pest_control":"reported","pesticide_reliance":"reported","marketing_challenges":"reported","logistics_challenges":"reported","climate_change_noticed":"reported","climate_changes":"reported","climate_impacts":"reported","info_sources":"reported","raises_poultry":"reported","poultry_purpose":"reported","farmer_type":"reported","low_input_practices":"reported"}}},{"type":"Feature","id":"CH-SRMHZC:chouf_2026","geometry":{"type":"Point","coordinates":[35.5707,33.62135]},"properties":{"entity_type":"survey_respondent_public","respondent_id":"CH-SRMHZC","instrument":"chouf_2026","area_name_en":"Mazraat Ech-Chouf","area_name_ar":"مزرعة","geom_origin":"cadastral_unit_centre","spatial_precision":"cadastral_unit","spread_m":150,"c__owns_land":"yes","c__land_size_band":"lt_5_dunum","c__soil_types":"calcareous","c__crop_groups":"vegetables","c__water_sources":"well","c__water_availability":"rarely","c__water_scarcity":"yes","c__irrigation_need_change":"increase","c__energy_sources":"manual","c__production_level":"medium","c__coop_member":"no","c__homes_trad_food":"most","c__seed_criteria":"price","c__seed_sources":"shop","c__seed_challenges":"high_cost","c__traditional_seed_knowledge":"yes","c__soil_enhancers":"compost","c__chem_fertilizer_reliance":"partial","c__pest_control":"chemical","c__pesticide_reliance":"total","c__marketing_challenges":"low_prices","c__logistics_challenges":"high_transport_cost","c__climate_change_noticed":"yes","c__climate_changes":"temperature_rise","c__climate_impacts":"production_decrease","c__info_sources":"social_media","c__raises_poultry":"no","c__farmer_type":"type_a","c__low_input_practices":"yes","values":{"owns_land":"yes","land_size_band":"lt_5_dunum","soil_types":["calcareous"],"crop_groups":["vegetables","legumes"],"water_sources":["well","tanker","storage"],"water_availability":"rarely","water_scarcity":"yes","irrigation_need_change":"increase","energy_sources":["manual"],"production_level":"medium","coop_member":"no","homes_trad_food":"most","seed_criteria":["price","productivity","pest_resistance"],"seed_sources":["shop","own_harvest"],"seed_challenges":["high_cost","low_availability","unreliable_suppliers"],"traditional_seed_knowledge":"yes","soil_enhancers":["compost","manure"],"chem_fertilizer_reliance":"partial","pest_control":["chemical"],"pesticide_reliance":"total","marketing_challenges":["low_prices","weak_demand","far_markets","poor_packaging"],"logistics_challenges":["high_transport_cost"],"climate_change_noticed":"yes","climate_changes":["temperature_rise","rainfall_decrease","heatwaves","frost"],"climate_impacts":["production_decrease","season_delay","pests_diseases"],"info_sources":["social_media","extension_agents","supply_shops"],"raises_poultry":"no","poultry_purpose":null,"farmer_type":"type_a","low_input_practices":"yes"},"status":{"owns_land":"reported","land_size_band":"reported","soil_types":"reported","crop_groups":"reported","water_sources":"reported","water_availability":"reported","water_scarcity":"reported","irrigation_need_change":"reported","energy_sources":"reported","production_level":"reported","coop_member":"reported","homes_trad_food":"reported","seed_criteria":"reported","seed_sources":"reported","seed_challenges":"reported","traditional_seed_knowledge":"reported","soil_enhancers":"reported","chem_fertilizer_reliance":"reported","pest_control":"reported","pesticide_reliance":"reported","marketing_challenges":"reported","logistics_challenges":"reported","climate_change_noticed":"reported","climate_changes":"reported","climate_impacts":"reported","info_sources":"reported","raises_poultry":"reported","poultry_purpose":"not_applicable","farmer_type":"reported","low_input_practices":"reported"}}},{"type":"Feature","id":"CH-STW4CD:chouf_2026","geometry":{"type":"Point","coordinates":[35.53656,33.62773]},"properties":{"entity_type":"survey_respondent_public","respondent_id":"CH-STW4CD","instrument":"chouf_2026","area_name_en":"Chouf","area_name_ar":"الشوف","geom_origin":"district_centre","spatial_precision":"district","spread_m":500,"c__owns_land":"yes","c__land_size_band":"gt_1_ha","c__soil_types":"clay","c__crop_groups":"vegetables","c__water_sources":"well","c__water_availability":"sometimes","c__water_scarcity":"yes","c__irrigation_need_change":"no_change","c__energy_sources":"manual","c__production_level":"medium","c__coop_member":"no","c__homes_trad_food":"almost_all","c__seed_criteria":"price","c__seed_sources":"shop","c__seed_challenges":"high_cost","c__traditional_seed_knowledge":"no","c__soil_enhancers":"chemical","c__chem_fertilizer_reliance":"partial","c__pest_control":"chemical","c__pesticide_reliance":"partial","c__marketing_challenges":"low_prices","c__logistics_challenges":"high_transport_cost","c__climate_change_noticed":"yes","c__climate_changes":"temperature_rise","c__climate_impacts":"production_decrease","c__info_sources":"social_media","c__raises_poultry":"yes","c__poultry_purpose":"home_consumption","c__farmer_type":"type_a","c__low_input_practices":"yes","values":{"owns_land":"yes","land_size_band":"gt_1_ha","soil_types":["clay"],"crop_groups":["vegetables"],"water_sources":["well","spring"],"water_availability":"sometimes","water_scarcity":"yes","irrigation_need_change":"no_change","energy_sources":["manual","diesel"],"production_level":"medium","coop_member":"no","homes_trad_food":"almost_all","seed_criteria":["price","productivity","pest_resistance"],"seed_sources":["shop","own_harvest"],"seed_challenges":["high_cost"],"traditional_seed_knowledge":"no","soil_enhancers":["chemical","manure"],"chem_fertilizer_reliance":"partial","pest_control":["chemical","local"],"pesticide_reliance":"partial","marketing_challenges":["low_prices","no_transport"],"logistics_challenges":["high_transport_cost","no_transport"],"climate_change_noticed":"yes","climate_changes":["temperature_rise","rainfall_decrease"],"climate_impacts":["production_decrease","season_delay","pests_diseases","pollination"],"info_sources":["social_media","extension_agents"],"raises_poultry":"yes","poultry_purpose":["home_consumption"],"farmer_type":"type_a","low_input_practices":"yes"},"status":{"owns_land":"reported","land_size_band":"reported","soil_types":"reported","crop_groups":"reported","water_sources":"reported","water_availability":"reported","water_scarcity":"reported","irrigation_need_change":"reported","energy_sources":"reported","production_level":"reported","coop_member":"reported","homes_trad_food":"reported","seed_criteria":"reported","seed_sources":"reported","seed_challenges":"reported","traditional_seed_knowledge":"reported","soil_enhancers":"reported","chem_fertilizer_reliance":"reported","pest_control":"reported","pesticide_reliance":"reported","marketing_challenges":"reported","logistics_challenges":"reported","climate_change_noticed":"reported","climate_changes":"reported","climate_impacts":"reported","info_sources":"reported","raises_poultry":"reported","poultry_purpose":"reported","farmer_type":"reported","low_input_practices":"reported"}}},{"type":"Feature","id":"CH-T5AUPZ:chouf_2026","geometry":{"type":"Point","coordinates":[35.59263,33.64839]},"properties":{"entity_type":"survey_respondent_public","respondent_id":"CH-T5AUPZ","instrument":"chouf_2026","area_name_en":"Kahlouniet Ech-Chouf","area_name_ar":"كحلونية الشوف","geom_origin":"cadastral_unit_centre","spatial_precision":"cadastral_unit","spread_m":150,"c__owns_land":"yes","c__land_size_band":"lt_1_ha","c__soil_types":"loamy","c__crop_groups":"olives","c__water_sources":"tanker","c__water_availability":"never","c__water_scarcity":"yes","c__irrigation_need_change":"increase","c__energy_sources":"manual","c__production_level":"medium","c__coop_member":"no","c__homes_trad_food":"most","c__seed_criteria":"price","c__seed_sources":"shop","c__seed_challenges":"low_availability","c__traditional_seed_knowledge":"no","c__soil_enhancers":"biofertilizer","c__chem_fertilizer_reliance":"partial","c__pest_control":"chemical","c__pesticide_reliance":"partial","c__marketing_challenges":"weak_demand","c__logistics_challenges":"high_transport_cost","c__climate_change_noticed":"yes","c__climate_changes":"temperature_rise","c__climate_impacts":"production_decrease","c__info_sources":"social_media","c__raises_poultry":"yes","c__poultry_purpose":"home_consumption","c__farmer_type":"type_d","c__low_input_practices":"yes","values":{"owns_land":"yes","land_size_band":"lt_1_ha","soil_types":["loamy"],"crop_groups":["olives","vegetables"],"water_sources":["tanker","storage"],"water_availability":"never","water_scarcity":"yes","irrigation_need_change":"increase","energy_sources":["manual"],"production_level":"medium","coop_member":"no","homes_trad_food":"most","seed_criteria":["price","productivity","pest_resistance"],"seed_sources":["shop","neighbour"],"seed_challenges":["low_availability","unreliable_suppliers","unsuitable"],"traditional_seed_knowledge":"no","soil_enhancers":["biofertilizer","manure"],"chem_fertilizer_reliance":"partial","pest_control":["chemical","biological","local"],"pesticide_reliance":"partial","marketing_challenges":["weak_demand","far_markets","poor_packaging"],"logistics_challenges":["high_transport_cost","no_paved_roads"],"climate_change_noticed":"yes","climate_changes":["temperature_rise","rainfall_decrease","heatwaves","frost"],"climate_impacts":["production_decrease","season_delay","pests_diseases","pollination"],"info_sources":["social_media","extension_agents","supply_shops"],"raises_poultry":"yes","poultry_purpose":["home_consumption"],"farmer_type":"type_d","low_input_practices":"yes"},"status":{"owns_land":"reported","land_size_band":"reported","soil_types":"reported","crop_groups":"reported","water_sources":"reported","water_availability":"reported","water_scarcity":"reported","irrigation_need_change":"reported","energy_sources":"reported","production_level":"reported","coop_member":"reported","homes_trad_food":"reported","seed_criteria":"reported","seed_sources":"reported","seed_challenges":"reported","traditional_seed_knowledge":"reported","soil_enhancers":"reported","chem_fertilizer_reliance":"reported","pest_control":"reported","pesticide_reliance":"reported","marketing_challenges":"reported","logistics_challenges":"reported","climate_change_noticed":"reported","climate_changes":"reported","climate_impacts":"reported","info_sources":"reported","raises_poultry":"reported","poultry_purpose":"reported","farmer_type":"reported","low_input_practices":"reported"}}},{"type":"Feature","id":"CH-T8887Z:chouf_2026","geometry":{"type":"Point","coordinates":[35.59263,33.64839]},"properties":{"entity_type":"survey_respondent_public","respondent_id":"CH-T8887Z","instrument":"chouf_2026","area_name_en":"Kahlouniet Ech-Chouf","area_name_ar":"كحلونية الشوف","geom_origin":"cadastral_unit_centre","spatial_precision":"cadastral_unit","spread_m":150,"c__owns_land":"yes","c__land_size_band":"lt_5_dunum","c__soil_types":"clay","c__crop_groups":"vegetables","c__water_sources":"rain","c__water_availability":"sometimes","c__water_scarcity":"yes","c__irrigation_need_change":"increase","c__energy_sources":"grid","c__production_level":"small","c__coop_member":"no","c__homes_trad_food":"most","c__seed_criteria":"price","c__seed_sources":"shop","c__seed_challenges":"high_cost","c__traditional_seed_knowledge":"no","c__soil_enhancers":"manure","c__chem_fertilizer_reliance":"partial","c__pest_control":"chemical","c__pesticide_reliance":"total","c__marketing_challenges":"far_markets","c__logistics_challenges":"no_paved_roads","c__climate_change_noticed":"yes","c__climate_changes":"rainfall_decrease","c__climate_impacts":"production_decrease","c__info_sources":"social_media","c__raises_poultry":"yes","c__poultry_purpose":"home_consumption","c__farmer_type":"type_d","c__low_input_practices":"yes","values":{"owns_land":"yes","land_size_band":"lt_5_dunum","soil_types":["clay"],"crop_groups":["vegetables"],"water_sources":["rain"],"water_availability":"sometimes","water_scarcity":"yes","irrigation_need_change":"increase","energy_sources":["grid"],"production_level":"small","coop_member":"no","homes_trad_food":"most","seed_criteria":["price","productivity","pest_resistance"],"seed_sources":["shop"],"seed_challenges":["high_cost"],"traditional_seed_knowledge":"no","soil_enhancers":["manure"],"chem_fertilizer_reliance":"partial","pest_control":["chemical"],"pesticide_reliance":"total","marketing_challenges":["far_markets","poor_packaging"],"logistics_challenges":["no_paved_roads"],"climate_change_noticed":"yes","climate_changes":["rainfall_decrease"],"climate_impacts":["production_decrease"],"info_sources":["social_media","supply_shops"],"raises_poultry":"yes","poultry_purpose":["home_consumption","local_sale"],"farmer_type":"type_d","low_input_practices":"yes"},"status":{"owns_land":"reported","land_size_band":"reported","soil_types":"reported","crop_groups":"reported","water_sources":"reported","water_availability":"reported","water_scarcity":"reported","irrigation_need_change":"reported","energy_sources":"reported","production_level":"reported","coop_member":"reported","homes_trad_food":"reported","seed_criteria":"reported","seed_sources":"reported","seed_challenges":"reported","traditional_seed_knowledge":"reported","soil_enhancers":"reported","chem_fertilizer_reliance":"reported","pest_control":"reported","pesticide_reliance":"reported","marketing_challenges":"reported","logistics_challenges":"reported","climate_change_noticed":"reported","climate_changes":"reported","climate_impacts":"reported","info_sources":"reported","raises_poultry":"reported","poultry_purpose":"reported","farmer_type":"reported","low_input_practices":"reported"}}},{"type":"Feature","id":"CH-T88K54:chouf_2026","geometry":{"type":"Point","coordinates":[35.53656,33.62773]},"properties":{"entity_type":"survey_respondent_public","respondent_id":"CH-T88K54","instrument":"chouf_2026","area_name_en":"Chouf","area_name_ar":"الشوف","geom_origin":"district_centre","spatial_precision":"district","spread_m":500,"c__owns_land":"yes","c__land_size_band":"lt_1_ha","c__soil_types":"clay","c__crop_groups":"tropical_fruits","c__water_sources":"rain","c__water_availability":"never","c__water_scarcity":"yes","c__irrigation_need_change":"decrease","c__energy_sources":"manual","c__production_level":"small","c__coop_member":"no","c__homes_trad_food":"some","c__seed_criteria":"price","c__seed_sources":"shop","c__seed_challenges":"high_cost","c__traditional_seed_knowledge":"no","c__soil_enhancers":"chemical","c__chem_fertilizer_reliance":"total","c__pest_control":"chemical","c__pesticide_reliance":"total","c__marketing_challenges":"low_prices","c__logistics_challenges":"high_transport_cost","c__climate_change_noticed":"yes","c__climate_changes":"rainfall_decrease","c__climate_impacts":"season_delay","c__info_sources":"social_media","c__raises_poultry":"yes","c__poultry_purpose":"home_consumption","c__farmer_type":"type_a","c__low_input_practices":"no","values":{"owns_land":"yes","land_size_band":"lt_1_ha","soil_types":["clay","calcareous"],"crop_groups":["tropical_fruits","vegetables"],"water_sources":["rain"],"water_availability":"never","water_scarcity":"yes","irrigation_need_change":"decrease","energy_sources":["manual","diesel"],"production_level":"small","coop_member":"no","homes_trad_food":"some","seed_criteria":["price","productivity"],"seed_sources":["shop"],"seed_challenges":["high_cost","low_availability","unreliable_suppliers"],"traditional_seed_knowledge":"no","soil_enhancers":["chemical"],"chem_fertilizer_reliance":"total","pest_control":["chemical"],"pesticide_reliance":"total","marketing_challenges":["low_prices","no_transport"],"logistics_challenges":["high_transport_cost","no_transport"],"climate_change_noticed":"yes","climate_changes":["rainfall_decrease"],"climate_impacts":["season_delay","pests_diseases","pollination"],"info_sources":["social_media","supply_shops"],"raises_poultry":"yes","poultry_purpose":["home_consumption"],"farmer_type":"type_a","low_input_practices":"no"},"status":{"owns_land":"reported","land_size_band":"reported","soil_types":"reported","crop_groups":"reported","water_sources":"reported","water_availability":"reported","water_scarcity":"reported","irrigation_need_change":"reported","energy_sources":"reported","production_level":"reported","coop_member":"reported","homes_trad_food":"reported","seed_criteria":"reported","seed_sources":"reported","seed_challenges":"reported","traditional_seed_knowledge":"reported","soil_enhancers":"reported","chem_fertilizer_reliance":"reported","pest_control":"reported","pesticide_reliance":"reported","marketing_challenges":"reported","logistics_challenges":"reported","climate_change_noticed":"reported","climate_changes":"reported","climate_impacts":"reported","info_sources":"reported","raises_poultry":"reported","poultry_purpose":"reported","farmer_type":"reported","low_input_practices":"reported"}}},{"type":"Feature","id":"CH-TFMXHQ:chouf_2026","geometry":{"type":"Point","coordinates":[35.6526,33.69324]},"properties":{"entity_type":"survey_respondent_public","respondent_id":"CH-TFMXHQ","instrument":"chouf_2026","area_name_en":"Batloun","area_name_ar":"بتلون","geom_origin":"cadastral_unit_centre","spatial_precision":"cadastral_unit","spread_m":150,"c__owns_land":"yes","c__land_size_band":"lt_1_ha","c__soil_types":"clay","c__crop_groups":"apples_pears","c__water_sources":"river","c__water_availability":"sometimes","c__water_scarcity":"yes","c__irrigation_need_change":"decrease","c__energy_sources":"grid","c__production_level":"medium","c__coop_member":"no","c__homes_trad_food":"most","c__seed_criteria":"price","c__seed_sources":"nursery","c__seed_challenges":"high_cost","c__traditional_seed_knowledge":"yes","c__soil_enhancers":"compost","c__chem_fertilizer_reliance":"partial","c__pest_control":"chemical","c__pesticide_reliance":"partial","c__marketing_challenges":"low_prices","c__climate_change_noticed":"yes","c__climate_changes":"temperature_rise","c__climate_impacts":"production_decrease","c__info_sources":"extension_agents","c__raises_poultry":"yes","c__poultry_purpose":"home_consumption","c__farmer_type":"type_b","c__low_input_practices":"yes","values":{"owns_land":"yes","land_size_band":"lt_1_ha","soil_types":["clay"],"crop_groups":["apples_pears","nuts_pine"],"water_sources":["river","well"],"water_availability":"sometimes","water_scarcity":"yes","irrigation_need_change":"decrease","energy_sources":["grid","diesel"],"production_level":"medium","coop_member":"no","homes_trad_food":"most","seed_criteria":["price","productivity","pest_resistance"],"seed_sources":["nursery"],"seed_challenges":["high_cost","low_availability"],"traditional_seed_knowledge":"yes","soil_enhancers":["compost","manure"],"chem_fertilizer_reliance":"partial","pest_control":["chemical"],"pesticide_reliance":"partial","marketing_challenges":["low_prices","weak_demand","far_markets"],"logistics_challenges":null,"climate_change_noticed":"yes","climate_changes":["temperature_rise","rainfall_decrease"],"climate_impacts":["production_decrease","season_delay","pests_diseases"],"info_sources":["extension_agents"],"raises_poultry":"yes","poultry_purpose":["home_consumption"],"farmer_type":"type_b","low_input_practices":"yes"},"status":{"owns_land":"reported","land_size_band":"reported","soil_types":"reported","crop_groups":"reported","water_sources":"reported","water_availability":"reported","water_scarcity":"reported","irrigation_need_change":"reported","energy_sources":"reported","production_level":"reported","coop_member":"reported","homes_trad_food":"reported","seed_criteria":"reported","seed_sources":"reported","seed_challenges":"reported","traditional_seed_knowledge":"reported","soil_enhancers":"reported","chem_fertilizer_reliance":"reported","pest_control":"reported","pesticide_reliance":"reported","marketing_challenges":"reported","logistics_challenges":"not_provided","climate_change_noticed":"reported","climate_changes":"reported","climate_impacts":"reported","info_sources":"reported","raises_poultry":"reported","poultry_purpose":"reported","farmer_type":"reported","low_input_practices":"reported"}}},{"type":"Feature","id":"CH-TVEGQG:chouf_2026","geometry":{"type":"Point","coordinates":[35.70198,33.69463]},"properties":{"entity_type":"survey_respondent_public","respondent_id":"CH-TVEGQG","instrument":"chouf_2026","area_name_en":"Barouk","area_name_ar":"الباروك","geom_origin":"cadastral_unit_centre","spatial_precision":"cadastral_unit","spread_m":150,"c__owns_land":"yes","c__land_size_band":"lt_1_ha","c__soil_types":"loamy","c__crop_groups":"apples_pears","c__water_sources":"canal","c__water_availability":"always","c__water_scarcity":"yes","c__irrigation_need_change":"increase","c__energy_sources":"manual","c__production_level":"medium","c__coop_member":"no","c__homes_trad_food":"almost_all","c__seed_criteria":"productivity","c__seed_sources":"shop","c__seed_challenges":"none","c__traditional_seed_knowledge":"yes","c__soil_enhancers":"chemical","c__chem_fertilizer_reliance":"partial","c__pest_control":"chemical","c__pesticide_reliance":"total","c__marketing_challenges":"low_prices","c__logistics_challenges":"high_transport_cost","c__climate_change_noticed":"no","c__info_sources":"social_media","c__raises_poultry":"yes","c__poultry_purpose":"home_consumption","c__farmer_type":"type_b","c__low_input_practices":"yes","values":{"owns_land":"yes","land_size_band":"lt_1_ha","soil_types":["loamy"],"crop_groups":["apples_pears","stone_fruits"],"water_sources":["canal"],"water_availability":"always","water_scarcity":"yes","irrigation_need_change":"increase","energy_sources":["manual"],"production_level":"medium","coop_member":"no","homes_trad_food":"almost_all","seed_criteria":["productivity"],"seed_sources":["shop","own_harvest"],"seed_challenges":["none"],"traditional_seed_knowledge":"yes","soil_enhancers":["chemical","manure"],"chem_fertilizer_reliance":"partial","pest_control":["chemical"],"pesticide_reliance":"total","marketing_challenges":["low_prices","far_markets"],"logistics_challenges":["high_transport_cost"],"climate_change_noticed":"no","climate_changes":null,"climate_impacts":null,"info_sources":["social_media","supply_shops"],"raises_poultry":"yes","poultry_purpose":["home_consumption"],"farmer_type":"type_b","low_input_practices":"yes"},"status":{"owns_land":"reported","land_size_band":"reported","soil_types":"reported","crop_groups":"reported","water_sources":"reported","water_availability":"reported","water_scarcity":"reported","irrigation_need_change":"reported","energy_sources":"reported","production_level":"reported","coop_member":"reported","homes_trad_food":"reported","seed_criteria":"reported","seed_sources":"reported","seed_challenges":"reported","traditional_seed_knowledge":"reported","soil_enhancers":"reported","chem_fertilizer_reliance":"reported","pest_control":"reported","pesticide_reliance":"reported","marketing_challenges":"reported","logistics_challenges":"reported","climate_change_noticed":"reported","climate_changes":"not_applicable","climate_impacts":"not_applicable","info_sources":"reported","raises_poultry":"reported","poultry_purpose":"reported","farmer_type":"reported","low_input_practices":"reported"}}},{"type":"Feature","id":"CH-UB93YX:chouf_2026","geometry":{"type":"Point","coordinates":[35.63089,33.69785]},"properties":{"entity_type":"survey_respondent_public","respondent_id":"CH-UB93YX","instrument":"chouf_2026","area_name_en":"Kfar Nabrakh","area_name_ar":"كفرنبرخ","geom_origin":"cadastral_unit_centre","spatial_precision":"cadastral_unit","spread_m":150,"c__owns_land":"yes","c__land_size_band":"gt_1_ha","c__soil_types":"loamy","c__crop_groups":"vegetables","c__water_sources":"rain","c__water_availability":"rarely","c__water_scarcity":"yes","c__irrigation_need_change":"decrease","c__energy_sources":"solar","c__production_level":"medium","c__coop_member":"no","c__homes_trad_food":"some","c__seed_criteria":"productivity","c__seed_sources":"shop","c__seed_challenges":"low_availability","c__traditional_seed_knowledge":"yes","c__soil_enhancers":"chemical","c__chem_fertilizer_reliance":"partial","c__pest_control":"chemical","c__marketing_challenges":"low_prices","c__logistics_challenges":"no_paved_roads","c__climate_change_noticed":"yes","c__climate_changes":"temperature_rise","c__climate_impacts":"season_delay","c__info_sources":"social_media","c__raises_poultry":"yes","c__poultry_purpose":"home_consumption","c__farmer_type":"type_a","c__low_input_practices":"yes","values":{"owns_land":"yes","land_size_band":"gt_1_ha","soil_types":["loamy","sandy"],"crop_groups":["vegetables"],"water_sources":["rain","river"],"water_availability":"rarely","water_scarcity":"yes","irrigation_need_change":"decrease","energy_sources":["solar"],"production_level":"medium","coop_member":"no","homes_trad_food":"some","seed_criteria":["productivity"],"seed_sources":["shop","own_harvest"],"seed_challenges":["low_availability"],"traditional_seed_knowledge":"yes","soil_enhancers":["chemical","biofertilizer"],"chem_fertilizer_reliance":"partial","pest_control":["chemical","local"],"pesticide_reliance":null,"marketing_challenges":["low_prices"],"logistics_challenges":["no_paved_roads"],"climate_change_noticed":"yes","climate_changes":["temperature_rise","rainfall_decrease"],"climate_impacts":["season_delay","pests_diseases"],"info_sources":["social_media","extension_agents"],"raises_poultry":"yes","poultry_purpose":["home_consumption","local_sale"],"farmer_type":"type_a","low_input_practices":"yes"},"status":{"owns_land":"reported","land_size_band":"reported","soil_types":"reported","crop_groups":"reported","water_sources":"reported","water_availability":"reported","water_scarcity":"reported","irrigation_need_change":"reported","energy_sources":"reported","production_level":"reported","coop_member":"reported","homes_trad_food":"reported","seed_criteria":"reported","seed_sources":"reported","seed_challenges":"reported","traditional_seed_knowledge":"reported","soil_enhancers":"reported","chem_fertilizer_reliance":"reported","pest_control":"reported","pesticide_reliance":"not_provided","marketing_challenges":"reported","logistics_challenges":"reported","climate_change_noticed":"reported","climate_changes":"reported","climate_impacts":"reported","info_sources":"reported","raises_poultry":"reported","poultry_purpose":"reported","farmer_type":"reported","low_input_practices":"reported"}}},{"type":"Feature","id":"CH-UDE4LW:chouf_2026","geometry":{"type":"Point","coordinates":[35.53656,33.62773]},"properties":{"entity_type":"survey_respondent_public","respondent_id":"CH-UDE4LW","instrument":"chouf_2026","area_name_en":"Chouf","area_name_ar":"الشوف","geom_origin":"district_centre","spatial_precision":"district","spread_m":500,"c__owns_land":"yes","c__land_size_band":"lt_5_dunum","c__soil_types":"loamy","c__crop_groups":"vegetables","c__water_sources":"tanker","c__water_availability":"rarely","c__water_scarcity":"yes","c__irrigation_need_change":"increase","c__energy_sources":"diesel","c__production_level":"medium","c__coop_member":"no","c__homes_trad_food":"some","c__seed_criteria":"price","c__seed_sources":"shop","c__seed_challenges":"high_cost","c__traditional_seed_knowledge":"no","c__soil_enhancers":"chemical","c__chem_fertilizer_reliance":"partial","c__pest_control":"chemical","c__pesticide_reliance":"partial","c__marketing_challenges":"far_markets","c__logistics_challenges":"high_transport_cost","c__climate_change_noticed":"yes","c__climate_changes":"temperature_rise","c__climate_impacts":"production_decrease","c__info_sources":"social_media","c__raises_poultry":"yes","c__poultry_purpose":"home_consumption","c__farmer_type":"type_d","c__low_input_practices":"yes","values":{"owns_land":"yes","land_size_band":"lt_5_dunum","soil_types":["loamy"],"crop_groups":["vegetables","legumes"],"water_sources":["tanker","storage"],"water_availability":"rarely","water_scarcity":"yes","irrigation_need_change":"increase","energy_sources":["diesel"],"production_level":"medium","coop_member":"no","homes_trad_food":"some","seed_criteria":["price"],"seed_sources":["shop"],"seed_challenges":["high_cost","low_availability","unreliable_suppliers"],"traditional_seed_knowledge":"no","soil_enhancers":["chemical","biofertilizer","manure"],"chem_fertilizer_reliance":"partial","pest_control":["chemical"],"pesticide_reliance":"partial","marketing_challenges":["far_markets"],"logistics_challenges":["high_transport_cost"],"climate_change_noticed":"yes","climate_changes":["temperature_rise","rainfall_decrease","heatwaves"],"climate_impacts":["production_decrease","pests_diseases"],"info_sources":["social_media","supply_shops"],"raises_poultry":"yes","poultry_purpose":["home_consumption"],"farmer_type":"type_d","low_input_practices":"yes"},"status":{"owns_land":"reported","land_size_band":"reported","soil_types":"reported","crop_groups":"reported","water_sources":"reported","water_availability":"reported","water_scarcity":"reported","irrigation_need_change":"reported","energy_sources":"reported","production_level":"reported","coop_member":"reported","homes_trad_food":"reported","seed_criteria":"reported","seed_sources":"reported","seed_challenges":"reported","traditional_seed_knowledge":"reported","soil_enhancers":"reported","chem_fertilizer_reliance":"reported","pest_control":"reported","pesticide_reliance":"reported","marketing_challenges":"reported","logistics_challenges":"reported","climate_change_noticed":"reported","climate_changes":"reported","climate_impacts":"reported","info_sources":"reported","raises_poultry":"reported","poultry_purpose":"reported","farmer_type":"reported","low_input_practices":"reported"}}},{"type":"Feature","id":"CH-UJPYZL:chouf_2026","geometry":{"type":"Point","coordinates":[35.53656,33.62773]},"properties":{"entity_type":"survey_respondent_public","respondent_id":"CH-UJPYZL","instrument":"chouf_2026","area_name_en":"Chouf","area_name_ar":"الشوف","geom_origin":"district_centre","spatial_precision":"district","spread_m":500,"c__owns_land":"yes","c__land_size_band":"lt_5_dunum","c__soil_types":"loamy","c__crop_groups":"vegetables","c__water_sources":"canal","c__water_availability":"never","c__water_scarcity":"yes","c__irrigation_need_change":"increase","c__energy_sources":"manual","c__production_level":"small","c__coop_member":"no","c__homes_trad_food":"few","c__seed_criteria":"productivity","c__seed_sources":"neighbour","c__seed_challenges":"low_availability","c__traditional_seed_knowledge":"no","c__soil_enhancers":"chemical","c__chem_fertilizer_reliance":"partial","c__pest_control":"chemical","c__pesticide_reliance":"partial","c__marketing_challenges":"weak_demand","c__logistics_challenges":"high_transport_cost","c__climate_change_noticed":"yes","c__climate_changes":"temperature_rise","c__climate_impacts":"production_decrease","c__info_sources":"supply_shops","c__raises_poultry":"yes","c__poultry_purpose":"home_consumption","c__farmer_type":"type_d","c__low_input_practices":"no","values":{"owns_land":"yes","land_size_band":"lt_5_dunum","soil_types":["loamy"],"crop_groups":["vegetables"],"water_sources":["canal"],"water_availability":"never","water_scarcity":"yes","irrigation_need_change":"increase","energy_sources":["manual"],"production_level":"small","coop_member":"no","homes_trad_food":"few","seed_criteria":["productivity"],"seed_sources":["neighbour"],"seed_challenges":["low_availability"],"traditional_seed_knowledge":"no","soil_enhancers":["chemical"],"chem_fertilizer_reliance":"partial","pest_control":["chemical"],"pesticide_reliance":"partial","marketing_challenges":["weak_demand"],"logistics_challenges":["high_transport_cost"],"climate_change_noticed":"yes","climate_changes":["temperature_rise","rainfall_decrease"],"climate_impacts":["production_decrease"],"info_sources":["supply_shops"],"raises_poultry":"yes","poultry_purpose":["home_consumption"],"farmer_type":"type_d","low_input_practices":"no"},"status":{"owns_land":"reported","land_size_band":"reported","soil_types":"reported","crop_groups":"reported","water_sources":"reported","water_availability":"reported","water_scarcity":"reported","irrigation_need_change":"reported","energy_sources":"reported","production_level":"reported","coop_member":"reported","homes_trad_food":"reported","seed_criteria":"reported","seed_sources":"reported","seed_challenges":"reported","traditional_seed_knowledge":"reported","soil_enhancers":"reported","chem_fertilizer_reliance":"reported","pest_control":"reported","pesticide_reliance":"reported","marketing_challenges":"reported","logistics_challenges":"reported","climate_change_noticed":"reported","climate_changes":"reported","climate_impacts":"reported","info_sources":"reported","raises_poultry":"reported","poultry_purpose":"reported","farmer_type":"reported","low_input_practices":"reported"}}},{"type":"Feature","id":"CH-ULAUJS:chouf_2026","geometry":{"type":"Point","coordinates":[35.65655,33.62055]},"properties":{"entity_type":"survey_respondent_public","respondent_id":"CH-ULAUJS","instrument":"chouf_2026","area_name_en":"Mristi","area_name_ar":"مرستى","geom_origin":"cadastral_unit_centre","spatial_precision":"cadastral_unit","spread_m":150,"c__owns_land":"yes","c__land_size_band":"gt_1_ha","c__soil_types":"loamy","c__crop_groups":"apples_pears","c__water_sources":"rain","c__water_availability":"rarely","c__water_scarcity":"yes","c__irrigation_need_change":"increase","c__energy_sources":"grid","c__production_level":"medium","c__coop_member":"yes","c__homes_trad_food":"most","c__seed_criteria":"pest_resistance","c__seed_sources":"own_harvest","c__seed_challenges":"none","c__traditional_seed_knowledge":"yes","c__chem_fertilizer_reliance":"partial","c__pest_control":"biological","c__pesticide_reliance":"partial","c__marketing_challenges":"low_prices","c__logistics_challenges":"high_transport_cost","c__climate_change_noticed":"yes","c__climate_changes":"temperature_rise","c__climate_impacts":"production_decrease","c__info_sources":"extension_agents","c__raises_poultry":"yes","c__poultry_purpose":"home_consumption","c__farmer_type":"type_b","c__low_input_practices":"yes","values":{"owns_land":"yes","land_size_band":"gt_1_ha","soil_types":["loamy","clay"],"crop_groups":["apples_pears","stone_fruits","vegetables"],"water_sources":["rain","well"],"water_availability":"rarely","water_scarcity":"yes","irrigation_need_change":"increase","energy_sources":["grid","gasoline"],"production_level":"medium","coop_member":"yes","homes_trad_food":"most","seed_criteria":["pest_resistance"],"seed_sources":["own_harvest"],"seed_challenges":["none"],"traditional_seed_knowledge":"yes","soil_enhancers":null,"chem_fertilizer_reliance":"partial","pest_control":["biological"],"pesticide_reliance":"partial","marketing_challenges":["low_prices","weak_demand"],"logistics_challenges":["high_transport_cost"],"climate_change_noticed":"yes","climate_changes":["temperature_rise","rainfall_decrease"],"climate_impacts":["production_decrease","pollination"],"info_sources":["extension_agents"],"raises_poultry":"yes","poultry_purpose":["home_consumption","local_sale"],"farmer_type":"type_b","low_input_practices":"yes"},"status":{"owns_land":"reported","land_size_band":"reported","soil_types":"reported","crop_groups":"reported","water_sources":"reported","water_availability":"reported","water_scarcity":"reported","irrigation_need_change":"reported","energy_sources":"reported","production_level":"reported","coop_member":"reported","homes_trad_food":"reported","seed_criteria":"reported","seed_sources":"reported","seed_challenges":"reported","traditional_seed_knowledge":"reported","soil_enhancers":"not_provided","chem_fertilizer_reliance":"reported","pest_control":"reported","pesticide_reliance":"reported","marketing_challenges":"reported","logistics_challenges":"reported","climate_change_noticed":"reported","climate_changes":"reported","climate_impacts":"reported","info_sources":"reported","raises_poultry":"reported","poultry_purpose":"reported","farmer_type":"reported","low_input_practices":"reported"}}},{"type":"Feature","id":"CH-UWVBPL:chouf_2026","geometry":{"type":"Point","coordinates":[35.6526,33.69324]},"properties":{"entity_type":"survey_respondent_public","respondent_id":"CH-UWVBPL","instrument":"chouf_2026","area_name_en":"Batloun","area_name_ar":"بتلون","geom_origin":"cadastral_unit_centre","spatial_precision":"cadastral_unit","spread_m":150,"c__owns_land":"yes","c__land_size_band":"lt_5_dunum","c__soil_types":"sandy","c__water_availability":"never","c__water_scarcity":"yes","c__irrigation_need_change":"increase","c__production_level":"large","c__coop_member":"yes","c__homes_trad_food":"most","c__seed_criteria":"productivity","c__seed_sources":"shop","c__seed_challenges":"high_cost","c__traditional_seed_knowledge":"yes","c__chem_fertilizer_reliance":"not_used","c__pest_control":"chemical","c__marketing_challenges":"far_markets","c__logistics_challenges":"high_transport_cost","c__climate_change_noticed":"yes","c__climate_changes":"temperature_rise","c__climate_impacts":"production_decrease","c__info_sources":"social_media","c__raises_poultry":"no","c__farmer_type":"type_c","c__low_input_practices":"no","values":{"owns_land":"yes","land_size_band":"lt_5_dunum","soil_types":["sandy"],"crop_groups":null,"water_sources":null,"water_availability":"never","water_scarcity":"yes","irrigation_need_change":"increase","energy_sources":null,"production_level":"large","coop_member":"yes","homes_trad_food":"most","seed_criteria":["productivity"],"seed_sources":["shop"],"seed_challenges":["high_cost"],"traditional_seed_knowledge":"yes","soil_enhancers":null,"chem_fertilizer_reliance":"not_used","pest_control":["chemical"],"pesticide_reliance":null,"marketing_challenges":["far_markets"],"logistics_challenges":["high_transport_cost"],"climate_change_noticed":"yes","climate_changes":["temperature_rise","rainfall_decrease","heatwaves"],"climate_impacts":["production_decrease","season_delay","pests_diseases"],"info_sources":["social_media","extension_agents","supply_shops"],"raises_poultry":"no","poultry_purpose":null,"farmer_type":"type_c","low_input_practices":"no"},"status":{"owns_land":"reported","land_size_band":"reported","soil_types":"reported","crop_groups":"not_provided","water_sources":"not_provided","water_availability":"reported","water_scarcity":"reported","irrigation_need_change":"reported","energy_sources":"not_provided","production_level":"reported","coop_member":"reported","homes_trad_food":"reported","seed_criteria":"reported","seed_sources":"reported","seed_challenges":"reported","traditional_seed_knowledge":"reported","soil_enhancers":"not_provided","chem_fertilizer_reliance":"reported","pest_control":"reported","pesticide_reliance":"not_provided","marketing_challenges":"reported","logistics_challenges":"reported","climate_change_noticed":"reported","climate_changes":"reported","climate_impacts":"reported","info_sources":"reported","raises_poultry":"reported","poultry_purpose":"not_applicable","farmer_type":"reported","low_input_practices":"reported"}}},{"type":"Feature","id":"CH-V4EACV:chouf_2026","geometry":{"type":"Point","coordinates":[35.53656,33.62773]},"properties":{"entity_type":"survey_respondent_public","respondent_id":"CH-V4EACV","instrument":"chouf_2026","area_name_en":"Chouf","area_name_ar":"الشوف","geom_origin":"district_centre","spatial_precision":"district","spread_m":500,"c__owns_land":"yes","c__land_size_band":"lt_5_dunum","c__soil_types":"clay","c__crop_groups":"vegetables","c__water_sources":"well","c__water_availability":"always","c__water_scarcity":"no","c__irrigation_need_change":"increase","c__energy_sources":"solar","c__production_level":"medium","c__coop_member":"no","c__homes_trad_food":"most","c__seed_criteria":"productivity","c__seed_sources":"shop","c__seed_challenges":"high_cost","c__traditional_seed_knowledge":"no","c__soil_enhancers":"chemical","c__chem_fertilizer_reliance":"partial","c__pest_control":"chemical","c__pesticide_reliance":"total","c__marketing_challenges":"low_prices","c__logistics_challenges":"high_transport_cost","c__climate_change_noticed":"yes","c__climate_changes":"temperature_rise","c__climate_impacts":"pests_diseases","c__info_sources":"extension_agents","c__raises_poultry":"yes","c__poultry_purpose":"local_sale","c__farmer_type":"type_a","c__low_input_practices":"yes","values":{"owns_land":"yes","land_size_band":"lt_5_dunum","soil_types":["clay"],"crop_groups":["vegetables"],"water_sources":["well"],"water_availability":"always","water_scarcity":"no","irrigation_need_change":"increase","energy_sources":["solar"],"production_level":"medium","coop_member":"no","homes_trad_food":"most","seed_criteria":["productivity","pest_resistance"],"seed_sources":["shop"],"seed_challenges":["high_cost"],"traditional_seed_knowledge":"no","soil_enhancers":["chemical","compost"],"chem_fertilizer_reliance":"partial","pest_control":["chemical"],"pesticide_reliance":"total","marketing_challenges":["low_prices"],"logistics_challenges":["high_transport_cost"],"climate_change_noticed":"yes","climate_changes":["temperature_rise"],"climate_impacts":["pests_diseases"],"info_sources":["extension_agents","supply_shops"],"raises_poultry":"yes","poultry_purpose":["local_sale"],"farmer_type":"type_a","low_input_practices":"yes"},"status":{"owns_land":"reported","land_size_band":"reported","soil_types":"reported","crop_groups":"reported","water_sources":"reported","water_availability":"reported","water_scarcity":"reported","irrigation_need_change":"reported","energy_sources":"reported","production_level":"reported","coop_member":"reported","homes_trad_food":"reported","seed_criteria":"reported","seed_sources":"reported","seed_challenges":"reported","traditional_seed_knowledge":"reported","soil_enhancers":"reported","chem_fertilizer_reliance":"reported","pest_control":"reported","pesticide_reliance":"reported","marketing_challenges":"reported","logistics_challenges":"reported","climate_change_noticed":"reported","climate_changes":"reported","climate_impacts":"reported","info_sources":"reported","raises_poultry":"reported","poultry_purpose":"reported","farmer_type":"reported","low_input_practices":"reported"}}},{"type":"Feature","id":"CH-V86LCH:chouf_2026","geometry":{"type":"Point","coordinates":[35.53656,33.62773]},"properties":{"entity_type":"survey_respondent_public","respondent_id":"CH-V86LCH","instrument":"chouf_2026","area_name_en":"Chouf","area_name_ar":"الشوف","geom_origin":"district_centre","spatial_precision":"district","spread_m":500,"c__owns_land":"yes","c__land_size_band":"lt_5_dunum","c__soil_types":"loamy","c__crop_groups":"grapes","c__water_sources":"river","c__water_availability":"sometimes","c__water_scarcity":"yes","c__irrigation_need_change":"increase","c__energy_sources":"manual","c__production_level":"medium","c__coop_member":"no","c__homes_trad_food":"some","c__seed_criteria":"price","c__seed_sources":"shop","c__seed_challenges":"high_cost","c__traditional_seed_knowledge":"no","c__soil_enhancers":"chemical","c__pest_control":"chemical","c__pesticide_reliance":"total","c__marketing_challenges":"low_prices","c__logistics_challenges":"high_transport_cost","c__climate_change_noticed":"yes","c__climate_changes":"temperature_rise","c__climate_impacts":"production_decrease","c__info_sources":"extension_agents","c__raises_poultry":"yes","c__poultry_purpose":"home_consumption","c__farmer_type":"type_a","c__low_input_practices":"yes","values":{"owns_land":"yes","land_size_band":"lt_5_dunum","soil_types":["loamy"],"crop_groups":["grapes","legumes"],"water_sources":["river"],"water_availability":"sometimes","water_scarcity":"yes","irrigation_need_change":"increase","energy_sources":["manual","diesel"],"production_level":"medium","coop_member":"no","homes_trad_food":"some","seed_criteria":["price","productivity"],"seed_sources":["shop"],"seed_challenges":["high_cost","low_availability","unreliable_suppliers"],"traditional_seed_knowledge":"no","soil_enhancers":["chemical","compost"],"chem_fertilizer_reliance":null,"pest_control":["chemical","biological"],"pesticide_reliance":"total","marketing_challenges":["low_prices","weak_demand"],"logistics_challenges":["high_transport_cost","no_paved_roads","no_transport"],"climate_change_noticed":"yes","climate_changes":["temperature_rise","rainfall_decrease","heatwaves"],"climate_impacts":["production_decrease","season_delay","pests_diseases","pollination"],"info_sources":["extension_agents","supply_shops"],"raises_poultry":"yes","poultry_purpose":["home_consumption","local_sale"],"farmer_type":"type_a","low_input_practices":"yes"},"status":{"owns_land":"reported","land_size_band":"reported","soil_types":"reported","crop_groups":"reported","water_sources":"reported","water_availability":"reported","water_scarcity":"reported","irrigation_need_change":"reported","energy_sources":"reported","production_level":"reported","coop_member":"reported","homes_trad_food":"reported","seed_criteria":"reported","seed_sources":"reported","seed_challenges":"reported","traditional_seed_knowledge":"reported","soil_enhancers":"reported","chem_fertilizer_reliance":"not_provided","pest_control":"reported","pesticide_reliance":"reported","marketing_challenges":"reported","logistics_challenges":"reported","climate_change_noticed":"reported","climate_changes":"reported","climate_impacts":"reported","info_sources":"reported","raises_poultry":"reported","poultry_purpose":"reported","farmer_type":"reported","low_input_practices":"reported"}}},{"type":"Feature","id":"CH-V8BREH:chouf_2026","geometry":{"type":"Point","coordinates":[35.53656,33.62773]},"properties":{"entity_type":"survey_respondent_public","respondent_id":"CH-V8BREH","instrument":"chouf_2026","area_name_en":"Chouf","area_name_ar":"الشوف","geom_origin":"district_centre","spatial_precision":"district","spread_m":500,"c__owns_land":"yes","c__land_size_band":"gt_1_ha","c__soil_types":"loamy","c__crop_groups":"vegetables","c__water_sources":"river","c__water_availability":"sometimes","c__water_scarcity":"yes","c__irrigation_need_change":"no_change","c__energy_sources":"manual","c__production_level":"large","c__coop_member":"no","c__homes_trad_food":"some","c__seed_criteria":"price","c__seed_sources":"shop","c__seed_challenges":"high_cost","c__traditional_seed_knowledge":"no","c__soil_enhancers":"chemical","c__chem_fertilizer_reliance":"partial","c__pest_control":"chemical","c__pesticide_reliance":"total","c__marketing_challenges":"low_prices","c__logistics_challenges":"high_transport_cost","c__climate_change_noticed":"yes","c__climate_changes":"temperature_rise","c__climate_impacts":"production_decrease","c__info_sources":"social_media","c__raises_poultry":"yes","c__poultry_purpose":"home_consumption","c__farmer_type":"type_b","c__low_input_practices":"yes","values":{"owns_land":"yes","land_size_band":"gt_1_ha","soil_types":["loamy"],"crop_groups":["vegetables","cereals_fodder"],"water_sources":["river","canal"],"water_availability":"sometimes","water_scarcity":"yes","irrigation_need_change":"no_change","energy_sources":["manual"],"production_level":"large","coop_member":"no","homes_trad_food":"some","seed_criteria":["price","productivity","pest_resistance"],"seed_sources":["shop","own_harvest"],"seed_challenges":["high_cost","unsuitable"],"traditional_seed_knowledge":"no","soil_enhancers":["chemical","compost","manure"],"chem_fertilizer_reliance":"partial","pest_control":["chemical"],"pesticide_reliance":"total","marketing_challenges":["low_prices","far_markets","no_transport","poor_packaging"],"logistics_challenges":["high_transport_cost","no_transport"],"climate_change_noticed":"yes","climate_changes":["temperature_rise","rainfall_decrease","heatwaves","frost"],"climate_impacts":["production_decrease","season_delay","pests_diseases"],"info_sources":["social_media","extension_agents","supply_shops"],"raises_poultry":"yes","poultry_purpose":["home_consumption","local_sale"],"farmer_type":"type_b","low_input_practices":"yes"},"status":{"owns_land":"reported","land_size_band":"reported","soil_types":"reported","crop_groups":"reported","water_sources":"reported","water_availability":"reported","water_scarcity":"reported","irrigation_need_change":"reported","energy_sources":"reported","production_level":"reported","coop_member":"reported","homes_trad_food":"reported","seed_criteria":"reported","seed_sources":"reported","seed_challenges":"reported","traditional_seed_knowledge":"reported","soil_enhancers":"reported","chem_fertilizer_reliance":"reported","pest_control":"reported","pesticide_reliance":"reported","marketing_challenges":"reported","logistics_challenges":"reported","climate_change_noticed":"reported","climate_changes":"reported","climate_impacts":"reported","info_sources":"reported","raises_poultry":"reported","poultry_purpose":"reported","farmer_type":"reported","low_input_practices":"reported"}}},{"type":"Feature","id":"CH-VAA8NB:chouf_2026","geometry":{"type":"Point","coordinates":[35.55755,33.69746]},"properties":{"entity_type":"survey_respondent_public","respondent_id":"CH-VAA8NB","instrument":"chouf_2026","area_name_en":"Deir El-Qamar","area_name_ar":"دير القمر","geom_origin":"cadastral_unit_centre","spatial_precision":"cadastral_unit","spread_m":150,"c__owns_land":"yes","c__land_size_band":"gt_1_ha","c__soil_types":"loamy","c__crop_groups":"olives","c__water_sources":"canal","c__water_availability":"sometimes","c__water_scarcity":"yes","c__irrigation_need_change":"increase","c__energy_sources":"grid","c__production_level":"medium","c__coop_member":"no","c__homes_trad_food":"most","c__seed_criteria":"price","c__seed_sources":"shop","c__seed_challenges":"high_cost","c__traditional_seed_knowledge":"yes","c__soil_enhancers":"chemical","c__chem_fertilizer_reliance":"total","c__pest_control":"chemical","c__pesticide_reliance":"total","c__marketing_challenges":"low_prices","c__logistics_challenges":"high_transport_cost","c__climate_change_noticed":"yes","c__climate_changes":"temperature_rise","c__climate_impacts":"production_decrease","c__info_sources":"extension_agents","c__raises_poultry":"no","c__farmer_type":"type_a","c__low_input_practices":"no","values":{"owns_land":"yes","land_size_band":"gt_1_ha","soil_types":["loamy"],"crop_groups":["olives","legumes"],"water_sources":["canal"],"water_availability":"sometimes","water_scarcity":"yes","irrigation_need_change":"increase","energy_sources":["grid","diesel"],"production_level":"medium","coop_member":"no","homes_trad_food":"most","seed_criteria":["price","productivity","pest_resistance"],"seed_sources":["shop"],"seed_challenges":["high_cost"],"traditional_seed_knowledge":"yes","soil_enhancers":["chemical"],"chem_fertilizer_reliance":"total","pest_control":["chemical"],"pesticide_reliance":"total","marketing_challenges":["low_prices","far_markets"],"logistics_challenges":["high_transport_cost"],"climate_change_noticed":"yes","climate_changes":["temperature_rise","rainfall_decrease","heatwaves"],"climate_impacts":["production_decrease","season_delay","pests_diseases"],"info_sources":["extension_agents","supply_shops"],"raises_poultry":"no","poultry_purpose":null,"farmer_type":"type_a","low_input_practices":"no"},"status":{"owns_land":"reported","land_size_band":"reported","soil_types":"reported","crop_groups":"reported","water_sources":"reported","water_availability":"reported","water_scarcity":"reported","irrigation_need_change":"reported","energy_sources":"reported","production_level":"reported","coop_member":"reported","homes_trad_food":"reported","seed_criteria":"reported","seed_sources":"reported","seed_challenges":"reported","traditional_seed_knowledge":"reported","soil_enhancers":"reported","chem_fertilizer_reliance":"reported","pest_control":"reported","pesticide_reliance":"reported","marketing_challenges":"reported","logistics_challenges":"reported","climate_change_noticed":"reported","climate_changes":"reported","climate_impacts":"reported","info_sources":"reported","raises_poultry":"reported","poultry_purpose":"not_applicable","farmer_type":"reported","low_input_practices":"reported"}}},{"type":"Feature","id":"CH-VDRRVF:chouf_2026","geometry":{"type":"Point","coordinates":[35.53656,33.62773]},"properties":{"entity_type":"survey_respondent_public","respondent_id":"CH-VDRRVF","instrument":"chouf_2026","area_name_en":"Chouf","area_name_ar":"الشوف","geom_origin":"district_centre","spatial_precision":"district","spread_m":500,"c__owns_land":"yes","c__land_size_band":"lt_5_dunum","c__soil_types":"clay","c__crop_groups":"other_fruits","c__water_sources":"tanker","c__water_availability":"rarely","c__water_scarcity":"yes","c__irrigation_need_change":"increase","c__energy_sources":"manual","c__production_level":"medium","c__coop_member":"no","c__homes_trad_food":"few","c__seed_criteria":"productivity","c__seed_sources":"shop","c__seed_challenges":"high_cost","c__traditional_seed_knowledge":"no","c__soil_enhancers":"biofertilizer","c__chem_fertilizer_reliance":"partial","c__pest_control":"chemical","c__pesticide_reliance":"partial","c__marketing_challenges":"weak_demand","c__logistics_challenges":"high_transport_cost","c__climate_change_noticed":"yes","c__climate_changes":"temperature_rise","c__climate_impacts":"production_decrease","c__info_sources":"social_media","c__raises_poultry":"yes","c__poultry_purpose":"home_consumption","c__farmer_type":"type_d","c__low_input_practices":"yes","values":{"owns_land":"yes","land_size_band":"lt_5_dunum","soil_types":["clay"],"crop_groups":["other_fruits","vegetables"],"water_sources":["tanker","storage"],"water_availability":"rarely","water_scarcity":"yes","irrigation_need_change":"increase","energy_sources":["manual","grid"],"production_level":"medium","coop_member":"no","homes_trad_food":"few","seed_criteria":["productivity"],"seed_sources":["shop"],"seed_challenges":["high_cost","low_availability","unsuitable"],"traditional_seed_knowledge":"no","soil_enhancers":["biofertilizer"],"chem_fertilizer_reliance":"partial","pest_control":["chemical","physical"],"pesticide_reliance":"partial","marketing_challenges":["weak_demand"],"logistics_challenges":["high_transport_cost"],"climate_change_noticed":"yes","climate_changes":["temperature_rise","rainfall_decrease","heatwaves"],"climate_impacts":["production_decrease","season_delay","pests_diseases","pollination"],"info_sources":["social_media","supply_shops","television"],"raises_poultry":"yes","poultry_purpose":["home_consumption"],"farmer_type":"type_d","low_input_practices":"yes"},"status":{"owns_land":"reported","land_size_band":"reported","soil_types":"reported","crop_groups":"reported","water_sources":"reported","water_availability":"reported","water_scarcity":"reported","irrigation_need_change":"reported","energy_sources":"reported","production_level":"reported","coop_member":"reported","homes_trad_food":"reported","seed_criteria":"reported","seed_sources":"reported","seed_challenges":"reported","traditional_seed_knowledge":"reported","soil_enhancers":"reported","chem_fertilizer_reliance":"reported","pest_control":"reported","pesticide_reliance":"reported","marketing_challenges":"reported","logistics_challenges":"reported","climate_change_noticed":"reported","climate_changes":"reported","climate_impacts":"reported","info_sources":"reported","raises_poultry":"reported","poultry_purpose":"reported","farmer_type":"reported","low_input_practices":"reported"}}},{"type":"Feature","id":"CH-VVKUSP:chouf_2026","geometry":{"type":"Point","coordinates":[35.55755,33.69746]},"properties":{"entity_type":"survey_respondent_public","respondent_id":"CH-VVKUSP","instrument":"chouf_2026","area_name_en":"Deir El-Qamar","area_name_ar":"دير القمر","geom_origin":"cadastral_unit_centre","spatial_precision":"cadastral_unit","spread_m":150,"c__owns_land":"yes","c__land_size_band":"lt_5_dunum","c__soil_types":"sandy","c__crop_groups":"olives","c__water_sources":"public_network","c__water_availability":"sometimes","c__water_scarcity":"yes","c__irrigation_need_change":"increase","c__energy_sources":"manual","c__production_level":"small","c__coop_member":"no","c__homes_trad_food":"some","c__seed_criteria":"productivity","c__seed_sources":"shop","c__seed_challenges":"low_availability","c__traditional_seed_knowledge":"no","c__soil_enhancers":"chemical","c__chem_fertilizer_reliance":"partial","c__pest_control":"chemical","c__pesticide_reliance":"partial","c__marketing_challenges":"low_prices","c__logistics_challenges":"high_transport_cost","c__climate_change_noticed":"yes","c__climate_changes":"temperature_rise","c__climate_impacts":"production_decrease","c__info_sources":"social_media","c__raises_poultry":"no","c__farmer_type":"type_d","c__low_input_practices":"yes","values":{"owns_land":"yes","land_size_band":"lt_5_dunum","soil_types":["sandy"],"crop_groups":["olives","other_fruits","vegetables"],"water_sources":["public_network"],"water_availability":"sometimes","water_scarcity":"yes","irrigation_need_change":"increase","energy_sources":["manual"],"production_level":"small","coop_member":"no","homes_trad_food":"some","seed_criteria":["productivity"],"seed_sources":["shop","own_harvest"],"seed_challenges":["low_availability"],"traditional_seed_knowledge":"no","soil_enhancers":["chemical"],"chem_fertilizer_reliance":"partial","pest_control":["chemical","local"],"pesticide_reliance":"partial","marketing_challenges":["low_prices"],"logistics_challenges":["high_transport_cost"],"climate_change_noticed":"yes","climate_changes":["temperature_rise","rainfall_decrease","heatwaves"],"climate_impacts":["production_decrease","pests_diseases"],"info_sources":["social_media","supply_shops"],"raises_poultry":"no","poultry_purpose":null,"farmer_type":"type_d","low_input_practices":"yes"},"status":{"owns_land":"reported","land_size_band":"reported","soil_types":"reported","crop_groups":"reported","water_sources":"reported","water_availability":"reported","water_scarcity":"reported","irrigation_need_change":"reported","energy_sources":"reported","production_level":"reported","coop_member":"reported","homes_trad_food":"reported","seed_criteria":"reported","seed_sources":"reported","seed_challenges":"reported","traditional_seed_knowledge":"reported","soil_enhancers":"reported","chem_fertilizer_reliance":"reported","pest_control":"reported","pesticide_reliance":"reported","marketing_challenges":"reported","logistics_challenges":"reported","climate_change_noticed":"reported","climate_changes":"reported","climate_impacts":"reported","info_sources":"reported","raises_poultry":"reported","poultry_purpose":"not_applicable","farmer_type":"reported","low_input_practices":"reported"}}},{"type":"Feature","id":"CH-VVY4H7:chouf_2026","geometry":{"type":"Point","coordinates":[35.53656,33.62773]},"properties":{"entity_type":"survey_respondent_public","respondent_id":"CH-VVY4H7","instrument":"chouf_2026","area_name_en":"Chouf","area_name_ar":"الشوف","geom_origin":"district_centre","spatial_precision":"district","spread_m":500,"c__owns_land":"yes","c__land_size_band":"gt_1_ha","c__soil_types":"loamy","c__crop_groups":"vegetables","c__water_sources":"river","c__water_availability":"sometimes","c__water_scarcity":"no","c__irrigation_need_change":"no_change","c__energy_sources":"diesel","c__production_level":"medium","c__coop_member":"no","c__homes_trad_food":"most","c__seed_criteria":"productivity","c__seed_sources":"neighbour","c__seed_challenges":"high_cost","c__traditional_seed_knowledge":"yes","c__soil_enhancers":"chemical","c__chem_fertilizer_reliance":"partial","c__pest_control":"chemical","c__pesticide_reliance":"partial","c__logistics_challenges":"high_transport_cost","c__climate_change_noticed":"yes","c__climate_changes":"temperature_rise","c__climate_impacts":"production_decrease","c__raises_poultry":"no","c__farmer_type":"type_b","c__low_input_practices":"yes","values":{"owns_land":"yes","land_size_band":"gt_1_ha","soil_types":["loamy","sandy"],"crop_groups":["vegetables","legumes"],"water_sources":["river"],"water_availability":"sometimes","water_scarcity":"no","irrigation_need_change":"no_change","energy_sources":["diesel"],"production_level":"medium","coop_member":"no","homes_trad_food":"most","seed_criteria":["productivity"],"seed_sources":["neighbour"],"seed_challenges":["high_cost"],"traditional_seed_knowledge":"yes","soil_enhancers":["chemical","manure"],"chem_fertilizer_reliance":"partial","pest_control":["chemical","biological"],"pesticide_reliance":"partial","marketing_challenges":null,"logistics_challenges":["high_transport_cost"],"climate_change_noticed":"yes","climate_changes":["temperature_rise","rainfall_decrease"],"climate_impacts":["production_decrease","season_delay","pests_diseases"],"info_sources":null,"raises_poultry":"no","poultry_purpose":null,"farmer_type":"type_b","low_input_practices":"yes"},"status":{"owns_land":"reported","land_size_band":"reported","soil_types":"reported","crop_groups":"reported","water_sources":"reported","water_availability":"reported","water_scarcity":"reported","irrigation_need_change":"reported","energy_sources":"reported","production_level":"reported","coop_member":"reported","homes_trad_food":"reported","seed_criteria":"reported","seed_sources":"reported","seed_challenges":"reported","traditional_seed_knowledge":"reported","soil_enhancers":"reported","chem_fertilizer_reliance":"reported","pest_control":"reported","pesticide_reliance":"reported","marketing_challenges":"not_provided","logistics_challenges":"reported","climate_change_noticed":"reported","climate_changes":"reported","climate_impacts":"reported","info_sources":"not_provided","raises_poultry":"reported","poultry_purpose":"not_applicable","farmer_type":"reported","low_input_practices":"reported"}}},{"type":"Feature","id":"CH-W4NXJ6:chouf_2026","geometry":{"type":"Point","coordinates":[35.53656,33.62773]},"properties":{"entity_type":"survey_respondent_public","respondent_id":"CH-W4NXJ6","instrument":"chouf_2026","area_name_en":"Chouf","area_name_ar":"الشوف","geom_origin":"district_centre","spatial_precision":"district","spread_m":500,"c__owns_land":"yes","c__land_size_band":"lt_5_dunum","c__soil_types":"clay","c__crop_groups":"vegetables","c__water_sources":"public_network","c__water_availability":"sometimes","c__water_scarcity":"no","c__irrigation_need_change":"unsure","c__energy_sources":"grid","c__production_level":"medium","c__coop_member":"no","c__homes_trad_food":"most","c__seed_criteria":"price","c__seed_sources":"shop","c__seed_challenges":"high_cost","c__traditional_seed_knowledge":"no","c__soil_enhancers":"compost","c__chem_fertilizer_reliance":"not_used","c__pest_control":"local","c__pesticide_reliance":"not_used","c__marketing_challenges":"low_prices","c__logistics_challenges":"no_paved_roads","c__climate_change_noticed":"yes","c__climate_changes":"temperature_rise","c__climate_impacts":"production_decrease","c__info_sources":"social_media","c__raises_poultry":"no","c__farmer_type":"type_c","c__low_input_practices":"yes","values":{"owns_land":"yes","land_size_band":"lt_5_dunum","soil_types":["clay"],"crop_groups":["vegetables"],"water_sources":["public_network"],"water_availability":"sometimes","water_scarcity":"no","irrigation_need_change":"unsure","energy_sources":["grid"],"production_level":"medium","coop_member":"no","homes_trad_food":"most","seed_criteria":["price","productivity","pest_resistance"],"seed_sources":["shop"],"seed_challenges":["high_cost"],"traditional_seed_knowledge":"no","soil_enhancers":["compost","manure"],"chem_fertilizer_reliance":"not_used","pest_control":["local"],"pesticide_reliance":"not_used","marketing_challenges":["low_prices"],"logistics_challenges":["no_paved_roads"],"climate_change_noticed":"yes","climate_changes":["temperature_rise","rainfall_decrease"],"climate_impacts":["production_decrease"],"info_sources":["social_media"],"raises_poultry":"no","poultry_purpose":null,"farmer_type":"type_c","low_input_practices":"yes"},"status":{"owns_land":"reported","land_size_band":"reported","soil_types":"reported","crop_groups":"reported","water_sources":"reported","water_availability":"reported","water_scarcity":"reported","irrigation_need_change":"reported","energy_sources":"reported","production_level":"reported","coop_member":"reported","homes_trad_food":"reported","seed_criteria":"reported","seed_sources":"reported","seed_challenges":"reported","traditional_seed_knowledge":"reported","soil_enhancers":"reported","chem_fertilizer_reliance":"reported","pest_control":"reported","pesticide_reliance":"reported","marketing_challenges":"reported","logistics_challenges":"reported","climate_change_noticed":"reported","climate_changes":"reported","climate_impacts":"reported","info_sources":"reported","raises_poultry":"reported","poultry_purpose":"not_applicable","farmer_type":"reported","low_input_practices":"reported"}}},{"type":"Feature","id":"CH-W8Q4QG:chouf_2026","geometry":{"type":"Point","coordinates":[35.45398,33.71168]},"properties":{"entity_type":"survey_respondent_public","respondent_id":"CH-W8Q4QG","instrument":"chouf_2026","area_name_en":"Damour","area_name_ar":"الدامور","geom_origin":"cadastral_unit_centre","spatial_precision":"cadastral_unit","spread_m":150,"c__owns_land":"yes","c__land_size_band":"gt_2_ha","c__soil_types":"acidic","c__crop_groups":"tropical_fruits","c__water_sources":"well","c__water_availability":"sometimes","c__water_scarcity":"yes","c__irrigation_need_change":"increase","c__energy_sources":"diesel","c__production_level":"medium","c__coop_member":"no","c__homes_trad_food":"most","c__seed_criteria":"price","c__seed_sources":"shop","c__seed_challenges":"high_cost","c__traditional_seed_knowledge":"no","c__soil_enhancers":"chemical","c__chem_fertilizer_reliance":"total","c__pest_control":"chemical","c__pesticide_reliance":"total","c__marketing_challenges":"low_prices","c__logistics_challenges":"high_transport_cost","c__climate_change_noticed":"yes","c__climate_changes":"temperature_rise","c__climate_impacts":"production_decrease","c__info_sources":"social_media","c__raises_poultry":"no","c__farmer_type":"type_a","c__low_input_practices":"yes","values":{"owns_land":"yes","land_size_band":"gt_2_ha","soil_types":["acidic"],"crop_groups":["tropical_fruits"],"water_sources":["well","canal"],"water_availability":"sometimes","water_scarcity":"yes","irrigation_need_change":"increase","energy_sources":["diesel","solar"],"production_level":"medium","coop_member":"no","homes_trad_food":"most","seed_criteria":["price","productivity","pest_resistance"],"seed_sources":["shop"],"seed_challenges":["high_cost","low_availability"],"traditional_seed_knowledge":"no","soil_enhancers":["chemical","manure"],"chem_fertilizer_reliance":"total","pest_control":["chemical"],"pesticide_reliance":"total","marketing_challenges":["low_prices","far_markets","no_transport"],"logistics_challenges":["high_transport_cost"],"climate_change_noticed":"yes","climate_changes":["temperature_rise","rainfall_decrease","heatwaves"],"climate_impacts":["production_decrease","season_delay","pests_diseases","pollination"],"info_sources":["social_media","supply_shops"],"raises_poultry":"no","poultry_purpose":null,"farmer_type":"type_a","low_input_practices":"yes"},"status":{"owns_land":"reported","land_size_band":"reported","soil_types":"reported","crop_groups":"reported","water_sources":"reported","water_availability":"reported","water_scarcity":"reported","irrigation_need_change":"reported","energy_sources":"reported","production_level":"reported","coop_member":"reported","homes_trad_food":"reported","seed_criteria":"reported","seed_sources":"reported","seed_challenges":"reported","traditional_seed_knowledge":"reported","soil_enhancers":"reported","chem_fertilizer_reliance":"reported","pest_control":"reported","pesticide_reliance":"reported","marketing_challenges":"reported","logistics_challenges":"reported","climate_change_noticed":"reported","climate_changes":"reported","climate_impacts":"reported","info_sources":"reported","raises_poultry":"reported","poultry_purpose":"not_applicable","farmer_type":"reported","low_input_practices":"reported"}}},{"type":"Feature","id":"CH-WCYTE7:chouf_2026","geometry":{"type":"Point","coordinates":[35.53656,33.62773]},"properties":{"entity_type":"survey_respondent_public","respondent_id":"CH-WCYTE7","instrument":"chouf_2026","area_name_en":"Chouf","area_name_ar":"الشوف","geom_origin":"district_centre","spatial_precision":"district","spread_m":500,"c__owns_land":"yes","c__land_size_band":"lt_1_ha","c__soil_types":"loamy","c__crop_groups":"vegetables","c__water_sources":"well","c__water_availability":"sometimes","c__water_scarcity":"yes","c__irrigation_need_change":"increase","c__energy_sources":"diesel","c__production_level":"medium","c__coop_member":"no","c__homes_trad_food":"most","c__seed_criteria":"price","c__seed_sources":"neighbour","c__seed_challenges":"low_availability","c__traditional_seed_knowledge":"no","c__soil_enhancers":"chemical","c__chem_fertilizer_reliance":"partial","c__pest_control":"chemical","c__pesticide_reliance":"partial","c__marketing_challenges":"low_prices","c__logistics_challenges":"high_transport_cost","c__climate_change_noticed":"yes","c__climate_changes":"temperature_rise","c__climate_impacts":"production_decrease","c__info_sources":"social_media","c__raises_poultry":"yes","c__poultry_purpose":"home_consumption","c__farmer_type":"type_a","c__low_input_practices":"yes","values":{"owns_land":"yes","land_size_band":"lt_1_ha","soil_types":["loamy"],"crop_groups":["vegetables","legumes"],"water_sources":["well"],"water_availability":"sometimes","water_scarcity":"yes","irrigation_need_change":"increase","energy_sources":["diesel"],"production_level":"medium","coop_member":"no","homes_trad_food":"most","seed_criteria":["price","productivity","pest_resistance"],"seed_sources":["neighbour","own_harvest"],"seed_challenges":["low_availability","unsuitable"],"traditional_seed_knowledge":"no","soil_enhancers":["chemical","manure"],"chem_fertilizer_reliance":"partial","pest_control":["chemical"],"pesticide_reliance":"partial","marketing_challenges":["low_prices","far_markets"],"logistics_challenges":["high_transport_cost","no_paved_roads"],"climate_change_noticed":"yes","climate_changes":["temperature_rise","rainfall_decrease","heatwaves","frost"],"climate_impacts":["production_decrease","season_delay","pests_diseases","pollination"],"info_sources":["social_media","extension_agents","television"],"raises_poultry":"yes","poultry_purpose":["home_consumption"],"farmer_type":"type_a","low_input_practices":"yes"},"status":{"owns_land":"reported","land_size_band":"reported","soil_types":"reported","crop_groups":"reported","water_sources":"reported","water_availability":"reported","water_scarcity":"reported","irrigation_need_change":"reported","energy_sources":"reported","production_level":"reported","coop_member":"reported","homes_trad_food":"reported","seed_criteria":"reported","seed_sources":"reported","seed_challenges":"reported","traditional_seed_knowledge":"reported","soil_enhancers":"reported","chem_fertilizer_reliance":"reported","pest_control":"reported","pesticide_reliance":"reported","marketing_challenges":"reported","logistics_challenges":"reported","climate_change_noticed":"reported","climate_changes":"reported","climate_impacts":"reported","info_sources":"reported","raises_poultry":"reported","poultry_purpose":"reported","farmer_type":"reported","low_input_practices":"reported"}}},{"type":"Feature","id":"CH-WFWFTG:chouf_2026","geometry":{"type":"Point","coordinates":[35.59263,33.64839]},"properties":{"entity_type":"survey_respondent_public","respondent_id":"CH-WFWFTG","instrument":"chouf_2026","area_name_en":"Kahlouniet Ech-Chouf","area_name_ar":"كحلونية الشوف","geom_origin":"cadastral_unit_centre","spatial_precision":"cadastral_unit","spread_m":150,"c__owns_land":"yes","c__land_size_band":"lt_5_dunum","c__soil_types":"clay","c__crop_groups":"olives","c__water_sources":"rain","c__water_availability":"never","c__water_scarcity":"yes","c__irrigation_need_change":"increase","c__energy_sources":"manual","c__production_level":"medium","c__coop_member":"no","c__homes_trad_food":"some","c__seed_criteria":"price","c__seed_sources":"shop","c__seed_challenges":"high_cost","c__traditional_seed_knowledge":"no","c__soil_enhancers":"chemical","c__chem_fertilizer_reliance":"partial","c__pest_control":"chemical","c__pesticide_reliance":"total","c__marketing_challenges":"weak_demand","c__logistics_challenges":"high_transport_cost","c__climate_change_noticed":"yes","c__climate_changes":"temperature_rise","c__climate_impacts":"production_decrease","c__info_sources":"social_media","c__raises_poultry":"no","c__farmer_type":"type_d","c__low_input_practices":"yes","values":{"owns_land":"yes","land_size_band":"lt_5_dunum","soil_types":["clay"],"crop_groups":["olives","other_fruits"],"water_sources":["rain","tanker","storage"],"water_availability":"never","water_scarcity":"yes","irrigation_need_change":"increase","energy_sources":["manual"],"production_level":"medium","coop_member":"no","homes_trad_food":"some","seed_criteria":["price","productivity","pest_resistance"],"seed_sources":["shop"],"seed_challenges":["high_cost","unreliable_suppliers"],"traditional_seed_knowledge":"no","soil_enhancers":["chemical","manure"],"chem_fertilizer_reliance":"partial","pest_control":["chemical"],"pesticide_reliance":"total","marketing_challenges":["weak_demand"],"logistics_challenges":["high_transport_cost"],"climate_change_noticed":"yes","climate_changes":["temperature_rise","rainfall_decrease","heatwaves","frost"],"climate_impacts":["production_decrease","season_delay","pests_diseases"],"info_sources":["social_media"],"raises_poultry":"no","poultry_purpose":null,"farmer_type":"type_d","low_input_practices":"yes"},"status":{"owns_land":"reported","land_size_band":"reported","soil_types":"reported","crop_groups":"reported","water_sources":"reported","water_availability":"reported","water_scarcity":"reported","irrigation_need_change":"reported","energy_sources":"reported","production_level":"reported","coop_member":"reported","homes_trad_food":"reported","seed_criteria":"reported","seed_sources":"reported","seed_challenges":"reported","traditional_seed_knowledge":"reported","soil_enhancers":"reported","chem_fertilizer_reliance":"reported","pest_control":"reported","pesticide_reliance":"reported","marketing_challenges":"reported","logistics_challenges":"reported","climate_change_noticed":"reported","climate_changes":"reported","climate_impacts":"reported","info_sources":"reported","raises_poultry":"reported","poultry_purpose":"not_applicable","farmer_type":"reported","low_input_practices":"reported"}}},{"type":"Feature","id":"CH-WGA88D:chouf_2026","geometry":{"type":"Point","coordinates":[35.53656,33.62773]},"properties":{"entity_type":"survey_respondent_public","respondent_id":"CH-WGA88D","instrument":"chouf_2026","area_name_en":"Chouf","area_name_ar":"الشوف","geom_origin":"district_centre","spatial_precision":"district","spread_m":500,"c__owns_land":"yes","c__land_size_band":"lt_5_dunum","c__soil_types":"clay","c__crop_groups":"vegetables","c__water_sources":"rain","c__water_availability":"rarely","c__water_scarcity":"yes","c__irrigation_need_change":"increase","c__energy_sources":"grid","c__production_level":"medium","c__coop_member":"no","c__homes_trad_food":"some","c__seed_criteria":"price","c__seed_sources":"own_harvest","c__seed_challenges":"high_cost","c__traditional_seed_knowledge":"yes","c__soil_enhancers":"manure","c__chem_fertilizer_reliance":"not_used","c__pest_control":"local","c__pesticide_reliance":"partial","c__marketing_challenges":"low_prices","c__logistics_challenges":"high_transport_cost","c__climate_change_noticed":"yes","c__climate_changes":"rainfall_decrease","c__climate_impacts":"season_delay","c__info_sources":"social_media","c__raises_poultry":"yes","c__poultry_purpose":"home_consumption","c__farmer_type":"type_c","c__low_input_practices":"yes","values":{"owns_land":"yes","land_size_band":"lt_5_dunum","soil_types":["clay"],"crop_groups":["vegetables","legumes"],"water_sources":["rain","public_network"],"water_availability":"rarely","water_scarcity":"yes","irrigation_need_change":"increase","energy_sources":["grid"],"production_level":"medium","coop_member":"no","homes_trad_food":"some","seed_criteria":["price"],"seed_sources":["own_harvest"],"seed_challenges":["high_cost"],"traditional_seed_knowledge":"yes","soil_enhancers":["manure"],"chem_fertilizer_reliance":"not_used","pest_control":["local"],"pesticide_reliance":"partial","marketing_challenges":["low_prices"],"logistics_challenges":["high_transport_cost"],"climate_change_noticed":"yes","climate_changes":["rainfall_decrease"],"climate_impacts":["season_delay"],"info_sources":["social_media"],"raises_poultry":"yes","poultry_purpose":["home_consumption"],"farmer_type":"type_c","low_input_practices":"yes"},"status":{"owns_land":"reported","land_size_band":"reported","soil_types":"reported","crop_groups":"reported","water_sources":"reported","water_availability":"reported","water_scarcity":"reported","irrigation_need_change":"reported","energy_sources":"reported","production_level":"reported","coop_member":"reported","homes_trad_food":"reported","seed_criteria":"reported","seed_sources":"reported","seed_challenges":"reported","traditional_seed_knowledge":"reported","soil_enhancers":"reported","chem_fertilizer_reliance":"reported","pest_control":"reported","pesticide_reliance":"reported","marketing_challenges":"reported","logistics_challenges":"reported","climate_change_noticed":"reported","climate_changes":"reported","climate_impacts":"reported","info_sources":"reported","raises_poultry":"reported","poultry_purpose":"reported","farmer_type":"reported","low_input_practices":"reported"}}},{"type":"Feature","id":"CH-WL4MYD:chouf_2026","geometry":{"type":"Point","coordinates":[35.6704,33.71781]},"properties":{"entity_type":"survey_respondent_public","respondent_id":"CH-WL4MYD","instrument":"chouf_2026","area_name_en":"Ouarhaniyeh","area_name_ar":"ورهانية","geom_origin":"cadastral_unit_centre","spatial_precision":"cadastral_unit","spread_m":150,"c__owns_land":"yes","c__land_size_band":"lt_1_ha","c__soil_types":"loamy","c__crop_groups":"stone_fruits","c__water_sources":"well","c__water_availability":"rarely","c__water_scarcity":"yes","c__irrigation_need_change":"unsure","c__energy_sources":"grid","c__production_level":"medium","c__coop_member":"no","c__homes_trad_food":"most","c__seed_criteria":"pest_resistance","c__seed_sources":"shop","c__seed_challenges":"high_cost","c__traditional_seed_knowledge":"yes","c__soil_enhancers":"biofertilizer","c__chem_fertilizer_reliance":"partial","c__pest_control":"chemical","c__pesticide_reliance":"total","c__marketing_challenges":"low_prices","c__logistics_challenges":"high_transport_cost","c__climate_change_noticed":"yes","c__climate_changes":"temperature_rise","c__climate_impacts":"production_decrease","c__info_sources":"social_media","c__raises_poultry":"yes","c__poultry_purpose":"home_consumption","c__farmer_type":"type_a","c__low_input_practices":"yes","values":{"owns_land":"yes","land_size_band":"lt_1_ha","soil_types":["loamy"],"crop_groups":["stone_fruits","vegetables"],"water_sources":["well"],"water_availability":"rarely","water_scarcity":"yes","irrigation_need_change":"unsure","energy_sources":["grid"],"production_level":"medium","coop_member":"no","homes_trad_food":"most","seed_criteria":["pest_resistance"],"seed_sources":["shop"],"seed_challenges":["high_cost"],"traditional_seed_knowledge":"yes","soil_enhancers":["biofertilizer"],"chem_fertilizer_reliance":"partial","pest_control":["chemical"],"pesticide_reliance":"total","marketing_challenges":["low_prices","far_markets"],"logistics_challenges":["high_transport_cost","no_transport"],"climate_change_noticed":"yes","climate_changes":["temperature_rise","rainfall_decrease","heatwaves","frost"],"climate_impacts":["production_decrease","season_delay","pests_diseases","pollination"],"info_sources":["social_media","extension_agents","supply_shops","television"],"raises_poultry":"yes","poultry_purpose":["home_consumption"],"farmer_type":"type_a","low_input_practices":"yes"},"status":{"owns_land":"reported","land_size_band":"reported","soil_types":"reported","crop_groups":"reported","water_sources":"reported","water_availability":"reported","water_scarcity":"reported","irrigation_need_change":"reported","energy_sources":"reported","production_level":"reported","coop_member":"reported","homes_trad_food":"reported","seed_criteria":"reported","seed_sources":"reported","seed_challenges":"reported","traditional_seed_knowledge":"reported","soil_enhancers":"reported","chem_fertilizer_reliance":"reported","pest_control":"reported","pesticide_reliance":"reported","marketing_challenges":"reported","logistics_challenges":"reported","climate_change_noticed":"reported","climate_changes":"reported","climate_impacts":"reported","info_sources":"reported","raises_poultry":"reported","poultry_purpose":"reported","farmer_type":"reported","low_input_practices":"reported"}}},{"type":"Feature","id":"CH-WSRWNX:chouf_2026","geometry":{"type":"Point","coordinates":[35.5707,33.62135]},"properties":{"entity_type":"survey_respondent_public","respondent_id":"CH-WSRWNX","instrument":"chouf_2026","area_name_en":"Mazraat Ech-Chouf","area_name_ar":"مزرعة","geom_origin":"cadastral_unit_centre","spatial_precision":"cadastral_unit","spread_m":150,"c__owns_land":"yes","c__land_size_band":"gt_2_ha","c__soil_types":"clay","c__crop_groups":"vegetables","c__water_sources":"spring","c__water_availability":"always","c__water_scarcity":"yes","c__irrigation_need_change":"increase","c__energy_sources":"manual","c__production_level":"large","c__coop_member":"no","c__homes_trad_food":"some","c__seed_criteria":"price","c__seed_sources":"shop","c__seed_challenges":"high_cost","c__traditional_seed_knowledge":"yes","c__soil_enhancers":"manure","c__chem_fertilizer_reliance":"not_used","c__pest_control":"chemical","c__pesticide_reliance":"partial","c__logistics_challenges":"no_paved_roads","c__climate_change_noticed":"yes","c__climate_changes":"temperature_rise","c__climate_impacts":"season_delay","c__raises_poultry":"no","c__farmer_type":"type_c","c__low_input_practices":"yes","values":{"owns_land":"yes","land_size_band":"gt_2_ha","soil_types":["clay"],"crop_groups":["vegetables","legumes"],"water_sources":["spring"],"water_availability":"always","water_scarcity":"yes","irrigation_need_change":"increase","energy_sources":["manual"],"production_level":"large","coop_member":"no","homes_trad_food":"some","seed_criteria":["price","productivity"],"seed_sources":["shop"],"seed_challenges":["high_cost"],"traditional_seed_knowledge":"yes","soil_enhancers":["manure"],"chem_fertilizer_reliance":"not_used","pest_control":["chemical"],"pesticide_reliance":"partial","marketing_challenges":null,"logistics_challenges":["no_paved_roads"],"climate_change_noticed":"yes","climate_changes":["temperature_rise","rainfall_decrease","frost"],"climate_impacts":["season_delay","pests_diseases"],"info_sources":null,"raises_poultry":"no","poultry_purpose":null,"farmer_type":"type_c","low_input_practices":"yes"},"status":{"owns_land":"reported","land_size_band":"reported","soil_types":"reported","crop_groups":"reported","water_sources":"reported","water_availability":"reported","water_scarcity":"reported","irrigation_need_change":"reported","energy_sources":"reported","production_level":"reported","coop_member":"reported","homes_trad_food":"reported","seed_criteria":"reported","seed_sources":"reported","seed_challenges":"reported","traditional_seed_knowledge":"reported","soil_enhancers":"reported","chem_fertilizer_reliance":"reported","pest_control":"reported","pesticide_reliance":"reported","marketing_challenges":"not_provided","logistics_challenges":"reported","climate_change_noticed":"reported","climate_changes":"reported","climate_impacts":"reported","info_sources":"not_provided","raises_poultry":"reported","poultry_purpose":"not_applicable","farmer_type":"reported","low_input_practices":"reported"}}},{"type":"Feature","id":"CH-X4CYJZ:chouf_2026","geometry":{"type":"Point","coordinates":[35.53656,33.62773]},"properties":{"entity_type":"survey_respondent_public","respondent_id":"CH-X4CYJZ","instrument":"chouf_2026","area_name_en":"Chouf","area_name_ar":"الشوف","geom_origin":"district_centre","spatial_precision":"district","spread_m":500,"c__owns_land":"yes","c__land_size_band":"lt_5_dunum","c__soil_types":"clay","c__crop_groups":"other_fruits","c__water_sources":"rain","c__water_availability":"never","c__water_scarcity":"yes","c__irrigation_need_change":"increase","c__energy_sources":"none","c__production_level":"small","c__coop_member":"no","c__homes_trad_food":"almost_all","c__seed_criteria":"price","c__seed_sources":"association","c__seed_challenges":"high_cost","c__traditional_seed_knowledge":"no","c__soil_enhancers":"none","c__chem_fertilizer_reliance":"not_used","c__pest_control":"local","c__pesticide_reliance":"not_used","c__climate_change_noticed":"yes","c__climate_changes":"rainfall_decrease","c__climate_impacts":"other","c__info_sources":"social_media","c__raises_poultry":"no","c__farmer_type":"type_c","c__low_input_practices":"yes","values":{"owns_land":"yes","land_size_band":"lt_5_dunum","soil_types":["clay"],"crop_groups":["other_fruits","vegetables","nursery"],"water_sources":["rain"],"water_availability":"never","water_scarcity":"yes","irrigation_need_change":"increase","energy_sources":["none"],"production_level":"small","coop_member":"no","homes_trad_food":"almost_all","seed_criteria":["price"],"seed_sources":["association"],"seed_challenges":["high_cost"],"traditional_seed_knowledge":"no","soil_enhancers":["none"],"chem_fertilizer_reliance":"not_used","pest_control":["local"],"pesticide_reliance":"not_used","marketing_challenges":null,"logistics_challenges":null,"climate_change_noticed":"yes","climate_changes":["rainfall_decrease"],"climate_impacts":["other"],"info_sources":["social_media"],"raises_poultry":"no","poultry_purpose":null,"farmer_type":"type_c","low_input_practices":"yes"},"status":{"owns_land":"reported","land_size_band":"reported","soil_types":"reported","crop_groups":"reported","water_sources":"reported","water_availability":"reported","water_scarcity":"reported","irrigation_need_change":"reported","energy_sources":"reported","production_level":"reported","coop_member":"reported","homes_trad_food":"reported","seed_criteria":"reported","seed_sources":"reported","seed_challenges":"reported","traditional_seed_knowledge":"reported","soil_enhancers":"reported","chem_fertilizer_reliance":"reported","pest_control":"reported","pesticide_reliance":"reported","marketing_challenges":"not_provided","logistics_challenges":"not_provided","climate_change_noticed":"reported","climate_changes":"reported","climate_impacts":"reported","info_sources":"reported","raises_poultry":"reported","poultry_purpose":"not_applicable","farmer_type":"reported","low_input_practices":"reported"}}},{"type":"Feature","id":"CH-XB83TU:chouf_2026","geometry":{"type":"Point","coordinates":[35.65655,33.62055]},"properties":{"entity_type":"survey_respondent_public","respondent_id":"CH-XB83TU","instrument":"chouf_2026","area_name_en":"Mristi","area_name_ar":"مرستى","geom_origin":"cadastral_unit_centre","spatial_precision":"cadastral_unit","spread_m":150,"c__owns_land":"yes","c__land_size_band":"lt_5_dunum","c__soil_types":"loamy","c__crop_groups":"apples_pears","c__water_sources":"canal","c__water_availability":"sometimes","c__water_scarcity":"no","c__irrigation_need_change":"increase","c__energy_sources":"manual","c__production_level":"medium","c__coop_member":"no","c__homes_trad_food":"most","c__seed_criteria":"pest_resistance","c__seed_sources":"shop","c__seed_challenges":"none","c__traditional_seed_knowledge":"no","c__soil_enhancers":"chemical","c__chem_fertilizer_reliance":"total","c__pest_control":"chemical","c__pesticide_reliance":"total","c__marketing_challenges":"low_prices","c__logistics_challenges":"high_transport_cost","c__climate_change_noticed":"yes","c__climate_changes":"temperature_rise","c__climate_impacts":"production_decrease","c__info_sources":"social_media","c__raises_poultry":"no","c__farmer_type":"type_a","c__low_input_practices":"yes","values":{"owns_land":"yes","land_size_band":"lt_5_dunum","soil_types":["loamy","calcareous"],"crop_groups":["apples_pears","vegetables"],"water_sources":["canal"],"water_availability":"sometimes","water_scarcity":"no","irrigation_need_change":"increase","energy_sources":["manual"],"production_level":"medium","coop_member":"no","homes_trad_food":"most","seed_criteria":["pest_resistance"],"seed_sources":["shop"],"seed_challenges":["none"],"traditional_seed_knowledge":"no","soil_enhancers":["chemical"],"chem_fertilizer_reliance":"total","pest_control":["chemical","local"],"pesticide_reliance":"total","marketing_challenges":["low_prices"],"logistics_challenges":["high_transport_cost"],"climate_change_noticed":"yes","climate_changes":["temperature_rise"],"climate_impacts":["production_decrease"],"info_sources":["social_media"],"raises_poultry":"no","poultry_purpose":null,"farmer_type":"type_a","low_input_practices":"yes"},"status":{"owns_land":"reported","land_size_band":"reported","soil_types":"reported","crop_groups":"reported","water_sources":"reported","water_availability":"reported","water_scarcity":"reported","irrigation_need_change":"reported","energy_sources":"reported","production_level":"reported","coop_member":"reported","homes_trad_food":"reported","seed_criteria":"reported","seed_sources":"reported","seed_challenges":"reported","traditional_seed_knowledge":"reported","soil_enhancers":"reported","chem_fertilizer_reliance":"reported","pest_control":"reported","pesticide_reliance":"reported","marketing_challenges":"reported","logistics_challenges":"reported","climate_change_noticed":"reported","climate_changes":"reported","climate_impacts":"reported","info_sources":"reported","raises_poultry":"reported","poultry_purpose":"not_applicable","farmer_type":"reported","low_input_practices":"reported"}}},{"type":"Feature","id":"CH-XCK67U:chouf_2026","geometry":{"type":"Point","coordinates":[35.53656,33.62773]},"properties":{"entity_type":"survey_respondent_public","respondent_id":"CH-XCK67U","instrument":"chouf_2026","area_name_en":"Chouf","area_name_ar":"الشوف","geom_origin":"district_centre","spatial_precision":"district","spread_m":500,"c__owns_land":"yes","c__land_size_band":"lt_5_dunum","c__soil_types":"clay","c__crop_groups":"vegetables","c__water_sources":"tanker","c__water_availability":"rarely","c__water_scarcity":"yes","c__irrigation_need_change":"increase","c__energy_sources":"diesel","c__production_level":"small","c__coop_member":"no","c__homes_trad_food":"few","c__seed_criteria":"productivity","c__seed_sources":"shop","c__seed_challenges":"low_availability","c__traditional_seed_knowledge":"no","c__soil_enhancers":"manure","c__chem_fertilizer_reliance":"not_used","c__pest_control":"chemical","c__pesticide_reliance":"partial","c__marketing_challenges":"low_prices","c__logistics_challenges":"high_transport_cost","c__climate_change_noticed":"yes","c__climate_changes":"temperature_rise","c__climate_impacts":"production_decrease","c__info_sources":"social_media","c__raises_poultry":"yes","c__poultry_purpose":"home_consumption","c__farmer_type":"type_d","c__low_input_practices":"yes","values":{"owns_land":"yes","land_size_band":"lt_5_dunum","soil_types":["clay"],"crop_groups":["vegetables"],"water_sources":["tanker","storage"],"water_availability":"rarely","water_scarcity":"yes","irrigation_need_change":"increase","energy_sources":["diesel"],"production_level":"small","coop_member":"no","homes_trad_food":"few","seed_criteria":["productivity"],"seed_sources":["shop"],"seed_challenges":["low_availability"],"traditional_seed_knowledge":"no","soil_enhancers":["manure"],"chem_fertilizer_reliance":"not_used","pest_control":["chemical"],"pesticide_reliance":"partial","marketing_challenges":["low_prices"],"logistics_challenges":["high_transport_cost"],"climate_change_noticed":"yes","climate_changes":["temperature_rise","rainfall_decrease"],"climate_impacts":["production_decrease"],"info_sources":["social_media","supply_shops"],"raises_poultry":"yes","poultry_purpose":["home_consumption","local_sale"],"farmer_type":"type_d","low_input_practices":"yes"},"status":{"owns_land":"reported","land_size_band":"reported","soil_types":"reported","crop_groups":"reported","water_sources":"reported","water_availability":"reported","water_scarcity":"reported","irrigation_need_change":"reported","energy_sources":"reported","production_level":"reported","coop_member":"reported","homes_trad_food":"reported","seed_criteria":"reported","seed_sources":"reported","seed_challenges":"reported","traditional_seed_knowledge":"reported","soil_enhancers":"reported","chem_fertilizer_reliance":"reported","pest_control":"reported","pesticide_reliance":"reported","marketing_challenges":"reported","logistics_challenges":"reported","climate_change_noticed":"reported","climate_changes":"reported","climate_impacts":"reported","info_sources":"reported","raises_poultry":"reported","poultry_purpose":"reported","farmer_type":"reported","low_input_practices":"reported"}}},{"type":"Feature","id":"CH-XXYK5S:chouf_2026","geometry":{"type":"Point","coordinates":[35.53656,33.62773]},"properties":{"entity_type":"survey_respondent_public","respondent_id":"CH-XXYK5S","instrument":"chouf_2026","area_name_en":"Chouf","area_name_ar":"الشوف","geom_origin":"district_centre","spatial_precision":"district","spread_m":500,"c__owns_land":"yes","c__land_size_band":"lt_5_dunum","c__soil_types":"loamy","c__crop_groups":"olives","c__water_sources":"river","c__water_availability":"never","c__water_scarcity":"yes","c__irrigation_need_change":"increase","c__energy_sources":"grid","c__production_level":"medium","c__coop_member":"no","c__homes_trad_food":"some","c__seed_criteria":"productivity","c__seed_sources":"shop","c__seed_challenges":"unreliable_suppliers","c__traditional_seed_knowledge":"no","c__soil_enhancers":"chemical","c__chem_fertilizer_reliance":"partial","c__pest_control":"chemical","c__pesticide_reliance":"partial","c__marketing_challenges":"far_markets","c__logistics_challenges":"high_transport_cost","c__climate_change_noticed":"yes","c__climate_changes":"temperature_rise","c__climate_impacts":"production_decrease","c__info_sources":"social_media","c__raises_poultry":"yes","c__poultry_purpose":"home_consumption","c__farmer_type":"type_d","c__low_input_practices":"yes","values":{"owns_land":"yes","land_size_band":"lt_5_dunum","soil_types":["loamy"],"crop_groups":["olives","tropical_fruits"],"water_sources":["river","tanker","storage"],"water_availability":"never","water_scarcity":"yes","irrigation_need_change":"increase","energy_sources":["grid"],"production_level":"medium","coop_member":"no","homes_trad_food":"some","seed_criteria":["productivity"],"seed_sources":["shop"],"seed_challenges":["unreliable_suppliers"],"traditional_seed_knowledge":"no","soil_enhancers":["chemical","compost","manure"],"chem_fertilizer_reliance":"partial","pest_control":["chemical"],"pesticide_reliance":"partial","marketing_challenges":["far_markets"],"logistics_challenges":["high_transport_cost"],"climate_change_noticed":"yes","climate_changes":["temperature_rise","rainfall_decrease","heatwaves","frost"],"climate_impacts":["production_decrease","season_delay","pests_diseases","pollination"],"info_sources":["social_media","television"],"raises_poultry":"yes","poultry_purpose":["home_consumption"],"farmer_type":"type_d","low_input_practices":"yes"},"status":{"owns_land":"reported","land_size_band":"reported","soil_types":"reported","crop_groups":"reported","water_sources":"reported","water_availability":"reported","water_scarcity":"reported","irrigation_need_change":"reported","energy_sources":"reported","production_level":"reported","coop_member":"reported","homes_trad_food":"reported","seed_criteria":"reported","seed_sources":"reported","seed_challenges":"reported","traditional_seed_knowledge":"reported","soil_enhancers":"reported","chem_fertilizer_reliance":"reported","pest_control":"reported","pesticide_reliance":"reported","marketing_challenges":"reported","logistics_challenges":"reported","climate_change_noticed":"reported","climate_changes":"reported","climate_impacts":"reported","info_sources":"reported","raises_poultry":"reported","poultry_purpose":"reported","farmer_type":"reported","low_input_practices":"reported"}}},{"type":"Feature","id":"CH-Y2JVGN:chouf_2026","geometry":{"type":"Point","coordinates":[35.53656,33.62773]},"properties":{"entity_type":"survey_respondent_public","respondent_id":"CH-Y2JVGN","instrument":"chouf_2026","area_name_en":"Chouf","area_name_ar":"الشوف","geom_origin":"district_centre","spatial_precision":"district","spread_m":500,"c__owns_land":"yes","c__land_size_band":"lt_5_dunum","c__soil_types":"calcareous","c__crop_groups":"vegetables","c__water_sources":"tanker","c__water_availability":"never","c__water_scarcity":"yes","c__irrigation_need_change":"unsure","c__energy_sources":"manual","c__production_level":"small","c__coop_member":"yes","c__homes_trad_food":"some","c__seed_criteria":"price","c__seed_sources":"association","c__seed_challenges":"low_availability","c__traditional_seed_knowledge":"no","c__soil_enhancers":"compost","c__chem_fertilizer_reliance":"not_used","c__pest_control":"local","c__pesticide_reliance":"partial","c__marketing_challenges":"low_prices","c__logistics_challenges":"high_transport_cost","c__climate_change_noticed":"yes","c__climate_changes":"rainfall_decrease","c__climate_impacts":"season_delay","c__info_sources":"social_media","c__raises_poultry":"no","c__farmer_type":"type_c","c__low_input_practices":"yes","values":{"owns_land":"yes","land_size_band":"lt_5_dunum","soil_types":["calcareous"],"crop_groups":["vegetables"],"water_sources":["tanker","storage"],"water_availability":"never","water_scarcity":"yes","irrigation_need_change":"unsure","energy_sources":["manual"],"production_level":"small","coop_member":"yes","homes_trad_food":"some","seed_criteria":["price","productivity","pest_resistance"],"seed_sources":["association"],"seed_challenges":["low_availability","unreliable_suppliers"],"traditional_seed_knowledge":"no","soil_enhancers":["compost"],"chem_fertilizer_reliance":"not_used","pest_control":["local"],"pesticide_reliance":"partial","marketing_challenges":["low_prices"],"logistics_challenges":["high_transport_cost"],"climate_change_noticed":"yes","climate_changes":["rainfall_decrease"],"climate_impacts":["season_delay","pollination"],"info_sources":["social_media"],"raises_poultry":"no","poultry_purpose":null,"farmer_type":"type_c","low_input_practices":"yes"},"status":{"owns_land":"reported","land_size_band":"reported","soil_types":"reported","crop_groups":"reported","water_sources":"reported","water_availability":"reported","water_scarcity":"reported","irrigation_need_change":"reported","energy_sources":"reported","production_level":"reported","coop_member":"reported","homes_trad_food":"reported","seed_criteria":"reported","seed_sources":"reported","seed_challenges":"reported","traditional_seed_knowledge":"reported","soil_enhancers":"reported","chem_fertilizer_reliance":"reported","pest_control":"reported","pesticide_reliance":"reported","marketing_challenges":"reported","logistics_challenges":"reported","climate_change_noticed":"reported","climate_changes":"reported","climate_impacts":"reported","info_sources":"reported","raises_poultry":"reported","poultry_purpose":"not_applicable","farmer_type":"reported","low_input_practices":"reported"}}},{"type":"Feature","id":"CH-Y3JRMT:chouf_2026","geometry":{"type":"Point","coordinates":[35.45398,33.71168]},"properties":{"entity_type":"survey_respondent_public","respondent_id":"CH-Y3JRMT","instrument":"chouf_2026","area_name_en":"Damour","area_name_ar":"الدامور","geom_origin":"cadastral_unit_centre","spatial_precision":"cadastral_unit","spread_m":150,"c__owns_land":"yes","c__land_size_band":"gt_2_ha","c__soil_types":"loamy","c__crop_groups":"tropical_fruits","c__water_sources":"well","c__water_availability":"sometimes","c__water_scarcity":"yes","c__irrigation_need_change":"decrease","c__energy_sources":"solar","c__production_level":"small","c__coop_member":"no","c__homes_trad_food":"few","c__seed_criteria":"productivity","c__seed_sources":"neighbour","c__seed_challenges":"high_cost","c__traditional_seed_knowledge":"no","c__soil_enhancers":"chemical","c__chem_fertilizer_reliance":"partial","c__pest_control":"chemical","c__pesticide_reliance":"total","c__marketing_challenges":"low_prices","c__logistics_challenges":"high_transport_cost","c__climate_change_noticed":"yes","c__climate_changes":"temperature_rise","c__climate_impacts":"production_decrease","c__info_sources":"extension_agents","c__raises_poultry":"yes","c__poultry_purpose":"home_consumption","c__farmer_type":"type_a","c__low_input_practices":"yes","values":{"owns_land":"yes","land_size_band":"gt_2_ha","soil_types":["loamy"],"crop_groups":["tropical_fruits"],"water_sources":["well"],"water_availability":"sometimes","water_scarcity":"yes","irrigation_need_change":"decrease","energy_sources":["solar"],"production_level":"small","coop_member":"no","homes_trad_food":"few","seed_criteria":["productivity"],"seed_sources":["neighbour"],"seed_challenges":["high_cost"],"traditional_seed_knowledge":"no","soil_enhancers":["chemical","manure"],"chem_fertilizer_reliance":"partial","pest_control":["chemical","physical"],"pesticide_reliance":"total","marketing_challenges":["low_prices"],"logistics_challenges":["high_transport_cost"],"climate_change_noticed":"yes","climate_changes":["temperature_rise","rainfall_decrease","heatwaves"],"climate_impacts":["production_decrease","pests_diseases","pollination"],"info_sources":["extension_agents"],"raises_poultry":"yes","poultry_purpose":["home_consumption"],"farmer_type":"type_a","low_input_practices":"yes"},"status":{"owns_land":"reported","land_size_band":"reported","soil_types":"reported","crop_groups":"reported","water_sources":"reported","water_availability":"reported","water_scarcity":"reported","irrigation_need_change":"reported","energy_sources":"reported","production_level":"reported","coop_member":"reported","homes_trad_food":"reported","seed_criteria":"reported","seed_sources":"reported","seed_challenges":"reported","traditional_seed_knowledge":"reported","soil_enhancers":"reported","chem_fertilizer_reliance":"reported","pest_control":"reported","pesticide_reliance":"reported","marketing_challenges":"reported","logistics_challenges":"reported","climate_change_noticed":"reported","climate_changes":"reported","climate_impacts":"reported","info_sources":"reported","raises_poultry":"reported","poultry_purpose":"reported","farmer_type":"reported","low_input_practices":"reported"}}},{"type":"Feature","id":"CH-Y5DEBH:chouf_2026","geometry":{"type":"Point","coordinates":[35.63089,33.69785]},"properties":{"entity_type":"survey_respondent_public","respondent_id":"CH-Y5DEBH","instrument":"chouf_2026","area_name_en":"Kfar Nabrakh","area_name_ar":"كفرنبرخ","geom_origin":"cadastral_unit_centre","spatial_precision":"cadastral_unit","spread_m":150,"c__owns_land":"yes","c__land_size_band":"lt_5_dunum","c__soil_types":"calcareous","c__crop_groups":"apples_pears","c__water_sources":"tanker","c__water_availability":"rarely","c__water_scarcity":"yes","c__irrigation_need_change":"increase","c__energy_sources":"none","c__production_level":"medium","c__coop_member":"no","c__homes_trad_food":"some","c__seed_criteria":"price","c__seed_sources":"shop","c__seed_challenges":"none","c__traditional_seed_knowledge":"yes","c__soil_enhancers":"chemical","c__chem_fertilizer_reliance":"partial","c__pest_control":"chemical","c__pesticide_reliance":"total","c__marketing_challenges":"low_prices","c__logistics_challenges":"high_transport_cost","c__climate_change_noticed":"yes","c__climate_changes":"temperature_rise","c__climate_impacts":"production_decrease","c__info_sources":"social_media","c__raises_poultry":"no","c__farmer_type":"type_a","c__low_input_practices":"yes","values":{"owns_land":"yes","land_size_band":"lt_5_dunum","soil_types":["calcareous"],"crop_groups":["apples_pears","vegetables"],"water_sources":["tanker","canal","storage"],"water_availability":"rarely","water_scarcity":"yes","irrigation_need_change":"increase","energy_sources":["none"],"production_level":"medium","coop_member":"no","homes_trad_food":"some","seed_criteria":["price","productivity"],"seed_sources":["shop","neighbour"],"seed_challenges":["none"],"traditional_seed_knowledge":"yes","soil_enhancers":["chemical","manure"],"chem_fertilizer_reliance":"partial","pest_control":["chemical"],"pesticide_reliance":"total","marketing_challenges":["low_prices"],"logistics_challenges":["high_transport_cost"],"climate_change_noticed":"yes","climate_changes":["temperature_rise","rainfall_decrease"],"climate_impacts":["production_decrease"],"info_sources":["social_media"],"raises_poultry":"no","poultry_purpose":null,"farmer_type":"type_a","low_input_practices":"yes"},"status":{"owns_land":"reported","land_size_band":"reported","soil_types":"reported","crop_groups":"reported","water_sources":"reported","water_availability":"reported","water_scarcity":"reported","irrigation_need_change":"reported","energy_sources":"reported","production_level":"reported","coop_member":"reported","homes_trad_food":"reported","seed_criteria":"reported","seed_sources":"reported","seed_challenges":"reported","traditional_seed_knowledge":"reported","soil_enhancers":"reported","chem_fertilizer_reliance":"reported","pest_control":"reported","pesticide_reliance":"reported","marketing_challenges":"reported","logistics_challenges":"reported","climate_change_noticed":"reported","climate_changes":"reported","climate_impacts":"reported","info_sources":"reported","raises_poultry":"reported","poultry_purpose":"not_applicable","farmer_type":"reported","low_input_practices":"reported"}}},{"type":"Feature","id":"CH-Y64H8F:chouf_2026","geometry":{"type":"Point","coordinates":[35.53656,33.62773]},"properties":{"entity_type":"survey_respondent_public","respondent_id":"CH-Y64H8F","instrument":"chouf_2026","area_name_en":"Chouf","area_name_ar":"الشوف","geom_origin":"district_centre","spatial_precision":"district","spread_m":500,"c__owns_land":"yes","c__land_size_band":"lt_5_dunum","c__soil_types":"loamy","c__crop_groups":"apples_pears","c__water_sources":"tanker","c__water_availability":"rarely","c__water_scarcity":"yes","c__irrigation_need_change":"increase","c__energy_sources":"manual","c__production_level":"medium","c__coop_member":"no","c__homes_trad_food":"most","c__seed_criteria":"productivity","c__seed_sources":"shop","c__seed_challenges":"low_availability","c__traditional_seed_knowledge":"yes","c__soil_enhancers":"compost","c__chem_fertilizer_reliance":"not_used","c__pest_control":"biological","c__pesticide_reliance":"not_used","c__marketing_challenges":"low_prices","c__logistics_challenges":"high_transport_cost","c__climate_change_noticed":"yes","c__climate_changes":"temperature_rise","c__climate_impacts":"production_decrease","c__info_sources":"social_media","c__raises_poultry":"yes","c__poultry_purpose":"home_consumption","c__farmer_type":"type_c","c__low_input_practices":"yes","values":{"owns_land":"yes","land_size_band":"lt_5_dunum","soil_types":["loamy"],"crop_groups":["apples_pears"],"water_sources":["tanker","storage"],"water_availability":"rarely","water_scarcity":"yes","irrigation_need_change":"increase","energy_sources":["manual"],"production_level":"medium","coop_member":"no","homes_trad_food":"most","seed_criteria":["productivity"],"seed_sources":["shop","own_harvest"],"seed_challenges":["low_availability"],"traditional_seed_knowledge":"yes","soil_enhancers":["compost","biofertilizer","manure"],"chem_fertilizer_reliance":"not_used","pest_control":["biological","physical"],"pesticide_reliance":"not_used","marketing_challenges":["low_prices"],"logistics_challenges":["high_transport_cost"],"climate_change_noticed":"yes","climate_changes":["temperature_rise","rainfall_decrease","heatwaves"],"climate_impacts":["production_decrease","season_delay"],"info_sources":["social_media","supply_shops"],"raises_poultry":"yes","poultry_purpose":["home_consumption","gifts"],"farmer_type":"type_c","low_input_practices":"yes"},"status":{"owns_land":"reported","land_size_band":"reported","soil_types":"reported","crop_groups":"reported","water_sources":"reported","water_availability":"reported","water_scarcity":"reported","irrigation_need_change":"reported","energy_sources":"reported","production_level":"reported","coop_member":"reported","homes_trad_food":"reported","seed_criteria":"reported","seed_sources":"reported","seed_challenges":"reported","traditional_seed_knowledge":"reported","soil_enhancers":"reported","chem_fertilizer_reliance":"reported","pest_control":"reported","pesticide_reliance":"reported","marketing_challenges":"reported","logistics_challenges":"reported","climate_change_noticed":"reported","climate_changes":"reported","climate_impacts":"reported","info_sources":"reported","raises_poultry":"reported","poultry_purpose":"reported","farmer_type":"reported","low_input_practices":"reported"}}},{"type":"Feature","id":"CH-YH7J6T:chouf_2026","geometry":{"type":"Point","coordinates":[35.5707,33.62135]},"properties":{"entity_type":"survey_respondent_public","respondent_id":"CH-YH7J6T","instrument":"chouf_2026","area_name_en":"Mazraat Ech-Chouf","area_name_ar":"مزرعة","geom_origin":"cadastral_unit_centre","spatial_precision":"cadastral_unit","spread_m":150,"c__owns_land":"yes","c__land_size_band":"lt_5_dunum","c__soil_types":"loamy","c__crop_groups":"olives","c__water_sources":"rain","c__water_availability":"never","c__water_scarcity":"yes","c__irrigation_need_change":"decrease","c__energy_sources":"gasoline","c__production_level":"medium","c__coop_member":"no","c__homes_trad_food":"few","c__seed_criteria":"price","c__seed_sources":"shop","c__seed_challenges":"high_cost","c__traditional_seed_knowledge":"no","c__soil_enhancers":"manure","c__chem_fertilizer_reliance":"not_used","c__pest_control":"chemical","c__pesticide_reliance":"partial","c__marketing_challenges":"no_transport","c__logistics_challenges":"high_transport_cost","c__climate_change_noticed":"yes","c__climate_changes":"temperature_rise","c__climate_impacts":"production_decrease","c__info_sources":"social_media","c__raises_poultry":"yes","c__poultry_purpose":"home_consumption","c__farmer_type":"type_c","c__low_input_practices":"yes","values":{"owns_land":"yes","land_size_band":"lt_5_dunum","soil_types":["loamy","calcareous"],"crop_groups":["olives","vegetables"],"water_sources":["rain"],"water_availability":"never","water_scarcity":"yes","irrigation_need_change":"decrease","energy_sources":["gasoline"],"production_level":"medium","coop_member":"no","homes_trad_food":"few","seed_criteria":["price"],"seed_sources":["shop"],"seed_challenges":["high_cost"],"traditional_seed_knowledge":"no","soil_enhancers":["manure"],"chem_fertilizer_reliance":"not_used","pest_control":["chemical"],"pesticide_reliance":"partial","marketing_challenges":["no_transport"],"logistics_challenges":["high_transport_cost","no_paved_roads","no_transport"],"climate_change_noticed":"yes","climate_changes":["temperature_rise","rainfall_decrease","heatwaves"],"climate_impacts":["production_decrease","season_delay","pests_diseases","pollination"],"info_sources":["social_media","extension_agents","supply_shops","television"],"raises_poultry":"yes","poultry_purpose":["home_consumption"],"farmer_type":"type_c","low_input_practices":"yes"},"status":{"owns_land":"reported","land_size_band":"reported","soil_types":"reported","crop_groups":"reported","water_sources":"reported","water_availability":"reported","water_scarcity":"reported","irrigation_need_change":"reported","energy_sources":"reported","production_level":"reported","coop_member":"reported","homes_trad_food":"reported","seed_criteria":"reported","seed_sources":"reported","seed_challenges":"reported","traditional_seed_knowledge":"reported","soil_enhancers":"reported","chem_fertilizer_reliance":"reported","pest_control":"reported","pesticide_reliance":"reported","marketing_challenges":"reported","logistics_challenges":"reported","climate_change_noticed":"reported","climate_changes":"reported","climate_impacts":"reported","info_sources":"reported","raises_poultry":"reported","poultry_purpose":"reported","farmer_type":"reported","low_input_practices":"reported"}}},{"type":"Feature","id":"CH-YS4JGS:chouf_2026","geometry":{"type":"Point","coordinates":[35.53656,33.62773]},"properties":{"entity_type":"survey_respondent_public","respondent_id":"CH-YS4JGS","instrument":"chouf_2026","area_name_en":"Chouf","area_name_ar":"الشوف","geom_origin":"district_centre","spatial_precision":"district","spread_m":500,"c__owns_land":"yes","c__land_size_band":"gt_1_ha","c__soil_types":"loamy","c__water_sources":"tanker","c__water_availability":"sometimes","c__water_scarcity":"yes","c__irrigation_need_change":"no_change","c__energy_sources":"solar","c__production_level":"medium","c__coop_member":"no","c__homes_trad_food":"few","c__seed_criteria":"price","c__seed_sources":"shop","c__seed_challenges":"high_cost","c__traditional_seed_knowledge":"no","c__soil_enhancers":"manure","c__chem_fertilizer_reliance":"not_used","c__pest_control":"chemical","c__pesticide_reliance":"partial","c__marketing_challenges":"low_prices","c__logistics_challenges":"high_transport_cost","c__climate_change_noticed":"yes","c__climate_changes":"temperature_rise","c__climate_impacts":"production_decrease","c__info_sources":"social_media","c__raises_poultry":"yes","c__poultry_purpose":"local_sale","c__farmer_type":"type_d","c__low_input_practices":"yes","values":{"owns_land":"yes","land_size_band":"gt_1_ha","soil_types":["loamy","clay"],"crop_groups":null,"water_sources":["tanker","storage"],"water_availability":"sometimes","water_scarcity":"yes","irrigation_need_change":"no_change","energy_sources":["solar"],"production_level":"medium","coop_member":"no","homes_trad_food":"few","seed_criteria":["price"],"seed_sources":["shop"],"seed_challenges":["high_cost","low_availability","unreliable_suppliers"],"traditional_seed_knowledge":"no","soil_enhancers":["manure"],"chem_fertilizer_reliance":"not_used","pest_control":["chemical"],"pesticide_reliance":"partial","marketing_challenges":["low_prices","weak_demand"],"logistics_challenges":["high_transport_cost"],"climate_change_noticed":"yes","climate_changes":["temperature_rise","rainfall_decrease","heatwaves"],"climate_impacts":["production_decrease","season_delay"],"info_sources":["social_media","supply_shops"],"raises_poultry":"yes","poultry_purpose":["local_sale"],"farmer_type":"type_d","low_input_practices":"yes"},"status":{"owns_land":"reported","land_size_band":"reported","soil_types":"reported","crop_groups":"invalid","water_sources":"reported","water_availability":"reported","water_scarcity":"reported","irrigation_need_change":"reported","energy_sources":"reported","production_level":"reported","coop_member":"reported","homes_trad_food":"reported","seed_criteria":"reported","seed_sources":"reported","seed_challenges":"reported","traditional_seed_knowledge":"reported","soil_enhancers":"reported","chem_fertilizer_reliance":"reported","pest_control":"reported","pesticide_reliance":"reported","marketing_challenges":"reported","logistics_challenges":"reported","climate_change_noticed":"reported","climate_changes":"reported","climate_impacts":"reported","info_sources":"reported","raises_poultry":"reported","poultry_purpose":"reported","farmer_type":"reported","low_input_practices":"reported"}}},{"type":"Feature","id":"CH-YUKCA2:chouf_2026","geometry":{"type":"Point","coordinates":[35.70198,33.69463]},"properties":{"entity_type":"survey_respondent_public","respondent_id":"CH-YUKCA2","instrument":"chouf_2026","area_name_en":"Barouk","area_name_ar":"الباروك","geom_origin":"cadastral_unit_centre","spatial_precision":"cadastral_unit","spread_m":150,"c__owns_land":"yes","c__land_size_band":"lt_1_ha","c__soil_types":"loamy","c__crop_groups":"other_fruits","c__water_sources":"well","c__water_availability":"rarely","c__water_scarcity":"yes","c__irrigation_need_change":"increase","c__energy_sources":"diesel","c__production_level":"medium","c__coop_member":"no","c__homes_trad_food":"some","c__seed_criteria":"productivity","c__seed_sources":"shop","c__seed_challenges":"high_cost","c__traditional_seed_knowledge":"yes","c__soil_enhancers":"manure","c__chem_fertilizer_reliance":"not_used","c__pest_control":"physical","c__pesticide_reliance":"partial","c__marketing_challenges":"low_prices","c__logistics_challenges":"high_transport_cost","c__climate_change_noticed":"yes","c__climate_changes":"rainfall_decrease","c__climate_impacts":"production_decrease","c__info_sources":"social_media","c__raises_poultry":"yes","c__poultry_purpose":"home_consumption","c__farmer_type":"type_c","c__low_input_practices":"yes","values":{"owns_land":"yes","land_size_band":"lt_1_ha","soil_types":["loamy"],"crop_groups":["other_fruits","vegetables"],"water_sources":["well","canal"],"water_availability":"rarely","water_scarcity":"yes","irrigation_need_change":"increase","energy_sources":["diesel"],"production_level":"medium","coop_member":"no","homes_trad_food":"some","seed_criteria":["productivity"],"seed_sources":["shop"],"seed_challenges":["high_cost","unreliable_suppliers"],"traditional_seed_knowledge":"yes","soil_enhancers":["manure"],"chem_fertilizer_reliance":"not_used","pest_control":["physical"],"pesticide_reliance":"partial","marketing_challenges":["low_prices","far_markets"],"logistics_challenges":["high_transport_cost"],"climate_change_noticed":"yes","climate_changes":["rainfall_decrease"],"climate_impacts":["production_decrease","season_delay","pests_diseases"],"info_sources":["social_media","supply_shops"],"raises_poultry":"yes","poultry_purpose":["home_consumption","gifts"],"farmer_type":"type_c","low_input_practices":"yes"},"status":{"owns_land":"reported","land_size_band":"reported","soil_types":"reported","crop_groups":"reported","water_sources":"reported","water_availability":"reported","water_scarcity":"reported","irrigation_need_change":"reported","energy_sources":"reported","production_level":"reported","coop_member":"reported","homes_trad_food":"reported","seed_criteria":"reported","seed_sources":"reported","seed_challenges":"reported","traditional_seed_knowledge":"reported","soil_enhancers":"reported","chem_fertilizer_reliance":"reported","pest_control":"reported","pesticide_reliance":"reported","marketing_challenges":"reported","logistics_challenges":"reported","climate_change_noticed":"reported","climate_changes":"reported","climate_impacts":"reported","info_sources":"reported","raises_poultry":"reported","poultry_purpose":"reported","farmer_type":"reported","low_input_practices":"reported"}}},{"type":"Feature","id":"CH-YZHN8G:chouf_2026","geometry":{"type":"Point","coordinates":[35.45398,33.71168]},"properties":{"entity_type":"survey_respondent_public","respondent_id":"CH-YZHN8G","instrument":"chouf_2026","area_name_en":"Damour","area_name_ar":"الدامور","geom_origin":"cadastral_unit_centre","spatial_precision":"cadastral_unit","spread_m":150,"c__owns_land":"yes","c__land_size_band":"gt_1_ha","c__soil_types":"sandy","c__crop_groups":"other_fruits","c__water_sources":"well","c__water_availability":"sometimes","c__water_scarcity":"no","c__irrigation_need_change":"increase","c__energy_sources":"solar","c__production_level":"large","c__coop_member":"no","c__homes_trad_food":"few","c__seed_criteria":"pest_resistance","c__seed_sources":"shop","c__seed_challenges":"low_availability","c__traditional_seed_knowledge":"yes","c__soil_enhancers":"compost","c__chem_fertilizer_reliance":"not_used","c__pest_control":"biological","c__pesticide_reliance":"not_used","c__marketing_challenges":"poor_packaging","c__climate_change_noticed":"yes","c__climate_changes":"temperature_rise","c__climate_impacts":"production_decrease","c__info_sources":"social_media","c__raises_poultry":"yes","c__poultry_purpose":"local_sale","c__farmer_type":"type_c","c__low_input_practices":"yes","values":{"owns_land":"yes","land_size_band":"gt_1_ha","soil_types":["sandy"],"crop_groups":["other_fruits","vegetables"],"water_sources":["well"],"water_availability":"sometimes","water_scarcity":"no","irrigation_need_change":"increase","energy_sources":["solar"],"production_level":"large","coop_member":"no","homes_trad_food":"few","seed_criteria":["pest_resistance"],"seed_sources":["shop"],"seed_challenges":["low_availability"],"traditional_seed_knowledge":"yes","soil_enhancers":["compost","biofertilizer","manure"],"chem_fertilizer_reliance":"not_used","pest_control":["biological","physical"],"pesticide_reliance":"not_used","marketing_challenges":["poor_packaging"],"logistics_challenges":null,"climate_change_noticed":"yes","climate_changes":["temperature_rise"],"climate_impacts":["production_decrease","pests_diseases"],"info_sources":["social_media"],"raises_poultry":"yes","poultry_purpose":["local_sale"],"farmer_type":"type_c","low_input_practices":"yes"},"status":{"owns_land":"reported","land_size_band":"reported","soil_types":"reported","crop_groups":"reported","water_sources":"reported","water_availability":"reported","water_scarcity":"reported","irrigation_need_change":"reported","energy_sources":"reported","production_level":"reported","coop_member":"reported","homes_trad_food":"reported","seed_criteria":"reported","seed_sources":"reported","seed_challenges":"reported","traditional_seed_knowledge":"reported","soil_enhancers":"reported","chem_fertilizer_reliance":"reported","pest_control":"reported","pesticide_reliance":"reported","marketing_challenges":"reported","logistics_challenges":"not_provided","climate_change_noticed":"reported","climate_changes":"reported","climate_impacts":"reported","info_sources":"reported","raises_poultry":"reported","poultry_purpose":"reported","farmer_type":"reported","low_input_practices":"reported"}}},{"type":"Feature","id":"CH-Z56A7E:chouf_2026","geometry":{"type":"Point","coordinates":[35.6526,33.69324]},"properties":{"entity_type":"survey_respondent_public","respondent_id":"CH-Z56A7E","instrument":"chouf_2026","area_name_en":"Batloun","area_name_ar":"بتلون","geom_origin":"cadastral_unit_centre","spatial_precision":"cadastral_unit","spread_m":150,"c__owns_land":"yes","c__land_size_band":"lt_5_dunum","c__soil_types":"loamy","c__crop_groups":"apples_pears","c__water_sources":"river","c__water_availability":"rarely","c__water_scarcity":"yes","c__irrigation_need_change":"increase","c__energy_sources":"none","c__production_level":"medium","c__coop_member":"yes","c__homes_trad_food":"most","c__seed_criteria":"price","c__seed_sources":"shop","c__seed_challenges":"high_cost","c__traditional_seed_knowledge":"yes","c__soil_enhancers":"chemical","c__chem_fertilizer_reliance":"partial","c__pest_control":"chemical","c__pesticide_reliance":"total","c__climate_change_noticed":"yes","c__climate_changes":"temperature_rise","c__climate_impacts":"production_decrease","c__info_sources":"social_media","c__raises_poultry":"no","c__farmer_type":"type_b","c__low_input_practices":"yes","values":{"owns_land":"yes","land_size_band":"lt_5_dunum","soil_types":["loamy"],"crop_groups":["apples_pears","vegetables"],"water_sources":["river"],"water_availability":"rarely","water_scarcity":"yes","irrigation_need_change":"increase","energy_sources":["none"],"production_level":"medium","coop_member":"yes","homes_trad_food":"most","seed_criteria":["price"],"seed_sources":["shop"],"seed_challenges":["high_cost"],"traditional_seed_knowledge":"yes","soil_enhancers":["chemical","compost","manure"],"chem_fertilizer_reliance":"partial","pest_control":["chemical"],"pesticide_reliance":"total","marketing_challenges":null,"logistics_challenges":null,"climate_change_noticed":"yes","climate_changes":["temperature_rise","rainfall_decrease"],"climate_impacts":["production_decrease","season_delay","pests_diseases"],"info_sources":["social_media","extension_agents"],"raises_poultry":"no","poultry_purpose":null,"farmer_type":"type_b","low_input_practices":"yes"},"status":{"owns_land":"reported","land_size_band":"reported","soil_types":"reported","crop_groups":"reported","water_sources":"reported","water_availability":"reported","water_scarcity":"reported","irrigation_need_change":"reported","energy_sources":"reported","production_level":"reported","coop_member":"reported","homes_trad_food":"reported","seed_criteria":"reported","seed_sources":"reported","seed_challenges":"reported","traditional_seed_knowledge":"reported","soil_enhancers":"reported","chem_fertilizer_reliance":"reported","pest_control":"reported","pesticide_reliance":"reported","marketing_challenges":"not_provided","logistics_challenges":"not_provided","climate_change_noticed":"reported","climate_changes":"reported","climate_impacts":"reported","info_sources":"reported","raises_poultry":"reported","poultry_purpose":"not_applicable","farmer_type":"reported","low_input_practices":"reported"}}},{"type":"Feature","id":"CH-ZBST8J:chouf_2026","geometry":{"type":"Point","coordinates":[35.54094,33.6679]},"properties":{"entity_type":"survey_respondent_public","respondent_id":"CH-ZBST8J","instrument":"chouf_2026","area_name_en":"Baaqline","area_name_ar":"بعقلين","geom_origin":"cadastral_unit_centre","spatial_precision":"cadastral_unit","spread_m":150,"c__owns_land":"yes","c__land_size_band":"lt_5_dunum","c__soil_types":"clay","c__crop_groups":"legumes","c__water_sources":"public_network","c__water_availability":"sometimes","c__water_scarcity":"yes","c__irrigation_need_change":"increase","c__energy_sources":"manual","c__production_level":"small","c__coop_member":"no","c__homes_trad_food":"few","c__seed_criteria":"productivity","c__seed_sources":"shop","c__seed_challenges":"unsuitable","c__traditional_seed_knowledge":"yes","c__soil_enhancers":"manure","c__chem_fertilizer_reliance":"not_used","c__pest_control":"chemical","c__pesticide_reliance":"not_used","c__logistics_challenges":"no_paved_roads","c__climate_change_noticed":"yes","c__climate_changes":"rainfall_decrease","c__climate_impacts":"production_decrease","c__info_sources":"social_media","c__raises_poultry":"no","c__farmer_type":"type_c","c__low_input_practices":"yes","values":{"owns_land":"yes","land_size_band":"lt_5_dunum","soil_types":["clay"],"crop_groups":["legumes"],"water_sources":["public_network"],"water_availability":"sometimes","water_scarcity":"yes","irrigation_need_change":"increase","energy_sources":["manual"],"production_level":"small","coop_member":"no","homes_trad_food":"few","seed_criteria":["productivity"],"seed_sources":["shop","association"],"seed_challenges":["unsuitable"],"traditional_seed_knowledge":"yes","soil_enhancers":["manure"],"chem_fertilizer_reliance":"not_used","pest_control":["chemical"],"pesticide_reliance":"not_used","marketing_challenges":null,"logistics_challenges":["no_paved_roads"],"climate_change_noticed":"yes","climate_changes":["rainfall_decrease","heatwaves","frost"],"climate_impacts":["production_decrease"],"info_sources":["social_media"],"raises_poultry":"no","poultry_purpose":null,"farmer_type":"type_c","low_input_practices":"yes"},"status":{"owns_land":"reported","land_size_band":"reported","soil_types":"reported","crop_groups":"reported","water_sources":"reported","water_availability":"reported","water_scarcity":"reported","irrigation_need_change":"reported","energy_sources":"reported","production_level":"reported","coop_member":"reported","homes_trad_food":"reported","seed_criteria":"reported","seed_sources":"reported","seed_challenges":"reported","traditional_seed_knowledge":"reported","soil_enhancers":"reported","chem_fertilizer_reliance":"reported","pest_control":"reported","pesticide_reliance":"reported","marketing_challenges":"not_provided","logistics_challenges":"reported","climate_change_noticed":"reported","climate_changes":"reported","climate_impacts":"reported","info_sources":"reported","raises_poultry":"reported","poultry_purpose":"not_applicable","farmer_type":"reported","low_input_practices":"reported"}}},{"type":"Feature","id":"CH-ZCGA32:chouf_2026","geometry":{"type":"Point","coordinates":[35.41226,33.59196]},"properties":{"entity_type":"survey_respondent_public","respondent_id":"CH-ZCGA32","instrument":"chouf_2026","area_name_en":"Aalmane Ech-Chouf","area_name_ar":"علمان الشوف","geom_origin":"cadastral_unit_centre","spatial_precision":"cadastral_unit","spread_m":150,"c__owns_land":"yes","c__land_size_band":"lt_5_dunum","c__soil_types":"calcareous","c__crop_groups":"citrus","c__water_sources":"well","c__water_availability":"sometimes","c__water_scarcity":"no","c__irrigation_need_change":"increase","c__energy_sources":"grid","c__production_level":"medium","c__coop_member":"no","c__homes_trad_food":"few","c__seed_criteria":"none","c__seed_challenges":"none","c__traditional_seed_knowledge":"no","c__soil_enhancers":"chemical","c__chem_fertilizer_reliance":"total","c__pest_control":"chemical","c__pesticide_reliance":"total","c__marketing_challenges":"low_prices","c__climate_change_noticed":"yes","c__climate_changes":"rainfall_decrease","c__climate_impacts":"pests_diseases","c__info_sources":"social_media","c__raises_poultry":"no","c__farmer_type":"type_a","c__low_input_practices":"no","values":{"owns_land":"yes","land_size_band":"lt_5_dunum","soil_types":["calcareous"],"crop_groups":["citrus","tropical_fruits"],"water_sources":["well"],"water_availability":"sometimes","water_scarcity":"no","irrigation_need_change":"increase","energy_sources":["grid"],"production_level":"medium","coop_member":"no","homes_trad_food":"few","seed_criteria":["none"],"seed_sources":null,"seed_challenges":["none"],"traditional_seed_knowledge":"no","soil_enhancers":["chemical"],"chem_fertilizer_reliance":"total","pest_control":["chemical"],"pesticide_reliance":"total","marketing_challenges":["low_prices"],"logistics_challenges":null,"climate_change_noticed":"yes","climate_changes":["rainfall_decrease"],"climate_impacts":["pests_diseases"],"info_sources":["social_media"],"raises_poultry":"no","poultry_purpose":null,"farmer_type":"type_a","low_input_practices":"no"},"status":{"owns_land":"reported","land_size_band":"reported","soil_types":"reported","crop_groups":"reported","water_sources":"reported","water_availability":"reported","water_scarcity":"reported","irrigation_need_change":"reported","energy_sources":"reported","production_level":"reported","coop_member":"reported","homes_trad_food":"reported","seed_criteria":"reported","seed_sources":"not_provided","seed_challenges":"reported","traditional_seed_knowledge":"reported","soil_enhancers":"reported","chem_fertilizer_reliance":"reported","pest_control":"reported","pesticide_reliance":"reported","marketing_challenges":"reported","logistics_challenges":"not_provided","climate_change_noticed":"reported","climate_changes":"reported","climate_impacts":"reported","info_sources":"reported","raises_poultry":"reported","poultry_purpose":"not_applicable","farmer_type":"reported","low_input_practices":"reported"}}},{"type":"Feature","id":"CH-ZCGYGL:chouf_2026","geometry":{"type":"Point","coordinates":[35.65655,33.62055]},"properties":{"entity_type":"survey_respondent_public","respondent_id":"CH-ZCGYGL","instrument":"chouf_2026","area_name_en":"Mristi","area_name_ar":"مرستى","geom_origin":"cadastral_unit_centre","spatial_precision":"cadastral_unit","spread_m":150,"c__owns_land":"yes","c__land_size_band":"lt_5_dunum","c__soil_types":"clay","c__crop_groups":"apples_pears","c__water_sources":"rain","c__water_availability":"sometimes","c__water_scarcity":"yes","c__irrigation_need_change":"increase","c__energy_sources":"manual","c__production_level":"medium","c__coop_member":"no","c__homes_trad_food":"almost_all","c__seed_criteria":"price","c__seed_sources":"shop","c__seed_challenges":"high_cost","c__traditional_seed_knowledge":"no","c__soil_enhancers":"manure","c__chem_fertilizer_reliance":"partial","c__pest_control":"chemical","c__pesticide_reliance":"partial","c__marketing_challenges":"low_prices","c__logistics_challenges":"no_paved_roads","c__climate_change_noticed":"yes","c__climate_changes":"temperature_rise","c__climate_impacts":"production_decrease","c__info_sources":"social_media","c__raises_poultry":"no","c__farmer_type":"type_d","c__low_input_practices":"yes","values":{"owns_land":"yes","land_size_band":"lt_5_dunum","soil_types":["clay"],"crop_groups":["apples_pears","vegetables"],"water_sources":["rain","storage"],"water_availability":"sometimes","water_scarcity":"yes","irrigation_need_change":"increase","energy_sources":["manual"],"production_level":"medium","coop_member":"no","homes_trad_food":"almost_all","seed_criteria":["price","productivity"],"seed_sources":["shop"],"seed_challenges":["high_cost"],"traditional_seed_knowledge":"no","soil_enhancers":["manure"],"chem_fertilizer_reliance":"partial","pest_control":["chemical"],"pesticide_reliance":"partial","marketing_challenges":["low_prices"],"logistics_challenges":["no_paved_roads"],"climate_change_noticed":"yes","climate_changes":["temperature_rise","rainfall_decrease"],"climate_impacts":["production_decrease"],"info_sources":["social_media"],"raises_poultry":"no","poultry_purpose":null,"farmer_type":"type_d","low_input_practices":"yes"},"status":{"owns_land":"reported","land_size_band":"reported","soil_types":"reported","crop_groups":"reported","water_sources":"reported","water_availability":"reported","water_scarcity":"reported","irrigation_need_change":"reported","energy_sources":"reported","production_level":"reported","coop_member":"reported","homes_trad_food":"reported","seed_criteria":"reported","seed_sources":"reported","seed_challenges":"reported","traditional_seed_knowledge":"reported","soil_enhancers":"reported","chem_fertilizer_reliance":"reported","pest_control":"reported","pesticide_reliance":"reported","marketing_challenges":"reported","logistics_challenges":"reported","climate_change_noticed":"reported","climate_changes":"reported","climate_impacts":"reported","info_sources":"reported","raises_poultry":"reported","poultry_purpose":"not_applicable","farmer_type":"reported","low_input_practices":"reported"}}},{"type":"Feature","id":"CH-ZDDMP8:chouf_2026","geometry":{"type":"Point","coordinates":[35.5707,33.62135]},"properties":{"entity_type":"survey_respondent_public","respondent_id":"CH-ZDDMP8","instrument":"chouf_2026","area_name_en":"Mazraat Ech-Chouf","area_name_ar":"مزرعة","geom_origin":"cadastral_unit_centre","spatial_precision":"cadastral_unit","spread_m":150,"c__owns_land":"yes","c__land_size_band":"lt_5_dunum","c__soil_types":"loamy","c__crop_groups":"olives","c__water_sources":"storage","c__water_availability":"sometimes","c__water_scarcity":"yes","c__irrigation_need_change":"increase","c__energy_sources":"manual","c__production_level":"small","c__coop_member":"no","c__homes_trad_food":"some","c__seed_criteria":"none","c__seed_sources":"shop","c__seed_challenges":"high_cost","c__traditional_seed_knowledge":"no","c__soil_enhancers":"manure","c__chem_fertilizer_reliance":"partial","c__pest_control":"chemical","c__pesticide_reliance":"partial","c__climate_change_noticed":"yes","c__climate_changes":"rainfall_decrease","c__climate_impacts":"production_decrease","c__info_sources":"supply_shops","c__raises_poultry":"yes","c__poultry_purpose":"home_consumption","c__farmer_type":"type_d","c__low_input_practices":"yes","values":{"owns_land":"yes","land_size_band":"lt_5_dunum","soil_types":["loamy"],"crop_groups":["olives","vegetables"],"water_sources":["storage"],"water_availability":"sometimes","water_scarcity":"yes","irrigation_need_change":"increase","energy_sources":["manual","gravity"],"production_level":"small","coop_member":"no","homes_trad_food":"some","seed_criteria":["none"],"seed_sources":["shop"],"seed_challenges":["high_cost"],"traditional_seed_knowledge":"no","soil_enhancers":["manure"],"chem_fertilizer_reliance":"partial","pest_control":["chemical"],"pesticide_reliance":"partial","marketing_challenges":null,"logistics_challenges":null,"climate_change_noticed":"yes","climate_changes":["rainfall_decrease"],"climate_impacts":["production_decrease"],"info_sources":["supply_shops"],"raises_poultry":"yes","poultry_purpose":["home_consumption"],"farmer_type":"type_d","low_input_practices":"yes"},"status":{"owns_land":"reported","land_size_band":"reported","soil_types":"reported","crop_groups":"reported","water_sources":"reported","water_availability":"reported","water_scarcity":"reported","irrigation_need_change":"reported","energy_sources":"reported","production_level":"reported","coop_member":"reported","homes_trad_food":"reported","seed_criteria":"reported","seed_sources":"reported","seed_challenges":"reported","traditional_seed_knowledge":"reported","soil_enhancers":"reported","chem_fertilizer_reliance":"reported","pest_control":"reported","pesticide_reliance":"reported","marketing_challenges":"not_provided","logistics_challenges":"not_provided","climate_change_noticed":"reported","climate_changes":"reported","climate_impacts":"reported","info_sources":"reported","raises_poultry":"reported","poultry_purpose":"reported","farmer_type":"reported","low_input_practices":"reported"}}},{"type":"Feature","id":"CH-ZJU39S:chouf_2026","geometry":{"type":"Point","coordinates":[35.70198,33.69463]},"properties":{"entity_type":"survey_respondent_public","respondent_id":"CH-ZJU39S","instrument":"chouf_2026","area_name_en":"Barouk","area_name_ar":"الباروك","geom_origin":"cadastral_unit_centre","spatial_precision":"cadastral_unit","spread_m":150,"c__owns_land":"yes","c__land_size_band":"lt_1_ha","c__soil_types":"loamy","c__crop_groups":"apples_pears","c__water_sources":"river","c__water_availability":"sometimes","c__water_scarcity":"yes","c__irrigation_need_change":"increase","c__energy_sources":"manual","c__production_level":"medium","c__coop_member":"no","c__homes_trad_food":"few","c__seed_criteria":"productivity","c__seed_sources":"neighbour","c__seed_challenges":"none","c__traditional_seed_knowledge":"yes","c__soil_enhancers":"compost","c__chem_fertilizer_reliance":"not_used","c__pest_control":"biological","c__pesticide_reliance":"not_used","c__marketing_challenges":"low_prices","c__logistics_challenges":"high_transport_cost","c__climate_change_noticed":"yes","c__climate_changes":"temperature_rise","c__climate_impacts":"production_decrease","c__info_sources":"social_media","c__raises_poultry":"yes","c__poultry_purpose":"home_consumption","c__farmer_type":"type_c","c__low_input_practices":"yes","values":{"owns_land":"yes","land_size_band":"lt_1_ha","soil_types":["loamy"],"crop_groups":["apples_pears","vegetables"],"water_sources":["river"],"water_availability":"sometimes","water_scarcity":"yes","irrigation_need_change":"increase","energy_sources":["manual"],"production_level":"medium","coop_member":"no","homes_trad_food":"few","seed_criteria":["productivity","pest_resistance"],"seed_sources":["neighbour","own_harvest"],"seed_challenges":["none"],"traditional_seed_knowledge":"yes","soil_enhancers":["compost"],"chem_fertilizer_reliance":"not_used","pest_control":["biological","physical"],"pesticide_reliance":"not_used","marketing_challenges":["low_prices","weak_demand"],"logistics_challenges":["high_transport_cost"],"climate_change_noticed":"yes","climate_changes":["temperature_rise","rainfall_decrease","frost"],"climate_impacts":["production_decrease","pests_diseases"],"info_sources":["social_media","extension_agents"],"raises_poultry":"yes","poultry_purpose":["home_consumption","local_sale"],"farmer_type":"type_c","low_input_practices":"yes"},"status":{"owns_land":"reported","land_size_band":"reported","soil_types":"reported","crop_groups":"reported","water_sources":"reported","water_availability":"reported","water_scarcity":"reported","irrigation_need_change":"reported","energy_sources":"reported","production_level":"reported","coop_member":"reported","homes_trad_food":"reported","seed_criteria":"reported","seed_sources":"reported","seed_challenges":"reported","traditional_seed_knowledge":"reported","soil_enhancers":"reported","chem_fertilizer_reliance":"reported","pest_control":"reported","pesticide_reliance":"reported","marketing_challenges":"reported","logistics_challenges":"reported","climate_change_noticed":"reported","climate_changes":"reported","climate_impacts":"reported","info_sources":"reported","raises_poultry":"reported","poultry_purpose":"reported","farmer_type":"reported","low_input_practices":"reported"}}},{"type":"Feature","id":"CH-ZXK5WH:chouf_2026","geometry":{"type":"Point","coordinates":[35.53656,33.62773]},"properties":{"entity_type":"survey_respondent_public","respondent_id":"CH-ZXK5WH","instrument":"chouf_2026","area_name_en":"Chouf","area_name_ar":"الشوف","geom_origin":"district_centre","spatial_precision":"district","spread_m":500,"c__owns_land":"yes","c__land_size_band":"lt_5_dunum","c__soil_types":"clay","c__crop_groups":"vegetables","c__water_sources":"river","c__water_availability":"sometimes","c__water_scarcity":"yes","c__irrigation_need_change":"increase","c__energy_sources":"manual","c__production_level":"small","c__coop_member":"no","c__homes_trad_food":"almost_all","c__seed_criteria":"productivity","c__seed_sources":"shop","c__seed_challenges":"high_cost","c__traditional_seed_knowledge":"yes","c__soil_enhancers":"manure","c__chem_fertilizer_reliance":"partial","c__pest_control":"local","c__pesticide_reliance":"partial","c__marketing_challenges":"weak_demand","c__logistics_challenges":"no_transport","c__climate_change_noticed":"yes","c__climate_changes":"temperature_rise","c__climate_impacts":"production_decrease","c__info_sources":"social_media","c__raises_poultry":"yes","c__poultry_purpose":"home_consumption","c__farmer_type":"type_d","c__low_input_practices":"yes","values":{"owns_land":"yes","land_size_band":"lt_5_dunum","soil_types":["clay"],"crop_groups":["vegetables","legumes"],"water_sources":["river"],"water_availability":"sometimes","water_scarcity":"yes","irrigation_need_change":"increase","energy_sources":["manual"],"production_level":"small","coop_member":"no","homes_trad_food":"almost_all","seed_criteria":["productivity"],"seed_sources":["shop","own_harvest"],"seed_challenges":["high_cost","unreliable_suppliers"],"traditional_seed_knowledge":"yes","soil_enhancers":["manure"],"chem_fertilizer_reliance":"partial","pest_control":["local"],"pesticide_reliance":"partial","marketing_challenges":["weak_demand","far_markets"],"logistics_challenges":["no_transport"],"climate_change_noticed":"yes","climate_changes":["temperature_rise","rainfall_decrease"],"climate_impacts":["production_decrease","season_delay"],"info_sources":["social_media","extension_agents"],"raises_poultry":"yes","poultry_purpose":["home_consumption","local_sale"],"farmer_type":"type_d","low_input_practices":"yes"},"status":{"owns_land":"reported","land_size_band":"reported","soil_types":"reported","crop_groups":"reported","water_sources":"reported","water_availability":"reported","water_scarcity":"reported","irrigation_need_change":"reported","energy_sources":"reported","production_level":"reported","coop_member":"reported","homes_trad_food":"reported","seed_criteria":"reported","seed_sources":"reported","seed_challenges":"reported","traditional_seed_knowledge":"reported","soil_enhancers":"reported","chem_fertilizer_reliance":"reported","pest_control":"reported","pesticide_reliance":"reported","marketing_challenges":"reported","logistics_challenges":"reported","climate_change_noticed":"reported","climate_changes":"reported","climate_impacts":"reported","info_sources":"reported","raises_poultry":"reported","poultry_purpose":"reported","farmer_type":"reported","low_input_practices":"reported"}}}]}