{"type":"FeatureCollection","features":[{"type":"Feature","id":"BQ-2UEQNN:beqaa_2026","geometry":{"type":"Point","coordinates":[36.01461,33.85219]},"properties":{"entity_type":"survey_respondent_public","respondent_id":"BQ-2UEQNN","instrument":"beqaa_2026","area_name_en":"Riyaq","area_name_ar":"رياق","district_en":"Zahle","district_ar":"زحلة","location_basis":"residence_village","geom_origin":"osm_settlement_point","spatial_precision":"locality","anchor":[36.01419,33.8522],"display_offset_m":39,"c__owns_land":"yes","c__land_size_band":"gt_1_ha","c__soil_types":"loamy","c__crop_groups":"vegetables","c__water_sources":"well","c__water_availability":"sometimes","c__water_scarcity":"yes","c__irrigation_need_change":"increase","c__energy_sources":"diesel","c__production_level":"medium","c__coop_member":"no","c__homes_trad_food":"most","c__seed_criteria":"price","c__seed_sources":"shop","c__seed_challenges":"high_cost","c__traditional_seed_knowledge":"no","c__soil_enhancers":"chemical","c__chem_fertilizer_reliance":"partial","c__pest_control":"chemical","c__pesticide_reliance":"total","c__marketing_challenges":"low_prices","c__logistics_challenges":"high_transport_cost","c__climate_change_noticed":"yes","c__climate_changes":"temperature_rise","c__climate_impacts":"production_decrease","c__raises_poultry":"no","c__farmer_type":"type_a","c__low_input_practices":"yes","values":{"owns_land":"yes","land_size_band":"gt_1_ha","soil_types":["loamy"],"crop_groups":["vegetables","legumes"],"water_sources":["well","canal"],"water_availability":"sometimes","water_scarcity":"yes","irrigation_need_change":"increase","energy_sources":["diesel"],"production_level":"medium","coop_member":"no","homes_trad_food":"most","seed_criteria":["price","productivity"],"seed_sources":["shop"],"seed_challenges":["high_cost"],"traditional_seed_knowledge":"no","soil_enhancers":["chemical","compost","manure"],"chem_fertilizer_reliance":"partial","pest_control":["chemical"],"pesticide_reliance":"total","marketing_challenges":["low_prices"],"logistics_challenges":["high_transport_cost"],"climate_change_noticed":"yes","climate_changes":["temperature_rise","rainfall_decrease","heatwaves"],"climate_impacts":["production_decrease","season_delay","pests_diseases"],"info_sources":null,"raises_poultry":"no","poultry_purpose":null,"farmer_type":"type_a","low_input_practices":"yes"},"status":{"owns_land":"reported","land_size_band":"reported","soil_types":"reported","crop_groups":"reported","water_sources":"reported","water_availability":"reported","water_scarcity":"reported","irrigation_need_change":"reported","energy_sources":"reported","production_level":"reported","coop_member":"reported","homes_trad_food":"reported","seed_criteria":"reported","seed_sources":"reported","seed_challenges":"reported","traditional_seed_knowledge":"reported","soil_enhancers":"reported","chem_fertilizer_reliance":"reported","pest_control":"reported","pesticide_reliance":"reported","marketing_challenges":"reported","logistics_challenges":"reported","climate_change_noticed":"reported","climate_changes":"reported","climate_impacts":"reported","info_sources":"not_asked","raises_poultry":"reported","poultry_purpose":"not_asked","farmer_type":"reported","low_input_practices":"reported"}}},{"type":"Feature","id":"BQ-4M9ZNZ:beqaa_2026","geometry":{"type":"Point","coordinates":[35.65456,33.5306]},"properties":{"entity_type":"survey_respondent_public","respondent_id":"BQ-4M9ZNZ","instrument":"beqaa_2026","area_name_en":"Machghara","area_name_ar":"مشغرة","district_en":"West Bekaa","district_ar":"البقاع الغربي","location_basis":"residence_village","geom_origin":"osm_settlement_point","spatial_precision":"locality","anchor":[35.65414,33.53061],"display_offset_m":39,"c__owns_land":"yes","c__land_size_band":"lt_1_ha","c__soil_types":"loamy","c__crop_groups":"apples_pears","c__water_sources":"canal","c__water_availability":"always","c__water_scarcity":"no","c__irrigation_need_change":"increase","c__energy_sources":"grid","c__production_level":"small","c__coop_member":"no","c__homes_trad_food":"most","c__seed_criteria":"productivity","c__seed_sources":"shop","c__seed_challenges":"low_availability","c__traditional_seed_knowledge":"no","c__soil_enhancers":"chemical","c__chem_fertilizer_reliance":"partial","c__pest_control":"chemical","c__pesticide_reliance":"partial","c__marketing_challenges":"low_prices","c__logistics_challenges":"high_transport_cost","c__climate_change_noticed":"yes","c__climate_changes":"rainfall_decrease","c__climate_impacts":"season_delay","c__raises_poultry":"no","c__farmer_type":"type_b","c__low_input_practices":"no","values":{"owns_land":"yes","land_size_band":"lt_1_ha","soil_types":["loamy"],"crop_groups":["apples_pears","stone_fruits"],"water_sources":["canal"],"water_availability":"always","water_scarcity":"no","irrigation_need_change":"increase","energy_sources":["grid"],"production_level":"small","coop_member":"no","homes_trad_food":"most","seed_criteria":["productivity"],"seed_sources":["shop"],"seed_challenges":["low_availability"],"traditional_seed_knowledge":"no","soil_enhancers":["chemical"],"chem_fertilizer_reliance":"partial","pest_control":["chemical"],"pesticide_reliance":"partial","marketing_challenges":["low_prices"],"logistics_challenges":["high_transport_cost"],"climate_change_noticed":"yes","climate_changes":["rainfall_decrease"],"climate_impacts":["season_delay"],"info_sources":null,"raises_poultry":"no","poultry_purpose":null,"farmer_type":"type_b","low_input_practices":"no"},"status":{"owns_land":"reported","land_size_band":"reported","soil_types":"reported","crop_groups":"reported","water_sources":"reported","water_availability":"reported","water_scarcity":"reported","irrigation_need_change":"reported","energy_sources":"reported","production_level":"reported","coop_member":"reported","homes_trad_food":"reported","seed_criteria":"reported","seed_sources":"reported","seed_challenges":"reported","traditional_seed_knowledge":"reported","soil_enhancers":"reported","chem_fertilizer_reliance":"reported","pest_control":"reported","pesticide_reliance":"reported","marketing_challenges":"reported","logistics_challenges":"reported","climate_change_noticed":"reported","climate_changes":"reported","climate_impacts":"reported","info_sources":"not_asked","raises_poultry":"reported","poultry_purpose":"not_asked","farmer_type":"reported","low_input_practices":"reported"}}},{"type":"Feature","id":"BQ-5ZHMQL:beqaa_2026","geometry":{"type":"Point","coordinates":[35.65362,33.53103]},"properties":{"entity_type":"survey_respondent_public","respondent_id":"BQ-5ZHMQL","instrument":"beqaa_2026","area_name_en":"Machghara","area_name_ar":"مشغرة","district_en":"West Bekaa","district_ar":"البقاع الغربي","location_basis":"residence_village","geom_origin":"osm_settlement_point","spatial_precision":"locality","anchor":[35.65414,33.53061],"display_offset_m":67,"c__owns_land":"yes","c__land_size_band":"lt_1_ha","c__soil_types":"loamy","c__crop_groups":"apples_pears","c__water_sources":"river","c__water_availability":"rarely","c__water_scarcity":"yes","c__irrigation_need_change":"increase","c__energy_sources":"grid","c__production_level":"large","c__coop_member":"no","c__homes_trad_food":"most","c__seed_criteria":"price","c__seed_sources":"shop","c__seed_challenges":"high_cost","c__traditional_seed_knowledge":"no","c__soil_enhancers":"chemical","c__chem_fertilizer_reliance":"total","c__pest_control":"chemical","c__pesticide_reliance":"total","c__marketing_challenges":"low_prices","c__logistics_challenges":"high_transport_cost","c__climate_change_noticed":"yes","c__climate_changes":"temperature_rise","c__climate_impacts":"production_decrease","c__raises_poultry":"no","c__farmer_type":"type_b","c__low_input_practices":"yes","values":{"owns_land":"yes","land_size_band":"lt_1_ha","soil_types":["loamy"],"crop_groups":["apples_pears","stone_fruits"],"water_sources":["river"],"water_availability":"rarely","water_scarcity":"yes","irrigation_need_change":"increase","energy_sources":["grid"],"production_level":"large","coop_member":"no","homes_trad_food":"most","seed_criteria":["price","productivity","pest_resistance"],"seed_sources":["shop"],"seed_challenges":["high_cost"],"traditional_seed_knowledge":"no","soil_enhancers":["chemical","compost","biofertilizer"],"chem_fertilizer_reliance":"total","pest_control":["chemical"],"pesticide_reliance":"total","marketing_challenges":["low_prices"],"logistics_challenges":["high_transport_cost"],"climate_change_noticed":"yes","climate_changes":["temperature_rise","rainfall_decrease","heatwaves"],"climate_impacts":["production_decrease","season_delay","pests_diseases"],"info_sources":null,"raises_poultry":"no","poultry_purpose":null,"farmer_type":"type_b","low_input_practices":"yes"},"status":{"owns_land":"reported","land_size_band":"reported","soil_types":"reported","crop_groups":"reported","water_sources":"reported","water_availability":"reported","water_scarcity":"reported","irrigation_need_change":"reported","energy_sources":"reported","production_level":"reported","coop_member":"reported","homes_trad_food":"reported","seed_criteria":"reported","seed_sources":"reported","seed_challenges":"reported","traditional_seed_knowledge":"reported","soil_enhancers":"reported","chem_fertilizer_reliance":"reported","pest_control":"reported","pesticide_reliance":"reported","marketing_challenges":"reported","logistics_challenges":"reported","climate_change_noticed":"reported","climate_changes":"reported","climate_impacts":"reported","info_sources":"not_asked","raises_poultry":"reported","poultry_purpose":"not_asked","farmer_type":"reported","low_input_practices":"reported"}}},{"type":"Feature","id":"BQ-64TPEE:beqaa_2026","geometry":{"type":"Point","coordinates":[35.6542,33.52983]},"properties":{"entity_type":"survey_respondent_public","respondent_id":"BQ-64TPEE","instrument":"beqaa_2026","area_name_en":"Machghara","area_name_ar":"مشغرة","district_en":"West Bekaa","district_ar":"البقاع الغربي","location_basis":"residence_village","geom_origin":"osm_settlement_point","spatial_precision":"locality","anchor":[35.65414,33.53061],"display_offset_m":87,"c__owns_land":"yes","c__land_size_band":"lt_1_ha","c__soil_types":"loamy","c__crop_groups":"apples_pears","c__water_sources":"river","c__water_availability":"always","c__water_scarcity":"yes","c__irrigation_need_change":"increase","c__energy_sources":"grid","c__production_level":"small","c__coop_member":"no","c__homes_trad_food":"some","c__seed_criteria":"productivity","c__seed_sources":"shop","c__seed_challenges":"high_cost","c__traditional_seed_knowledge":"no","c__soil_enhancers":"chemical","c__chem_fertilizer_reliance":"partial","c__pest_control":"chemical","c__pesticide_reliance":"partial","c__marketing_challenges":"low_prices","c__logistics_challenges":"high_transport_cost","c__climate_change_noticed":"yes","c__climate_changes":"temperature_rise","c__climate_impacts":"production_decrease","c__raises_poultry":"no","c__farmer_type":"type_b","c__low_input_practices":"yes","values":{"owns_land":"yes","land_size_band":"lt_1_ha","soil_types":["loamy"],"crop_groups":["apples_pears"],"water_sources":["river"],"water_availability":"always","water_scarcity":"yes","irrigation_need_change":"increase","energy_sources":["grid"],"production_level":"small","coop_member":"no","homes_trad_food":"some","seed_criteria":["productivity","pest_resistance"],"seed_sources":["shop"],"seed_challenges":["high_cost"],"traditional_seed_knowledge":"no","soil_enhancers":["chemical","manure"],"chem_fertilizer_reliance":"partial","pest_control":["chemical"],"pesticide_reliance":"partial","marketing_challenges":["low_prices"],"logistics_challenges":["high_transport_cost"],"climate_change_noticed":"yes","climate_changes":["temperature_rise","rainfall_decrease","heatwaves"],"climate_impacts":["production_decrease","season_delay","pests_diseases"],"info_sources":null,"raises_poultry":"no","poultry_purpose":null,"farmer_type":"type_b","low_input_practices":"yes"},"status":{"owns_land":"reported","land_size_band":"reported","soil_types":"reported","crop_groups":"reported","water_sources":"reported","water_availability":"reported","water_scarcity":"reported","irrigation_need_change":"reported","energy_sources":"reported","production_level":"reported","coop_member":"reported","homes_trad_food":"reported","seed_criteria":"reported","seed_sources":"reported","seed_challenges":"reported","traditional_seed_knowledge":"reported","soil_enhancers":"reported","chem_fertilizer_reliance":"reported","pest_control":"reported","pesticide_reliance":"reported","marketing_challenges":"reported","logistics_challenges":"reported","climate_change_noticed":"reported","climate_changes":"reported","climate_impacts":"reported","info_sources":"not_asked","raises_poultry":"reported","poultry_purpose":"not_asked","farmer_type":"reported","low_input_practices":"reported"}}},{"type":"Feature","id":"BQ-8VSEK6:beqaa_2026","geometry":{"type":"Point","coordinates":[35.65484,33.53133]},"properties":{"entity_type":"survey_respondent_public","respondent_id":"BQ-8VSEK6","instrument":"beqaa_2026","area_name_en":"Machghara","area_name_ar":"مشغرة","district_en":"West Bekaa","district_ar":"البقاع الغربي","location_basis":"residence_village","geom_origin":"osm_settlement_point","spatial_precision":"locality","anchor":[35.65414,33.53061],"display_offset_m":103,"c__owns_land":"yes","c__land_size_band":"lt_1_ha","c__soil_types":"loamy","c__crop_groups":"olives","c__water_sources":"canal","c__water_availability":"always","c__water_scarcity":"no","c__irrigation_need_change":"increase","c__energy_sources":"grid","c__production_level":"small","c__coop_member":"no","c__homes_trad_food":"most","c__seed_criteria":"productivity","c__seed_sources":"shop","c__seed_challenges":"low_availability","c__traditional_seed_knowledge":"no","c__soil_enhancers":"chemical","c__chem_fertilizer_reliance":"partial","c__pest_control":"chemical","c__pesticide_reliance":"partial","c__marketing_challenges":"low_prices","c__logistics_challenges":"no_paved_roads","c__climate_change_noticed":"yes","c__climate_changes":"rainfall_decrease","c__climate_impacts":"season_delay","c__raises_poultry":"no","c__farmer_type":"type_b","c__low_input_practices":"no","values":{"owns_land":"yes","land_size_band":"lt_1_ha","soil_types":["loamy"],"crop_groups":["olives","apples_pears"],"water_sources":["canal"],"water_availability":"always","water_scarcity":"no","irrigation_need_change":"increase","energy_sources":["grid"],"production_level":"small","coop_member":"no","homes_trad_food":"most","seed_criteria":["productivity"],"seed_sources":["shop"],"seed_challenges":["low_availability"],"traditional_seed_knowledge":"no","soil_enhancers":["chemical"],"chem_fertilizer_reliance":"partial","pest_control":["chemical"],"pesticide_reliance":"partial","marketing_challenges":["low_prices"],"logistics_challenges":["no_paved_roads","no_transport"],"climate_change_noticed":"yes","climate_changes":["rainfall_decrease"],"climate_impacts":["season_delay"],"info_sources":null,"raises_poultry":"no","poultry_purpose":null,"farmer_type":"type_b","low_input_practices":"no"},"status":{"owns_land":"reported","land_size_band":"reported","soil_types":"reported","crop_groups":"reported","water_sources":"reported","water_availability":"reported","water_scarcity":"reported","irrigation_need_change":"reported","energy_sources":"reported","production_level":"reported","coop_member":"reported","homes_trad_food":"reported","seed_criteria":"reported","seed_sources":"reported","seed_challenges":"reported","traditional_seed_knowledge":"reported","soil_enhancers":"reported","chem_fertilizer_reliance":"reported","pest_control":"reported","pesticide_reliance":"reported","marketing_challenges":"reported","logistics_challenges":"reported","climate_change_noticed":"reported","climate_changes":"reported","climate_impacts":"reported","info_sources":"not_asked","raises_poultry":"reported","poultry_purpose":"not_asked","farmer_type":"reported","low_input_practices":"reported"}}},{"type":"Feature","id":"BQ-A853PT:beqaa_2026","geometry":{"type":"Point","coordinates":[35.6529,33.53045]},"properties":{"entity_type":"survey_respondent_public","respondent_id":"BQ-A853PT","instrument":"beqaa_2026","area_name_en":"Machghara","area_name_ar":"مشغرة","district_en":"West Bekaa","district_ar":"البقاع الغربي","location_basis":"residence_village","geom_origin":"osm_settlement_point","spatial_precision":"locality","anchor":[35.65414,33.53061],"display_offset_m":117,"c__owns_land":"yes","c__land_size_band":"gt_2_ha","c__soil_types":"calcareous","c__crop_groups":"apples_pears","c__water_sources":"river","c__water_availability":"never","c__water_scarcity":"yes","c__irrigation_need_change":"decrease","c__energy_sources":"manual","c__production_level":"small","c__coop_member":"no","c__homes_trad_food":"most","c__seed_criteria":"pest_resistance","c__seed_sources":"neighbour","c__seed_challenges":"high_cost","c__traditional_seed_knowledge":"no","c__soil_enhancers":"manure","c__chem_fertilizer_reliance":"not_used","c__pest_control":"chemical","c__pesticide_reliance":"partial","c__marketing_challenges":"low_prices","c__logistics_challenges":"high_transport_cost","c__climate_change_noticed":"yes","c__climate_changes":"rainfall_decrease","c__climate_impacts":"production_decrease","c__raises_poultry":"no","c__farmer_type":"type_b","c__low_input_practices":"yes","values":{"owns_land":"yes","land_size_band":"gt_2_ha","soil_types":["calcareous"],"crop_groups":["apples_pears","stone_fruits"],"water_sources":["river","well"],"water_availability":"never","water_scarcity":"yes","irrigation_need_change":"decrease","energy_sources":["manual","grid"],"production_level":"small","coop_member":"no","homes_trad_food":"most","seed_criteria":["pest_resistance"],"seed_sources":["neighbour"],"seed_challenges":["high_cost"],"traditional_seed_knowledge":"no","soil_enhancers":["manure"],"chem_fertilizer_reliance":"not_used","pest_control":["chemical","local"],"pesticide_reliance":"partial","marketing_challenges":["low_prices"],"logistics_challenges":["high_transport_cost","no_paved_roads"],"climate_change_noticed":"yes","climate_changes":["rainfall_decrease","heatwaves"],"climate_impacts":["production_decrease"],"info_sources":null,"raises_poultry":"no","poultry_purpose":null,"farmer_type":"type_b","low_input_practices":"yes"},"status":{"owns_land":"reported","land_size_band":"reported","soil_types":"reported","crop_groups":"reported","water_sources":"reported","water_availability":"reported","water_scarcity":"reported","irrigation_need_change":"reported","energy_sources":"reported","production_level":"reported","coop_member":"reported","homes_trad_food":"reported","seed_criteria":"reported","seed_sources":"reported","seed_challenges":"reported","traditional_seed_knowledge":"reported","soil_enhancers":"reported","chem_fertilizer_reliance":"reported","pest_control":"reported","pesticide_reliance":"reported","marketing_challenges":"reported","logistics_challenges":"reported","climate_change_noticed":"reported","climate_changes":"reported","climate_impacts":"reported","info_sources":"not_asked","raises_poultry":"reported","poultry_purpose":"not_asked","farmer_type":"reported","low_input_practices":"reported"}}},{"type":"Feature","id":"BQ-AV2FWQ:beqaa_2026","geometry":{"type":"Point","coordinates":[36.01367,33.85262]},"properties":{"entity_type":"survey_respondent_public","respondent_id":"BQ-AV2FWQ","instrument":"beqaa_2026","area_name_en":"Riyaq","area_name_ar":"رياق","district_en":"Zahle","district_ar":"زحلة","location_basis":"residence_village","geom_origin":"osm_settlement_point","spatial_precision":"locality","anchor":[36.01419,33.8522],"display_offset_m":67,"c__owns_land":"yes","c__land_size_band":"gt_2_ha","c__soil_types":"clay","c__crop_groups":"vegetables","c__water_sources":"well","c__water_availability":"sometimes","c__water_scarcity":"no","c__irrigation_need_change":"increase","c__energy_sources":"diesel","c__production_level":"large","c__coop_member":"no","c__homes_trad_food":"few","c__seed_criteria":"productivity","c__seed_sources":"shop","c__seed_challenges":"high_cost","c__traditional_seed_knowledge":"yes","c__soil_enhancers":"chemical","c__chem_fertilizer_reliance":"total","c__pest_control":"chemical","c__pesticide_reliance":"total","c__marketing_challenges":"low_prices","c__logistics_challenges":"high_transport_cost","c__climate_change_noticed":"yes","c__climate_changes":"temperature_rise","c__climate_impacts":"pests_diseases","c__raises_poultry":"no","c__farmer_type":"type_a","c__low_input_practices":"yes","values":{"owns_land":"yes","land_size_band":"gt_2_ha","soil_types":["clay"],"crop_groups":["vegetables"],"water_sources":["well"],"water_availability":"sometimes","water_scarcity":"no","irrigation_need_change":"increase","energy_sources":["diesel"],"production_level":"large","coop_member":"no","homes_trad_food":"few","seed_criteria":["productivity"],"seed_sources":["shop"],"seed_challenges":["high_cost"],"traditional_seed_knowledge":"yes","soil_enhancers":["chemical","compost"],"chem_fertilizer_reliance":"total","pest_control":["chemical"],"pesticide_reliance":"total","marketing_challenges":["low_prices"],"logistics_challenges":["high_transport_cost"],"climate_change_noticed":"yes","climate_changes":["temperature_rise","heatwaves"],"climate_impacts":["pests_diseases","pollination"],"info_sources":null,"raises_poultry":"no","poultry_purpose":null,"farmer_type":"type_a","low_input_practices":"yes"},"status":{"owns_land":"reported","land_size_band":"reported","soil_types":"reported","crop_groups":"reported","water_sources":"reported","water_availability":"reported","water_scarcity":"reported","irrigation_need_change":"reported","energy_sources":"reported","production_level":"reported","coop_member":"reported","homes_trad_food":"reported","seed_criteria":"reported","seed_sources":"reported","seed_challenges":"reported","traditional_seed_knowledge":"reported","soil_enhancers":"reported","chem_fertilizer_reliance":"reported","pest_control":"reported","pesticide_reliance":"reported","marketing_challenges":"reported","logistics_challenges":"reported","climate_change_noticed":"reported","climate_changes":"reported","climate_impacts":"reported","info_sources":"not_asked","raises_poultry":"reported","poultry_purpose":"not_asked","farmer_type":"reported","low_input_practices":"reported"}}},{"type":"Feature","id":"BQ-AXAWV3:beqaa_2026","geometry":{"type":"Point","coordinates":[35.9344,33.8147]},"properties":{"entity_type":"survey_respondent_public","respondent_id":"BQ-AXAWV3","instrument":"beqaa_2026","area_name_en":"Haret El-Fikani","area_name_ar":"حارة الفيكاني","district_en":"Zahle","district_ar":"زحلة","location_basis":"residence_village","geom_origin":"legacy_manual_point","spatial_precision":"unverified_locality","anchor":[35.9344,33.8147],"display_offset_m":0,"c__owns_land":"yes","c__land_size_band":"gt_2_ha","c__soil_types":"clay","c__crop_groups":"vegetables","c__water_sources":"rain","c__water_availability":"sometimes","c__water_scarcity":"yes","c__irrigation_need_change":"increase","c__energy_sources":"diesel","c__production_level":"small","c__coop_member":"no","c__seed_criteria":"price","c__seed_sources":"shop","c__seed_challenges":"high_cost","c__traditional_seed_knowledge":"no","c__soil_enhancers":"chemical","c__chem_fertilizer_reliance":"partial","c__pest_control":"chemical","c__pesticide_reliance":"total","c__marketing_challenges":"low_prices","c__logistics_challenges":"high_transport_cost","c__climate_change_noticed":"yes","c__climate_changes":"temperature_rise","c__climate_impacts":"production_decrease","c__raises_poultry":"no","c__farmer_type":"type_a","c__low_input_practices":"yes","values":{"owns_land":"yes","land_size_band":"gt_2_ha","soil_types":["clay"],"crop_groups":["vegetables","legumes"],"water_sources":["rain","well"],"water_availability":"sometimes","water_scarcity":"yes","irrigation_need_change":"increase","energy_sources":["diesel"],"production_level":"small","coop_member":"no","homes_trad_food":null,"seed_criteria":["price"],"seed_sources":["shop"],"seed_challenges":["high_cost"],"traditional_seed_knowledge":"no","soil_enhancers":["chemical","manure"],"chem_fertilizer_reliance":"partial","pest_control":["chemical"],"pesticide_reliance":"total","marketing_challenges":["low_prices"],"logistics_challenges":["high_transport_cost"],"climate_change_noticed":"yes","climate_changes":["temperature_rise","heatwaves"],"climate_impacts":["production_decrease"],"info_sources":null,"raises_poultry":"no","poultry_purpose":null,"farmer_type":"type_a","low_input_practices":"yes"},"status":{"owns_land":"reported","land_size_band":"reported","soil_types":"reported","crop_groups":"reported","water_sources":"reported","water_availability":"reported","water_scarcity":"reported","irrigation_need_change":"reported","energy_sources":"reported","production_level":"reported","coop_member":"reported","homes_trad_food":"not_provided","seed_criteria":"reported","seed_sources":"reported","seed_challenges":"reported","traditional_seed_knowledge":"reported","soil_enhancers":"reported","chem_fertilizer_reliance":"reported","pest_control":"reported","pesticide_reliance":"reported","marketing_challenges":"reported","logistics_challenges":"reported","climate_change_noticed":"reported","climate_changes":"reported","climate_impacts":"reported","info_sources":"not_asked","raises_poultry":"reported","poultry_purpose":"not_asked","farmer_type":"reported","low_input_practices":"reported"}}},{"type":"Feature","id":"BQ-DWMF9A:beqaa_2026","geometry":{"type":"Point","coordinates":[35.65529,33.52996]},"properties":{"entity_type":"survey_respondent_public","respondent_id":"BQ-DWMF9A","instrument":"beqaa_2026","area_name_en":"Machghara","area_name_ar":"مشغرة","district_en":"West Bekaa","district_ar":"البقاع الغربي","location_basis":"residence_village","geom_origin":"osm_settlement_point","spatial_precision":"locality","anchor":[35.65414,33.53061],"display_offset_m":129,"c__owns_land":"yes","c__land_size_band":"lt_1_ha","c__soil_types":"loamy","c__crop_groups":"apples_pears","c__water_sources":"canal","c__water_availability":"always","c__water_scarcity":"no","c__irrigation_need_change":"increase","c__energy_sources":"grid","c__production_level":"large","c__coop_member":"no","c__homes_trad_food":"some","c__seed_criteria":"productivity","c__seed_sources":"association","c__seed_challenges":"unsuitable","c__traditional_seed_knowledge":"no","c__soil_enhancers":"chemical","c__chem_fertilizer_reliance":"partial","c__pest_control":"chemical","c__pesticide_reliance":"partial","c__marketing_challenges":"low_prices","c__logistics_challenges":"high_transport_cost","c__climate_change_noticed":"yes","c__climate_changes":"temperature_rise","c__climate_impacts":"production_decrease","c__raises_poultry":"no","c__farmer_type":"type_b","c__low_input_practices":"yes","values":{"owns_land":"yes","land_size_band":"lt_1_ha","soil_types":["loamy"],"crop_groups":["apples_pears"],"water_sources":["canal"],"water_availability":"always","water_scarcity":"no","irrigation_need_change":"increase","energy_sources":["grid"],"production_level":"large","coop_member":"no","homes_trad_food":"some","seed_criteria":["productivity","pest_resistance"],"seed_sources":["association"],"seed_challenges":["unsuitable"],"traditional_seed_knowledge":"no","soil_enhancers":["chemical","compost"],"chem_fertilizer_reliance":"partial","pest_control":["chemical"],"pesticide_reliance":"partial","marketing_challenges":["low_prices","far_markets"],"logistics_challenges":["high_transport_cost"],"climate_change_noticed":"yes","climate_changes":["temperature_rise","rainfall_decrease","heatwaves"],"climate_impacts":["production_decrease","pests_diseases"],"info_sources":null,"raises_poultry":"no","poultry_purpose":null,"farmer_type":"type_b","low_input_practices":"yes"},"status":{"owns_land":"reported","land_size_band":"reported","soil_types":"reported","crop_groups":"reported","water_sources":"reported","water_availability":"reported","water_scarcity":"reported","irrigation_need_change":"reported","energy_sources":"reported","production_level":"reported","coop_member":"reported","homes_trad_food":"reported","seed_criteria":"reported","seed_sources":"reported","seed_challenges":"reported","traditional_seed_knowledge":"reported","soil_enhancers":"reported","chem_fertilizer_reliance":"reported","pest_control":"reported","pesticide_reliance":"reported","marketing_challenges":"reported","logistics_challenges":"reported","climate_change_noticed":"reported","climate_changes":"reported","climate_impacts":"reported","info_sources":"not_asked","raises_poultry":"reported","poultry_purpose":"not_asked","farmer_type":"reported","low_input_practices":"reported"}}},{"type":"Feature","id":"BQ-E6Q22J:beqaa_2026","geometry":{"type":"Point","coordinates":[35.65379,33.53184]},"properties":{"entity_type":"survey_respondent_public","respondent_id":"BQ-E6Q22J","instrument":"beqaa_2026","area_name_en":"Machghara","area_name_ar":"مشغرة","district_en":"West Bekaa","district_ar":"البقاع الغربي","location_basis":"residence_village","geom_origin":"osm_settlement_point","spatial_precision":"locality","anchor":[35.65414,33.53061],"display_offset_m":140,"c__owns_land":"yes","c__land_size_band":"lt_1_ha","c__soil_types":"loamy","c__crop_groups":"apples_pears","c__water_sources":"river","c__water_availability":"sometimes","c__water_scarcity":"no","c__irrigation_need_change":"increase","c__energy_sources":"manual","c__production_level":"small","c__coop_member":"no","c__homes_trad_food":"some","c__seed_criteria":"price","c__seed_sources":"shop","c__seed_challenges":"high_cost","c__traditional_seed_knowledge":"no","c__soil_enhancers":"chemical","c__chem_fertilizer_reliance":"partial","c__pest_control":"chemical","c__pesticide_reliance":"partial","c__marketing_challenges":"low_prices","c__logistics_challenges":"high_transport_cost","c__climate_change_noticed":"yes","c__climate_changes":"temperature_rise","c__climate_impacts":"production_decrease","c__raises_poultry":"no","c__farmer_type":"type_b","c__low_input_practices":"yes","values":{"owns_land":"yes","land_size_band":"lt_1_ha","soil_types":["loamy"],"crop_groups":["apples_pears","vegetables"],"water_sources":["river","canal"],"water_availability":"sometimes","water_scarcity":"no","irrigation_need_change":"increase","energy_sources":["manual","grid"],"production_level":"small","coop_member":"no","homes_trad_food":"some","seed_criteria":["price","productivity","pest_resistance"],"seed_sources":["shop"],"seed_challenges":["high_cost"],"traditional_seed_knowledge":"no","soil_enhancers":["chemical","compost","manure"],"chem_fertilizer_reliance":"partial","pest_control":["chemical"],"pesticide_reliance":"partial","marketing_challenges":["low_prices"],"logistics_challenges":["high_transport_cost"],"climate_change_noticed":"yes","climate_changes":["temperature_rise","rainfall_decrease","heatwaves"],"climate_impacts":["production_decrease","pests_diseases"],"info_sources":null,"raises_poultry":"no","poultry_purpose":null,"farmer_type":"type_b","low_input_practices":"yes"},"status":{"owns_land":"reported","land_size_band":"reported","soil_types":"reported","crop_groups":"reported","water_sources":"reported","water_availability":"reported","water_scarcity":"reported","irrigation_need_change":"reported","energy_sources":"reported","production_level":"reported","coop_member":"reported","homes_trad_food":"reported","seed_criteria":"reported","seed_sources":"reported","seed_challenges":"reported","traditional_seed_knowledge":"reported","soil_enhancers":"reported","chem_fertilizer_reliance":"reported","pest_control":"reported","pesticide_reliance":"reported","marketing_challenges":"reported","logistics_challenges":"reported","climate_change_noticed":"reported","climate_changes":"reported","climate_impacts":"reported","info_sources":"not_asked","raises_poultry":"reported","poultry_purpose":"not_asked","farmer_type":"reported","low_input_practices":"reported"}}},{"type":"Feature","id":"BQ-EC5BJ8:beqaa_2026","geometry":{"type":"Point","coordinates":[35.65336,33.52942]},"properties":{"entity_type":"survey_respondent_public","respondent_id":"BQ-EC5BJ8","instrument":"beqaa_2026","area_name_en":"Machghara","area_name_ar":"مشغرة","district_en":"West Bekaa","district_ar":"البقاع الغربي","location_basis":"residence_village","geom_origin":"osm_settlement_point","spatial_precision":"locality","anchor":[35.65414,33.53061],"display_offset_m":151,"c__owns_land":"yes","c__land_size_band":"gt_1_ha","c__soil_types":"loamy","c__crop_groups":"apples_pears","c__water_sources":"canal","c__water_availability":"rarely","c__water_scarcity":"yes","c__irrigation_need_change":"increase","c__energy_sources":"grid","c__production_level":"medium","c__coop_member":"no","c__homes_trad_food":"most","c__seed_criteria":"price","c__seed_sources":"shop","c__seed_challenges":"high_cost","c__traditional_seed_knowledge":"no","c__soil_enhancers":"chemical","c__chem_fertilizer_reliance":"total","c__pest_control":"chemical","c__pesticide_reliance":"total","c__marketing_challenges":"low_prices","c__logistics_challenges":"high_transport_cost","c__climate_change_noticed":"yes","c__climate_changes":"temperature_rise","c__climate_impacts":"production_decrease","c__raises_poultry":"no","c__farmer_type":"type_a","c__low_input_practices":"yes","values":{"owns_land":"yes","land_size_band":"gt_1_ha","soil_types":["loamy"],"crop_groups":["apples_pears","stone_fruits"],"water_sources":["canal"],"water_availability":"rarely","water_scarcity":"yes","irrigation_need_change":"increase","energy_sources":["grid"],"production_level":"medium","coop_member":"no","homes_trad_food":"most","seed_criteria":["price","productivity","pest_resistance"],"seed_sources":["shop"],"seed_challenges":["high_cost"],"traditional_seed_knowledge":"no","soil_enhancers":["chemical","compost"],"chem_fertilizer_reliance":"total","pest_control":["chemical"],"pesticide_reliance":"total","marketing_challenges":["low_prices","weak_demand"],"logistics_challenges":["high_transport_cost"],"climate_change_noticed":"yes","climate_changes":["temperature_rise","rainfall_decrease","heatwaves"],"climate_impacts":["production_decrease","season_delay"],"info_sources":null,"raises_poultry":"no","poultry_purpose":null,"farmer_type":"type_a","low_input_practices":"yes"},"status":{"owns_land":"reported","land_size_band":"reported","soil_types":"reported","crop_groups":"reported","water_sources":"reported","water_availability":"reported","water_scarcity":"reported","irrigation_need_change":"reported","energy_sources":"reported","production_level":"reported","coop_member":"reported","homes_trad_food":"reported","seed_criteria":"reported","seed_sources":"reported","seed_challenges":"reported","traditional_seed_knowledge":"reported","soil_enhancers":"reported","chem_fertilizer_reliance":"reported","pest_control":"reported","pesticide_reliance":"reported","marketing_challenges":"reported","logistics_challenges":"reported","climate_change_noticed":"reported","climate_changes":"reported","climate_impacts":"reported","info_sources":"not_asked","raises_poultry":"reported","poultry_purpose":"not_asked","farmer_type":"reported","low_input_practices":"reported"}}},{"type":"Feature","id":"BQ-ERJTRW:beqaa_2026","geometry":{"type":"Point","coordinates":[35.65578,33.53107]},"properties":{"entity_type":"survey_respondent_public","respondent_id":"BQ-ERJTRW","instrument":"beqaa_2026","area_name_en":"Machghara","area_name_ar":"مشغرة","district_en":"West Bekaa","district_ar":"البقاع الغربي","location_basis":"residence_village","geom_origin":"osm_settlement_point","spatial_precision":"locality","anchor":[35.65414,33.53061],"display_offset_m":160,"c__owns_land":"yes","c__land_size_band":"lt_5_dunum","c__soil_types":"loamy","c__water_sources":"canal","c__water_availability":"always","c__water_scarcity":"no","c__irrigation_need_change":"no_change","c__energy_sources":"manual","c__production_level":"medium","c__coop_member":"no","c__homes_trad_food":"most","c__seed_criteria":"price","c__seed_sources":"shop","c__seed_challenges":"high_cost","c__traditional_seed_knowledge":"no","c__soil_enhancers":"chemical","c__chem_fertilizer_reliance":"partial","c__pest_control":"chemical","c__pesticide_reliance":"total","c__marketing_challenges":"low_prices","c__logistics_challenges":"no_paved_roads","c__climate_change_noticed":"yes","c__climate_changes":"temperature_rise","c__climate_impacts":"production_decrease","c__raises_poultry":"no","c__farmer_type":"type_a","c__low_input_practices":"yes","values":{"owns_land":"yes","land_size_band":"lt_5_dunum","soil_types":["loamy"],"crop_groups":null,"water_sources":["canal"],"water_availability":"always","water_scarcity":"no","irrigation_need_change":"no_change","energy_sources":["manual"],"production_level":"medium","coop_member":"no","homes_trad_food":"most","seed_criteria":["price"],"seed_sources":["shop"],"seed_challenges":["high_cost"],"traditional_seed_knowledge":"no","soil_enhancers":["chemical","compost"],"chem_fertilizer_reliance":"partial","pest_control":["chemical"],"pesticide_reliance":"total","marketing_challenges":["low_prices"],"logistics_challenges":["no_paved_roads","no_transport"],"climate_change_noticed":"yes","climate_changes":["temperature_rise","heatwaves"],"climate_impacts":["production_decrease","pests_diseases"],"info_sources":null,"raises_poultry":"no","poultry_purpose":null,"farmer_type":"type_a","low_input_practices":"yes"},"status":{"owns_land":"reported","land_size_band":"reported","soil_types":"reported","crop_groups":"not_provided","water_sources":"reported","water_availability":"reported","water_scarcity":"reported","irrigation_need_change":"reported","energy_sources":"reported","production_level":"reported","coop_member":"reported","homes_trad_food":"reported","seed_criteria":"reported","seed_sources":"reported","seed_challenges":"reported","traditional_seed_knowledge":"reported","soil_enhancers":"reported","chem_fertilizer_reliance":"reported","pest_control":"reported","pesticide_reliance":"reported","marketing_challenges":"reported","logistics_challenges":"reported","climate_change_noticed":"reported","climate_changes":"reported","climate_impacts":"reported","info_sources":"not_asked","raises_poultry":"reported","poultry_purpose":"not_asked","farmer_type":"reported","low_input_practices":"reported"}}},{"type":"Feature","id":"BQ-EVMY8C:beqaa_2026","geometry":{"type":"Point","coordinates":[35.65247,33.53123]},"properties":{"entity_type":"survey_respondent_public","respondent_id":"BQ-EVMY8C","instrument":"beqaa_2026","area_name_en":"Machghara","area_name_ar":"مشغرة","district_en":"West Bekaa","district_ar":"البقاع الغربي","location_basis":"residence_village","geom_origin":"osm_settlement_point","spatial_precision":"locality","anchor":[35.65414,33.53061],"display_offset_m":170,"c__owns_land":"yes","c__land_size_band":"lt_5_dunum","c__soil_types":"loamy","c__crop_groups":"olives","c__water_sources":"river","c__water_availability":"always","c__water_scarcity":"no","c__irrigation_need_change":"increase","c__energy_sources":"manual","c__production_level":"medium","c__coop_member":"no","c__homes_trad_food":"some","c__seed_criteria":"price","c__seed_sources":"other","c__seed_challenges":"high_cost","c__traditional_seed_knowledge":"no","c__soil_enhancers":"chemical","c__chem_fertilizer_reliance":"partial","c__pest_control":"chemical","c__pesticide_reliance":"partial","c__marketing_challenges":"low_prices","c__logistics_challenges":"high_transport_cost","c__climate_change_noticed":"yes","c__climate_changes":"temperature_rise","c__climate_impacts":"production_decrease","c__raises_poultry":"no","c__farmer_type":"type_b","c__low_input_practices":"yes","values":{"owns_land":"yes","land_size_band":"lt_5_dunum","soil_types":["loamy"],"crop_groups":["olives"],"water_sources":["river"],"water_availability":"always","water_scarcity":"no","irrigation_need_change":"increase","energy_sources":["manual"],"production_level":"medium","coop_member":"no","homes_trad_food":"some","seed_criteria":["price","productivity"],"seed_sources":["other"],"seed_challenges":["high_cost"],"traditional_seed_knowledge":"no","soil_enhancers":["chemical","compost","manure"],"chem_fertilizer_reliance":"partial","pest_control":["chemical"],"pesticide_reliance":"partial","marketing_challenges":["low_prices"],"logistics_challenges":["high_transport_cost"],"climate_change_noticed":"yes","climate_changes":["temperature_rise","rainfall_decrease","heatwaves"],"climate_impacts":["production_decrease"],"info_sources":null,"raises_poultry":"no","poultry_purpose":null,"farmer_type":"type_b","low_input_practices":"yes"},"status":{"owns_land":"reported","land_size_band":"reported","soil_types":"reported","crop_groups":"reported","water_sources":"reported","water_availability":"reported","water_scarcity":"reported","irrigation_need_change":"reported","energy_sources":"reported","production_level":"reported","coop_member":"reported","homes_trad_food":"reported","seed_criteria":"reported","seed_sources":"reported","seed_challenges":"reported","traditional_seed_knowledge":"reported","soil_enhancers":"reported","chem_fertilizer_reliance":"reported","pest_control":"reported","pesticide_reliance":"reported","marketing_challenges":"reported","logistics_challenges":"reported","climate_change_noticed":"reported","climate_changes":"reported","climate_impacts":"reported","info_sources":"not_asked","raises_poultry":"reported","poultry_purpose":"not_asked","farmer_type":"reported","low_input_practices":"reported"}}},{"type":"Feature","id":"BQ-F3ZXK8:beqaa_2026","geometry":{"type":"Point","coordinates":[36.01424,33.85142]},"properties":{"entity_type":"survey_respondent_public","respondent_id":"BQ-F3ZXK8","instrument":"beqaa_2026","area_name_en":"Riyaq","area_name_ar":"رياق","district_en":"Zahle","district_ar":"زحلة","location_basis":"farm_area_reported","geom_origin":"osm_settlement_point","spatial_precision":"locality","anchor":[36.01419,33.8522],"display_offset_m":87,"c__owns_land":"yes","c__land_size_band":"lt_5_dunum","c__soil_types":"loamy","c__crop_groups":"vegetables","c__water_sources":"canal","c__water_availability":"sometimes","c__water_scarcity":"yes","c__irrigation_need_change":"increase","c__energy_sources":"manual","c__production_level":"small","c__coop_member":"no","c__homes_trad_food":"most","c__seed_criteria":"price","c__seed_sources":"shop","c__seed_challenges":"high_cost","c__traditional_seed_knowledge":"no","c__soil_enhancers":"chemical","c__chem_fertilizer_reliance":"total","c__pest_control":"chemical","c__pesticide_reliance":"total","c__marketing_challenges":"low_prices","c__logistics_challenges":"high_transport_cost","c__climate_change_noticed":"yes","c__climate_changes":"temperature_rise","c__climate_impacts":"production_decrease","c__raises_poultry":"no","c__farmer_type":"type_a","c__low_input_practices":"no","values":{"owns_land":"yes","land_size_band":"lt_5_dunum","soil_types":["loamy"],"crop_groups":["vegetables"],"water_sources":["canal"],"water_availability":"sometimes","water_scarcity":"yes","irrigation_need_change":"increase","energy_sources":["manual"],"production_level":"small","coop_member":"no","homes_trad_food":"most","seed_criteria":["price","productivity"],"seed_sources":["shop"],"seed_challenges":["high_cost"],"traditional_seed_knowledge":"no","soil_enhancers":["chemical"],"chem_fertilizer_reliance":"total","pest_control":["chemical"],"pesticide_reliance":"total","marketing_challenges":["low_prices"],"logistics_challenges":["high_transport_cost"],"climate_change_noticed":"yes","climate_changes":["temperature_rise","rainfall_decrease","heatwaves"],"climate_impacts":["production_decrease"],"info_sources":null,"raises_poultry":"no","poultry_purpose":null,"farmer_type":"type_a","low_input_practices":"no"},"status":{"owns_land":"reported","land_size_band":"reported","soil_types":"reported","crop_groups":"reported","water_sources":"reported","water_availability":"reported","water_scarcity":"reported","irrigation_need_change":"reported","energy_sources":"reported","production_level":"reported","coop_member":"reported","homes_trad_food":"reported","seed_criteria":"reported","seed_sources":"reported","seed_challenges":"reported","traditional_seed_knowledge":"reported","soil_enhancers":"reported","chem_fertilizer_reliance":"reported","pest_control":"reported","pesticide_reliance":"reported","marketing_challenges":"reported","logistics_challenges":"reported","climate_change_noticed":"reported","climate_changes":"reported","climate_impacts":"reported","info_sources":"not_asked","raises_poultry":"reported","poultry_purpose":"not_asked","farmer_type":"reported","low_input_practices":"reported"}}},{"type":"Feature","id":"BQ-FFX527:beqaa_2026","geometry":{"type":"Point","coordinates":[36.35708,34.1955]},"properties":{"entity_type":"survey_respondent_public","respondent_id":"BQ-FFX527","instrument":"beqaa_2026","area_name_en":"Laboueh","area_name_ar":"لبوة","district_en":"Baalbek","district_ar":"بعلبك","location_basis":"residence_village","geom_origin":"osm_settlement_point","spatial_precision":"locality","anchor":[36.35708,34.1955],"display_offset_m":0,"c__owns_land":"yes","c__land_size_band":"gt_2_ha","c__soil_types":"clay","c__crop_groups":"apples_pears","c__water_sources":"river","c__water_availability":"always","c__water_scarcity":"no","c__irrigation_need_change":"decrease","c__energy_sources":"diesel","c__production_level":"large","c__coop_member":"no","c__homes_trad_food":"few","c__seed_criteria":"productivity","c__seed_sources":"shop","c__seed_challenges":"unsuitable","c__traditional_seed_knowledge":"no","c__soil_enhancers":"chemical","c__chem_fertilizer_reliance":"partial","c__pest_control":"chemical","c__pesticide_reliance":"partial","c__marketing_challenges":"low_prices","c__logistics_challenges":"no_paved_roads","c__climate_change_noticed":"yes","c__climate_changes":"temperature_rise","c__climate_impacts":"production_decrease","c__raises_poultry":"no","c__farmer_type":"type_b","c__low_input_practices":"yes","values":{"owns_land":"yes","land_size_band":"gt_2_ha","soil_types":["clay"],"crop_groups":["apples_pears","stone_fruits"],"water_sources":["river"],"water_availability":"always","water_scarcity":"no","irrigation_need_change":"decrease","energy_sources":["diesel"],"production_level":"large","coop_member":"no","homes_trad_food":"few","seed_criteria":["productivity","pest_resistance"],"seed_sources":["shop"],"seed_challenges":["unsuitable"],"traditional_seed_knowledge":"no","soil_enhancers":["chemical","compost","biofertilizer","manure"],"chem_fertilizer_reliance":"partial","pest_control":["chemical","biological"],"pesticide_reliance":"partial","marketing_challenges":["low_prices","poor_packaging"],"logistics_challenges":["no_paved_roads","no_transport"],"climate_change_noticed":"yes","climate_changes":["temperature_rise","rainfall_decrease","heatwaves","frost"],"climate_impacts":["production_decrease","season_delay","pests_diseases"],"info_sources":null,"raises_poultry":"no","poultry_purpose":null,"farmer_type":"type_b","low_input_practices":"yes"},"status":{"owns_land":"reported","land_size_band":"reported","soil_types":"reported","crop_groups":"reported","water_sources":"reported","water_availability":"reported","water_scarcity":"reported","irrigation_need_change":"reported","energy_sources":"reported","production_level":"reported","coop_member":"reported","homes_trad_food":"reported","seed_criteria":"reported","seed_sources":"reported","seed_challenges":"reported","traditional_seed_knowledge":"reported","soil_enhancers":"reported","chem_fertilizer_reliance":"reported","pest_control":"reported","pesticide_reliance":"reported","marketing_challenges":"reported","logistics_challenges":"reported","climate_change_noticed":"reported","climate_changes":"reported","climate_impacts":"reported","info_sources":"not_asked","raises_poultry":"reported","poultry_purpose":"not_asked","farmer_type":"reported","low_input_practices":"reported"}}},{"type":"Feature","id":"BQ-FTVDCY:beqaa_2026","geometry":{"type":"Point","coordinates":[35.98479,33.81826]},"properties":{"entity_type":"survey_respondent_public","respondent_id":"BQ-FTVDCY","instrument":"beqaa_2026","area_name_en":"Terbol Zahleh","area_name_ar":"تربل","district_en":"Zahle","district_ar":"زحلة","location_basis":"residence_village","geom_origin":"osm_settlement_point","spatial_precision":"locality","anchor":[35.98479,33.81826],"display_offset_m":0,"c__owns_land":"yes","c__land_size_band":"gt_1_ha","c__soil_types":"clay","c__crop_groups":"vegetables","c__water_sources":"rain","c__water_availability":"sometimes","c__water_scarcity":"yes","c__irrigation_need_change":"increase","c__energy_sources":"diesel","c__production_level":"small","c__coop_member":"no","c__seed_criteria":"price","c__seed_sources":"shop","c__seed_challenges":"high_cost","c__traditional_seed_knowledge":"no","c__soil_enhancers":"chemical","c__chem_fertilizer_reliance":"partial","c__pest_control":"chemical","c__pesticide_reliance":"total","c__marketing_challenges":"other","c__logistics_challenges":"high_transport_cost","c__climate_change_noticed":"yes","c__climate_changes":"temperature_rise","c__climate_impacts":"season_delay","c__raises_poultry":"no","c__farmer_type":"type_a","c__low_input_practices":"yes","values":{"owns_land":"yes","land_size_band":"gt_1_ha","soil_types":["clay"],"crop_groups":["vegetables"],"water_sources":["rain","well"],"water_availability":"sometimes","water_scarcity":"yes","irrigation_need_change":"increase","energy_sources":["diesel"],"production_level":"small","coop_member":"no","homes_trad_food":null,"seed_criteria":["price"],"seed_sources":["shop"],"seed_challenges":["high_cost"],"traditional_seed_knowledge":"no","soil_enhancers":["chemical","manure"],"chem_fertilizer_reliance":"partial","pest_control":["chemical"],"pesticide_reliance":"total","marketing_challenges":["other"],"logistics_challenges":["high_transport_cost"],"climate_change_noticed":"yes","climate_changes":["temperature_rise"],"climate_impacts":["season_delay"],"info_sources":null,"raises_poultry":"no","poultry_purpose":null,"farmer_type":"type_a","low_input_practices":"yes"},"status":{"owns_land":"reported","land_size_band":"reported","soil_types":"reported","crop_groups":"reported","water_sources":"reported","water_availability":"reported","water_scarcity":"reported","irrigation_need_change":"reported","energy_sources":"reported","production_level":"reported","coop_member":"reported","homes_trad_food":"not_provided","seed_criteria":"reported","seed_sources":"reported","seed_challenges":"reported","traditional_seed_knowledge":"reported","soil_enhancers":"reported","chem_fertilizer_reliance":"reported","pest_control":"reported","pesticide_reliance":"reported","marketing_challenges":"reported","logistics_challenges":"reported","climate_change_noticed":"reported","climate_changes":"reported","climate_impacts":"reported","info_sources":"not_asked","raises_poultry":"reported","poultry_purpose":"not_asked","farmer_type":"reported","low_input_practices":"reported"}}},{"type":"Feature","id":"BQ-GK3GDN:beqaa_2026","geometry":{"type":"Point","coordinates":[35.65491,33.52914]},"properties":{"entity_type":"survey_respondent_public","respondent_id":"BQ-GK3GDN","instrument":"beqaa_2026","area_name_en":"Machghara","area_name_ar":"مشغرة","district_en":"West Bekaa","district_ar":"البقاع الغربي","location_basis":"residence_village","geom_origin":"osm_settlement_point","spatial_precision":"locality","anchor":[35.65414,33.53061],"display_offset_m":178,"c__owns_land":"yes","c__land_size_band":"lt_5_dunum","c__soil_types":"sandy","c__crop_groups":"apples_pears","c__water_sources":"tanker","c__water_availability":"rarely","c__water_scarcity":"yes","c__irrigation_need_change":"no_change","c__energy_sources":"diesel","c__production_level":"small","c__coop_member":"no","c__homes_trad_food":"some","c__seed_criteria":"price","c__seed_sources":"own_harvest","c__seed_challenges":"high_cost","c__traditional_seed_knowledge":"no","c__soil_enhancers":"chemical","c__chem_fertilizer_reliance":"partial","c__pest_control":"biological","c__pesticide_reliance":"not_used","c__marketing_challenges":"low_prices","c__logistics_challenges":"no_transport","c__climate_change_noticed":"yes","c__climate_changes":"temperature_rise","c__climate_impacts":"pests_diseases","c__raises_poultry":"no","c__farmer_type":"type_b","c__low_input_practices":"yes","values":{"owns_land":"yes","land_size_band":"lt_5_dunum","soil_types":["sandy"],"crop_groups":["apples_pears","stone_fruits"],"water_sources":["tanker"],"water_availability":"rarely","water_scarcity":"yes","irrigation_need_change":"no_change","energy_sources":["diesel"],"production_level":"small","coop_member":"no","homes_trad_food":"some","seed_criteria":["price"],"seed_sources":["own_harvest"],"seed_challenges":["high_cost"],"traditional_seed_knowledge":"no","soil_enhancers":["chemical"],"chem_fertilizer_reliance":"partial","pest_control":["biological"],"pesticide_reliance":"not_used","marketing_challenges":["low_prices"],"logistics_challenges":["no_transport"],"climate_change_noticed":"yes","climate_changes":["temperature_rise","rainfall_decrease","heatwaves"],"climate_impacts":["pests_diseases"],"info_sources":null,"raises_poultry":"no","poultry_purpose":null,"farmer_type":"type_b","low_input_practices":"yes"},"status":{"owns_land":"reported","land_size_band":"reported","soil_types":"reported","crop_groups":"reported","water_sources":"reported","water_availability":"reported","water_scarcity":"reported","irrigation_need_change":"reported","energy_sources":"reported","production_level":"reported","coop_member":"reported","homes_trad_food":"reported","seed_criteria":"reported","seed_sources":"reported","seed_challenges":"reported","traditional_seed_knowledge":"reported","soil_enhancers":"reported","chem_fertilizer_reliance":"reported","pest_control":"reported","pesticide_reliance":"reported","marketing_challenges":"reported","logistics_challenges":"reported","climate_change_noticed":"reported","climate_changes":"reported","climate_impacts":"reported","info_sources":"not_asked","raises_poultry":"reported","poultry_purpose":"not_asked","farmer_type":"reported","low_input_practices":"reported"}}},{"type":"Feature","id":"BQ-H8AB8M:beqaa_2026","geometry":{"type":"Point","coordinates":[36.01489,33.85292]},"properties":{"entity_type":"survey_respondent_public","respondent_id":"BQ-H8AB8M","instrument":"beqaa_2026","area_name_en":"Riyaq","area_name_ar":"رياق","district_en":"Zahle","district_ar":"زحلة","location_basis":"residence_village","geom_origin":"osm_settlement_point","spatial_precision":"locality","anchor":[36.01419,33.8522],"display_offset_m":103,"c__owns_land":"yes","c__land_size_band":"lt_1_ha","c__soil_types":"clay","c__crop_groups":"vegetables","c__water_sources":"rain","c__water_availability":"sometimes","c__water_scarcity":"yes","c__irrigation_need_change":"increase","c__energy_sources":"diesel","c__production_level":"small","c__coop_member":"no","c__seed_criteria":"price","c__seed_sources":"shop","c__seed_challenges":"high_cost","c__traditional_seed_knowledge":"no","c__soil_enhancers":"chemical","c__chem_fertilizer_reliance":"partial","c__pest_control":"chemical","c__pesticide_reliance":"total","c__marketing_challenges":"low_prices","c__logistics_challenges":"high_transport_cost","c__climate_change_noticed":"yes","c__climate_changes":"temperature_rise","c__climate_impacts":"production_decrease","c__raises_poultry":"no","c__farmer_type":"type_a","c__low_input_practices":"yes","values":{"owns_land":"yes","land_size_band":"lt_1_ha","soil_types":["clay"],"crop_groups":["vegetables"],"water_sources":["rain","well"],"water_availability":"sometimes","water_scarcity":"yes","irrigation_need_change":"increase","energy_sources":["diesel"],"production_level":"small","coop_member":"no","homes_trad_food":null,"seed_criteria":["price"],"seed_sources":["shop"],"seed_challenges":["high_cost"],"traditional_seed_knowledge":"no","soil_enhancers":["chemical","manure"],"chem_fertilizer_reliance":"partial","pest_control":["chemical"],"pesticide_reliance":"total","marketing_challenges":["low_prices"],"logistics_challenges":["high_transport_cost"],"climate_change_noticed":"yes","climate_changes":["temperature_rise","heatwaves"],"climate_impacts":["production_decrease"],"info_sources":null,"raises_poultry":"no","poultry_purpose":null,"farmer_type":"type_a","low_input_practices":"yes"},"status":{"owns_land":"reported","land_size_band":"reported","soil_types":"reported","crop_groups":"reported","water_sources":"reported","water_availability":"reported","water_scarcity":"reported","irrigation_need_change":"reported","energy_sources":"reported","production_level":"reported","coop_member":"reported","homes_trad_food":"not_provided","seed_criteria":"reported","seed_sources":"reported","seed_challenges":"reported","traditional_seed_knowledge":"reported","soil_enhancers":"reported","chem_fertilizer_reliance":"reported","pest_control":"reported","pesticide_reliance":"reported","marketing_challenges":"reported","logistics_challenges":"reported","climate_change_noticed":"reported","climate_changes":"reported","climate_impacts":"reported","info_sources":"not_asked","raises_poultry":"reported","poultry_purpose":"not_asked","farmer_type":"reported","low_input_practices":"reported"}}},{"type":"Feature","id":"BQ-KGBARD:beqaa_2026","geometry":{"type":"Point","coordinates":[36.02644,33.85728]},"properties":{"entity_type":"survey_respondent_public","respondent_id":"BQ-KGBARD","instrument":"beqaa_2026","area_name_en":"Aali En-Nahri","area_name_ar":"علي النهري","district_en":"Zahle","district_ar":"زحلة","location_basis":"residence_village","geom_origin":"osm_settlement_point","spatial_precision":"locality","anchor":[36.02644,33.85728],"display_offset_m":0,"c__owns_land":"yes","c__land_size_band":"gt_2_ha","c__soil_types":"clay","c__crop_groups":"vegetables","c__water_sources":"rain","c__water_availability":"sometimes","c__water_scarcity":"yes","c__irrigation_need_change":"increase","c__energy_sources":"diesel","c__production_level":"medium","c__coop_member":"no","c__seed_criteria":"price","c__seed_sources":"shop","c__seed_challenges":"high_cost","c__traditional_seed_knowledge":"no","c__soil_enhancers":"chemical","c__chem_fertilizer_reliance":"partial","c__pest_control":"chemical","c__pesticide_reliance":"total","c__marketing_challenges":"low_prices","c__logistics_challenges":"high_transport_cost","c__climate_change_noticed":"yes","c__climate_changes":"temperature_rise","c__climate_impacts":"production_decrease","c__raises_poultry":"no","c__farmer_type":"type_a","c__low_input_practices":"yes","values":{"owns_land":"yes","land_size_band":"gt_2_ha","soil_types":["clay"],"crop_groups":["vegetables","legumes"],"water_sources":["rain","well"],"water_availability":"sometimes","water_scarcity":"yes","irrigation_need_change":"increase","energy_sources":["diesel"],"production_level":"medium","coop_member":"no","homes_trad_food":null,"seed_criteria":["price"],"seed_sources":["shop"],"seed_challenges":["high_cost"],"traditional_seed_knowledge":"no","soil_enhancers":["chemical","manure"],"chem_fertilizer_reliance":"partial","pest_control":["chemical"],"pesticide_reliance":"total","marketing_challenges":["low_prices"],"logistics_challenges":["high_transport_cost"],"climate_change_noticed":"yes","climate_changes":["temperature_rise","heatwaves"],"climate_impacts":["production_decrease"],"info_sources":null,"raises_poultry":"no","poultry_purpose":null,"farmer_type":"type_a","low_input_practices":"yes"},"status":{"owns_land":"reported","land_size_band":"reported","soil_types":"reported","crop_groups":"reported","water_sources":"reported","water_availability":"reported","water_scarcity":"reported","irrigation_need_change":"reported","energy_sources":"reported","production_level":"reported","coop_member":"reported","homes_trad_food":"not_provided","seed_criteria":"reported","seed_sources":"reported","seed_challenges":"reported","traditional_seed_knowledge":"reported","soil_enhancers":"reported","chem_fertilizer_reliance":"reported","pest_control":"reported","pesticide_reliance":"reported","marketing_challenges":"reported","logistics_challenges":"reported","climate_change_noticed":"reported","climate_changes":"reported","climate_impacts":"reported","info_sources":"not_asked","raises_poultry":"reported","poultry_purpose":"not_asked","farmer_type":"reported","low_input_practices":"reported"}}},{"type":"Feature","id":"BQ-N57CFP:beqaa_2026","geometry":{"type":"Point","coordinates":[35.65479,33.5322]},"properties":{"entity_type":"survey_respondent_public","respondent_id":"BQ-N57CFP","instrument":"beqaa_2026","area_name_en":"Machghara","area_name_ar":"مشغرة","district_en":"West Bekaa","district_ar":"البقاع الغربي","location_basis":"residence_village","geom_origin":"osm_settlement_point","spatial_precision":"locality","anchor":[35.65414,33.53061],"display_offset_m":187,"c__owns_land":"yes","c__land_size_band":"lt_1_ha","c__soil_types":"loamy","c__crop_groups":"olives","c__water_sources":"river","c__water_availability":"always","c__water_scarcity":"no","c__irrigation_need_change":"increase","c__energy_sources":"grid","c__production_level":"small","c__coop_member":"no","c__homes_trad_food":"some","c__seed_criteria":"price","c__seed_sources":"shop","c__seed_challenges":"high_cost","c__traditional_seed_knowledge":"no","c__soil_enhancers":"chemical","c__chem_fertilizer_reliance":"partial","c__pest_control":"chemical","c__pesticide_reliance":"partial","c__marketing_challenges":"low_prices","c__logistics_challenges":"high_transport_cost","c__climate_change_noticed":"yes","c__climate_changes":"temperature_rise","c__climate_impacts":"production_decrease","c__raises_poultry":"no","c__farmer_type":"type_b","c__low_input_practices":"yes","values":{"owns_land":"yes","land_size_band":"lt_1_ha","soil_types":["loamy"],"crop_groups":["olives","apples_pears"],"water_sources":["river"],"water_availability":"always","water_scarcity":"no","irrigation_need_change":"increase","energy_sources":["grid"],"production_level":"small","coop_member":"no","homes_trad_food":"some","seed_criteria":["price","productivity"],"seed_sources":["shop"],"seed_challenges":["high_cost"],"traditional_seed_knowledge":"no","soil_enhancers":["chemical","compost"],"chem_fertilizer_reliance":"partial","pest_control":["chemical"],"pesticide_reliance":"partial","marketing_challenges":["low_prices"],"logistics_challenges":["high_transport_cost"],"climate_change_noticed":"yes","climate_changes":["temperature_rise","rainfall_decrease"],"climate_impacts":["production_decrease"],"info_sources":null,"raises_poultry":"no","poultry_purpose":null,"farmer_type":"type_b","low_input_practices":"yes"},"status":{"owns_land":"reported","land_size_band":"reported","soil_types":"reported","crop_groups":"reported","water_sources":"reported","water_availability":"reported","water_scarcity":"reported","irrigation_need_change":"reported","energy_sources":"reported","production_level":"reported","coop_member":"reported","homes_trad_food":"reported","seed_criteria":"reported","seed_sources":"reported","seed_challenges":"reported","traditional_seed_knowledge":"reported","soil_enhancers":"reported","chem_fertilizer_reliance":"reported","pest_control":"reported","pesticide_reliance":"reported","marketing_challenges":"reported","logistics_challenges":"reported","climate_change_noticed":"reported","climate_changes":"reported","climate_impacts":"reported","info_sources":"not_asked","raises_poultry":"reported","poultry_purpose":"not_asked","farmer_type":"reported","low_input_practices":"reported"}}},{"type":"Feature","id":"BQ-NA22NX:beqaa_2026","geometry":{"type":"Point","coordinates":[35.95821,33.81871]},"properties":{"entity_type":"survey_respondent_public","respondent_id":"BQ-NA22NX","instrument":"beqaa_2026","area_name_en":"Dalhamiyet Zahleh","area_name_ar":"دلهميه","district_en":"Zahle","district_ar":"زحلة","location_basis":"residence_village","geom_origin":"osm_settlement_point","spatial_precision":"locality","anchor":[35.95821,33.81871],"display_offset_m":0,"c__owns_land":"yes","c__land_size_band":"gt_2_ha","c__soil_types":"loamy","c__crop_groups":"vegetables","c__water_sources":"well","c__water_availability":"sometimes","c__water_scarcity":"yes","c__irrigation_need_change":"increase","c__energy_sources":"diesel","c__production_level":"medium","c__coop_member":"no","c__homes_trad_food":"almost_all","c__seed_criteria":"price","c__seed_sources":"shop","c__seed_challenges":"high_cost","c__traditional_seed_knowledge":"no","c__soil_enhancers":"chemical","c__chem_fertilizer_reliance":"total","c__pest_control":"chemical","c__pesticide_reliance":"total","c__marketing_challenges":"low_prices","c__logistics_challenges":"high_transport_cost","c__climate_change_noticed":"yes","c__climate_changes":"temperature_rise","c__climate_impacts":"production_decrease","c__raises_poultry":"no","c__farmer_type":"type_a","c__low_input_practices":"yes","values":{"owns_land":"yes","land_size_band":"gt_2_ha","soil_types":["loamy"],"crop_groups":["vegetables"],"water_sources":["well"],"water_availability":"sometimes","water_scarcity":"yes","irrigation_need_change":"increase","energy_sources":["diesel"],"production_level":"medium","coop_member":"no","homes_trad_food":"almost_all","seed_criteria":["price","pest_resistance"],"seed_sources":["shop"],"seed_challenges":["high_cost"],"traditional_seed_knowledge":"no","soil_enhancers":["chemical","manure"],"chem_fertilizer_reliance":"total","pest_control":["chemical"],"pesticide_reliance":"total","marketing_challenges":["low_prices"],"logistics_challenges":["high_transport_cost"],"climate_change_noticed":"yes","climate_changes":["temperature_rise"],"climate_impacts":["production_decrease"],"info_sources":null,"raises_poultry":"no","poultry_purpose":null,"farmer_type":"type_a","low_input_practices":"yes"},"status":{"owns_land":"reported","land_size_band":"reported","soil_types":"reported","crop_groups":"reported","water_sources":"reported","water_availability":"reported","water_scarcity":"reported","irrigation_need_change":"reported","energy_sources":"reported","production_level":"reported","coop_member":"reported","homes_trad_food":"reported","seed_criteria":"reported","seed_sources":"reported","seed_challenges":"reported","traditional_seed_knowledge":"reported","soil_enhancers":"reported","chem_fertilizer_reliance":"reported","pest_control":"reported","pesticide_reliance":"reported","marketing_challenges":"reported","logistics_challenges":"reported","climate_change_noticed":"reported","climate_changes":"reported","climate_impacts":"reported","info_sources":"not_asked","raises_poultry":"reported","poultry_purpose":"not_asked","farmer_type":"reported","low_input_practices":"reported"}}},{"type":"Feature","id":"BQ-QQ3ESH:beqaa_2026","geometry":{"type":"Point","coordinates":[35.6523,33.52977]},"properties":{"entity_type":"survey_respondent_public","respondent_id":"BQ-QQ3ESH","instrument":"beqaa_2026","area_name_en":"Machghara","area_name_ar":"مشغرة","district_en":"West Bekaa","district_ar":"البقاع الغربي","location_basis":"residence_village","geom_origin":"osm_settlement_point","spatial_precision":"locality","anchor":[35.65414,33.53061],"display_offset_m":194,"c__owns_land":"yes","c__land_size_band":"lt_5_dunum","c__soil_types":"sandy","c__crop_groups":"apples_pears","c__water_sources":"canal","c__water_availability":"sometimes","c__water_scarcity":"yes","c__irrigation_need_change":"increase","c__energy_sources":"manual","c__production_level":"small","c__coop_member":"no","c__homes_trad_food":"almost_all","c__seed_criteria":"price","c__seed_sources":"shop","c__seed_challenges":"low_availability","c__traditional_seed_knowledge":"no","c__soil_enhancers":"chemical","c__chem_fertilizer_reliance":"partial","c__pest_control":"chemical","c__pesticide_reliance":"total","c__marketing_challenges":"far_markets","c__logistics_challenges":"high_transport_cost","c__climate_change_noticed":"yes","c__climate_changes":"temperature_rise","c__climate_impacts":"production_decrease","c__raises_poultry":"no","c__farmer_type":"type_b","c__low_input_practices":"no","values":{"owns_land":"yes","land_size_band":"lt_5_dunum","soil_types":["sandy"],"crop_groups":["apples_pears"],"water_sources":["canal"],"water_availability":"sometimes","water_scarcity":"yes","irrigation_need_change":"increase","energy_sources":["manual"],"production_level":"small","coop_member":"no","homes_trad_food":"almost_all","seed_criteria":["price","productivity","pest_resistance"],"seed_sources":["shop"],"seed_challenges":["low_availability"],"traditional_seed_knowledge":"no","soil_enhancers":["chemical"],"chem_fertilizer_reliance":"partial","pest_control":["chemical"],"pesticide_reliance":"total","marketing_challenges":["far_markets"],"logistics_challenges":["high_transport_cost","no_paved_roads"],"climate_change_noticed":"yes","climate_changes":["temperature_rise","rainfall_decrease"],"climate_impacts":["production_decrease"],"info_sources":null,"raises_poultry":"no","poultry_purpose":null,"farmer_type":"type_b","low_input_practices":"no"},"status":{"owns_land":"reported","land_size_band":"reported","soil_types":"reported","crop_groups":"reported","water_sources":"reported","water_availability":"reported","water_scarcity":"reported","irrigation_need_change":"reported","energy_sources":"reported","production_level":"reported","coop_member":"reported","homes_trad_food":"reported","seed_criteria":"reported","seed_sources":"reported","seed_challenges":"reported","traditional_seed_knowledge":"reported","soil_enhancers":"reported","chem_fertilizer_reliance":"reported","pest_control":"reported","pesticide_reliance":"reported","marketing_challenges":"reported","logistics_challenges":"reported","climate_change_noticed":"reported","climate_changes":"reported","climate_impacts":"reported","info_sources":"not_asked","raises_poultry":"reported","poultry_purpose":"not_asked","farmer_type":"reported","low_input_practices":"reported"}}},{"type":"Feature","id":"BQ-RDN5WC:beqaa_2026","geometry":{"type":"Point","coordinates":[35.65625,33.53017]},"properties":{"entity_type":"survey_respondent_public","respondent_id":"BQ-RDN5WC","instrument":"beqaa_2026","area_name_en":"Machghara","area_name_ar":"مشغرة","district_en":"West Bekaa","district_ar":"البقاع الغربي","location_basis":"residence_village","geom_origin":"osm_settlement_point","spatial_precision":"locality","anchor":[35.65414,33.53061],"display_offset_m":202,"c__owns_land":"yes","c__land_size_band":"gt_2_ha","c__soil_types":"clay","c__crop_groups":"other_fruits","c__water_sources":"canal","c__water_availability":"rarely","c__water_scarcity":"yes","c__irrigation_need_change":"increase","c__energy_sources":"manual","c__production_level":"medium","c__coop_member":"no","c__homes_trad_food":"few","c__seed_criteria":"productivity","c__seed_sources":"other","c__seed_challenges":"unreliable_suppliers","c__traditional_seed_knowledge":"no","c__soil_enhancers":"chemical","c__chem_fertilizer_reliance":"partial","c__pest_control":"chemical","c__pesticide_reliance":"total","c__marketing_challenges":"low_prices","c__logistics_challenges":"high_transport_cost","c__climate_change_noticed":"yes","c__climate_changes":"temperature_rise","c__climate_impacts":"production_decrease","c__raises_poultry":"no","c__farmer_type":"type_b","c__low_input_practices":"yes","values":{"owns_land":"yes","land_size_band":"gt_2_ha","soil_types":["clay"],"crop_groups":["other_fruits","cereals_fodder"],"water_sources":["canal"],"water_availability":"rarely","water_scarcity":"yes","irrigation_need_change":"increase","energy_sources":["manual"],"production_level":"medium","coop_member":"no","homes_trad_food":"few","seed_criteria":["productivity","pest_resistance"],"seed_sources":["other"],"seed_challenges":["unreliable_suppliers"],"traditional_seed_knowledge":"no","soil_enhancers":["chemical","compost"],"chem_fertilizer_reliance":"partial","pest_control":["chemical","physical"],"pesticide_reliance":"total","marketing_challenges":["low_prices"],"logistics_challenges":["high_transport_cost"],"climate_change_noticed":"yes","climate_changes":["temperature_rise","rainfall_decrease","other"],"climate_impacts":["production_decrease","pests_diseases"],"info_sources":null,"raises_poultry":"no","poultry_purpose":null,"farmer_type":"type_b","low_input_practices":"yes"},"status":{"owns_land":"reported","land_size_band":"reported","soil_types":"reported","crop_groups":"reported","water_sources":"reported","water_availability":"reported","water_scarcity":"reported","irrigation_need_change":"reported","energy_sources":"reported","production_level":"reported","coop_member":"reported","homes_trad_food":"reported","seed_criteria":"reported","seed_sources":"reported","seed_challenges":"reported","traditional_seed_knowledge":"reported","soil_enhancers":"reported","chem_fertilizer_reliance":"reported","pest_control":"reported","pesticide_reliance":"reported","marketing_challenges":"reported","logistics_challenges":"reported","climate_change_noticed":"reported","climate_changes":"reported","climate_impacts":"reported","info_sources":"not_asked","raises_poultry":"reported","poultry_purpose":"not_asked","farmer_type":"reported","low_input_practices":"reported"}}},{"type":"Feature","id":"BQ-TBAMKK:beqaa_2026","geometry":{"type":"Point","coordinates":[36.11089,33.87268]},"properties":{"entity_type":"survey_respondent_public","respondent_id":"BQ-TBAMKK","instrument":"beqaa_2026","area_name_en":"Nabi Chit","area_name_ar":"نبي شيت","district_en":"Baalbek","district_ar":"بعلبك","location_basis":"residence_village","geom_origin":"osm_settlement_point","spatial_precision":"locality","anchor":[36.11089,33.87268],"display_offset_m":0,"c__owns_land":"yes","c__land_size_band":"gt_2_ha","c__soil_types":"clay","c__crop_groups":"vegetables","c__water_sources":"rain","c__water_availability":"sometimes","c__water_scarcity":"yes","c__irrigation_need_change":"increase","c__energy_sources":"diesel","c__production_level":"medium","c__coop_member":"no","c__seed_criteria":"price","c__seed_sources":"shop","c__seed_challenges":"high_cost","c__traditional_seed_knowledge":"yes","c__soil_enhancers":"chemical","c__chem_fertilizer_reliance":"partial","c__pest_control":"chemical","c__pesticide_reliance":"total","c__marketing_challenges":"low_prices","c__logistics_challenges":"high_transport_cost","c__climate_change_noticed":"yes","c__climate_changes":"temperature_rise","c__climate_impacts":"production_decrease","c__raises_poultry":"no","c__farmer_type":"type_a","c__low_input_practices":"yes","values":{"owns_land":"yes","land_size_band":"gt_2_ha","soil_types":["clay"],"crop_groups":["vegetables"],"water_sources":["rain","well"],"water_availability":"sometimes","water_scarcity":"yes","irrigation_need_change":"increase","energy_sources":["diesel"],"production_level":"medium","coop_member":"no","homes_trad_food":null,"seed_criteria":["price"],"seed_sources":["shop"],"seed_challenges":["high_cost"],"traditional_seed_knowledge":"yes","soil_enhancers":["chemical","compost","manure"],"chem_fertilizer_reliance":"partial","pest_control":["chemical"],"pesticide_reliance":"total","marketing_challenges":["low_prices"],"logistics_challenges":["high_transport_cost"],"climate_change_noticed":"yes","climate_changes":["temperature_rise","heatwaves"],"climate_impacts":["production_decrease","pests_diseases"],"info_sources":null,"raises_poultry":"no","poultry_purpose":null,"farmer_type":"type_a","low_input_practices":"yes"},"status":{"owns_land":"reported","land_size_band":"reported","soil_types":"reported","crop_groups":"reported","water_sources":"reported","water_availability":"reported","water_scarcity":"reported","irrigation_need_change":"reported","energy_sources":"reported","production_level":"reported","coop_member":"reported","homes_trad_food":"not_provided","seed_criteria":"reported","seed_sources":"reported","seed_challenges":"reported","traditional_seed_knowledge":"reported","soil_enhancers":"reported","chem_fertilizer_reliance":"reported","pest_control":"reported","pesticide_reliance":"reported","marketing_challenges":"reported","logistics_challenges":"reported","climate_change_noticed":"reported","climate_changes":"reported","climate_impacts":"reported","info_sources":"not_asked","raises_poultry":"reported","poultry_purpose":"not_asked","farmer_type":"reported","low_input_practices":"reported"}}},{"type":"Feature","id":"BQ-UJH5HC:beqaa_2026","geometry":{"type":"Point","coordinates":[35.65289,33.53218]},"properties":{"entity_type":"survey_respondent_public","respondent_id":"BQ-UJH5HC","instrument":"beqaa_2026","area_name_en":"Machghara","area_name_ar":"مشغرة","district_en":"West Bekaa","district_ar":"البقاع الغربي","location_basis":"residence_village","geom_origin":"osm_settlement_point","spatial_precision":"locality","anchor":[35.65414,33.53061],"display_offset_m":209,"c__owns_land":"yes","c__land_size_band":"lt_1_ha","c__soil_types":"loamy","c__crop_groups":"olives","c__water_sources":"river","c__water_availability":"sometimes","c__water_scarcity":"no","c__irrigation_need_change":"increase","c__energy_sources":"grid","c__production_level":"small","c__coop_member":"no","c__homes_trad_food":"some","c__seed_criteria":"productivity","c__seed_sources":"shop","c__seed_challenges":"low_availability","c__traditional_seed_knowledge":"no","c__soil_enhancers":"chemical","c__chem_fertilizer_reliance":"partial","c__pest_control":"chemical","c__pesticide_reliance":"partial","c__marketing_challenges":"low_prices","c__logistics_challenges":"high_transport_cost","c__climate_change_noticed":"yes","c__climate_changes":"temperature_rise","c__climate_impacts":"production_decrease","c__raises_poultry":"no","c__farmer_type":"type_b","c__low_input_practices":"yes","values":{"owns_land":"yes","land_size_band":"lt_1_ha","soil_types":["loamy"],"crop_groups":["olives","apples_pears"],"water_sources":["river"],"water_availability":"sometimes","water_scarcity":"no","irrigation_need_change":"increase","energy_sources":["grid"],"production_level":"small","coop_member":"no","homes_trad_food":"some","seed_criteria":["productivity","pest_resistance"],"seed_sources":["shop"],"seed_challenges":["low_availability","unsuitable"],"traditional_seed_knowledge":"no","soil_enhancers":["chemical","compost"],"chem_fertilizer_reliance":"partial","pest_control":["chemical"],"pesticide_reliance":"partial","marketing_challenges":["low_prices"],"logistics_challenges":["high_transport_cost","no_paved_roads"],"climate_change_noticed":"yes","climate_changes":["temperature_rise","rainfall_decrease","heatwaves"],"climate_impacts":["production_decrease","season_delay","pests_diseases"],"info_sources":null,"raises_poultry":"no","poultry_purpose":null,"farmer_type":"type_b","low_input_practices":"yes"},"status":{"owns_land":"reported","land_size_band":"reported","soil_types":"reported","crop_groups":"reported","water_sources":"reported","water_availability":"reported","water_scarcity":"reported","irrigation_need_change":"reported","energy_sources":"reported","production_level":"reported","coop_member":"reported","homes_trad_food":"reported","seed_criteria":"reported","seed_sources":"reported","seed_challenges":"reported","traditional_seed_knowledge":"reported","soil_enhancers":"reported","chem_fertilizer_reliance":"reported","pest_control":"reported","pesticide_reliance":"reported","marketing_challenges":"reported","logistics_challenges":"reported","climate_change_noticed":"reported","climate_changes":"reported","climate_impacts":"reported","info_sources":"not_asked","raises_poultry":"reported","poultry_purpose":"not_asked","farmer_type":"reported","low_input_practices":"reported"}}},{"type":"Feature","id":"BQ-WLF8NB:beqaa_2026","geometry":{"type":"Point","coordinates":[35.9025,33.84771]},"properties":{"entity_type":"survey_respondent_public","respondent_id":"BQ-WLF8NB","instrument":"beqaa_2026","area_name_en":"Zahle","area_name_ar":"زحلة","district_en":"Zahle","district_ar":"زحلة","location_basis":"residence_village","geom_origin":"osm_place_point","spatial_precision":"locality","anchor":[35.9025,33.84771],"display_offset_m":0,"c__owns_land":"yes","c__land_size_band":"lt_1_ha","c__soil_types":"clay","c__water_sources":"well","c__water_availability":"sometimes","c__water_scarcity":"yes","c__irrigation_need_change":"increase","c__energy_sources":"diesel","c__production_level":"large","c__coop_member":"no","c__homes_trad_food":"few","c__seed_criteria":"price","c__seed_sources":"shop","c__seed_challenges":"high_cost","c__traditional_seed_knowledge":"yes","c__soil_enhancers":"chemical","c__chem_fertilizer_reliance":"partial","c__pest_control":"chemical","c__pesticide_reliance":"total","c__marketing_challenges":"low_prices","c__logistics_challenges":"high_transport_cost","c__climate_change_noticed":"yes","c__climate_changes":"heatwaves","c__climate_impacts":"pests_diseases","c__raises_poultry":"no","c__farmer_type":"type_a","c__low_input_practices":"yes","values":{"owns_land":"yes","land_size_band":"lt_1_ha","soil_types":["clay"],"crop_groups":null,"water_sources":["well"],"water_availability":"sometimes","water_scarcity":"yes","irrigation_need_change":"increase","energy_sources":["diesel"],"production_level":"large","coop_member":"no","homes_trad_food":"few","seed_criteria":["price","productivity","pest_resistance"],"seed_sources":["shop"],"seed_challenges":["high_cost"],"traditional_seed_knowledge":"yes","soil_enhancers":["chemical","compost"],"chem_fertilizer_reliance":"partial","pest_control":["chemical"],"pesticide_reliance":"total","marketing_challenges":["low_prices"],"logistics_challenges":["high_transport_cost"],"climate_change_noticed":"yes","climate_changes":["heatwaves"],"climate_impacts":["pests_diseases"],"info_sources":null,"raises_poultry":"no","poultry_purpose":null,"farmer_type":"type_a","low_input_practices":"yes"},"status":{"owns_land":"reported","land_size_band":"reported","soil_types":"reported","crop_groups":"not_provided","water_sources":"reported","water_availability":"reported","water_scarcity":"reported","irrigation_need_change":"reported","energy_sources":"reported","production_level":"reported","coop_member":"reported","homes_trad_food":"reported","seed_criteria":"reported","seed_sources":"reported","seed_challenges":"reported","traditional_seed_knowledge":"reported","soil_enhancers":"reported","chem_fertilizer_reliance":"reported","pest_control":"reported","pesticide_reliance":"reported","marketing_challenges":"reported","logistics_challenges":"reported","climate_change_noticed":"reported","climate_changes":"reported","climate_impacts":"reported","info_sources":"not_asked","raises_poultry":"reported","poultry_purpose":"not_asked","farmer_type":"reported","low_input_practices":"reported"}}},{"type":"Feature","id":"BQ-XJHFL5:beqaa_2026","geometry":{"type":"Point","coordinates":[36.40299,34.24504]},"properties":{"entity_type":"survey_respondent_public","respondent_id":"BQ-XJHFL5","instrument":"beqaa_2026","area_name_en":"Fekehe","area_name_ar":"فاكهة","district_en":"Baalbek","district_ar":"بعلبك","location_basis":"residence_village","geom_origin":"osm_settlement_point","spatial_precision":"locality","anchor":[36.40299,34.24504],"display_offset_m":0,"c__owns_land":"yes","c__land_size_band":"lt_1_ha","c__soil_types":"clay","c__crop_groups":"vegetables","c__water_sources":"well","c__water_availability":"never","c__water_scarcity":"yes","c__irrigation_need_change":"decrease","c__energy_sources":"solar","c__production_level":"medium","c__coop_member":"yes","c__homes_trad_food":"almost_all","c__seed_criteria":"price","c__seed_sources":"shop","c__seed_challenges":"high_cost","c__traditional_seed_knowledge":"yes","c__soil_enhancers":"compost","c__chem_fertilizer_reliance":"partial","c__pest_control":"chemical","c__pesticide_reliance":"partial","c__marketing_challenges":"low_prices","c__logistics_challenges":"no_transport","c__climate_change_noticed":"yes","c__climate_changes":"temperature_rise","c__climate_impacts":"production_decrease","c__raises_poultry":"no","c__farmer_type":"type_b","c__low_input_practices":"yes","values":{"owns_land":"yes","land_size_band":"lt_1_ha","soil_types":["clay"],"crop_groups":["vegetables"],"water_sources":["well"],"water_availability":"never","water_scarcity":"yes","irrigation_need_change":"decrease","energy_sources":["solar"],"production_level":"medium","coop_member":"yes","homes_trad_food":"almost_all","seed_criteria":["price","pest_resistance"],"seed_sources":["shop"],"seed_challenges":["high_cost"],"traditional_seed_knowledge":"yes","soil_enhancers":["compost","biofertilizer"],"chem_fertilizer_reliance":"partial","pest_control":["chemical","physical"],"pesticide_reliance":"partial","marketing_challenges":["low_prices"],"logistics_challenges":["no_transport"],"climate_change_noticed":"yes","climate_changes":["temperature_rise","heatwaves"],"climate_impacts":["production_decrease","pests_diseases"],"info_sources":null,"raises_poultry":"no","poultry_purpose":null,"farmer_type":"type_b","low_input_practices":"yes"},"status":{"owns_land":"reported","land_size_band":"reported","soil_types":"reported","crop_groups":"reported","water_sources":"reported","water_availability":"reported","water_scarcity":"reported","irrigation_need_change":"reported","energy_sources":"reported","production_level":"reported","coop_member":"reported","homes_trad_food":"reported","seed_criteria":"reported","seed_sources":"reported","seed_challenges":"reported","traditional_seed_knowledge":"reported","soil_enhancers":"reported","chem_fertilizer_reliance":"reported","pest_control":"reported","pesticide_reliance":"reported","marketing_challenges":"reported","logistics_challenges":"reported","climate_change_noticed":"reported","climate_changes":"reported","climate_impacts":"reported","info_sources":"not_asked","raises_poultry":"reported","poultry_purpose":"not_asked","farmer_type":"reported","low_input_practices":"reported"}}},{"type":"Feature","id":"BQ-Z6KAJM:beqaa_2026","geometry":{"type":"Point","coordinates":[36.01294,33.85205]},"properties":{"entity_type":"survey_respondent_public","respondent_id":"BQ-Z6KAJM","instrument":"beqaa_2026","area_name_en":"Riyaq","area_name_ar":"رياق","district_en":"Zahle","district_ar":"زحلة","location_basis":"residence_village","geom_origin":"osm_settlement_point","spatial_precision":"locality","anchor":[36.01419,33.8522],"display_offset_m":117,"c__owns_land":"yes","c__land_size_band":"gt_1_ha","c__soil_types":"clay","c__crop_groups":"legumes","c__water_sources":"rain","c__water_availability":"sometimes","c__water_scarcity":"yes","c__irrigation_need_change":"increase","c__energy_sources":"diesel","c__production_level":"medium","c__coop_member":"yes","c__seed_criteria":"price","c__seed_sources":"shop","c__seed_challenges":"high_cost","c__traditional_seed_knowledge":"yes","c__soil_enhancers":"chemical","c__chem_fertilizer_reliance":"partial","c__pest_control":"biological","c__pesticide_reliance":"total","c__marketing_challenges":"low_prices","c__logistics_challenges":"high_transport_cost","c__climate_change_noticed":"yes","c__climate_changes":"temperature_rise","c__climate_impacts":"production_decrease","c__raises_poultry":"no","c__farmer_type":"type_a","c__low_input_practices":"yes","values":{"owns_land":"yes","land_size_band":"gt_1_ha","soil_types":["clay"],"crop_groups":["legumes"],"water_sources":["rain","well"],"water_availability":"sometimes","water_scarcity":"yes","irrigation_need_change":"increase","energy_sources":["diesel"],"production_level":"medium","coop_member":"yes","homes_trad_food":null,"seed_criteria":["price","productivity","pest_resistance"],"seed_sources":["shop"],"seed_challenges":["high_cost","unreliable_suppliers"],"traditional_seed_knowledge":"yes","soil_enhancers":["chemical","manure"],"chem_fertilizer_reliance":"partial","pest_control":["biological"],"pesticide_reliance":"total","marketing_challenges":["low_prices"],"logistics_challenges":["high_transport_cost"],"climate_change_noticed":"yes","climate_changes":["temperature_rise","heatwaves"],"climate_impacts":["production_decrease","season_delay","pests_diseases"],"info_sources":null,"raises_poultry":"no","poultry_purpose":null,"farmer_type":"type_a","low_input_practices":"yes"},"status":{"owns_land":"reported","land_size_band":"reported","soil_types":"reported","crop_groups":"reported","water_sources":"reported","water_availability":"reported","water_scarcity":"reported","irrigation_need_change":"reported","energy_sources":"reported","production_level":"reported","coop_member":"reported","homes_trad_food":"not_provided","seed_criteria":"reported","seed_sources":"reported","seed_challenges":"reported","traditional_seed_knowledge":"reported","soil_enhancers":"reported","chem_fertilizer_reliance":"reported","pest_control":"reported","pesticide_reliance":"reported","marketing_challenges":"reported","logistics_challenges":"reported","climate_change_noticed":"reported","climate_changes":"reported","climate_impacts":"reported","info_sources":"not_asked","raises_poultry":"reported","poultry_purpose":"not_asked","farmer_type":"reported","low_input_practices":"reported"}}},{"type":"Feature","id":"CH-27YD9H:chouf_2026","geometry":{"type":"Point","coordinates":[35.64901,33.62263]},"properties":{"entity_type":"survey_respondent_public","respondent_id":"CH-27YD9H","instrument":"chouf_2026","area_name_en":"Mristi","area_name_ar":"مرستى","district_en":"Chouf","district_ar":"الشوف","location_basis":"residence_village","geom_origin":"osm_settlement_point","spatial_precision":"locality","anchor":[35.64859,33.62264],"display_offset_m":39,"c__owns_land":"yes","c__land_size_band":"gt_1_ha","c__soil_types":"clay","c__crop_groups":"apples_pears","c__water_sources":"canal","c__water_availability":"never","c__water_scarcity":"yes","c__irrigation_need_change":"increase","c__energy_sources":"manual","c__production_level":"medium","c__coop_member":"yes","c__homes_trad_food":"almost_all","c__seed_criteria":"price","c__seed_sources":"shop","c__seed_challenges":"high_cost","c__traditional_seed_knowledge":"yes","c__soil_enhancers":"compost","c__chem_fertilizer_reliance":"partial","c__pest_control":"chemical","c__pesticide_reliance":"total","c__marketing_challenges":"low_prices","c__logistics_challenges":"high_transport_cost","c__climate_change_noticed":"yes","c__climate_changes":"temperature_rise","c__climate_impacts":"production_decrease","c__info_sources":"social_media","c__raises_poultry":"no","c__farmer_type":"type_b","c__low_input_practices":"yes","values":{"owns_land":"yes","land_size_band":"gt_1_ha","soil_types":["clay"],"crop_groups":["apples_pears","stone_fruits"],"water_sources":["canal"],"water_availability":"never","water_scarcity":"yes","irrigation_need_change":"increase","energy_sources":["manual"],"production_level":"medium","coop_member":"yes","homes_trad_food":"almost_all","seed_criteria":["price","productivity","pest_resistance"],"seed_sources":["shop","association"],"seed_challenges":["high_cost","low_availability","unreliable_suppliers"],"traditional_seed_knowledge":"yes","soil_enhancers":["compost"],"chem_fertilizer_reliance":"partial","pest_control":["chemical","biological"],"pesticide_reliance":"total","marketing_challenges":["low_prices","weak_demand","far_markets","no_transport","poor_packaging"],"logistics_challenges":["high_transport_cost"],"climate_change_noticed":"yes","climate_changes":["temperature_rise","rainfall_decrease","heatwaves","frost"],"climate_impacts":["production_decrease","season_delay","pests_diseases","pollination"],"info_sources":["social_media","extension_agents"],"raises_poultry":"no","poultry_purpose":null,"farmer_type":"type_b","low_input_practices":"yes"},"status":{"owns_land":"reported","land_size_band":"reported","soil_types":"reported","crop_groups":"reported","water_sources":"reported","water_availability":"reported","water_scarcity":"reported","irrigation_need_change":"reported","energy_sources":"reported","production_level":"reported","coop_member":"reported","homes_trad_food":"reported","seed_criteria":"reported","seed_sources":"reported","seed_challenges":"reported","traditional_seed_knowledge":"reported","soil_enhancers":"reported","chem_fertilizer_reliance":"reported","pest_control":"reported","pesticide_reliance":"reported","marketing_challenges":"reported","logistics_challenges":"reported","climate_change_noticed":"reported","climate_changes":"reported","climate_impacts":"reported","info_sources":"reported","raises_poultry":"reported","poultry_purpose":"not_applicable","farmer_type":"reported","low_input_practices":"reported"}}},{"type":"Feature","id":"CH-2LGFSF:chouf_2026","geometry":{"type":"Point","coordinates":[35.60563,33.66917]},"properties":{"entity_type":"survey_respondent_public","respondent_id":"CH-2LGFSF","instrument":"chouf_2026","area_name_en":"Jdeidet Ech-Chouf","area_name_ar":"جديدة الشوف","district_en":"Chouf","district_ar":"الشوف","location_basis":"residence_village","geom_origin":"point_inside_cadastral_area","spatial_precision":"locality","anchor":[35.60563,33.66917],"display_offset_m":0,"c__owns_land":"yes","c__land_size_band":"lt_5_dunum","c__soil_types":"clay","c__crop_groups":"vegetables","c__water_sources":"canal","c__water_availability":"rarely","c__water_scarcity":"yes","c__irrigation_need_change":"increase","c__energy_sources":"grid","c__production_level":"medium","c__coop_member":"no","c__homes_trad_food":"few","c__seed_criteria":"none","c__seed_sources":"neighbour","c__seed_challenges":"unreliable_suppliers","c__traditional_seed_knowledge":"no","c__soil_enhancers":"manure","c__chem_fertilizer_reliance":"not_used","c__pest_control":"chemical","c__pesticide_reliance":"partial","c__marketing_challenges":"low_prices","c__logistics_challenges":"high_transport_cost","c__climate_change_noticed":"yes","c__climate_changes":"temperature_rise","c__climate_impacts":"pollination","c__info_sources":"supply_shops","c__raises_poultry":"yes","c__poultry_purpose":"local_sale","c__farmer_type":"type_c","c__low_input_practices":"yes","values":{"owns_land":"yes","land_size_band":"lt_5_dunum","soil_types":["clay"],"crop_groups":["vegetables"],"water_sources":["canal"],"water_availability":"rarely","water_scarcity":"yes","irrigation_need_change":"increase","energy_sources":["grid"],"production_level":"medium","coop_member":"no","homes_trad_food":"few","seed_criteria":["none"],"seed_sources":["neighbour"],"seed_challenges":["unreliable_suppliers"],"traditional_seed_knowledge":"no","soil_enhancers":["manure"],"chem_fertilizer_reliance":"not_used","pest_control":["chemical"],"pesticide_reliance":"partial","marketing_challenges":["low_prices","poor_packaging"],"logistics_challenges":["high_transport_cost"],"climate_change_noticed":"yes","climate_changes":["temperature_rise","rainfall_decrease"],"climate_impacts":["pollination"],"info_sources":["supply_shops"],"raises_poultry":"yes","poultry_purpose":["local_sale"],"farmer_type":"type_c","low_input_practices":"yes"},"status":{"owns_land":"reported","land_size_band":"reported","soil_types":"reported","crop_groups":"reported","water_sources":"reported","water_availability":"reported","water_scarcity":"reported","irrigation_need_change":"reported","energy_sources":"reported","production_level":"reported","coop_member":"reported","homes_trad_food":"reported","seed_criteria":"reported","seed_sources":"reported","seed_challenges":"reported","traditional_seed_knowledge":"reported","soil_enhancers":"reported","chem_fertilizer_reliance":"reported","pest_control":"reported","pesticide_reliance":"reported","marketing_challenges":"reported","logistics_challenges":"reported","climate_change_noticed":"reported","climate_changes":"reported","climate_impacts":"reported","info_sources":"reported","raises_poultry":"reported","poultry_purpose":"reported","farmer_type":"reported","low_input_practices":"reported"}}},{"type":"Feature","id":"CH-2QQZGP:chouf_2026","geometry":{"type":"Point","coordinates":[35.40739,33.58798]},"properties":{"entity_type":"survey_respondent_public","respondent_id":"CH-2QQZGP","instrument":"chouf_2026","area_name_en":"Aalmane Ech-Chouf","area_name_ar":"علمان الشوف","district_en":"Chouf","district_ar":"الشوف","location_basis":"residence_village","geom_origin":"osm_settlement_point","spatial_precision":"locality","anchor":[35.40697,33.58799],"display_offset_m":39,"c__owns_land":"yes","c__land_size_band":"lt_5_dunum","c__soil_types":"clay","c__crop_groups":"citrus","c__water_sources":"well","c__water_availability":"always","c__water_scarcity":"no","c__irrigation_need_change":"no_change","c__energy_sources":"grid","c__production_level":"medium","c__coop_member":"no","c__homes_trad_food":"most","c__seed_criteria":"productivity","c__seed_sources":"neighbour","c__seed_challenges":"low_availability","c__traditional_seed_knowledge":"no","c__soil_enhancers":"chemical","c__chem_fertilizer_reliance":"partial","c__pest_control":"chemical","c__pesticide_reliance":"partial","c__marketing_challenges":"weak_demand","c__logistics_challenges":"high_transport_cost","c__climate_change_noticed":"yes","c__climate_changes":"heatwaves","c__climate_impacts":"production_decrease","c__info_sources":"extension_agents","c__raises_poultry":"no","c__farmer_type":"type_a","c__low_input_practices":"no","values":{"owns_land":"yes","land_size_band":"lt_5_dunum","soil_types":["clay"],"crop_groups":["citrus","tropical_fruits"],"water_sources":["well"],"water_availability":"always","water_scarcity":"no","irrigation_need_change":"no_change","energy_sources":["grid"],"production_level":"medium","coop_member":"no","homes_trad_food":"most","seed_criteria":["productivity"],"seed_sources":["neighbour"],"seed_challenges":["low_availability"],"traditional_seed_knowledge":"no","soil_enhancers":["chemical"],"chem_fertilizer_reliance":"partial","pest_control":["chemical"],"pesticide_reliance":"partial","marketing_challenges":["weak_demand"],"logistics_challenges":["high_transport_cost"],"climate_change_noticed":"yes","climate_changes":["heatwaves","frost"],"climate_impacts":["production_decrease"],"info_sources":["extension_agents"],"raises_poultry":"no","poultry_purpose":null,"farmer_type":"type_a","low_input_practices":"no"},"status":{"owns_land":"reported","land_size_band":"reported","soil_types":"reported","crop_groups":"reported","water_sources":"reported","water_availability":"reported","water_scarcity":"reported","irrigation_need_change":"reported","energy_sources":"reported","production_level":"reported","coop_member":"reported","homes_trad_food":"reported","seed_criteria":"reported","seed_sources":"reported","seed_challenges":"reported","traditional_seed_knowledge":"reported","soil_enhancers":"reported","chem_fertilizer_reliance":"reported","pest_control":"reported","pesticide_reliance":"reported","marketing_challenges":"reported","logistics_challenges":"reported","climate_change_noticed":"reported","climate_changes":"reported","climate_impacts":"reported","info_sources":"reported","raises_poultry":"reported","poultry_purpose":"not_applicable","farmer_type":"reported","low_input_practices":"reported"}}},{"type":"Feature","id":"CH-2SXREQ:chouf_2026","geometry":{"type":"Point","coordinates":[35.46676,33.71321]},"properties":{"entity_type":"survey_respondent_public","respondent_id":"CH-2SXREQ","instrument":"chouf_2026","area_name_en":"Mechref","area_name_ar":"مشرف","district_en":"Chouf","district_ar":"الشوف","location_basis":"residence_village","geom_origin":"osm_settlement_point","spatial_precision":"locality","anchor":[35.46676,33.71321],"display_offset_m":0,"c__owns_land":"yes","c__land_size_band":"lt_1_ha","c__soil_types":"loamy","c__crop_groups":"tropical_fruits","c__water_sources":"river","c__water_availability":"sometimes","c__water_scarcity":"yes","c__irrigation_need_change":"no_change","c__energy_sources":"manual","c__production_level":"medium","c__coop_member":"no","c__homes_trad_food":"most","c__seed_criteria":"price","c__seed_sources":"shop","c__seed_challenges":"low_availability","c__traditional_seed_knowledge":"no","c__soil_enhancers":"manure","c__chem_fertilizer_reliance":"partial","c__pest_control":"chemical","c__pesticide_reliance":"partial","c__marketing_challenges":"low_prices","c__logistics_challenges":"no_paved_roads","c__climate_change_noticed":"yes","c__climate_changes":"rainfall_decrease","c__climate_impacts":"production_decrease","c__info_sources":"supply_shops","c__raises_poultry":"yes","c__poultry_purpose":"home_consumption","c__farmer_type":"type_b","c__low_input_practices":"yes","values":{"owns_land":"yes","land_size_band":"lt_1_ha","soil_types":["loamy"],"crop_groups":["tropical_fruits"],"water_sources":["river"],"water_availability":"sometimes","water_scarcity":"yes","irrigation_need_change":"no_change","energy_sources":["manual"],"production_level":"medium","coop_member":"no","homes_trad_food":"most","seed_criteria":["price","productivity","pest_resistance"],"seed_sources":["shop","association"],"seed_challenges":["low_availability","unreliable_suppliers"],"traditional_seed_knowledge":"no","soil_enhancers":["manure"],"chem_fertilizer_reliance":"partial","pest_control":["chemical"],"pesticide_reliance":"partial","marketing_challenges":["low_prices","weak_demand","far_markets","no_transport"],"logistics_challenges":["no_paved_roads"],"climate_change_noticed":"yes","climate_changes":["rainfall_decrease","heatwaves"],"climate_impacts":["production_decrease","season_delay"],"info_sources":["supply_shops"],"raises_poultry":"yes","poultry_purpose":["home_consumption","local_sale","gifts"],"farmer_type":"type_b","low_input_practices":"yes"},"status":{"owns_land":"reported","land_size_band":"reported","soil_types":"reported","crop_groups":"reported","water_sources":"reported","water_availability":"reported","water_scarcity":"reported","irrigation_need_change":"reported","energy_sources":"reported","production_level":"reported","coop_member":"reported","homes_trad_food":"reported","seed_criteria":"reported","seed_sources":"reported","seed_challenges":"reported","traditional_seed_knowledge":"reported","soil_enhancers":"reported","chem_fertilizer_reliance":"reported","pest_control":"reported","pesticide_reliance":"reported","marketing_challenges":"reported","logistics_challenges":"reported","climate_change_noticed":"reported","climate_changes":"reported","climate_impacts":"reported","info_sources":"reported","raises_poultry":"reported","poultry_purpose":"reported","farmer_type":"reported","low_input_practices":"reported"}}},{"type":"Feature","id":"CH-2TFPMX:chouf_2026","geometry":{"type":"Point","coordinates":[35.6262,33.67887]},"properties":{"entity_type":"survey_respondent_public","respondent_id":"CH-2TFPMX","instrument":"chouf_2026","area_name_en":"Aain Ouzain","area_name_ar":"عين وزين","district_en":"Chouf","district_ar":"الشوف","location_basis":"residence_village","geom_origin":"osm_settlement_point","spatial_precision":"locality","anchor":[35.62578,33.67888],"display_offset_m":39,"c__owns_land":"yes","c__land_size_band":"lt_5_dunum","c__soil_types":"loamy","c__crop_groups":"vegetables","c__water_sources":"tanker","c__water_availability":"sometimes","c__water_scarcity":"yes","c__irrigation_need_change":"decrease","c__energy_sources":"manual","c__production_level":"medium","c__coop_member":"no","c__homes_trad_food":"some","c__seed_criteria":"none","c__seed_sources":"own_harvest","c__seed_challenges":"unreliable_suppliers","c__traditional_seed_knowledge":"yes","c__soil_enhancers":"compost","c__chem_fertilizer_reliance":"partial","c__pest_control":"chemical","c__pesticide_reliance":"total","c__marketing_challenges":"low_prices","c__climate_change_noticed":"yes","c__climate_changes":"rainfall_decrease","c__climate_impacts":"production_decrease","c__info_sources":"social_media","c__raises_poultry":"yes","c__poultry_purpose":"home_consumption","c__farmer_type":"type_d","c__low_input_practices":"yes","values":{"owns_land":"yes","land_size_band":"lt_5_dunum","soil_types":["loamy"],"crop_groups":["vegetables","cereals_fodder"],"water_sources":["tanker","storage"],"water_availability":"sometimes","water_scarcity":"yes","irrigation_need_change":"decrease","energy_sources":["manual"],"production_level":"medium","coop_member":"no","homes_trad_food":"some","seed_criteria":["none"],"seed_sources":["own_harvest"],"seed_challenges":["unreliable_suppliers"],"traditional_seed_knowledge":"yes","soil_enhancers":["compost","manure"],"chem_fertilizer_reliance":"partial","pest_control":["chemical"],"pesticide_reliance":"total","marketing_challenges":["low_prices"],"logistics_challenges":null,"climate_change_noticed":"yes","climate_changes":["rainfall_decrease"],"climate_impacts":["production_decrease","season_delay"],"info_sources":["social_media","extension_agents"],"raises_poultry":"yes","poultry_purpose":["home_consumption"],"farmer_type":"type_d","low_input_practices":"yes"},"status":{"owns_land":"reported","land_size_band":"reported","soil_types":"reported","crop_groups":"reported","water_sources":"reported","water_availability":"reported","water_scarcity":"reported","irrigation_need_change":"reported","energy_sources":"reported","production_level":"reported","coop_member":"reported","homes_trad_food":"reported","seed_criteria":"reported","seed_sources":"reported","seed_challenges":"reported","traditional_seed_knowledge":"reported","soil_enhancers":"reported","chem_fertilizer_reliance":"reported","pest_control":"reported","pesticide_reliance":"reported","marketing_challenges":"reported","logistics_challenges":"not_provided","climate_change_noticed":"reported","climate_changes":"reported","climate_impacts":"reported","info_sources":"reported","raises_poultry":"reported","poultry_purpose":"reported","farmer_type":"reported","low_input_practices":"reported"}}},{"type":"Feature","id":"CH-2WVGPC:chouf_2026","geometry":{"type":"Point","coordinates":[35.67461,33.72124]},"properties":{"entity_type":"survey_respondent_public","respondent_id":"CH-2WVGPC","instrument":"chouf_2026","area_name_en":"Ouarhaniyeh","area_name_ar":"ورهانية","district_en":"Chouf","district_ar":"الشوف","location_basis":"residence_village","geom_origin":"osm_settlement_point","spatial_precision":"locality","anchor":[35.67419,33.72125],"display_offset_m":39,"c__owns_land":"yes","c__land_size_band":"lt_1_ha","c__soil_types":"loamy","c__crop_groups":"apples_pears","c__water_sources":"canal","c__water_availability":"never","c__water_scarcity":"yes","c__irrigation_need_change":"increase","c__energy_sources":"manual","c__production_level":"small","c__coop_member":"no","c__homes_trad_food":"most","c__seed_criteria":"pest_resistance","c__seed_sources":"shop","c__seed_challenges":"unreliable_suppliers","c__traditional_seed_knowledge":"yes","c__soil_enhancers":"chemical","c__chem_fertilizer_reliance":"partial","c__pest_control":"chemical","c__pesticide_reliance":"total","c__marketing_challenges":"low_prices","c__logistics_challenges":"no_transport","c__climate_change_noticed":"yes","c__climate_changes":"rainfall_decrease","c__climate_impacts":"pests_diseases","c__info_sources":"social_media","c__raises_poultry":"no","c__farmer_type":"type_b","c__low_input_practices":"no","values":{"owns_land":"yes","land_size_band":"lt_1_ha","soil_types":["loamy"],"crop_groups":["apples_pears","stone_fruits"],"water_sources":["canal"],"water_availability":"never","water_scarcity":"yes","irrigation_need_change":"increase","energy_sources":["manual"],"production_level":"small","coop_member":"no","homes_trad_food":"most","seed_criteria":["pest_resistance"],"seed_sources":["shop"],"seed_challenges":["unreliable_suppliers"],"traditional_seed_knowledge":"yes","soil_enhancers":["chemical"],"chem_fertilizer_reliance":"partial","pest_control":["chemical"],"pesticide_reliance":"total","marketing_challenges":["low_prices"],"logistics_challenges":["no_transport"],"climate_change_noticed":"yes","climate_changes":["rainfall_decrease"],"climate_impacts":["pests_diseases"],"info_sources":["social_media"],"raises_poultry":"no","poultry_purpose":null,"farmer_type":"type_b","low_input_practices":"no"},"status":{"owns_land":"reported","land_size_band":"reported","soil_types":"reported","crop_groups":"reported","water_sources":"reported","water_availability":"reported","water_scarcity":"reported","irrigation_need_change":"reported","energy_sources":"reported","production_level":"reported","coop_member":"reported","homes_trad_food":"reported","seed_criteria":"reported","seed_sources":"reported","seed_challenges":"reported","traditional_seed_knowledge":"reported","soil_enhancers":"reported","chem_fertilizer_reliance":"reported","pest_control":"reported","pesticide_reliance":"reported","marketing_challenges":"reported","logistics_challenges":"reported","climate_change_noticed":"reported","climate_changes":"reported","climate_impacts":"reported","info_sources":"reported","raises_poultry":"reported","poultry_purpose":"not_applicable","farmer_type":"reported","low_input_practices":"reported"}}},{"type":"Feature","id":"CH-2ZFYCP:chouf_2026","geometry":{"type":"Point","coordinates":[35.58052,33.64613]},"properties":{"entity_type":"survey_respondent_public","respondent_id":"CH-2ZFYCP","instrument":"chouf_2026","area_name_en":"Mazraat Ech-Chouf","area_name_ar":"مزرعة","district_en":"Chouf","district_ar":"الشوف","location_basis":"residence_village","geom_origin":"osm_settlement_point","spatial_precision":"locality","anchor":[35.5801,33.64614],"display_offset_m":39,"c__owns_land":"yes","c__land_size_band":"lt_1_ha","c__soil_types":"sandy","c__crop_groups":"vegetables","c__water_sources":"tanker","c__water_availability":"never","c__water_scarcity":"yes","c__irrigation_need_change":"increase","c__energy_sources":"diesel","c__production_level":"medium","c__coop_member":"no","c__homes_trad_food":"almost_all","c__seed_criteria":"price","c__seed_sources":"shop","c__seed_challenges":"high_cost","c__traditional_seed_knowledge":"yes","c__soil_enhancers":"chemical","c__chem_fertilizer_reliance":"partial","c__pest_control":"chemical","c__pesticide_reliance":"total","c__marketing_challenges":"low_prices","c__logistics_challenges":"no_transport","c__climate_change_noticed":"yes","c__climate_changes":"rainfall_decrease","c__climate_impacts":"pests_diseases","c__info_sources":"social_media","c__raises_poultry":"yes","c__poultry_purpose":"home_consumption","c__farmer_type":"type_d","c__low_input_practices":"yes","values":{"owns_land":"yes","land_size_band":"lt_1_ha","soil_types":["sandy"],"crop_groups":["vegetables","legumes"],"water_sources":["tanker","storage"],"water_availability":"never","water_scarcity":"yes","irrigation_need_change":"increase","energy_sources":["diesel"],"production_level":"medium","coop_member":"no","homes_trad_food":"almost_all","seed_criteria":["price"],"seed_sources":["shop"],"seed_challenges":["high_cost","low_availability","unreliable_suppliers"],"traditional_seed_knowledge":"yes","soil_enhancers":["chemical","manure"],"chem_fertilizer_reliance":"partial","pest_control":["chemical"],"pesticide_reliance":"total","marketing_challenges":["low_prices"],"logistics_challenges":["no_transport"],"climate_change_noticed":"yes","climate_changes":["rainfall_decrease"],"climate_impacts":["pests_diseases"],"info_sources":["social_media","extension_agents","supply_shops"],"raises_poultry":"yes","poultry_purpose":["home_consumption"],"farmer_type":"type_d","low_input_practices":"yes"},"status":{"owns_land":"reported","land_size_band":"reported","soil_types":"reported","crop_groups":"reported","water_sources":"reported","water_availability":"reported","water_scarcity":"reported","irrigation_need_change":"reported","energy_sources":"reported","production_level":"reported","coop_member":"reported","homes_trad_food":"reported","seed_criteria":"reported","seed_sources":"reported","seed_challenges":"reported","traditional_seed_knowledge":"reported","soil_enhancers":"reported","chem_fertilizer_reliance":"reported","pest_control":"reported","pesticide_reliance":"reported","marketing_challenges":"reported","logistics_challenges":"reported","climate_change_noticed":"reported","climate_changes":"reported","climate_impacts":"reported","info_sources":"reported","raises_poultry":"reported","poultry_purpose":"reported","farmer_type":"reported","low_input_practices":"reported"}}},{"type":"Feature","id":"CH-32KEZV:chouf_2026","geometry":{"type":"Point","coordinates":[35.62572,33.72628]},"properties":{"entity_type":"survey_respondent_public","respondent_id":"CH-32KEZV","instrument":"chouf_2026","area_name_en":"Majdel El-Meouch","area_name_ar":"مجدل المعوش","district_en":"Chouf","district_ar":"الشوف","location_basis":"residence_village","geom_origin":"osm_settlement_point","spatial_precision":"locality","anchor":[35.6253,33.72629],"display_offset_m":39,"c__owns_land":"yes","c__land_size_band":"lt_1_ha","c__soil_types":"calcareous","c__crop_groups":"vegetables","c__water_sources":"canal","c__water_availability":"sometimes","c__water_scarcity":"yes","c__irrigation_need_change":"increase","c__energy_sources":"manual","c__production_level":"medium","c__coop_member":"no","c__homes_trad_food":"most","c__seed_criteria":"price","c__seed_sources":"shop","c__seed_challenges":"high_cost","c__traditional_seed_knowledge":"no","c__soil_enhancers":"chemical","c__chem_fertilizer_reliance":"partial","c__pest_control":"chemical","c__pesticide_reliance":"partial","c__marketing_challenges":"low_prices","c__logistics_challenges":"high_transport_cost","c__climate_change_noticed":"yes","c__climate_changes":"temperature_rise","c__climate_impacts":"production_decrease","c__info_sources":"social_media","c__raises_poultry":"no","c__farmer_type":"type_b","c__low_input_practices":"yes","values":{"owns_land":"yes","land_size_band":"lt_1_ha","soil_types":["calcareous"],"crop_groups":["vegetables"],"water_sources":["canal"],"water_availability":"sometimes","water_scarcity":"yes","irrigation_need_change":"increase","energy_sources":["manual"],"production_level":"medium","coop_member":"no","homes_trad_food":"most","seed_criteria":["price","productivity","pest_resistance"],"seed_sources":["shop","neighbour"],"seed_challenges":["high_cost","low_availability","unreliable_suppliers","unsuitable"],"traditional_seed_knowledge":"no","soil_enhancers":["chemical","compost","manure"],"chem_fertilizer_reliance":"partial","pest_control":["chemical","biological"],"pesticide_reliance":"partial","marketing_challenges":["low_prices","poor_packaging"],"logistics_challenges":["high_transport_cost"],"climate_change_noticed":"yes","climate_changes":["temperature_rise","rainfall_decrease","heatwaves"],"climate_impacts":["production_decrease","pests_diseases"],"info_sources":["social_media","supply_shops"],"raises_poultry":"no","poultry_purpose":null,"farmer_type":"type_b","low_input_practices":"yes"},"status":{"owns_land":"reported","land_size_band":"reported","soil_types":"reported","crop_groups":"reported","water_sources":"reported","water_availability":"reported","water_scarcity":"reported","irrigation_need_change":"reported","energy_sources":"reported","production_level":"reported","coop_member":"reported","homes_trad_food":"reported","seed_criteria":"reported","seed_sources":"reported","seed_challenges":"reported","traditional_seed_knowledge":"reported","soil_enhancers":"reported","chem_fertilizer_reliance":"reported","pest_control":"reported","pesticide_reliance":"reported","marketing_challenges":"reported","logistics_challenges":"reported","climate_change_noticed":"reported","climate_changes":"reported","climate_impacts":"reported","info_sources":"reported","raises_poultry":"reported","poultry_purpose":"not_applicable","farmer_type":"reported","low_input_practices":"reported"}}},{"type":"Feature","id":"CH-398J4P:chouf_2026","geometry":{"type":"Point","coordinates":[35.65263,33.69549]},"properties":{"entity_type":"survey_respondent_public","respondent_id":"CH-398J4P","instrument":"chouf_2026","area_name_en":"Batloun","area_name_ar":"بتلون","district_en":"Chouf","district_ar":"الشوف","location_basis":"residence_village","geom_origin":"osm_settlement_point","spatial_precision":"locality","anchor":[35.65221,33.6955],"display_offset_m":39,"c__owns_land":"yes","c__land_size_band":"lt_1_ha","c__soil_types":"loamy","c__water_sources":"tanker","c__water_availability":"rarely","c__water_scarcity":"yes","c__irrigation_need_change":"increase","c__energy_sources":"grid","c__production_level":"small","c__coop_member":"no","c__homes_trad_food":"most","c__seed_criteria":"productivity","c__seed_sources":"shop","c__seed_challenges":"high_cost","c__traditional_seed_knowledge":"no","c__soil_enhancers":"manure","c__chem_fertilizer_reliance":"partial","c__pest_control":"physical","c__pesticide_reliance":"partial","c__marketing_challenges":"weak_demand","c__logistics_challenges":"high_transport_cost","c__climate_change_noticed":"yes","c__climate_changes":"rainfall_decrease","c__climate_impacts":"production_decrease","c__info_sources":"social_media","c__raises_poultry":"yes","c__poultry_purpose":"home_consumption","c__farmer_type":"type_d","c__low_input_practices":"yes","values":{"owns_land":"yes","land_size_band":"lt_1_ha","soil_types":["loamy"],"crop_groups":null,"water_sources":["tanker","storage"],"water_availability":"rarely","water_scarcity":"yes","irrigation_need_change":"increase","energy_sources":["grid"],"production_level":"small","coop_member":"no","homes_trad_food":"most","seed_criteria":["productivity"],"seed_sources":["shop"],"seed_challenges":["high_cost"],"traditional_seed_knowledge":"no","soil_enhancers":["manure"],"chem_fertilizer_reliance":"partial","pest_control":["physical"],"pesticide_reliance":"partial","marketing_challenges":["weak_demand","far_markets"],"logistics_challenges":["high_transport_cost","no_transport"],"climate_change_noticed":"yes","climate_changes":["rainfall_decrease","heatwaves"],"climate_impacts":["production_decrease"],"info_sources":["social_media"],"raises_poultry":"yes","poultry_purpose":["home_consumption","gifts"],"farmer_type":"type_d","low_input_practices":"yes"},"status":{"owns_land":"reported","land_size_band":"reported","soil_types":"reported","crop_groups":"invalid","water_sources":"reported","water_availability":"reported","water_scarcity":"reported","irrigation_need_change":"reported","energy_sources":"reported","production_level":"reported","coop_member":"reported","homes_trad_food":"reported","seed_criteria":"reported","seed_sources":"reported","seed_challenges":"reported","traditional_seed_knowledge":"reported","soil_enhancers":"reported","chem_fertilizer_reliance":"reported","pest_control":"reported","pesticide_reliance":"reported","marketing_challenges":"reported","logistics_challenges":"reported","climate_change_noticed":"reported","climate_changes":"reported","climate_impacts":"reported","info_sources":"reported","raises_poultry":"reported","poultry_purpose":"reported","farmer_type":"reported","low_input_practices":"reported"}}},{"type":"Feature","id":"CH-3MMEN8:chouf_2026","geometry":{"type":"Point","coordinates":[35.57958,33.64656]},"properties":{"entity_type":"survey_respondent_public","respondent_id":"CH-3MMEN8","instrument":"chouf_2026","area_name_en":"Mazraat Ech-Chouf","area_name_ar":"مزرعة","district_en":"Chouf","district_ar":"الشوف","location_basis":"residence_village","geom_origin":"osm_settlement_point","spatial_precision":"locality","anchor":[35.5801,33.64614],"display_offset_m":67,"c__owns_land":"yes","c__land_size_band":"lt_1_ha","c__soil_types":"clay","c__crop_groups":"olives","c__water_sources":"tanker","c__water_availability":"rarely","c__water_scarcity":"yes","c__irrigation_need_change":"increase","c__energy_sources":"manual","c__production_level":"medium","c__coop_member":"no","c__homes_trad_food":"some","c__seed_criteria":"productivity","c__seed_sources":"association","c__seed_challenges":"low_availability","c__traditional_seed_knowledge":"no","c__soil_enhancers":"manure","c__chem_fertilizer_reliance":"not_used","c__pest_control":"local","c__pesticide_reliance":"not_used","c__marketing_challenges":"no_transport","c__climate_change_noticed":"yes","c__climate_changes":"temperature_rise","c__climate_impacts":"pests_diseases","c__info_sources":"social_media","c__raises_poultry":"yes","c__poultry_purpose":"local_sale","c__farmer_type":"type_c","c__low_input_practices":"yes","values":{"owns_land":"yes","land_size_band":"lt_1_ha","soil_types":["clay"],"crop_groups":["olives","other_fruits"],"water_sources":["tanker","storage"],"water_availability":"rarely","water_scarcity":"yes","irrigation_need_change":"increase","energy_sources":["manual"],"production_level":"medium","coop_member":"no","homes_trad_food":"some","seed_criteria":["productivity"],"seed_sources":["association"],"seed_challenges":["low_availability"],"traditional_seed_knowledge":"no","soil_enhancers":["manure"],"chem_fertilizer_reliance":"not_used","pest_control":["local"],"pesticide_reliance":"not_used","marketing_challenges":["no_transport"],"logistics_challenges":null,"climate_change_noticed":"yes","climate_changes":["temperature_rise"],"climate_impacts":["pests_diseases"],"info_sources":["social_media"],"raises_poultry":"yes","poultry_purpose":["local_sale"],"farmer_type":"type_c","low_input_practices":"yes"},"status":{"owns_land":"reported","land_size_band":"reported","soil_types":"reported","crop_groups":"reported","water_sources":"reported","water_availability":"reported","water_scarcity":"reported","irrigation_need_change":"reported","energy_sources":"reported","production_level":"reported","coop_member":"reported","homes_trad_food":"reported","seed_criteria":"reported","seed_sources":"reported","seed_challenges":"reported","traditional_seed_knowledge":"reported","soil_enhancers":"reported","chem_fertilizer_reliance":"reported","pest_control":"reported","pesticide_reliance":"reported","marketing_challenges":"reported","logistics_challenges":"not_provided","climate_change_noticed":"reported","climate_changes":"reported","climate_impacts":"reported","info_sources":"reported","raises_poultry":"reported","poultry_purpose":"reported","farmer_type":"reported","low_input_practices":"reported"}}},{"type":"Feature","id":"CH-3XJAM3:chouf_2026","geometry":{"type":"Point","coordinates":[35.60874,33.64276]},"properties":{"entity_type":"survey_respondent_public","respondent_id":"CH-3XJAM3","instrument":"chouf_2026","area_name_en":"Aammatour","area_name_ar":"عمّاطور","district_en":"Chouf","district_ar":"الشوف","location_basis":"residence_village","geom_origin":"osm_settlement_point","spatial_precision":"locality","anchor":[35.60832,33.64277],"display_offset_m":39,"c__owns_land":"yes","c__land_size_band":"lt_5_dunum","c__soil_types":"clay","c__crop_groups":"vegetables","c__water_sources":"tanker","c__water_availability":"never","c__water_scarcity":"yes","c__irrigation_need_change":"decrease","c__energy_sources":"manual","c__production_level":"medium","c__coop_member":"no","c__homes_trad_food":"few","c__seed_criteria":"price","c__seed_sources":"shop","c__seed_challenges":"high_cost","c__traditional_seed_knowledge":"no","c__soil_enhancers":"chemical","c__chem_fertilizer_reliance":"total","c__pest_control":"chemical","c__pesticide_reliance":"total","c__marketing_challenges":"low_prices","c__logistics_challenges":"no_paved_roads","c__climate_change_noticed":"yes","c__climate_changes":"rainfall_decrease","c__climate_impacts":"production_decrease","c__info_sources":"supply_shops","c__raises_poultry":"no","c__farmer_type":"type_a","c__low_input_practices":"no","values":{"owns_land":"yes","land_size_band":"lt_5_dunum","soil_types":["clay"],"crop_groups":["vegetables"],"water_sources":["tanker","storage"],"water_availability":"never","water_scarcity":"yes","irrigation_need_change":"decrease","energy_sources":["manual"],"production_level":"medium","coop_member":"no","homes_trad_food":"few","seed_criteria":["price","productivity"],"seed_sources":["shop"],"seed_challenges":["high_cost"],"traditional_seed_knowledge":"no","soil_enhancers":["chemical"],"chem_fertilizer_reliance":"total","pest_control":["chemical"],"pesticide_reliance":"total","marketing_challenges":["low_prices"],"logistics_challenges":["no_paved_roads"],"climate_change_noticed":"yes","climate_changes":["rainfall_decrease"],"climate_impacts":["production_decrease"],"info_sources":["supply_shops"],"raises_poultry":"no","poultry_purpose":null,"farmer_type":"type_a","low_input_practices":"no"},"status":{"owns_land":"reported","land_size_band":"reported","soil_types":"reported","crop_groups":"reported","water_sources":"reported","water_availability":"reported","water_scarcity":"reported","irrigation_need_change":"reported","energy_sources":"reported","production_level":"reported","coop_member":"reported","homes_trad_food":"reported","seed_criteria":"reported","seed_sources":"reported","seed_challenges":"reported","traditional_seed_knowledge":"reported","soil_enhancers":"reported","chem_fertilizer_reliance":"reported","pest_control":"reported","pesticide_reliance":"reported","marketing_challenges":"reported","logistics_challenges":"reported","climate_change_noticed":"reported","climate_changes":"reported","climate_impacts":"reported","info_sources":"reported","raises_poultry":"reported","poultry_purpose":"not_applicable","farmer_type":"reported","low_input_practices":"reported"}}},{"type":"Feature","id":"CH-43NFB3:chouf_2026","geometry":{"type":"Point","coordinates":[35.45919,33.60397]},"properties":{"entity_type":"survey_respondent_public","respondent_id":"CH-43NFB3","instrument":"chouf_2026","area_name_en":"Mghairiyeh Ech-Chouf","area_name_ar":"مغيرية الشوف","district_en":"Chouf","district_ar":"الشوف","location_basis":"residence_village","geom_origin":"osm_settlement_point","spatial_precision":"locality","anchor":[35.45919,33.60397],"display_offset_m":0,"c__owns_land":"yes","c__land_size_band":"lt_5_dunum","c__soil_types":"clay","c__crop_groups":"tropical_fruits","c__water_sources":"public_network","c__water_availability":"sometimes","c__water_scarcity":"yes","c__irrigation_need_change":"increase","c__energy_sources":"grid","c__production_level":"small","c__coop_member":"no","c__homes_trad_food":"few","c__seed_criteria":"price","c__seed_sources":"shop","c__seed_challenges":"high_cost","c__traditional_seed_knowledge":"no","c__soil_enhancers":"chemical","c__chem_fertilizer_reliance":"partial","c__pest_control":"chemical","c__pesticide_reliance":"partial","c__marketing_challenges":"weak_demand","c__logistics_challenges":"high_transport_cost","c__climate_change_noticed":"yes","c__climate_changes":"rainfall_decrease","c__climate_impacts":"production_decrease","c__info_sources":"social_media","c__raises_poultry":"no","c__farmer_type":"type_d","c__low_input_practices":"yes","values":{"owns_land":"yes","land_size_band":"lt_5_dunum","soil_types":["clay"],"crop_groups":["tropical_fruits","nursery"],"water_sources":["public_network"],"water_availability":"sometimes","water_scarcity":"yes","irrigation_need_change":"increase","energy_sources":["grid"],"production_level":"small","coop_member":"no","homes_trad_food":"few","seed_criteria":["price","productivity","pest_resistance"],"seed_sources":["shop","own_harvest"],"seed_challenges":["high_cost","low_availability","unsuitable"],"traditional_seed_knowledge":"no","soil_enhancers":["chemical","manure"],"chem_fertilizer_reliance":"partial","pest_control":["chemical","local"],"pesticide_reliance":"partial","marketing_challenges":["weak_demand","far_markets"],"logistics_challenges":["high_transport_cost"],"climate_change_noticed":"yes","climate_changes":["rainfall_decrease","frost"],"climate_impacts":["production_decrease","pollination"],"info_sources":["social_media","extension_agents"],"raises_poultry":"no","poultry_purpose":null,"farmer_type":"type_d","low_input_practices":"yes"},"status":{"owns_land":"reported","land_size_band":"reported","soil_types":"reported","crop_groups":"reported","water_sources":"reported","water_availability":"reported","water_scarcity":"reported","irrigation_need_change":"reported","energy_sources":"reported","production_level":"reported","coop_member":"reported","homes_trad_food":"reported","seed_criteria":"reported","seed_sources":"reported","seed_challenges":"reported","traditional_seed_knowledge":"reported","soil_enhancers":"reported","chem_fertilizer_reliance":"reported","pest_control":"reported","pesticide_reliance":"reported","marketing_challenges":"reported","logistics_challenges":"reported","climate_change_noticed":"reported","climate_changes":"reported","climate_impacts":"reported","info_sources":"reported","raises_poultry":"reported","poultry_purpose":"not_applicable","farmer_type":"reported","low_input_practices":"reported"}}},{"type":"Feature","id":"CH-4BGB36:chouf_2026","geometry":{"type":"Point","coordinates":[35.61773,33.60206]},"properties":{"entity_type":"survey_respondent_public","respondent_id":"CH-4BGB36","instrument":"chouf_2026","area_name_en":"Bater","area_name_ar":"باتر","district_en":"Chouf","district_ar":"الشوف","location_basis":"farm_area_reported","geom_origin":"osm_settlement_point","spatial_precision":"locality","anchor":[35.61731,33.60207],"display_offset_m":39,"c__owns_land":"yes","c__land_size_band":"gt_2_ha","c__soil_types":"calcareous","c__crop_groups":"olives","c__water_sources":"rain","c__water_scarcity":"yes","c__irrigation_need_change":"unsure","c__energy_sources":"manual","c__production_level":"medium","c__coop_member":"no","c__homes_trad_food":"some","c__seed_criteria":"price","c__seed_sources":"shop","c__seed_challenges":"high_cost","c__traditional_seed_knowledge":"no","c__soil_enhancers":"none","c__chem_fertilizer_reliance":"total","c__pest_control":"chemical","c__pesticide_reliance":"total","c__marketing_challenges":"weak_demand","c__logistics_challenges":"high_transport_cost","c__climate_change_noticed":"yes","c__climate_changes":"rainfall_decrease","c__climate_impacts":"production_decrease","c__info_sources":"extension_agents","c__raises_poultry":"no","c__farmer_type":"type_a","c__low_input_practices":"no","values":{"owns_land":"yes","land_size_band":"gt_2_ha","soil_types":["calcareous"],"crop_groups":["olives"],"water_sources":["rain"],"water_availability":null,"water_scarcity":"yes","irrigation_need_change":"unsure","energy_sources":["manual"],"production_level":"medium","coop_member":"no","homes_trad_food":"some","seed_criteria":["price","productivity","pest_resistance"],"seed_sources":["shop"],"seed_challenges":["high_cost"],"traditional_seed_knowledge":"no","soil_enhancers":["none"],"chem_fertilizer_reliance":"total","pest_control":["chemical"],"pesticide_reliance":"total","marketing_challenges":["weak_demand"],"logistics_challenges":["high_transport_cost"],"climate_change_noticed":"yes","climate_changes":["rainfall_decrease","heatwaves"],"climate_impacts":["production_decrease"],"info_sources":["extension_agents"],"raises_poultry":"no","poultry_purpose":null,"farmer_type":"type_a","low_input_practices":"no"},"status":{"owns_land":"reported","land_size_band":"reported","soil_types":"reported","crop_groups":"reported","water_sources":"reported","water_availability":"not_provided","water_scarcity":"reported","irrigation_need_change":"reported","energy_sources":"reported","production_level":"reported","coop_member":"reported","homes_trad_food":"reported","seed_criteria":"reported","seed_sources":"reported","seed_challenges":"reported","traditional_seed_knowledge":"reported","soil_enhancers":"reported","chem_fertilizer_reliance":"reported","pest_control":"reported","pesticide_reliance":"reported","marketing_challenges":"reported","logistics_challenges":"reported","climate_change_noticed":"reported","climate_changes":"reported","climate_impacts":"reported","info_sources":"reported","raises_poultry":"reported","poultry_purpose":"not_applicable","farmer_type":"reported","low_input_practices":"reported"}}},{"type":"Feature","id":"CH-4F62BZ:chouf_2026","geometry":{"type":"Point","coordinates":[35.65771,33.71469]},"properties":{"entity_type":"survey_respondent_public","respondent_id":"CH-4F62BZ","instrument":"chouf_2026","area_name_en":"Brih","area_name_ar":"بريح","district_en":"Chouf","district_ar":"الشوف","location_basis":"residence_village","geom_origin":"osm_settlement_point","spatial_precision":"locality","anchor":[35.65729,33.7147],"display_offset_m":39,"c__owns_land":"yes","c__land_size_band":"lt_1_ha","c__soil_types":"loamy","c__crop_groups":"apples_pears","c__water_sources":"canal","c__water_availability":"sometimes","c__water_scarcity":"yes","c__irrigation_need_change":"increase","c__energy_sources":"manual","c__production_level":"large","c__coop_member":"no","c__homes_trad_food":"most","c__seed_criteria":"price","c__seed_sources":"shop","c__seed_challenges":"low_availability","c__traditional_seed_knowledge":"no","c__soil_enhancers":"compost","c__chem_fertilizer_reliance":"partial","c__pest_control":"biological","c__pesticide_reliance":"partial","c__marketing_challenges":"low_prices","c__logistics_challenges":"high_transport_cost","c__climate_change_noticed":"yes","c__climate_changes":"temperature_rise","c__climate_impacts":"season_delay","c__info_sources":"social_media","c__raises_poultry":"no","c__farmer_type":"type_b","c__low_input_practices":"yes","values":{"owns_land":"yes","land_size_band":"lt_1_ha","soil_types":["loamy","clay"],"crop_groups":["apples_pears","stone_fruits","tropical_fruits"],"water_sources":["canal"],"water_availability":"sometimes","water_scarcity":"yes","irrigation_need_change":"increase","energy_sources":["manual"],"production_level":"large","coop_member":"no","homes_trad_food":"most","seed_criteria":["price","productivity","pest_resistance"],"seed_sources":["shop"],"seed_challenges":["low_availability","unreliable_suppliers"],"traditional_seed_knowledge":"no","soil_enhancers":["compost","biofertilizer"],"chem_fertilizer_reliance":"partial","pest_control":["biological","physical"],"pesticide_reliance":"partial","marketing_challenges":["low_prices","weak_demand","poor_packaging"],"logistics_challenges":["high_transport_cost","no_paved_roads"],"climate_change_noticed":"yes","climate_changes":["temperature_rise","rainfall_decrease","heatwaves","frost"],"climate_impacts":["season_delay","pollination"],"info_sources":["social_media"],"raises_poultry":"no","poultry_purpose":null,"farmer_type":"type_b","low_input_practices":"yes"},"status":{"owns_land":"reported","land_size_band":"reported","soil_types":"reported","crop_groups":"reported","water_sources":"reported","water_availability":"reported","water_scarcity":"reported","irrigation_need_change":"reported","energy_sources":"reported","production_level":"reported","coop_member":"reported","homes_trad_food":"reported","seed_criteria":"reported","seed_sources":"reported","seed_challenges":"reported","traditional_seed_knowledge":"reported","soil_enhancers":"reported","chem_fertilizer_reliance":"reported","pest_control":"reported","pesticide_reliance":"reported","marketing_challenges":"reported","logistics_challenges":"reported","climate_change_noticed":"reported","climate_changes":"reported","climate_impacts":"reported","info_sources":"reported","raises_poultry":"reported","poultry_purpose":"not_applicable","farmer_type":"reported","low_input_practices":"reported"}}},{"type":"Feature","id":"CH-4TEFWR:chouf_2026","geometry":{"type":"Point","coordinates":[35.6264,33.59632]},"properties":{"entity_type":"survey_respondent_public","respondent_id":"CH-4TEFWR","instrument":"chouf_2026","area_name_en":"Niha El-Chouf","area_name_ar":"نيحا","district_en":"Chouf","district_ar":"الشوف","location_basis":"residence_village","geom_origin":"osm_settlement_point","spatial_precision":"locality","anchor":[35.6264,33.59632],"display_offset_m":0,"c__owns_land":"yes","c__land_size_band":"lt_5_dunum","c__soil_types":"clay","c__crop_groups":"olives","c__water_sources":"spring","c__water_availability":"sometimes","c__water_scarcity":"yes","c__irrigation_need_change":"increase","c__energy_sources":"manual","c__production_level":"small","c__coop_member":"no","c__homes_trad_food":"few","c__seed_criteria":"price","c__seed_sources":"shop","c__seed_challenges":"low_availability","c__traditional_seed_knowledge":"no","c__soil_enhancers":"manure","c__chem_fertilizer_reliance":"partial","c__pest_control":"chemical","c__pesticide_reliance":"partial","c__marketing_challenges":"low_prices","c__logistics_challenges":"high_transport_cost","c__climate_change_noticed":"yes","c__climate_changes":"rainfall_decrease","c__climate_impacts":"production_decrease","c__info_sources":"social_media","c__raises_poultry":"no","c__farmer_type":"type_d","c__low_input_practices":"yes","values":{"owns_land":"yes","land_size_band":"lt_5_dunum","soil_types":["clay"],"crop_groups":["olives","other_fruits"],"water_sources":["spring"],"water_availability":"sometimes","water_scarcity":"yes","irrigation_need_change":"increase","energy_sources":["manual"],"production_level":"small","coop_member":"no","homes_trad_food":"few","seed_criteria":["price","productivity"],"seed_sources":["shop"],"seed_challenges":["low_availability"],"traditional_seed_knowledge":"no","soil_enhancers":["manure"],"chem_fertilizer_reliance":"partial","pest_control":["chemical"],"pesticide_reliance":"partial","marketing_challenges":["low_prices"],"logistics_challenges":["high_transport_cost"],"climate_change_noticed":"yes","climate_changes":["rainfall_decrease","heatwaves"],"climate_impacts":["production_decrease","season_delay","pests_diseases"],"info_sources":["social_media","extension_agents"],"raises_poultry":"no","poultry_purpose":null,"farmer_type":"type_d","low_input_practices":"yes"},"status":{"owns_land":"reported","land_size_band":"reported","soil_types":"reported","crop_groups":"reported","water_sources":"reported","water_availability":"reported","water_scarcity":"reported","irrigation_need_change":"reported","energy_sources":"reported","production_level":"reported","coop_member":"reported","homes_trad_food":"reported","seed_criteria":"reported","seed_sources":"reported","seed_challenges":"reported","traditional_seed_knowledge":"reported","soil_enhancers":"reported","chem_fertilizer_reliance":"reported","pest_control":"reported","pesticide_reliance":"reported","marketing_challenges":"reported","logistics_challenges":"reported","climate_change_noticed":"reported","climate_changes":"reported","climate_impacts":"reported","info_sources":"reported","raises_poultry":"reported","poultry_purpose":"not_applicable","farmer_type":"reported","low_input_practices":"reported"}}},{"type":"Feature","id":"CH-53KQ3L:chouf_2026","geometry":{"type":"Point","coordinates":[35.48721,33.66543]},"properties":{"entity_type":"survey_respondent_public","respondent_id":"CH-53KQ3L","instrument":"chouf_2026","area_name_en":"Dibbiyeh","area_name_ar":"دبية","district_en":"Chouf","district_ar":"الشوف","location_basis":"residence_village","geom_origin":"osm_settlement_point","spatial_precision":"locality","anchor":[35.48679,33.66544],"display_offset_m":39,"c__owns_land":"yes","c__land_size_band":"lt_5_dunum","c__soil_types":"loamy","c__crop_groups":"vegetables","c__water_sources":"tanker","c__water_availability":"never","c__water_scarcity":"yes","c__irrigation_need_change":"increase","c__energy_sources":"manual","c__production_level":"small","c__coop_member":"no","c__homes_trad_food":"most","c__seed_criteria":"price","c__seed_sources":"shop","c__seed_challenges":"high_cost","c__traditional_seed_knowledge":"no","c__soil_enhancers":"chemical","c__chem_fertilizer_reliance":"partial","c__pest_control":"chemical","c__pesticide_reliance":"total","c__marketing_challenges":"low_prices","c__logistics_challenges":"no_paved_roads","c__climate_change_noticed":"yes","c__climate_changes":"temperature_rise","c__climate_impacts":"production_decrease","c__info_sources":"social_media","c__raises_poultry":"yes","c__poultry_purpose":"home_consumption","c__farmer_type":"type_d","c__low_input_practices":"yes","values":{"owns_land":"yes","land_size_band":"lt_5_dunum","soil_types":["loamy"],"crop_groups":["vegetables","legumes","nursery"],"water_sources":["tanker","storage"],"water_availability":"never","water_scarcity":"yes","irrigation_need_change":"increase","energy_sources":["manual","grid","diesel"],"production_level":"small","coop_member":"no","homes_trad_food":"most","seed_criteria":["price","productivity","pest_resistance"],"seed_sources":["shop","association"],"seed_challenges":["high_cost","unsuitable"],"traditional_seed_knowledge":"no","soil_enhancers":["chemical","manure"],"chem_fertilizer_reliance":"partial","pest_control":["chemical","local"],"pesticide_reliance":"total","marketing_challenges":["low_prices","no_transport"],"logistics_challenges":["no_paved_roads"],"climate_change_noticed":"yes","climate_changes":["temperature_rise","rainfall_decrease","heatwaves","frost"],"climate_impacts":["production_decrease","season_delay","pests_diseases","pollination"],"info_sources":["social_media"],"raises_poultry":"yes","poultry_purpose":["home_consumption"],"farmer_type":"type_d","low_input_practices":"yes"},"status":{"owns_land":"reported","land_size_band":"reported","soil_types":"reported","crop_groups":"reported","water_sources":"reported","water_availability":"reported","water_scarcity":"reported","irrigation_need_change":"reported","energy_sources":"reported","production_level":"reported","coop_member":"reported","homes_trad_food":"reported","seed_criteria":"reported","seed_sources":"reported","seed_challenges":"reported","traditional_seed_knowledge":"reported","soil_enhancers":"reported","chem_fertilizer_reliance":"reported","pest_control":"reported","pesticide_reliance":"reported","marketing_challenges":"reported","logistics_challenges":"reported","climate_change_noticed":"reported","climate_changes":"reported","climate_impacts":"reported","info_sources":"reported","raises_poultry":"reported","poultry_purpose":"reported","farmer_type":"reported","low_input_practices":"reported"}}},{"type":"Feature","id":"CH-5JVDYT:chouf_2026","geometry":{"type":"Point","coordinates":[35.4559,33.73075]},"properties":{"entity_type":"survey_respondent_public","respondent_id":"CH-5JVDYT","instrument":"chouf_2026","area_name_en":"Damour","area_name_ar":"الدامور","district_en":"Chouf","district_ar":"الشوف","location_basis":"residence_village","geom_origin":"osm_settlement_point","spatial_precision":"locality","anchor":[35.45548,33.73076],"display_offset_m":39,"c__owns_land":"no","c__land_size_band":"gt_2_ha","c__soil_types":"loamy","c__crop_groups":"tropical_fruits","c__water_sources":"well","c__water_availability":"never","c__water_scarcity":"yes","c__irrigation_need_change":"increase","c__energy_sources":"grid","c__production_level":"medium","c__coop_member":"no","c__homes_trad_food":"few","c__seed_criteria":"productivity","c__seed_sources":"shop","c__seed_challenges":"none","c__traditional_seed_knowledge":"no","c__soil_enhancers":"chemical","c__chem_fertilizer_reliance":"total","c__pest_control":"chemical","c__pesticide_reliance":"total","c__marketing_challenges":"low_prices","c__logistics_challenges":"high_transport_cost","c__climate_change_noticed":"yes","c__climate_changes":"temperature_rise","c__climate_impacts":"production_decrease","c__info_sources":"extension_agents","c__raises_poultry":"no","c__farmer_type":"type_a","c__low_input_practices":"yes","values":{"owns_land":"no","land_size_band":"gt_2_ha","soil_types":["loamy"],"crop_groups":["tropical_fruits"],"water_sources":["well","canal"],"water_availability":"never","water_scarcity":"yes","irrigation_need_change":"increase","energy_sources":["grid","solar"],"production_level":"medium","coop_member":"no","homes_trad_food":"few","seed_criteria":["productivity","pest_resistance"],"seed_sources":["shop"],"seed_challenges":["none"],"traditional_seed_knowledge":"no","soil_enhancers":["chemical","compost","biofertilizer"],"chem_fertilizer_reliance":"total","pest_control":["chemical"],"pesticide_reliance":"total","marketing_challenges":["low_prices","poor_packaging"],"logistics_challenges":["high_transport_cost"],"climate_change_noticed":"yes","climate_changes":["temperature_rise","rainfall_decrease","heatwaves"],"climate_impacts":["production_decrease","season_delay","pests_diseases"],"info_sources":["extension_agents"],"raises_poultry":"no","poultry_purpose":null,"farmer_type":"type_a","low_input_practices":"yes"},"status":{"owns_land":"reported","land_size_band":"reported","soil_types":"reported","crop_groups":"reported","water_sources":"reported","water_availability":"reported","water_scarcity":"reported","irrigation_need_change":"reported","energy_sources":"reported","production_level":"reported","coop_member":"reported","homes_trad_food":"reported","seed_criteria":"reported","seed_sources":"reported","seed_challenges":"reported","traditional_seed_knowledge":"reported","soil_enhancers":"reported","chem_fertilizer_reliance":"reported","pest_control":"reported","pesticide_reliance":"reported","marketing_challenges":"reported","logistics_challenges":"reported","climate_change_noticed":"reported","climate_changes":"reported","climate_impacts":"reported","info_sources":"reported","raises_poultry":"reported","poultry_purpose":"not_applicable","farmer_type":"reported","low_input_practices":"reported"}}},{"type":"Feature","id":"CH-5KBV7S:chouf_2026","geometry":{"type":"Point","coordinates":[35.5393,33.61065]},"properties":{"entity_type":"survey_respondent_public","respondent_id":"CH-5KBV7S","instrument":"chouf_2026","area_name_en":"Mtolleh","area_name_ar":"مطله","district_en":"Chouf","district_ar":"الشوف","location_basis":"residence_village","geom_origin":"osm_settlement_point","spatial_precision":"locality","anchor":[35.5393,33.61065],"display_offset_m":0,"c__owns_land":"yes","c__land_size_band":"lt_5_dunum","c__soil_types":"loamy","c__crop_groups":"olives","c__water_sources":"rain","c__water_availability":"sometimes","c__water_scarcity":"yes","c__irrigation_need_change":"increase","c__energy_sources":"solar","c__production_level":"small","c__coop_member":"no","c__homes_trad_food":"almost_all","c__seed_criteria":"productivity","c__seed_sources":"shop","c__seed_challenges":"low_availability","c__traditional_seed_knowledge":"no","c__soil_enhancers":"none","c__chem_fertilizer_reliance":"not_used","c__pest_control":"local","c__pesticide_reliance":"not_used","c__marketing_challenges":"low_prices","c__logistics_challenges":"high_transport_cost","c__climate_change_noticed":"yes","c__climate_changes":"temperature_rise","c__climate_impacts":"production_decrease","c__info_sources":"social_media","c__raises_poultry":"no","c__farmer_type":"type_c","c__low_input_practices":"yes","values":{"owns_land":"yes","land_size_band":"lt_5_dunum","soil_types":["loamy"],"crop_groups":["olives","vegetables"],"water_sources":["rain"],"water_availability":"sometimes","water_scarcity":"yes","irrigation_need_change":"increase","energy_sources":["solar"],"production_level":"small","coop_member":"no","homes_trad_food":"almost_all","seed_criteria":["productivity","pest_resistance"],"seed_sources":["shop"],"seed_challenges":["low_availability","unreliable_suppliers"],"traditional_seed_knowledge":"no","soil_enhancers":["none"],"chem_fertilizer_reliance":"not_used","pest_control":["local"],"pesticide_reliance":"not_used","marketing_challenges":["low_prices"],"logistics_challenges":["high_transport_cost"],"climate_change_noticed":"yes","climate_changes":["temperature_rise","rainfall_decrease"],"climate_impacts":["production_decrease","season_delay"],"info_sources":["social_media"],"raises_poultry":"no","poultry_purpose":null,"farmer_type":"type_c","low_input_practices":"yes"},"status":{"owns_land":"reported","land_size_band":"reported","soil_types":"reported","crop_groups":"reported","water_sources":"reported","water_availability":"reported","water_scarcity":"reported","irrigation_need_change":"reported","energy_sources":"reported","production_level":"reported","coop_member":"reported","homes_trad_food":"reported","seed_criteria":"reported","seed_sources":"reported","seed_challenges":"reported","traditional_seed_knowledge":"reported","soil_enhancers":"reported","chem_fertilizer_reliance":"reported","pest_control":"reported","pesticide_reliance":"reported","marketing_challenges":"reported","logistics_challenges":"reported","climate_change_noticed":"reported","climate_changes":"reported","climate_impacts":"reported","info_sources":"reported","raises_poultry":"reported","poultry_purpose":"not_applicable","farmer_type":"reported","low_input_practices":"reported"}}},{"type":"Feature","id":"CH-5RW6YG:chouf_2026","geometry":{"type":"Point","coordinates":[35.58016,33.64536]},"properties":{"entity_type":"survey_respondent_public","respondent_id":"CH-5RW6YG","instrument":"chouf_2026","area_name_en":"Mazraat Ech-Chouf","area_name_ar":"مزرعة","district_en":"Chouf","district_ar":"الشوف","location_basis":"residence_village","geom_origin":"osm_settlement_point","spatial_precision":"locality","anchor":[35.5801,33.64614],"display_offset_m":87,"c__owns_land":"yes","c__land_size_band":"lt_5_dunum","c__soil_types":"loamy","c__crop_groups":"vegetables","c__water_sources":"spring","c__water_availability":"never","c__water_scarcity":"yes","c__irrigation_need_change":"unsure","c__energy_sources":"manual","c__production_level":"small","c__coop_member":"no","c__homes_trad_food":"few","c__seed_criteria":"price","c__seed_sources":"shop","c__seed_challenges":"unreliable_suppliers","c__traditional_seed_knowledge":"no","c__soil_enhancers":"manure","c__chem_fertilizer_reliance":"not_used","c__pest_control":"local","c__pesticide_reliance":"not_used","c__climate_change_noticed":"no","c__info_sources":"social_media","c__raises_poultry":"no","c__farmer_type":"type_c","c__low_input_practices":"yes","values":{"owns_land":"yes","land_size_band":"lt_5_dunum","soil_types":["loamy"],"crop_groups":["vegetables","legumes"],"water_sources":["spring"],"water_availability":"never","water_scarcity":"yes","irrigation_need_change":"unsure","energy_sources":["manual"],"production_level":"small","coop_member":"no","homes_trad_food":"few","seed_criteria":["price","productivity","pest_resistance"],"seed_sources":["shop"],"seed_challenges":["unreliable_suppliers"],"traditional_seed_knowledge":"no","soil_enhancers":["manure"],"chem_fertilizer_reliance":"not_used","pest_control":["local"],"pesticide_reliance":"not_used","marketing_challenges":null,"logistics_challenges":null,"climate_change_noticed":"no","climate_changes":null,"climate_impacts":null,"info_sources":["social_media"],"raises_poultry":"no","poultry_purpose":null,"farmer_type":"type_c","low_input_practices":"yes"},"status":{"owns_land":"reported","land_size_band":"reported","soil_types":"reported","crop_groups":"reported","water_sources":"reported","water_availability":"reported","water_scarcity":"reported","irrigation_need_change":"reported","energy_sources":"reported","production_level":"reported","coop_member":"reported","homes_trad_food":"reported","seed_criteria":"reported","seed_sources":"reported","seed_challenges":"reported","traditional_seed_knowledge":"reported","soil_enhancers":"reported","chem_fertilizer_reliance":"reported","pest_control":"reported","pesticide_reliance":"reported","marketing_challenges":"not_provided","logistics_challenges":"not_provided","climate_change_noticed":"reported","climate_changes":"not_applicable","climate_impacts":"not_applicable","info_sources":"reported","raises_poultry":"reported","poultry_purpose":"not_applicable","farmer_type":"reported","low_input_practices":"reported"}}},{"type":"Feature","id":"CH-5S5VNC:chouf_2026","geometry":{"type":"Point","coordinates":[35.68576,33.77158]},"properties":{"entity_type":"survey_respondent_public","respondent_id":"CH-5S5VNC","instrument":"chouf_2026","area_name_en":"Charoun","area_name_ar":"شارون","district_en":"Aley","district_ar":"عاليه","location_basis":"residence_village","geom_origin":"osm_settlement_point","spatial_precision":"locality","anchor":[35.68576,33.77158],"display_offset_m":0,"c__owns_land":"yes","c__land_size_band":"lt_5_dunum","c__soil_types":"loamy","c__crop_groups":"apples_pears","c__water_sources":"well","c__water_availability":"always","c__water_scarcity":"no","c__irrigation_need_change":"unsure","c__energy_sources":"diesel","c__production_level":"small","c__coop_member":"no","c__homes_trad_food":"few","c__seed_criteria":"price","c__seed_sources":"shop","c__seed_challenges":"high_cost","c__traditional_seed_knowledge":"no","c__soil_enhancers":"chemical","c__chem_fertilizer_reliance":"partial","c__pest_control":"local","c__pesticide_reliance":"partial","c__marketing_challenges":"low_prices","c__logistics_challenges":"no_paved_roads","c__climate_change_noticed":"yes","c__climate_changes":"temperature_rise","c__climate_impacts":"production_decrease","c__info_sources":"supply_shops","c__raises_poultry":"no","c__farmer_type":"type_a","c__low_input_practices":"yes","values":{"owns_land":"yes","land_size_band":"lt_5_dunum","soil_types":["loamy"],"crop_groups":["apples_pears","vegetables"],"water_sources":["well"],"water_availability":"always","water_scarcity":"no","irrigation_need_change":"unsure","energy_sources":["diesel"],"production_level":"small","coop_member":"no","homes_trad_food":"few","seed_criteria":["price","productivity","pest_resistance"],"seed_sources":["shop"],"seed_challenges":["high_cost","low_availability","unreliable_suppliers"],"traditional_seed_knowledge":"no","soil_enhancers":["chemical"],"chem_fertilizer_reliance":"partial","pest_control":["local"],"pesticide_reliance":"partial","marketing_challenges":["low_prices"],"logistics_challenges":["no_paved_roads"],"climate_change_noticed":"yes","climate_changes":["temperature_rise","rainfall_decrease","heatwaves","frost"],"climate_impacts":["production_decrease","season_delay","pests_diseases"],"info_sources":["supply_shops"],"raises_poultry":"no","poultry_purpose":null,"farmer_type":"type_a","low_input_practices":"yes"},"status":{"owns_land":"reported","land_size_band":"reported","soil_types":"reported","crop_groups":"reported","water_sources":"reported","water_availability":"reported","water_scarcity":"reported","irrigation_need_change":"reported","energy_sources":"reported","production_level":"reported","coop_member":"reported","homes_trad_food":"reported","seed_criteria":"reported","seed_sources":"reported","seed_challenges":"reported","traditional_seed_knowledge":"reported","soil_enhancers":"reported","chem_fertilizer_reliance":"reported","pest_control":"reported","pesticide_reliance":"reported","marketing_challenges":"reported","logistics_challenges":"reported","climate_change_noticed":"reported","climate_changes":"reported","climate_impacts":"reported","info_sources":"reported","raises_poultry":"reported","poultry_purpose":"not_applicable","farmer_type":"reported","low_input_practices":"reported"}}},{"type":"Feature","id":"CH-5T4K3N:chouf_2026","geometry":{"type":"Point","coordinates":[35.68161,33.7041]},"properties":{"entity_type":"survey_respondent_public","respondent_id":"CH-5T4K3N","instrument":"chouf_2026","area_name_en":"Barouk","area_name_ar":"الباروك","district_en":"Chouf","district_ar":"الشوف","location_basis":"residence_village","geom_origin":"osm_settlement_point","spatial_precision":"locality","anchor":[35.68119,33.70411],"display_offset_m":39,"c__owns_land":"yes","c__land_size_band":"gt_1_ha","c__soil_types":"clay","c__crop_groups":"vegetables","c__water_sources":"river","c__water_availability":"always","c__water_scarcity":"yes","c__irrigation_need_change":"increase","c__energy_sources":"diesel","c__production_level":"medium","c__coop_member":"no","c__homes_trad_food":"most","c__seed_criteria":"price","c__seed_sources":"own_harvest","c__seed_challenges":"high_cost","c__traditional_seed_knowledge":"yes","c__soil_enhancers":"chemical","c__chem_fertilizer_reliance":"total","c__pest_control":"chemical","c__pesticide_reliance":"total","c__marketing_challenges":"low_prices","c__logistics_challenges":"high_transport_cost","c__climate_change_noticed":"yes","c__climate_changes":"temperature_rise","c__climate_impacts":"production_decrease","c__info_sources":"social_media","c__raises_poultry":"no","c__farmer_type":"type_a","c__low_input_practices":"no","values":{"owns_land":"yes","land_size_band":"gt_1_ha","soil_types":["clay","sandy"],"crop_groups":["vegetables"],"water_sources":["river"],"water_availability":"always","water_scarcity":"yes","irrigation_need_change":"increase","energy_sources":["diesel"],"production_level":"medium","coop_member":"no","homes_trad_food":"most","seed_criteria":["price"],"seed_sources":["own_harvest"],"seed_challenges":["high_cost"],"traditional_seed_knowledge":"yes","soil_enhancers":["chemical"],"chem_fertilizer_reliance":"total","pest_control":["chemical"],"pesticide_reliance":"total","marketing_challenges":["low_prices"],"logistics_challenges":["high_transport_cost"],"climate_change_noticed":"yes","climate_changes":["temperature_rise","rainfall_decrease","heatwaves"],"climate_impacts":["production_decrease","season_delay","pests_diseases"],"info_sources":["social_media","extension_agents"],"raises_poultry":"no","poultry_purpose":null,"farmer_type":"type_a","low_input_practices":"no"},"status":{"owns_land":"reported","land_size_band":"reported","soil_types":"reported","crop_groups":"reported","water_sources":"reported","water_availability":"reported","water_scarcity":"reported","irrigation_need_change":"reported","energy_sources":"reported","production_level":"reported","coop_member":"reported","homes_trad_food":"reported","seed_criteria":"reported","seed_sources":"reported","seed_challenges":"reported","traditional_seed_knowledge":"reported","soil_enhancers":"reported","chem_fertilizer_reliance":"reported","pest_control":"reported","pesticide_reliance":"reported","marketing_challenges":"reported","logistics_challenges":"reported","climate_change_noticed":"reported","climate_changes":"reported","climate_impacts":"reported","info_sources":"reported","raises_poultry":"reported","poultry_purpose":"not_applicable","farmer_type":"reported","low_input_practices":"reported"}}},{"type":"Feature","id":"CH-5VHZ5F:chouf_2026","geometry":{"type":"Point","coordinates":[35.61336,33.65738]},"properties":{"entity_type":"survey_respondent_public","respondent_id":"CH-5VHZ5F","instrument":"chouf_2026","area_name_en":"Moukhtara","area_name_ar":"مختارة","district_en":"Chouf","district_ar":"الشوف","location_basis":"residence_village","geom_origin":"osm_settlement_point","spatial_precision":"locality","anchor":[35.61336,33.65738],"display_offset_m":0,"c__owns_land":"yes","c__land_size_band":"lt_5_dunum","c__soil_types":"clay","c__crop_groups":"olives","c__water_sources":"river","c__water_availability":"never","c__water_scarcity":"yes","c__irrigation_need_change":"increase","c__energy_sources":"manual","c__production_level":"medium","c__coop_member":"yes","c__homes_trad_food":"some","c__seed_criteria":"productivity","c__seed_sources":"shop","c__seed_challenges":"low_availability","c__traditional_seed_knowledge":"no","c__soil_enhancers":"chemical","c__chem_fertilizer_reliance":"partial","c__pest_control":"chemical","c__pesticide_reliance":"partial","c__marketing_challenges":"weak_demand","c__logistics_challenges":"high_transport_cost","c__climate_change_noticed":"yes","c__climate_changes":"temperature_rise","c__climate_impacts":"pests_diseases","c__info_sources":"extension_agents","c__raises_poultry":"yes","c__poultry_purpose":"home_consumption","c__farmer_type":"type_d","c__low_input_practices":"yes","values":{"owns_land":"yes","land_size_band":"lt_5_dunum","soil_types":["clay"],"crop_groups":["olives","apples_pears"],"water_sources":["river","tanker","storage"],"water_availability":"never","water_scarcity":"yes","irrigation_need_change":"increase","energy_sources":["manual"],"production_level":"medium","coop_member":"yes","homes_trad_food":"some","seed_criteria":["productivity"],"seed_sources":["shop"],"seed_challenges":["low_availability"],"traditional_seed_knowledge":"no","soil_enhancers":["chemical","compost"],"chem_fertilizer_reliance":"partial","pest_control":["chemical"],"pesticide_reliance":"partial","marketing_challenges":["weak_demand"],"logistics_challenges":["high_transport_cost"],"climate_change_noticed":"yes","climate_changes":["temperature_rise","rainfall_decrease"],"climate_impacts":["pests_diseases"],"info_sources":["extension_agents"],"raises_poultry":"yes","poultry_purpose":["home_consumption","local_sale"],"farmer_type":"type_d","low_input_practices":"yes"},"status":{"owns_land":"reported","land_size_band":"reported","soil_types":"reported","crop_groups":"reported","water_sources":"reported","water_availability":"reported","water_scarcity":"reported","irrigation_need_change":"reported","energy_sources":"reported","production_level":"reported","coop_member":"reported","homes_trad_food":"reported","seed_criteria":"reported","seed_sources":"reported","seed_challenges":"reported","traditional_seed_knowledge":"reported","soil_enhancers":"reported","chem_fertilizer_reliance":"reported","pest_control":"reported","pesticide_reliance":"reported","marketing_challenges":"reported","logistics_challenges":"reported","climate_change_noticed":"reported","climate_changes":"reported","climate_impacts":"reported","info_sources":"reported","raises_poultry":"reported","poultry_purpose":"reported","farmer_type":"reported","low_input_practices":"reported"}}},{"type":"Feature","id":"CH-66S3E3:chouf_2026","geometry":{"type":"Point","coordinates":[35.68067,33.70453]},"properties":{"entity_type":"survey_respondent_public","respondent_id":"CH-66S3E3","instrument":"chouf_2026","area_name_en":"Barouk","area_name_ar":"الباروك","district_en":"Chouf","district_ar":"الشوف","location_basis":"residence_village","geom_origin":"osm_settlement_point","spatial_precision":"locality","anchor":[35.68119,33.70411],"display_offset_m":67,"c__owns_land":"yes","c__land_size_band":"lt_5_dunum","c__soil_types":"loamy","c__crop_groups":"vegetables","c__water_sources":"river","c__water_availability":"rarely","c__water_scarcity":"yes","c__irrigation_need_change":"increase","c__energy_sources":"manual","c__production_level":"small","c__coop_member":"no","c__homes_trad_food":"few","c__seed_criteria":"price","c__seed_sources":"shop","c__seed_challenges":"high_cost","c__traditional_seed_knowledge":"no","c__soil_enhancers":"chemical","c__chem_fertilizer_reliance":"partial","c__pest_control":"chemical","c__pesticide_reliance":"total","c__marketing_challenges":"low_prices","c__logistics_challenges":"high_transport_cost","c__climate_change_noticed":"yes","c__climate_changes":"temperature_rise","c__climate_impacts":"production_decrease","c__info_sources":"supply_shops","c__raises_poultry":"yes","c__poultry_purpose":"home_consumption","c__farmer_type":"type_d","c__low_input_practices":"yes","values":{"owns_land":"yes","land_size_band":"lt_5_dunum","soil_types":["loamy"],"crop_groups":["vegetables"],"water_sources":["river"],"water_availability":"rarely","water_scarcity":"yes","irrigation_need_change":"increase","energy_sources":["manual","diesel"],"production_level":"small","coop_member":"no","homes_trad_food":"few","seed_criteria":["price","productivity","pest_resistance"],"seed_sources":["shop","own_harvest"],"seed_challenges":["high_cost","low_availability","unreliable_suppliers"],"traditional_seed_knowledge":"no","soil_enhancers":["chemical","manure"],"chem_fertilizer_reliance":"partial","pest_control":["chemical"],"pesticide_reliance":"total","marketing_challenges":["low_prices","weak_demand","far_markets","no_transport","poor_packaging"],"logistics_challenges":["high_transport_cost","no_paved_roads","no_transport"],"climate_change_noticed":"yes","climate_changes":["temperature_rise","rainfall_decrease","heatwaves"],"climate_impacts":["production_decrease","season_delay","pests_diseases","pollination"],"info_sources":["supply_shops"],"raises_poultry":"yes","poultry_purpose":["home_consumption","gifts"],"farmer_type":"type_d","low_input_practices":"yes"},"status":{"owns_land":"reported","land_size_band":"reported","soil_types":"reported","crop_groups":"reported","water_sources":"reported","water_availability":"reported","water_scarcity":"reported","irrigation_need_change":"reported","energy_sources":"reported","production_level":"reported","coop_member":"reported","homes_trad_food":"reported","seed_criteria":"reported","seed_sources":"reported","seed_challenges":"reported","traditional_seed_knowledge":"reported","soil_enhancers":"reported","chem_fertilizer_reliance":"reported","pest_control":"reported","pesticide_reliance":"reported","marketing_challenges":"reported","logistics_challenges":"reported","climate_change_noticed":"reported","climate_changes":"reported","climate_impacts":"reported","info_sources":"reported","raises_poultry":"reported","poultry_purpose":"reported","farmer_type":"reported","low_input_practices":"reported"}}},{"type":"Feature","id":"CH-66SFCB:chouf_2026","geometry":{"type":"Point","coordinates":[35.51713,33.62833]},"properties":{"entity_type":"survey_respondent_public","respondent_id":"CH-66SFCB","instrument":"chouf_2026","area_name_en":"Aanout","area_name_ar":"عانوت","district_en":"Chouf","district_ar":"الشوف","location_basis":"residence_village","geom_origin":"osm_settlement_point","spatial_precision":"locality","anchor":[35.51671,33.62834],"display_offset_m":39,"c__owns_land":"yes","c__land_size_band":"lt_5_dunum","c__soil_types":"clay","c__crop_groups":"vegetables","c__water_sources":"rain","c__water_availability":"never","c__water_scarcity":"yes","c__irrigation_need_change":"increase","c__energy_sources":"manual","c__production_level":"small","c__coop_member":"no","c__homes_trad_food":"few","c__seed_criteria":"price","c__seed_sources":"shop","c__seed_challenges":"high_cost","c__traditional_seed_knowledge":"no","c__soil_enhancers":"chemical","c__chem_fertilizer_reliance":"partial","c__pest_control":"chemical","c__pesticide_reliance":"partial","c__marketing_challenges":"low_prices","c__logistics_challenges":"high_transport_cost","c__climate_change_noticed":"yes","c__climate_changes":"temperature_rise","c__climate_impacts":"production_decrease","c__info_sources":"social_media","c__raises_poultry":"yes","c__poultry_purpose":"home_consumption","c__farmer_type":"type_d","c__low_input_practices":"yes","values":{"owns_land":"yes","land_size_band":"lt_5_dunum","soil_types":["clay"],"crop_groups":["vegetables","legumes"],"water_sources":["rain","tanker","storage"],"water_availability":"never","water_scarcity":"yes","irrigation_need_change":"increase","energy_sources":["manual","grid"],"production_level":"small","coop_member":"no","homes_trad_food":"few","seed_criteria":["price"],"seed_sources":["shop"],"seed_challenges":["high_cost","unreliable_suppliers"],"traditional_seed_knowledge":"no","soil_enhancers":["chemical","manure"],"chem_fertilizer_reliance":"partial","pest_control":["chemical"],"pesticide_reliance":"partial","marketing_challenges":["low_prices","weak_demand","poor_packaging"],"logistics_challenges":["high_transport_cost"],"climate_change_noticed":"yes","climate_changes":["temperature_rise","rainfall_decrease","heatwaves","frost"],"climate_impacts":["production_decrease","pests_diseases","pollination"],"info_sources":["social_media","television"],"raises_poultry":"yes","poultry_purpose":["home_consumption"],"farmer_type":"type_d","low_input_practices":"yes"},"status":{"owns_land":"reported","land_size_band":"reported","soil_types":"reported","crop_groups":"reported","water_sources":"reported","water_availability":"reported","water_scarcity":"reported","irrigation_need_change":"reported","energy_sources":"reported","production_level":"reported","coop_member":"reported","homes_trad_food":"reported","seed_criteria":"reported","seed_sources":"reported","seed_challenges":"reported","traditional_seed_knowledge":"reported","soil_enhancers":"reported","chem_fertilizer_reliance":"reported","pest_control":"reported","pesticide_reliance":"reported","marketing_challenges":"reported","logistics_challenges":"reported","climate_change_noticed":"reported","climate_changes":"reported","climate_impacts":"reported","info_sources":"reported","raises_poultry":"reported","poultry_purpose":"reported","farmer_type":"reported","low_input_practices":"reported"}}},{"type":"Feature","id":"CH-6HD9DJ:chouf_2026","geometry":{"type":"Point","coordinates":[35.45496,33.73118]},"properties":{"entity_type":"survey_respondent_public","respondent_id":"CH-6HD9DJ","instrument":"chouf_2026","area_name_en":"Damour","area_name_ar":"الدامور","district_en":"Chouf","district_ar":"الشوف","location_basis":"residence_village","geom_origin":"osm_settlement_point","spatial_precision":"locality","anchor":[35.45548,33.73076],"display_offset_m":67,"c__owns_land":"yes","c__land_size_band":"lt_5_dunum","c__soil_types":"loamy","c__crop_groups":"tropical_fruits","c__water_sources":"river","c__water_availability":"rarely","c__water_scarcity":"yes","c__irrigation_need_change":"unsure","c__energy_sources":"grid","c__production_level":"small","c__coop_member":"no","c__homes_trad_food":"few","c__seed_criteria":"price","c__seed_sources":"shop","c__seed_challenges":"high_cost","c__traditional_seed_knowledge":"no","c__soil_enhancers":"chemical","c__chem_fertilizer_reliance":"partial","c__pest_control":"chemical","c__pesticide_reliance":"partial","c__marketing_challenges":"low_prices","c__climate_change_noticed":"yes","c__climate_changes":"temperature_rise","c__climate_impacts":"production_decrease","c__info_sources":"social_media","c__raises_poultry":"yes","c__poultry_purpose":"home_consumption","c__farmer_type":"type_d","c__low_input_practices":"yes","values":{"owns_land":"yes","land_size_band":"lt_5_dunum","soil_types":["loamy"],"crop_groups":["tropical_fruits"],"water_sources":["river"],"water_availability":"rarely","water_scarcity":"yes","irrigation_need_change":"unsure","energy_sources":["grid"],"production_level":"small","coop_member":"no","homes_trad_food":"few","seed_criteria":["price","productivity","pest_resistance"],"seed_sources":["shop"],"seed_challenges":["high_cost","low_availability"],"traditional_seed_knowledge":"no","soil_enhancers":["chemical","manure"],"chem_fertilizer_reliance":"partial","pest_control":["chemical"],"pesticide_reliance":"partial","marketing_challenges":["low_prices"],"logistics_challenges":null,"climate_change_noticed":"yes","climate_changes":["temperature_rise","rainfall_decrease","heatwaves","frost"],"climate_impacts":["production_decrease","pests_diseases"],"info_sources":["social_media","extension_agents","supply_shops"],"raises_poultry":"yes","poultry_purpose":["home_consumption"],"farmer_type":"type_d","low_input_practices":"yes"},"status":{"owns_land":"reported","land_size_band":"reported","soil_types":"reported","crop_groups":"reported","water_sources":"reported","water_availability":"reported","water_scarcity":"reported","irrigation_need_change":"reported","energy_sources":"reported","production_level":"reported","coop_member":"reported","homes_trad_food":"reported","seed_criteria":"reported","seed_sources":"reported","seed_challenges":"reported","traditional_seed_knowledge":"reported","soil_enhancers":"reported","chem_fertilizer_reliance":"reported","pest_control":"reported","pesticide_reliance":"reported","marketing_challenges":"reported","logistics_challenges":"not_provided","climate_change_noticed":"reported","climate_changes":"reported","climate_impacts":"reported","info_sources":"reported","raises_poultry":"reported","poultry_purpose":"reported","farmer_type":"reported","low_input_practices":"reported"}}},{"type":"Feature","id":"CH-6J3BNS:chouf_2026","geometry":{"type":"Point","coordinates":[35.62526,33.6793]},"properties":{"entity_type":"survey_respondent_public","respondent_id":"CH-6J3BNS","instrument":"chouf_2026","area_name_en":"Aain Ouzain","area_name_ar":"عين وزين","district_en":"Chouf","district_ar":"الشوف","location_basis":"residence_village","geom_origin":"osm_settlement_point","spatial_precision":"locality","anchor":[35.62578,33.67888],"display_offset_m":67,"c__owns_land":"yes","c__land_size_band":"lt_1_ha","c__soil_types":"calcareous","c__crop_groups":"olives","c__water_sources":"tanker","c__water_availability":"sometimes","c__water_scarcity":"yes","c__irrigation_need_change":"increase","c__energy_sources":"grid","c__production_level":"medium","c__coop_member":"no","c__homes_trad_food":"some","c__seed_criteria":"price","c__seed_sources":"shop","c__seed_challenges":"low_availability","c__traditional_seed_knowledge":"no","c__soil_enhancers":"compost","c__chem_fertilizer_reliance":"partial","c__pest_control":"chemical","c__marketing_challenges":"low_prices","c__logistics_challenges":"high_transport_cost","c__climate_change_noticed":"yes","c__climate_changes":"rainfall_decrease","c__climate_impacts":"season_delay","c__info_sources":"social_media","c__raises_poultry":"yes","c__poultry_purpose":"local_sale","c__farmer_type":"type_d","c__low_input_practices":"yes","values":{"owns_land":"yes","land_size_band":"lt_1_ha","soil_types":["calcareous"],"crop_groups":["olives","vegetables","herbs"],"water_sources":["tanker","storage"],"water_availability":"sometimes","water_scarcity":"yes","irrigation_need_change":"increase","energy_sources":["grid"],"production_level":"medium","coop_member":"no","homes_trad_food":"some","seed_criteria":["price","productivity","pest_resistance"],"seed_sources":["shop"],"seed_challenges":["low_availability"],"traditional_seed_knowledge":"no","soil_enhancers":["compost","manure"],"chem_fertilizer_reliance":"partial","pest_control":["chemical"],"pesticide_reliance":null,"marketing_challenges":["low_prices"],"logistics_challenges":["high_transport_cost"],"climate_change_noticed":"yes","climate_changes":["rainfall_decrease","heatwaves"],"climate_impacts":["season_delay","pests_diseases"],"info_sources":["social_media","extension_agents"],"raises_poultry":"yes","poultry_purpose":["local_sale"],"farmer_type":"type_d","low_input_practices":"yes"},"status":{"owns_land":"reported","land_size_band":"reported","soil_types":"reported","crop_groups":"reported","water_sources":"reported","water_availability":"reported","water_scarcity":"reported","irrigation_need_change":"reported","energy_sources":"reported","production_level":"reported","coop_member":"reported","homes_trad_food":"reported","seed_criteria":"reported","seed_sources":"reported","seed_challenges":"reported","traditional_seed_knowledge":"reported","soil_enhancers":"reported","chem_fertilizer_reliance":"reported","pest_control":"reported","pesticide_reliance":"not_provided","marketing_challenges":"reported","logistics_challenges":"reported","climate_change_noticed":"reported","climate_changes":"reported","climate_impacts":"reported","info_sources":"reported","raises_poultry":"reported","poultry_purpose":"reported","farmer_type":"reported","low_input_practices":"reported"}}},{"type":"Feature","id":"CH-6P7VGF:chouf_2026","geometry":{"type":"Point","coordinates":[35.68125,33.70333]},"properties":{"entity_type":"survey_respondent_public","respondent_id":"CH-6P7VGF","instrument":"chouf_2026","area_name_en":"Barouk","area_name_ar":"الباروك","district_en":"Chouf","district_ar":"الشوف","location_basis":"residence_village","geom_origin":"osm_settlement_point","spatial_precision":"locality","anchor":[35.68119,33.70411],"display_offset_m":87,"c__owns_land":"yes","c__land_size_band":"lt_5_dunum","c__soil_types":"loamy","c__crop_groups":"apples_pears","c__water_sources":"tanker","c__water_availability":"rarely","c__water_scarcity":"yes","c__irrigation_need_change":"decrease","c__energy_sources":"manual","c__production_level":"small","c__coop_member":"no","c__homes_trad_food":"few","c__seed_criteria":"price","c__seed_sources":"association","c__seed_challenges":"high_cost","c__traditional_seed_knowledge":"no","c__soil_enhancers":"compost","c__chem_fertilizer_reliance":"partial","c__pest_control":"physical","c__pesticide_reliance":"partial","c__marketing_challenges":"low_prices","c__logistics_challenges":"high_transport_cost","c__climate_change_noticed":"yes","c__climate_changes":"temperature_rise","c__climate_impacts":"production_decrease","c__info_sources":"social_media","c__raises_poultry":"yes","c__poultry_purpose":"home_consumption","c__farmer_type":"type_d","c__low_input_practices":"yes","values":{"owns_land":"yes","land_size_band":"lt_5_dunum","soil_types":["loamy"],"crop_groups":["apples_pears","vegetables"],"water_sources":["tanker","storage"],"water_availability":"rarely","water_scarcity":"yes","irrigation_need_change":"decrease","energy_sources":["manual"],"production_level":"small","coop_member":"no","homes_trad_food":"few","seed_criteria":["price"],"seed_sources":["association"],"seed_challenges":["high_cost","low_availability","unreliable_suppliers","unsuitable"],"traditional_seed_knowledge":"no","soil_enhancers":["compost"],"chem_fertilizer_reliance":"partial","pest_control":["physical","local"],"pesticide_reliance":"partial","marketing_challenges":["low_prices","weak_demand","far_markets","no_transport","poor_packaging"],"logistics_challenges":["high_transport_cost","no_transport"],"climate_change_noticed":"yes","climate_changes":["temperature_rise","rainfall_decrease","heatwaves"],"climate_impacts":["production_decrease","season_delay","pests_diseases","pollination"],"info_sources":["social_media","extension_agents","supply_shops","television"],"raises_poultry":"yes","poultry_purpose":["home_consumption","gifts"],"farmer_type":"type_d","low_input_practices":"yes"},"status":{"owns_land":"reported","land_size_band":"reported","soil_types":"reported","crop_groups":"reported","water_sources":"reported","water_availability":"reported","water_scarcity":"reported","irrigation_need_change":"reported","energy_sources":"reported","production_level":"reported","coop_member":"reported","homes_trad_food":"reported","seed_criteria":"reported","seed_sources":"reported","seed_challenges":"reported","traditional_seed_knowledge":"reported","soil_enhancers":"reported","chem_fertilizer_reliance":"reported","pest_control":"reported","pesticide_reliance":"reported","marketing_challenges":"reported","logistics_challenges":"reported","climate_change_noticed":"reported","climate_changes":"reported","climate_impacts":"reported","info_sources":"reported","raises_poultry":"reported","poultry_purpose":"reported","farmer_type":"reported","low_input_practices":"reported"}}},{"type":"Feature","id":"CH-76LQCB:chouf_2026","geometry":{"type":"Point","coordinates":[35.5808,33.64686]},"properties":{"entity_type":"survey_respondent_public","respondent_id":"CH-76LQCB","instrument":"chouf_2026","area_name_en":"Mazraat Ech-Chouf","area_name_ar":"مزرعة","district_en":"Chouf","district_ar":"الشوف","location_basis":"residence_village","geom_origin":"osm_settlement_point","spatial_precision":"locality","anchor":[35.5801,33.64614],"display_offset_m":103,"c__owns_land":"no","c__land_size_band":"lt_5_dunum","c__soil_types":"clay","c__crop_groups":"legumes","c__water_sources":"tanker","c__water_availability":"never","c__water_scarcity":"yes","c__irrigation_need_change":"increase","c__energy_sources":"manual","c__production_level":"medium","c__coop_member":"no","c__homes_trad_food":"few","c__seed_criteria":"none","c__seed_sources":"shop","c__seed_challenges":"high_cost","c__traditional_seed_knowledge":"no","c__soil_enhancers":"chemical","c__chem_fertilizer_reliance":"partial","c__pest_control":"chemical","c__pesticide_reliance":"partial","c__marketing_challenges":"low_prices","c__logistics_challenges":"high_transport_cost","c__climate_change_noticed":"yes","c__climate_changes":"rainfall_decrease","c__climate_impacts":"production_decrease","c__info_sources":"social_media","c__raises_poultry":"no","c__farmer_type":"type_d","c__low_input_practices":"no","values":{"owns_land":"no","land_size_band":"lt_5_dunum","soil_types":["clay","calcareous"],"crop_groups":["legumes"],"water_sources":["tanker","storage"],"water_availability":"never","water_scarcity":"yes","irrigation_need_change":"increase","energy_sources":["manual"],"production_level":"medium","coop_member":"no","homes_trad_food":"few","seed_criteria":["none"],"seed_sources":["shop"],"seed_challenges":["high_cost"],"traditional_seed_knowledge":"no","soil_enhancers":["chemical"],"chem_fertilizer_reliance":"partial","pest_control":["chemical"],"pesticide_reliance":"partial","marketing_challenges":["low_prices"],"logistics_challenges":["high_transport_cost"],"climate_change_noticed":"yes","climate_changes":["rainfall_decrease"],"climate_impacts":["production_decrease"],"info_sources":["social_media"],"raises_poultry":"no","poultry_purpose":null,"farmer_type":"type_d","low_input_practices":"no"},"status":{"owns_land":"reported","land_size_band":"reported","soil_types":"reported","crop_groups":"reported","water_sources":"reported","water_availability":"reported","water_scarcity":"reported","irrigation_need_change":"reported","energy_sources":"reported","production_level":"reported","coop_member":"reported","homes_trad_food":"reported","seed_criteria":"reported","seed_sources":"reported","seed_challenges":"reported","traditional_seed_knowledge":"reported","soil_enhancers":"reported","chem_fertilizer_reliance":"reported","pest_control":"reported","pesticide_reliance":"reported","marketing_challenges":"reported","logistics_challenges":"reported","climate_change_noticed":"reported","climate_changes":"reported","climate_impacts":"reported","info_sources":"reported","raises_poultry":"reported","poultry_purpose":"not_applicable","farmer_type":"reported","low_input_practices":"reported"}}},{"type":"Feature","id":"CH-76VDHG:chouf_2026","geometry":{"type":"Point","coordinates":[35.59079,33.64976]},"properties":{"entity_type":"survey_respondent_public","respondent_id":"CH-76VDHG","instrument":"chouf_2026","area_name_en":"Kahlouniet Ech-Chouf","area_name_ar":"كحلونية الشوف","district_en":"Chouf","district_ar":"الشوف","location_basis":"residence_village","geom_origin":"osm_settlement_point","spatial_precision":"locality","anchor":[35.59037,33.64977],"display_offset_m":39,"c__owns_land":"yes","c__land_size_band":"lt_5_dunum","c__soil_types":"calcareous","c__crop_groups":"olives","c__water_sources":"tanker","c__water_availability":"never","c__water_scarcity":"yes","c__irrigation_need_change":"decrease","c__energy_sources":"grid","c__production_level":"small","c__coop_member":"no","c__homes_trad_food":"almost_all","c__seed_criteria":"price","c__seed_sources":"shop","c__seed_challenges":"high_cost","c__traditional_seed_knowledge":"yes","c__soil_enhancers":"chemical","c__chem_fertilizer_reliance":"partial","c__pest_control":"chemical","c__pesticide_reliance":"partial","c__marketing_challenges":"far_markets","c__logistics_challenges":"no_transport","c__climate_change_noticed":"yes","c__climate_changes":"temperature_rise","c__climate_impacts":"production_decrease","c__info_sources":"supply_shops","c__raises_poultry":"yes","c__poultry_purpose":"home_consumption","c__farmer_type":"type_d","c__low_input_practices":"no","values":{"owns_land":"yes","land_size_band":"lt_5_dunum","soil_types":["calcareous"],"crop_groups":["olives","grapes","other_fruits","legumes"],"water_sources":["tanker","storage"],"water_availability":"never","water_scarcity":"yes","irrigation_need_change":"decrease","energy_sources":["grid"],"production_level":"small","coop_member":"no","homes_trad_food":"almost_all","seed_criteria":["price","productivity"],"seed_sources":["shop"],"seed_challenges":["high_cost"],"traditional_seed_knowledge":"yes","soil_enhancers":["chemical"],"chem_fertilizer_reliance":"partial","pest_control":["chemical"],"pesticide_reliance":"partial","marketing_challenges":["far_markets"],"logistics_challenges":["no_transport"],"climate_change_noticed":"yes","climate_changes":["temperature_rise","rainfall_decrease"],"climate_impacts":["production_decrease"],"info_sources":["supply_shops"],"raises_poultry":"yes","poultry_purpose":["home_consumption","local_sale"],"farmer_type":"type_d","low_input_practices":"no"},"status":{"owns_land":"reported","land_size_band":"reported","soil_types":"reported","crop_groups":"reported","water_sources":"reported","water_availability":"reported","water_scarcity":"reported","irrigation_need_change":"reported","energy_sources":"reported","production_level":"reported","coop_member":"reported","homes_trad_food":"reported","seed_criteria":"reported","seed_sources":"reported","seed_challenges":"reported","traditional_seed_knowledge":"reported","soil_enhancers":"reported","chem_fertilizer_reliance":"reported","pest_control":"reported","pesticide_reliance":"reported","marketing_challenges":"reported","logistics_challenges":"reported","climate_change_noticed":"reported","climate_changes":"reported","climate_impacts":"reported","info_sources":"reported","raises_poultry":"reported","poultry_purpose":"reported","farmer_type":"reported","low_input_practices":"reported"}}},{"type":"Feature","id":"CH-7BHQRT:chouf_2026","geometry":{"type":"Point","coordinates":[35.40645,33.58841]},"properties":{"entity_type":"survey_respondent_public","respondent_id":"CH-7BHQRT","instrument":"chouf_2026","area_name_en":"Aalmane Ech-Chouf","area_name_ar":"علمان الشوف","district_en":"Chouf","district_ar":"الشوف","location_basis":"residence_village","geom_origin":"osm_settlement_point","spatial_precision":"locality","anchor":[35.40697,33.58799],"display_offset_m":67,"c__owns_land":"yes","c__land_size_band":"lt_5_dunum","c__soil_types":"loamy","c__crop_groups":"citrus","c__water_sources":"well","c__water_availability":"never","c__water_scarcity":"no","c__irrigation_need_change":"increase","c__energy_sources":"grid","c__production_level":"medium","c__coop_member":"no","c__homes_trad_food":"most","c__seed_criteria":"price","c__seed_sources":"shop","c__seed_challenges":"low_availability","c__traditional_seed_knowledge":"no","c__soil_enhancers":"chemical","c__chem_fertilizer_reliance":"partial","c__pest_control":"chemical","c__pesticide_reliance":"partial","c__marketing_challenges":"low_prices","c__logistics_challenges":"high_transport_cost","c__climate_change_noticed":"yes","c__climate_changes":"frost","c__climate_impacts":"other","c__info_sources":"extension_agents","c__raises_poultry":"yes","c__poultry_purpose":"home_consumption","c__farmer_type":"type_a","c__low_input_practices":"no","values":{"owns_land":"yes","land_size_band":"lt_5_dunum","soil_types":["loamy"],"crop_groups":["citrus"],"water_sources":["well"],"water_availability":"never","water_scarcity":"no","irrigation_need_change":"increase","energy_sources":["grid"],"production_level":"medium","coop_member":"no","homes_trad_food":"most","seed_criteria":["price","productivity","pest_resistance"],"seed_sources":["shop"],"seed_challenges":["low_availability"],"traditional_seed_knowledge":"no","soil_enhancers":["chemical"],"chem_fertilizer_reliance":"partial","pest_control":["chemical"],"pesticide_reliance":"partial","marketing_challenges":["low_prices","far_markets","no_transport"],"logistics_challenges":["high_transport_cost","no_transport"],"climate_change_noticed":"yes","climate_changes":["frost"],"climate_impacts":["other"],"info_sources":["extension_agents","supply_shops"],"raises_poultry":"yes","poultry_purpose":["home_consumption"],"farmer_type":"type_a","low_input_practices":"no"},"status":{"owns_land":"reported","land_size_band":"reported","soil_types":"reported","crop_groups":"reported","water_sources":"reported","water_availability":"reported","water_scarcity":"reported","irrigation_need_change":"reported","energy_sources":"reported","production_level":"reported","coop_member":"reported","homes_trad_food":"reported","seed_criteria":"reported","seed_sources":"reported","seed_challenges":"reported","traditional_seed_knowledge":"reported","soil_enhancers":"reported","chem_fertilizer_reliance":"reported","pest_control":"reported","pesticide_reliance":"reported","marketing_challenges":"reported","logistics_challenges":"reported","climate_change_noticed":"reported","climate_changes":"reported","climate_impacts":"reported","info_sources":"reported","raises_poultry":"reported","poultry_purpose":"reported","farmer_type":"reported","low_input_practices":"reported"}}},{"type":"Feature","id":"CH-7F84DT:chouf_2026","geometry":{"type":"Point","coordinates":[35.48292,33.60887]},"properties":{"entity_type":"survey_respondent_public","respondent_id":"CH-7F84DT","instrument":"chouf_2026","area_name_en":"Mazboud","area_name_ar":"مزبود","district_en":"Chouf","district_ar":"الشوف","location_basis":"residence_village","geom_origin":"osm_settlement_point","spatial_precision":"locality","anchor":[35.4825,33.60888],"display_offset_m":39,"c__owns_land":"yes","c__land_size_band":"lt_5_dunum","c__soil_types":"loamy","c__crop_groups":"olives","c__water_sources":"tanker","c__water_availability":"rarely","c__water_scarcity":"yes","c__irrigation_need_change":"increase","c__energy_sources":"grid","c__production_level":"small","c__coop_member":"no","c__homes_trad_food":"some","c__seed_criteria":"productivity","c__seed_sources":"shop","c__seed_challenges":"unsuitable","c__traditional_seed_knowledge":"no","c__soil_enhancers":"manure","c__chem_fertilizer_reliance":"partial","c__pest_control":"biological","c__pesticide_reliance":"partial","c__climate_change_noticed":"yes","c__climate_changes":"temperature_rise","c__climate_impacts":"season_delay","c__info_sources":"social_media","c__raises_poultry":"yes","c__farmer_type":"type_d","c__low_input_practices":"yes","values":{"owns_land":"yes","land_size_band":"lt_5_dunum","soil_types":["loamy"],"crop_groups":["olives","citrus","tropical_fruits"],"water_sources":["tanker","storage"],"water_availability":"rarely","water_scarcity":"yes","irrigation_need_change":"increase","energy_sources":["grid","diesel","solar"],"production_level":"small","coop_member":"no","homes_trad_food":"some","seed_criteria":["productivity"],"seed_sources":["shop"],"seed_challenges":["unsuitable"],"traditional_seed_knowledge":"no","soil_enhancers":["manure"],"chem_fertilizer_reliance":"partial","pest_control":["biological","local"],"pesticide_reliance":"partial","marketing_challenges":null,"logistics_challenges":null,"climate_change_noticed":"yes","climate_changes":["temperature_rise","rainfall_decrease","heatwaves","frost"],"climate_impacts":["season_delay"],"info_sources":["social_media"],"raises_poultry":"yes","poultry_purpose":null,"farmer_type":"type_d","low_input_practices":"yes"},"status":{"owns_land":"reported","land_size_band":"reported","soil_types":"reported","crop_groups":"reported","water_sources":"reported","water_availability":"reported","water_scarcity":"reported","irrigation_need_change":"reported","energy_sources":"reported","production_level":"reported","coop_member":"reported","homes_trad_food":"reported","seed_criteria":"reported","seed_sources":"reported","seed_challenges":"reported","traditional_seed_knowledge":"reported","soil_enhancers":"reported","chem_fertilizer_reliance":"reported","pest_control":"reported","pesticide_reliance":"reported","marketing_challenges":"not_provided","logistics_challenges":"not_provided","climate_change_noticed":"reported","climate_changes":"reported","climate_impacts":"reported","info_sources":"reported","raises_poultry":"reported","poultry_purpose":"not_provided","farmer_type":"reported","low_input_practices":"reported"}}},{"type":"Feature","id":"CH-7HMP3V:chouf_2026","geometry":{"type":"Point","coordinates":[35.56516,33.69796]},"properties":{"entity_type":"survey_respondent_public","respondent_id":"CH-7HMP3V","instrument":"chouf_2026","area_name_en":"Deir El-Qamar","area_name_ar":"دير القمر","district_en":"Chouf","district_ar":"الشوف","location_basis":"residence_village","geom_origin":"osm_settlement_point","spatial_precision":"locality","anchor":[35.56474,33.69797],"display_offset_m":39,"c__owns_land":"yes","c__land_size_band":"lt_5_dunum","c__soil_types":"clay","c__water_sources":"tanker","c__water_availability":"rarely","c__water_scarcity":"yes","c__irrigation_need_change":"increase","c__energy_sources":"grid","c__production_level":"small","c__coop_member":"no","c__homes_trad_food":"some","c__seed_criteria":"productivity","c__seed_sources":"shop","c__seed_challenges":"high_cost","c__traditional_seed_knowledge":"no","c__soil_enhancers":"manure","c__pest_control":"chemical","c__marketing_challenges":"far_markets","c__logistics_challenges":"high_transport_cost","c__climate_change_noticed":"yes","c__climate_changes":"temperature_rise","c__climate_impacts":"production_decrease","c__info_sources":"social_media","c__raises_poultry":"yes","c__poultry_purpose":"home_consumption","c__farmer_type":"type_d","c__low_input_practices":"yes","values":{"owns_land":"yes","land_size_band":"lt_5_dunum","soil_types":["clay"],"crop_groups":null,"water_sources":["tanker","storage"],"water_availability":"rarely","water_scarcity":"yes","irrigation_need_change":"increase","energy_sources":["grid","diesel"],"production_level":"small","coop_member":"no","homes_trad_food":"some","seed_criteria":["productivity"],"seed_sources":["shop"],"seed_challenges":["high_cost"],"traditional_seed_knowledge":"no","soil_enhancers":["manure"],"chem_fertilizer_reliance":null,"pest_control":["chemical"],"pesticide_reliance":null,"marketing_challenges":["far_markets"],"logistics_challenges":["high_transport_cost"],"climate_change_noticed":"yes","climate_changes":["temperature_rise"],"climate_impacts":["production_decrease"],"info_sources":["social_media"],"raises_poultry":"yes","poultry_purpose":["home_consumption"],"farmer_type":"type_d","low_input_practices":"yes"},"status":{"owns_land":"reported","land_size_band":"reported","soil_types":"reported","crop_groups":"not_provided","water_sources":"reported","water_availability":"reported","water_scarcity":"reported","irrigation_need_change":"reported","energy_sources":"reported","production_level":"reported","coop_member":"reported","homes_trad_food":"reported","seed_criteria":"reported","seed_sources":"reported","seed_challenges":"reported","traditional_seed_knowledge":"reported","soil_enhancers":"reported","chem_fertilizer_reliance":"not_provided","pest_control":"reported","pesticide_reliance":"not_provided","marketing_challenges":"reported","logistics_challenges":"reported","climate_change_noticed":"reported","climate_changes":"reported","climate_impacts":"reported","info_sources":"reported","raises_poultry":"reported","poultry_purpose":"reported","farmer_type":"reported","low_input_practices":"reported"}}},{"type":"Feature","id":"CH-7VWDEP:chouf_2026","geometry":{"type":"Point","coordinates":[35.40703,33.58721]},"properties":{"entity_type":"survey_respondent_public","respondent_id":"CH-7VWDEP","instrument":"chouf_2026","area_name_en":"Aalmane Ech-Chouf","area_name_ar":"علمان الشوف","district_en":"Chouf","district_ar":"الشوف","location_basis":"residence_village","geom_origin":"osm_settlement_point","spatial_precision":"locality","anchor":[35.40697,33.58799],"display_offset_m":87,"c__owns_land":"yes","c__land_size_band":"lt_5_dunum","c__soil_types":"sandy","c__crop_groups":"tropical_fruits","c__water_sources":"well","c__water_availability":"sometimes","c__water_scarcity":"no","c__irrigation_need_change":"increase","c__energy_sources":"diesel","c__production_level":"small","c__coop_member":"no","c__homes_trad_food":"few","c__seed_criteria":"productivity","c__seed_sources":"shop","c__seed_challenges":"unreliable_suppliers","c__traditional_seed_knowledge":"no","c__soil_enhancers":"chemical","c__chem_fertilizer_reliance":"total","c__pest_control":"chemical","c__pesticide_reliance":"partial","c__marketing_challenges":"low_prices","c__logistics_challenges":"no_paved_roads","c__climate_change_noticed":"yes","c__climate_changes":"temperature_rise","c__climate_impacts":"pests_diseases","c__info_sources":"social_media","c__raises_poultry":"no","c__farmer_type":"type_a","c__low_input_practices":"no","values":{"owns_land":"yes","land_size_band":"lt_5_dunum","soil_types":["sandy"],"crop_groups":["tropical_fruits"],"water_sources":["well"],"water_availability":"sometimes","water_scarcity":"no","irrigation_need_change":"increase","energy_sources":["diesel"],"production_level":"small","coop_member":"no","homes_trad_food":"few","seed_criteria":["productivity"],"seed_sources":["shop"],"seed_challenges":["unreliable_suppliers"],"traditional_seed_knowledge":"no","soil_enhancers":["chemical"],"chem_fertilizer_reliance":"total","pest_control":["chemical"],"pesticide_reliance":"partial","marketing_challenges":["low_prices"],"logistics_challenges":["no_paved_roads"],"climate_change_noticed":"yes","climate_changes":["temperature_rise","rainfall_decrease"],"climate_impacts":["pests_diseases"],"info_sources":["social_media","extension_agents"],"raises_poultry":"no","poultry_purpose":null,"farmer_type":"type_a","low_input_practices":"no"},"status":{"owns_land":"reported","land_size_band":"reported","soil_types":"reported","crop_groups":"reported","water_sources":"reported","water_availability":"reported","water_scarcity":"reported","irrigation_need_change":"reported","energy_sources":"reported","production_level":"reported","coop_member":"reported","homes_trad_food":"reported","seed_criteria":"reported","seed_sources":"reported","seed_challenges":"reported","traditional_seed_knowledge":"reported","soil_enhancers":"reported","chem_fertilizer_reliance":"reported","pest_control":"reported","pesticide_reliance":"reported","marketing_challenges":"reported","logistics_challenges":"reported","climate_change_noticed":"reported","climate_changes":"reported","climate_impacts":"reported","info_sources":"reported","raises_poultry":"reported","poultry_purpose":"not_applicable","farmer_type":"reported","low_input_practices":"reported"}}},{"type":"Feature","id":"CH-7WDPY5:chouf_2026","geometry":{"type":"Point","coordinates":[35.52364,33.68802]},"properties":{"entity_type":"survey_respondent_public","respondent_id":"CH-7WDPY5","instrument":"chouf_2026","area_name_en":"Kfar Him","area_name_ar":"كفرحيم","district_en":"Chouf","district_ar":"الشوف","location_basis":"residence_village","geom_origin":"osm_settlement_point","spatial_precision":"locality","anchor":[35.52322,33.68803],"display_offset_m":39,"c__owns_land":"yes","c__land_size_band":"lt_5_dunum","c__soil_types":"loamy","c__water_sources":"rain","c__water_availability":"rarely","c__water_scarcity":"yes","c__irrigation_need_change":"increase","c__energy_sources":"solar","c__production_level":"small","c__coop_member":"no","c__homes_trad_food":"few","c__seed_criteria":"price","c__seed_sources":"own_harvest","c__seed_challenges":"high_cost","c__traditional_seed_knowledge":"no","c__soil_enhancers":"compost","c__chem_fertilizer_reliance":"partial","c__pest_control":"biological","c__pesticide_reliance":"not_used","c__logistics_challenges":"high_transport_cost","c__climate_change_noticed":"yes","c__climate_changes":"temperature_rise","c__climate_impacts":"production_decrease","c__info_sources":"extension_agents","c__raises_poultry":"no","c__farmer_type":"type_c","c__low_input_practices":"yes","values":{"owns_land":"yes","land_size_band":"lt_5_dunum","soil_types":["loamy"],"crop_groups":null,"water_sources":["rain"],"water_availability":"rarely","water_scarcity":"yes","irrigation_need_change":"increase","energy_sources":["solar"],"production_level":"small","coop_member":"no","homes_trad_food":"few","seed_criteria":["price","productivity","pest_resistance"],"seed_sources":["own_harvest"],"seed_challenges":["high_cost"],"traditional_seed_knowledge":"no","soil_enhancers":["compost"],"chem_fertilizer_reliance":"partial","pest_control":["biological"],"pesticide_reliance":"not_used","marketing_challenges":null,"logistics_challenges":["high_transport_cost"],"climate_change_noticed":"yes","climate_changes":["temperature_rise","rainfall_decrease"],"climate_impacts":["production_decrease"],"info_sources":["extension_agents"],"raises_poultry":"no","poultry_purpose":null,"farmer_type":"type_c","low_input_practices":"yes"},"status":{"owns_land":"reported","land_size_band":"reported","soil_types":"reported","crop_groups":"not_provided","water_sources":"reported","water_availability":"reported","water_scarcity":"reported","irrigation_need_change":"reported","energy_sources":"reported","production_level":"reported","coop_member":"reported","homes_trad_food":"reported","seed_criteria":"reported","seed_sources":"reported","seed_challenges":"reported","traditional_seed_knowledge":"reported","soil_enhancers":"reported","chem_fertilizer_reliance":"reported","pest_control":"reported","pesticide_reliance":"reported","marketing_challenges":"not_provided","logistics_challenges":"reported","climate_change_noticed":"reported","climate_changes":"reported","climate_impacts":"reported","info_sources":"reported","raises_poultry":"reported","poultry_purpose":"not_applicable","farmer_type":"reported","low_input_practices":"reported"}}},{"type":"Feature","id":"CH-7Z23KC:chouf_2026","geometry":{"type":"Point","coordinates":[35.40766,33.58871]},"properties":{"entity_type":"survey_respondent_public","respondent_id":"CH-7Z23KC","instrument":"chouf_2026","area_name_en":"Aalmane Ech-Chouf","area_name_ar":"علمان الشوف","district_en":"Chouf","district_ar":"الشوف","location_basis":"residence_village","geom_origin":"osm_settlement_point","spatial_precision":"locality","anchor":[35.40697,33.58799],"display_offset_m":103,"c__owns_land":"yes","c__land_size_band":"gt_1_ha","c__soil_types":"loamy","c__crop_groups":"citrus","c__water_sources":"well","c__water_availability":"always","c__water_scarcity":"no","c__irrigation_need_change":"increase","c__energy_sources":"diesel","c__production_level":"medium","c__coop_member":"no","c__homes_trad_food":"some","c__seed_criteria":"price","c__seed_sources":"shop","c__seed_challenges":"high_cost","c__traditional_seed_knowledge":"no","c__soil_enhancers":"chemical","c__chem_fertilizer_reliance":"total","c__pest_control":"chemical","c__pesticide_reliance":"total","c__marketing_challenges":"low_prices","c__logistics_challenges":"high_transport_cost","c__climate_change_noticed":"yes","c__climate_changes":"temperature_rise","c__climate_impacts":"pests_diseases","c__info_sources":"social_media","c__raises_poultry":"yes","c__poultry_purpose":"home_consumption","c__farmer_type":"type_a","c__low_input_practices":"no","values":{"owns_land":"yes","land_size_band":"gt_1_ha","soil_types":["loamy"],"crop_groups":["citrus","tropical_fruits"],"water_sources":["well"],"water_availability":"always","water_scarcity":"no","irrigation_need_change":"increase","energy_sources":["diesel","solar"],"production_level":"medium","coop_member":"no","homes_trad_food":"some","seed_criteria":["price","productivity"],"seed_sources":["shop"],"seed_challenges":["high_cost"],"traditional_seed_knowledge":"no","soil_enhancers":["chemical"],"chem_fertilizer_reliance":"total","pest_control":["chemical"],"pesticide_reliance":"total","marketing_challenges":["low_prices"],"logistics_challenges":["high_transport_cost"],"climate_change_noticed":"yes","climate_changes":["temperature_rise","rainfall_decrease","heatwaves"],"climate_impacts":["pests_diseases"],"info_sources":["social_media","extension_agents"],"raises_poultry":"yes","poultry_purpose":["home_consumption","local_sale"],"farmer_type":"type_a","low_input_practices":"no"},"status":{"owns_land":"reported","land_size_band":"reported","soil_types":"reported","crop_groups":"reported","water_sources":"reported","water_availability":"reported","water_scarcity":"reported","irrigation_need_change":"reported","energy_sources":"reported","production_level":"reported","coop_member":"reported","homes_trad_food":"reported","seed_criteria":"reported","seed_sources":"reported","seed_challenges":"reported","traditional_seed_knowledge":"reported","soil_enhancers":"reported","chem_fertilizer_reliance":"reported","pest_control":"reported","pesticide_reliance":"reported","marketing_challenges":"reported","logistics_challenges":"reported","climate_change_noticed":"reported","climate_changes":"reported","climate_impacts":"reported","info_sources":"reported","raises_poultry":"reported","poultry_purpose":"reported","farmer_type":"reported","low_input_practices":"reported"}}},{"type":"Feature","id":"CH-88UBFM:chouf_2026","geometry":{"type":"Point","coordinates":[35.69931,33.74063]},"properties":{"entity_type":"survey_respondent_public","respondent_id":"CH-88UBFM","instrument":"chouf_2026","area_name_en":"Aain Zhalta","area_name_ar":"عين زحلتا","district_en":"Chouf","district_ar":"الشوف","location_basis":"residence_village","geom_origin":"osm_settlement_point","spatial_precision":"locality","anchor":[35.69889,33.74064],"display_offset_m":39,"c__owns_land":"yes","c__land_size_band":"lt_5_dunum","c__soil_types":"loamy","c__crop_groups":"apples_pears","c__water_sources":"spring","c__water_availability":"sometimes","c__water_scarcity":"yes","c__irrigation_need_change":"increase","c__energy_sources":"manual","c__production_level":"medium","c__coop_member":"no","c__homes_trad_food":"most","c__seed_criteria":"productivity","c__seed_sources":"shop","c__seed_challenges":"unreliable_suppliers","c__traditional_seed_knowledge":"yes","c__soil_enhancers":"manure","c__chem_fertilizer_reliance":"not_used","c__pest_control":"chemical","c__pesticide_reliance":"total","c__marketing_challenges":"weak_demand","c__logistics_challenges":"high_transport_cost","c__climate_change_noticed":"yes","c__climate_changes":"temperature_rise","c__climate_impacts":"production_decrease","c__info_sources":"extension_agents","c__raises_poultry":"no","c__farmer_type":"type_c","c__low_input_practices":"yes","values":{"owns_land":"yes","land_size_band":"lt_5_dunum","soil_types":["loamy"],"crop_groups":["apples_pears"],"water_sources":["spring"],"water_availability":"sometimes","water_scarcity":"yes","irrigation_need_change":"increase","energy_sources":["manual"],"production_level":"medium","coop_member":"no","homes_trad_food":"most","seed_criteria":["productivity"],"seed_sources":["shop"],"seed_challenges":["unreliable_suppliers"],"traditional_seed_knowledge":"yes","soil_enhancers":["manure"],"chem_fertilizer_reliance":"not_used","pest_control":["chemical"],"pesticide_reliance":"total","marketing_challenges":["weak_demand"],"logistics_challenges":["high_transport_cost"],"climate_change_noticed":"yes","climate_changes":["temperature_rise","rainfall_decrease","heatwaves"],"climate_impacts":["production_decrease","pests_diseases","pollination"],"info_sources":["extension_agents"],"raises_poultry":"no","poultry_purpose":null,"farmer_type":"type_c","low_input_practices":"yes"},"status":{"owns_land":"reported","land_size_band":"reported","soil_types":"reported","crop_groups":"reported","water_sources":"reported","water_availability":"reported","water_scarcity":"reported","irrigation_need_change":"reported","energy_sources":"reported","production_level":"reported","coop_member":"reported","homes_trad_food":"reported","seed_criteria":"reported","seed_sources":"reported","seed_challenges":"reported","traditional_seed_knowledge":"reported","soil_enhancers":"reported","chem_fertilizer_reliance":"reported","pest_control":"reported","pesticide_reliance":"reported","marketing_challenges":"reported","logistics_challenges":"reported","climate_change_noticed":"reported","climate_changes":"reported","climate_impacts":"reported","info_sources":"reported","raises_poultry":"reported","poultry_purpose":"not_applicable","farmer_type":"reported","low_input_practices":"reported"}}},{"type":"Feature","id":"CH-8BFUNZ:chouf_2026","geometry":{"type":"Point","coordinates":[35.50565,33.63987]},"properties":{"entity_type":"survey_respondent_public","respondent_id":"CH-8BFUNZ","instrument":"chouf_2026","area_name_en":"Daraiya Ech-Chouf","area_name_ar":"داريا الشوف","district_en":"Chouf","district_ar":"الشوف","location_basis":"residence_village","geom_origin":"osm_settlement_point","spatial_precision":"locality","anchor":[35.50523,33.63988],"display_offset_m":39,"c__owns_land":"yes","c__land_size_band":"lt_5_dunum","c__soil_types":"clay","c__crop_groups":"olives","c__water_sources":"tanker","c__water_availability":"never","c__water_scarcity":"yes","c__irrigation_need_change":"increase","c__energy_sources":"manual","c__production_level":"small","c__coop_member":"no","c__homes_trad_food":"some","c__seed_criteria":"price","c__seed_sources":"shop","c__seed_challenges":"high_cost","c__traditional_seed_knowledge":"no","c__soil_enhancers":"compost","c__chem_fertilizer_reliance":"partial","c__pest_control":"chemical","c__pesticide_reliance":"partial","c__marketing_challenges":"low_prices","c__logistics_challenges":"high_transport_cost","c__climate_change_noticed":"yes","c__climate_changes":"temperature_rise","c__climate_impacts":"production_decrease","c__info_sources":"social_media","c__raises_poultry":"yes","c__poultry_purpose":"home_consumption","c__farmer_type":"type_d","c__low_input_practices":"yes","values":{"owns_land":"yes","land_size_band":"lt_5_dunum","soil_types":["clay"],"crop_groups":["olives","vegetables","herbs"],"water_sources":["tanker","storage"],"water_availability":"never","water_scarcity":"yes","irrigation_need_change":"increase","energy_sources":["manual","grid","diesel"],"production_level":"small","coop_member":"no","homes_trad_food":"some","seed_criteria":["price","productivity"],"seed_sources":["shop"],"seed_challenges":["high_cost","low_availability","unreliable_suppliers","unsuitable"],"traditional_seed_knowledge":"no","soil_enhancers":["compost","manure"],"chem_fertilizer_reliance":"partial","pest_control":["chemical"],"pesticide_reliance":"partial","marketing_challenges":["low_prices","far_markets","no_transport","poor_packaging"],"logistics_challenges":["high_transport_cost","no_paved_roads","no_transport"],"climate_change_noticed":"yes","climate_changes":["temperature_rise","rainfall_decrease","heatwaves"],"climate_impacts":["production_decrease","season_delay","pests_diseases","pollination"],"info_sources":["social_media","supply_shops"],"raises_poultry":"yes","poultry_purpose":["home_consumption","local_sale"],"farmer_type":"type_d","low_input_practices":"yes"},"status":{"owns_land":"reported","land_size_band":"reported","soil_types":"reported","crop_groups":"reported","water_sources":"reported","water_availability":"reported","water_scarcity":"reported","irrigation_need_change":"reported","energy_sources":"reported","production_level":"reported","coop_member":"reported","homes_trad_food":"reported","seed_criteria":"reported","seed_sources":"reported","seed_challenges":"reported","traditional_seed_knowledge":"reported","soil_enhancers":"reported","chem_fertilizer_reliance":"reported","pest_control":"reported","pesticide_reliance":"reported","marketing_challenges":"reported","logistics_challenges":"reported","climate_change_noticed":"reported","climate_changes":"reported","climate_impacts":"reported","info_sources":"reported","raises_poultry":"reported","poultry_purpose":"reported","farmer_type":"reported","low_input_practices":"reported"}}},{"type":"Feature","id":"CH-8DKNDH:chouf_2026","geometry":{"type":"Point","coordinates":[35.56422,33.69839]},"properties":{"entity_type":"survey_respondent_public","respondent_id":"CH-8DKNDH","instrument":"chouf_2026","area_name_en":"Deir El-Qamar","area_name_ar":"دير القمر","district_en":"Chouf","district_ar":"الشوف","location_basis":"gps_area","geom_origin":"osm_settlement_point","spatial_precision":"locality","anchor":[35.56474,33.69797],"display_offset_m":67,"c__owns_land":"yes","c__land_size_band":"lt_5_dunum","c__soil_types":"loamy","c__crop_groups":"vegetables","c__water_availability":"sometimes","c__water_scarcity":"yes","c__irrigation_need_change":"increase","c__energy_sources":"solar","c__production_level":"small","c__coop_member":"no","c__homes_trad_food":"few","c__seed_criteria":"productivity","c__seed_sources":"shop","c__seed_challenges":"low_availability","c__traditional_seed_knowledge":"yes","c__soil_enhancers":"manure","c__chem_fertilizer_reliance":"not_used","c__pest_control":"chemical","c__pesticide_reliance":"partial","c__logistics_challenges":"high_transport_cost","c__climate_change_noticed":"yes","c__climate_changes":"temperature_rise","c__climate_impacts":"production_decrease","c__info_sources":"supply_shops","c__raises_poultry":"no","c__farmer_type":"type_c","c__low_input_practices":"yes","values":{"owns_land":"yes","land_size_band":"lt_5_dunum","soil_types":["loamy"],"crop_groups":["vegetables","legumes"],"water_sources":null,"water_availability":"sometimes","water_scarcity":"yes","irrigation_need_change":"increase","energy_sources":["solar"],"production_level":"small","coop_member":"no","homes_trad_food":"few","seed_criteria":["productivity"],"seed_sources":["shop","own_harvest"],"seed_challenges":["low_availability","unreliable_suppliers","unsuitable"],"traditional_seed_knowledge":"yes","soil_enhancers":["manure"],"chem_fertilizer_reliance":"not_used","pest_control":["chemical"],"pesticide_reliance":"partial","marketing_challenges":null,"logistics_challenges":["high_transport_cost"],"climate_change_noticed":"yes","climate_changes":["temperature_rise","rainfall_decrease","heatwaves"],"climate_impacts":["production_decrease","season_delay","pests_diseases"],"info_sources":["supply_shops"],"raises_poultry":"no","poultry_purpose":null,"farmer_type":"type_c","low_input_practices":"yes"},"status":{"owns_land":"reported","land_size_band":"reported","soil_types":"reported","crop_groups":"reported","water_sources":"not_provided","water_availability":"reported","water_scarcity":"reported","irrigation_need_change":"reported","energy_sources":"reported","production_level":"reported","coop_member":"reported","homes_trad_food":"reported","seed_criteria":"reported","seed_sources":"reported","seed_challenges":"reported","traditional_seed_knowledge":"reported","soil_enhancers":"reported","chem_fertilizer_reliance":"reported","pest_control":"reported","pesticide_reliance":"reported","marketing_challenges":"not_provided","logistics_challenges":"reported","climate_change_noticed":"reported","climate_changes":"reported","climate_impacts":"reported","info_sources":"reported","raises_poultry":"reported","poultry_purpose":"not_applicable","farmer_type":"reported","low_input_practices":"reported"}}},{"type":"Feature","id":"CH-8K6Q4F:chouf_2026","geometry":{"type":"Point","coordinates":[35.5648,33.69719]},"properties":{"entity_type":"survey_respondent_public","respondent_id":"CH-8K6Q4F","instrument":"chouf_2026","area_name_en":"Deir El-Qamar","area_name_ar":"دير القمر","district_en":"Chouf","district_ar":"الشوف","location_basis":"residence_village","geom_origin":"osm_settlement_point","spatial_precision":"locality","anchor":[35.56474,33.69797],"display_offset_m":87,"c__owns_land":"no","c__land_size_band":"lt_5_dunum","c__soil_types":"loamy","c__crop_groups":"other_fruits","c__water_availability":"never","c__water_scarcity":"yes","c__irrigation_need_change":"increase","c__energy_sources":"manual","c__production_level":"small","c__coop_member":"no","c__homes_trad_food":"few","c__seed_criteria":"productivity","c__seed_sources":"own_harvest","c__seed_challenges":"low_availability","c__traditional_seed_knowledge":"no","c__soil_enhancers":"compost","c__chem_fertilizer_reliance":"not_used","c__pest_control":"biological","c__pesticide_reliance":"not_used","c__climate_change_noticed":"yes","c__climate_changes":"temperature_rise","c__climate_impacts":"production_decrease","c__info_sources":"extension_agents","c__raises_poultry":"no","c__farmer_type":"type_c","c__low_input_practices":"yes","values":{"owns_land":"no","land_size_band":"lt_5_dunum","soil_types":["loamy"],"crop_groups":["other_fruits","vegetables"],"water_sources":null,"water_availability":"never","water_scarcity":"yes","irrigation_need_change":"increase","energy_sources":["manual"],"production_level":"small","coop_member":"no","homes_trad_food":"few","seed_criteria":["productivity"],"seed_sources":["own_harvest"],"seed_challenges":["low_availability"],"traditional_seed_knowledge":"no","soil_enhancers":["compost","manure"],"chem_fertilizer_reliance":"not_used","pest_control":["biological","physical"],"pesticide_reliance":"not_used","marketing_challenges":null,"logistics_challenges":null,"climate_change_noticed":"yes","climate_changes":["temperature_rise","rainfall_decrease","frost"],"climate_impacts":["production_decrease","season_delay","pests_diseases"],"info_sources":["extension_agents"],"raises_poultry":"no","poultry_purpose":null,"farmer_type":"type_c","low_input_practices":"yes"},"status":{"owns_land":"reported","land_size_band":"reported","soil_types":"reported","crop_groups":"reported","water_sources":"not_provided","water_availability":"reported","water_scarcity":"reported","irrigation_need_change":"reported","energy_sources":"reported","production_level":"reported","coop_member":"reported","homes_trad_food":"reported","seed_criteria":"reported","seed_sources":"reported","seed_challenges":"reported","traditional_seed_knowledge":"reported","soil_enhancers":"reported","chem_fertilizer_reliance":"reported","pest_control":"reported","pesticide_reliance":"reported","marketing_challenges":"not_provided","logistics_challenges":"not_provided","climate_change_noticed":"reported","climate_changes":"reported","climate_impacts":"reported","info_sources":"reported","raises_poultry":"reported","poultry_purpose":"not_applicable","farmer_type":"reported","low_input_practices":"reported"}}},{"type":"Feature","id":"CH-8WCRSY:chouf_2026","geometry":{"type":"Point","coordinates":[35.64807,33.62306]},"properties":{"entity_type":"survey_respondent_public","respondent_id":"CH-8WCRSY","instrument":"chouf_2026","area_name_en":"Mristi","area_name_ar":"مرستى","district_en":"Chouf","district_ar":"الشوف","location_basis":"residence_village","geom_origin":"osm_settlement_point","spatial_precision":"locality","anchor":[35.64859,33.62264],"display_offset_m":67,"c__owns_land":"yes","c__land_size_band":"lt_5_dunum","c__soil_types":"clay","c__crop_groups":"vegetables","c__water_sources":"well","c__water_availability":"sometimes","c__water_scarcity":"yes","c__irrigation_need_change":"unsure","c__energy_sources":"manual","c__production_level":"small","c__coop_member":"no","c__homes_trad_food":"most","c__seed_criteria":"price","c__seed_sources":"shop","c__seed_challenges":"unreliable_suppliers","c__traditional_seed_knowledge":"no","c__soil_enhancers":"compost","c__chem_fertilizer_reliance":"not_used","c__pest_control":"chemical","c__pesticide_reliance":"partial","c__marketing_challenges":"far_markets","c__logistics_challenges":"high_transport_cost","c__climate_change_noticed":"yes","c__climate_changes":"temperature_rise","c__climate_impacts":"production_decrease","c__info_sources":"extension_agents","c__raises_poultry":"no","c__farmer_type":"type_c","c__low_input_practices":"yes","values":{"owns_land":"yes","land_size_band":"lt_5_dunum","soil_types":["clay"],"crop_groups":["vegetables"],"water_sources":["well"],"water_availability":"sometimes","water_scarcity":"yes","irrigation_need_change":"unsure","energy_sources":["manual"],"production_level":"small","coop_member":"no","homes_trad_food":"most","seed_criteria":["price","productivity","pest_resistance"],"seed_sources":["shop","neighbour","own_harvest"],"seed_challenges":["unreliable_suppliers"],"traditional_seed_knowledge":"no","soil_enhancers":["compost","manure"],"chem_fertilizer_reliance":"not_used","pest_control":["chemical","biological"],"pesticide_reliance":"partial","marketing_challenges":["far_markets"],"logistics_challenges":["high_transport_cost"],"climate_change_noticed":"yes","climate_changes":["temperature_rise","heatwaves","frost"],"climate_impacts":["production_decrease"],"info_sources":["extension_agents"],"raises_poultry":"no","poultry_purpose":null,"farmer_type":"type_c","low_input_practices":"yes"},"status":{"owns_land":"reported","land_size_band":"reported","soil_types":"reported","crop_groups":"reported","water_sources":"reported","water_availability":"reported","water_scarcity":"reported","irrigation_need_change":"reported","energy_sources":"reported","production_level":"reported","coop_member":"reported","homes_trad_food":"reported","seed_criteria":"reported","seed_sources":"reported","seed_challenges":"reported","traditional_seed_knowledge":"reported","soil_enhancers":"reported","chem_fertilizer_reliance":"reported","pest_control":"reported","pesticide_reliance":"reported","marketing_challenges":"reported","logistics_challenges":"reported","climate_change_noticed":"reported","climate_changes":"reported","climate_impacts":"reported","info_sources":"reported","raises_poultry":"reported","poultry_purpose":"not_applicable","farmer_type":"reported","low_input_practices":"reported"}}},{"type":"Feature","id":"CH-8XS3TD:chouf_2026","geometry":{"type":"Point","coordinates":[35.64865,33.62186]},"properties":{"entity_type":"survey_respondent_public","respondent_id":"CH-8XS3TD","instrument":"chouf_2026","area_name_en":"Mristi","area_name_ar":"مرستى","district_en":"Chouf","district_ar":"الشوف","location_basis":"residence_village","geom_origin":"osm_settlement_point","spatial_precision":"locality","anchor":[35.64859,33.62264],"display_offset_m":87,"c__owns_land":"yes","c__land_size_band":"lt_1_ha","c__soil_types":"calcareous","c__crop_groups":"other_fruits","c__water_sources":"well","c__water_availability":"always","c__water_scarcity":"no","c__irrigation_need_change":"unsure","c__energy_sources":"grid","c__production_level":"small","c__coop_member":"no","c__homes_trad_food":"most","c__seed_criteria":"price","c__seed_sources":"shop","c__seed_challenges":"high_cost","c__traditional_seed_knowledge":"no","c__soil_enhancers":"compost","c__chem_fertilizer_reliance":"not_used","c__pest_control":"chemical","c__pesticide_reliance":"partial","c__marketing_challenges":"weak_demand","c__logistics_challenges":"high_transport_cost","c__climate_change_noticed":"yes","c__climate_changes":"rainfall_decrease","c__climate_impacts":"production_decrease","c__info_sources":"social_media","c__raises_poultry":"no","c__farmer_type":"type_c","c__low_input_practices":"yes","values":{"owns_land":"yes","land_size_band":"lt_1_ha","soil_types":["calcareous"],"crop_groups":["other_fruits"],"water_sources":["well","storage"],"water_availability":"always","water_scarcity":"no","irrigation_need_change":"unsure","energy_sources":["grid"],"production_level":"small","coop_member":"no","homes_trad_food":"most","seed_criteria":["price","productivity"],"seed_sources":["shop","neighbour"],"seed_challenges":["high_cost"],"traditional_seed_knowledge":"no","soil_enhancers":["compost"],"chem_fertilizer_reliance":"not_used","pest_control":["chemical","local"],"pesticide_reliance":"partial","marketing_challenges":["weak_demand"],"logistics_challenges":["high_transport_cost"],"climate_change_noticed":"yes","climate_changes":["rainfall_decrease","heatwaves"],"climate_impacts":["production_decrease"],"info_sources":["social_media","extension_agents","supply_shops"],"raises_poultry":"no","poultry_purpose":null,"farmer_type":"type_c","low_input_practices":"yes"},"status":{"owns_land":"reported","land_size_band":"reported","soil_types":"reported","crop_groups":"reported","water_sources":"reported","water_availability":"reported","water_scarcity":"reported","irrigation_need_change":"reported","energy_sources":"reported","production_level":"reported","coop_member":"reported","homes_trad_food":"reported","seed_criteria":"reported","seed_sources":"reported","seed_challenges":"reported","traditional_seed_knowledge":"reported","soil_enhancers":"reported","chem_fertilizer_reliance":"reported","pest_control":"reported","pesticide_reliance":"reported","marketing_challenges":"reported","logistics_challenges":"reported","climate_change_noticed":"reported","climate_changes":"reported","climate_impacts":"reported","info_sources":"reported","raises_poultry":"reported","poultry_purpose":"not_applicable","farmer_type":"reported","low_input_practices":"reported"}}},{"type":"Feature","id":"CH-93FXFM:chouf_2026","geometry":{"type":"Point","coordinates":[35.67367,33.72167]},"properties":{"entity_type":"survey_respondent_public","respondent_id":"CH-93FXFM","instrument":"chouf_2026","area_name_en":"Ouarhaniyeh","area_name_ar":"ورهانية","district_en":"Chouf","district_ar":"الشوف","location_basis":"residence_village","geom_origin":"osm_settlement_point","spatial_precision":"locality","anchor":[35.67419,33.72125],"display_offset_m":67,"c__owns_land":"yes","c__land_size_band":"lt_1_ha","c__soil_types":"clay","c__crop_groups":"olives","c__water_sources":"rain","c__water_availability":"never","c__water_scarcity":"yes","c__irrigation_need_change":"increase","c__energy_sources":"manual","c__production_level":"medium","c__coop_member":"no","c__homes_trad_food":"some","c__seed_criteria":"pest_resistance","c__seed_sources":"own_harvest","c__seed_challenges":"unsuitable","c__traditional_seed_knowledge":"yes","c__soil_enhancers":"manure","c__chem_fertilizer_reliance":"not_used","c__pest_control":"chemical","c__pesticide_reliance":"partial","c__marketing_challenges":"low_prices","c__logistics_challenges":"high_transport_cost","c__climate_change_noticed":"yes","c__climate_changes":"rainfall_decrease","c__climate_impacts":"production_decrease","c__info_sources":"social_media","c__raises_poultry":"yes","c__poultry_purpose":"home_consumption","c__farmer_type":"type_d","c__low_input_practices":"yes","values":{"owns_land":"yes","land_size_band":"lt_1_ha","soil_types":["clay"],"crop_groups":["olives","herbs"],"water_sources":["rain","tanker","storage"],"water_availability":"never","water_scarcity":"yes","irrigation_need_change":"increase","energy_sources":["manual"],"production_level":"medium","coop_member":"no","homes_trad_food":"some","seed_criteria":["pest_resistance"],"seed_sources":["own_harvest"],"seed_challenges":["unsuitable"],"traditional_seed_knowledge":"yes","soil_enhancers":["manure"],"chem_fertilizer_reliance":"not_used","pest_control":["chemical"],"pesticide_reliance":"partial","marketing_challenges":["low_prices"],"logistics_challenges":["high_transport_cost"],"climate_change_noticed":"yes","climate_changes":["rainfall_decrease","heatwaves"],"climate_impacts":["production_decrease","pests_diseases","pollination"],"info_sources":["social_media"],"raises_poultry":"yes","poultry_purpose":["home_consumption"],"farmer_type":"type_d","low_input_practices":"yes"},"status":{"owns_land":"reported","land_size_band":"reported","soil_types":"reported","crop_groups":"reported","water_sources":"reported","water_availability":"reported","water_scarcity":"reported","irrigation_need_change":"reported","energy_sources":"reported","production_level":"reported","coop_member":"reported","homes_trad_food":"reported","seed_criteria":"reported","seed_sources":"reported","seed_challenges":"reported","traditional_seed_knowledge":"reported","soil_enhancers":"reported","chem_fertilizer_reliance":"reported","pest_control":"reported","pesticide_reliance":"reported","marketing_challenges":"reported","logistics_challenges":"reported","climate_change_noticed":"reported","climate_changes":"reported","climate_impacts":"reported","info_sources":"reported","raises_poultry":"reported","poultry_purpose":"reported","farmer_type":"reported","low_input_practices":"reported"}}},{"type":"Feature","id":"CH-93UXRA:chouf_2026","geometry":{"type":"Point","coordinates":[35.40573,33.58783]},"properties":{"entity_type":"survey_respondent_public","respondent_id":"CH-93UXRA","instrument":"chouf_2026","area_name_en":"Aalmane Ech-Chouf","area_name_ar":"علمان الشوف","district_en":"Chouf","district_ar":"الشوف","location_basis":"residence_village","geom_origin":"osm_settlement_point","spatial_precision":"locality","anchor":[35.40697,33.58799],"display_offset_m":117,"c__owns_land":"yes","c__land_size_band":"lt_5_dunum","c__soil_types":"clay","c__crop_groups":"citrus","c__water_sources":"well","c__water_availability":"sometimes","c__water_scarcity":"no","c__irrigation_need_change":"no_change","c__energy_sources":"diesel","c__production_level":"medium","c__coop_member":"no","c__homes_trad_food":"almost_all","c__seed_criteria":"price","c__seed_sources":"shop","c__seed_challenges":"high_cost","c__traditional_seed_knowledge":"no","c__soil_enhancers":"chemical","c__chem_fertilizer_reliance":"total","c__pest_control":"chemical","c__pesticide_reliance":"total","c__marketing_challenges":"low_prices","c__logistics_challenges":"high_transport_cost","c__climate_change_noticed":"yes","c__climate_changes":"temperature_rise","c__climate_impacts":"production_decrease","c__info_sources":"supply_shops","c__raises_poultry":"no","c__farmer_type":"type_a","c__low_input_practices":"yes","values":{"owns_land":"yes","land_size_band":"lt_5_dunum","soil_types":["clay"],"crop_groups":["citrus","tropical_fruits"],"water_sources":["well","tanker","storage"],"water_availability":"sometimes","water_scarcity":"no","irrigation_need_change":"no_change","energy_sources":["diesel"],"production_level":"medium","coop_member":"no","homes_trad_food":"almost_all","seed_criteria":["price","productivity","pest_resistance"],"seed_sources":["shop"],"seed_challenges":["high_cost","unreliable_suppliers"],"traditional_seed_knowledge":"no","soil_enhancers":["chemical","compost","manure"],"chem_fertilizer_reliance":"total","pest_control":["chemical"],"pesticide_reliance":"total","marketing_challenges":["low_prices","weak_demand","far_markets"],"logistics_challenges":["high_transport_cost"],"climate_change_noticed":"yes","climate_changes":["temperature_rise","rainfall_decrease","heatwaves","frost"],"climate_impacts":["production_decrease","pests_diseases"],"info_sources":["supply_shops"],"raises_poultry":"no","poultry_purpose":null,"farmer_type":"type_a","low_input_practices":"yes"},"status":{"owns_land":"reported","land_size_band":"reported","soil_types":"reported","crop_groups":"reported","water_sources":"reported","water_availability":"reported","water_scarcity":"reported","irrigation_need_change":"reported","energy_sources":"reported","production_level":"reported","coop_member":"reported","homes_trad_food":"reported","seed_criteria":"reported","seed_sources":"reported","seed_challenges":"reported","traditional_seed_knowledge":"reported","soil_enhancers":"reported","chem_fertilizer_reliance":"reported","pest_control":"reported","pesticide_reliance":"reported","marketing_challenges":"reported","logistics_challenges":"reported","climate_change_noticed":"reported","climate_changes":"reported","climate_impacts":"reported","info_sources":"reported","raises_poultry":"reported","poultry_purpose":"not_applicable","farmer_type":"reported","low_input_practices":"reported"}}},{"type":"Feature","id":"CH-94YE3L:chouf_2026","geometry":{"type":"Point","coordinates":[35.64929,33.62336]},"properties":{"entity_type":"survey_respondent_public","respondent_id":"CH-94YE3L","instrument":"chouf_2026","area_name_en":"Mristi","area_name_ar":"مرستى","district_en":"Chouf","district_ar":"الشوف","location_basis":"residence_village","geom_origin":"osm_settlement_point","spatial_precision":"locality","anchor":[35.64859,33.62264],"display_offset_m":103,"c__owns_land":"yes","c__land_size_band":"lt_5_dunum","c__soil_types":"sandy","c__crop_groups":"vegetables","c__water_sources":"canal","c__water_availability":"sometimes","c__water_scarcity":"no","c__irrigation_need_change":"increase","c__energy_sources":"manual","c__production_level":"medium","c__coop_member":"yes","c__homes_trad_food":"most","c__seed_criteria":"price","c__seed_sources":"association","c__seed_challenges":"none","c__traditional_seed_knowledge":"yes","c__soil_enhancers":"manure","c__chem_fertilizer_reliance":"not_used","c__pest_control":"chemical","c__pesticide_reliance":"partial","c__marketing_challenges":"low_prices","c__logistics_challenges":"high_transport_cost","c__climate_change_noticed":"yes","c__climate_changes":"rainfall_decrease","c__climate_impacts":"production_decrease","c__info_sources":"extension_agents","c__raises_poultry":"yes","c__poultry_purpose":"home_consumption","c__farmer_type":"type_c","c__low_input_practices":"yes","values":{"owns_land":"yes","land_size_band":"lt_5_dunum","soil_types":["sandy"],"crop_groups":["vegetables"],"water_sources":["canal"],"water_availability":"sometimes","water_scarcity":"no","irrigation_need_change":"increase","energy_sources":["manual"],"production_level":"medium","coop_member":"yes","homes_trad_food":"most","seed_criteria":["price"],"seed_sources":["association","own_harvest"],"seed_challenges":["none"],"traditional_seed_knowledge":"yes","soil_enhancers":["manure"],"chem_fertilizer_reliance":"not_used","pest_control":["chemical","local"],"pesticide_reliance":"partial","marketing_challenges":["low_prices"],"logistics_challenges":["high_transport_cost"],"climate_change_noticed":"yes","climate_changes":["rainfall_decrease","heatwaves"],"climate_impacts":["production_decrease","pests_diseases"],"info_sources":["extension_agents"],"raises_poultry":"yes","poultry_purpose":["home_consumption"],"farmer_type":"type_c","low_input_practices":"yes"},"status":{"owns_land":"reported","land_size_band":"reported","soil_types":"reported","crop_groups":"reported","water_sources":"reported","water_availability":"reported","water_scarcity":"reported","irrigation_need_change":"reported","energy_sources":"reported","production_level":"reported","coop_member":"reported","homes_trad_food":"reported","seed_criteria":"reported","seed_sources":"reported","seed_challenges":"reported","traditional_seed_knowledge":"reported","soil_enhancers":"reported","chem_fertilizer_reliance":"reported","pest_control":"reported","pesticide_reliance":"reported","marketing_challenges":"reported","logistics_challenges":"reported","climate_change_noticed":"reported","climate_changes":"reported","climate_impacts":"reported","info_sources":"reported","raises_poultry":"reported","poultry_purpose":"reported","farmer_type":"reported","low_input_practices":"reported"}}},{"type":"Feature","id":"CH-9CGDVN:chouf_2026","geometry":{"type":"Point","coordinates":[35.50638,33.69266]},"properties":{"entity_type":"survey_respondent_public","respondent_id":"CH-9CGDVN","instrument":"chouf_2026","area_name_en":"Dmit","area_name_ar":"دميت","district_en":"Chouf","district_ar":"الشوف","location_basis":"residence_village","geom_origin":"osm_settlement_point","spatial_precision":"locality","anchor":[35.50596,33.69267],"display_offset_m":39,"c__owns_land":"yes","c__land_size_band":"lt_5_dunum","c__soil_types":"loamy","c__crop_groups":"olives","c__water_sources":"spring","c__water_availability":"sometimes","c__water_scarcity":"yes","c__irrigation_need_change":"increase","c__energy_sources":"manual","c__production_level":"medium","c__coop_member":"no","c__homes_trad_food":"some","c__seed_criteria":"price","c__seed_sources":"shop","c__seed_challenges":"high_cost","c__traditional_seed_knowledge":"no","c__soil_enhancers":"compost","c__chem_fertilizer_reliance":"not_used","c__pest_control":"physical","c__pesticide_reliance":"not_used","c__marketing_challenges":"weak_demand","c__logistics_challenges":"high_transport_cost","c__climate_change_noticed":"yes","c__climate_changes":"temperature_rise","c__climate_impacts":"production_decrease","c__info_sources":"social_media","c__raises_poultry":"no","c__farmer_type":"type_c","c__low_input_practices":"yes","values":{"owns_land":"yes","land_size_band":"lt_5_dunum","soil_types":["loamy"],"crop_groups":["olives","other_fruits"],"water_sources":["spring"],"water_availability":"sometimes","water_scarcity":"yes","irrigation_need_change":"increase","energy_sources":["manual","diesel"],"production_level":"medium","coop_member":"no","homes_trad_food":"some","seed_criteria":["price","productivity","pest_resistance"],"seed_sources":["shop"],"seed_challenges":["high_cost","unreliable_suppliers"],"traditional_seed_knowledge":"no","soil_enhancers":["compost","manure"],"chem_fertilizer_reliance":"not_used","pest_control":["physical"],"pesticide_reliance":"not_used","marketing_challenges":["weak_demand","far_markets"],"logistics_challenges":["high_transport_cost"],"climate_change_noticed":"yes","climate_changes":["temperature_rise","rainfall_decrease"],"climate_impacts":["production_decrease","pests_diseases"],"info_sources":["social_media"],"raises_poultry":"no","poultry_purpose":null,"farmer_type":"type_c","low_input_practices":"yes"},"status":{"owns_land":"reported","land_size_band":"reported","soil_types":"reported","crop_groups":"reported","water_sources":"reported","water_availability":"reported","water_scarcity":"reported","irrigation_need_change":"reported","energy_sources":"reported","production_level":"reported","coop_member":"reported","homes_trad_food":"reported","seed_criteria":"reported","seed_sources":"reported","seed_challenges":"reported","traditional_seed_knowledge":"reported","soil_enhancers":"reported","chem_fertilizer_reliance":"reported","pest_control":"reported","pesticide_reliance":"reported","marketing_challenges":"reported","logistics_challenges":"reported","climate_change_noticed":"reported","climate_changes":"reported","climate_impacts":"reported","info_sources":"reported","raises_poultry":"reported","poultry_purpose":"not_applicable","farmer_type":"reported","low_input_practices":"reported"}}},{"type":"Feature","id":"CH-9CKM3T:chouf_2026","geometry":{"type":"Point","coordinates":[35.50544,33.69309]},"properties":{"entity_type":"survey_respondent_public","respondent_id":"CH-9CKM3T","instrument":"chouf_2026","area_name_en":"Dmit","area_name_ar":"دميت","district_en":"Chouf","district_ar":"الشوف","location_basis":"residence_village","geom_origin":"osm_settlement_point","spatial_precision":"locality","anchor":[35.50596,33.69267],"display_offset_m":67,"c__owns_land":"yes","c__land_size_band":"lt_5_dunum","c__soil_types":"loamy","c__crop_groups":"olives","c__water_sources":"tanker","c__water_availability":"rarely","c__water_scarcity":"yes","c__irrigation_need_change":"increase","c__energy_sources":"manual","c__production_level":"medium","c__coop_member":"no","c__homes_trad_food":"some","c__seed_criteria":"price","c__seed_sources":"shop","c__seed_challenges":"high_cost","c__traditional_seed_knowledge":"no","c__soil_enhancers":"chemical","c__chem_fertilizer_reliance":"partial","c__pest_control":"chemical","c__pesticide_reliance":"partial","c__marketing_challenges":"low_prices","c__logistics_challenges":"high_transport_cost","c__climate_change_noticed":"yes","c__climate_changes":"temperature_rise","c__climate_impacts":"production_decrease","c__info_sources":"social_media","c__raises_poultry":"yes","c__poultry_purpose":"home_consumption","c__farmer_type":"type_d","c__low_input_practices":"yes","values":{"owns_land":"yes","land_size_band":"lt_5_dunum","soil_types":["loamy"],"crop_groups":["olives","vegetables"],"water_sources":["tanker","storage"],"water_availability":"rarely","water_scarcity":"yes","irrigation_need_change":"increase","energy_sources":["manual","grid"],"production_level":"medium","coop_member":"no","homes_trad_food":"some","seed_criteria":["price","productivity","pest_resistance"],"seed_sources":["shop"],"seed_challenges":["high_cost","low_availability"],"traditional_seed_knowledge":"no","soil_enhancers":["chemical","compost","manure"],"chem_fertilizer_reliance":"partial","pest_control":["chemical"],"pesticide_reliance":"partial","marketing_challenges":["low_prices","weak_demand","poor_packaging"],"logistics_challenges":["high_transport_cost"],"climate_change_noticed":"yes","climate_changes":["temperature_rise","rainfall_decrease","heatwaves"],"climate_impacts":["production_decrease","season_delay","pests_diseases","pollination"],"info_sources":["social_media","extension_agents","supply_shops"],"raises_poultry":"yes","poultry_purpose":["home_consumption","local_sale"],"farmer_type":"type_d","low_input_practices":"yes"},"status":{"owns_land":"reported","land_size_band":"reported","soil_types":"reported","crop_groups":"reported","water_sources":"reported","water_availability":"reported","water_scarcity":"reported","irrigation_need_change":"reported","energy_sources":"reported","production_level":"reported","coop_member":"reported","homes_trad_food":"reported","seed_criteria":"reported","seed_sources":"reported","seed_challenges":"reported","traditional_seed_knowledge":"reported","soil_enhancers":"reported","chem_fertilizer_reliance":"reported","pest_control":"reported","pesticide_reliance":"reported","marketing_challenges":"reported","logistics_challenges":"reported","climate_change_noticed":"reported","climate_changes":"reported","climate_impacts":"reported","info_sources":"reported","raises_poultry":"reported","poultry_purpose":"reported","farmer_type":"reported","low_input_practices":"reported"}}},{"type":"Feature","id":"CH-9CQDWE:chouf_2026","geometry":{"type":"Point","coordinates":[35.48198,33.6093]},"properties":{"entity_type":"survey_respondent_public","respondent_id":"CH-9CQDWE","instrument":"chouf_2026","area_name_en":"Mazboud","area_name_ar":"مزبود","district_en":"Chouf","district_ar":"الشوف","location_basis":"residence_village","geom_origin":"osm_settlement_point","spatial_precision":"locality","anchor":[35.4825,33.60888],"display_offset_m":67,"c__owns_land":"yes","c__land_size_band":"lt_5_dunum","c__soil_types":"sandy","c__crop_groups":"olives","c__water_sources":"rain","c__water_availability":"sometimes","c__water_scarcity":"yes","c__irrigation_need_change":"increase","c__energy_sources":"grid","c__production_level":"small","c__coop_member":"no","c__homes_trad_food":"some","c__seed_criteria":"price","c__seed_sources":"shop","c__seed_challenges":"high_cost","c__traditional_seed_knowledge":"no","c__soil_enhancers":"chemical","c__chem_fertilizer_reliance":"partial","c__pest_control":"chemical","c__pesticide_reliance":"partial","c__marketing_challenges":"weak_demand","c__logistics_challenges":"high_transport_cost","c__climate_change_noticed":"yes","c__climate_changes":"temperature_rise","c__climate_impacts":"production_decrease","c__info_sources":"social_media","c__raises_poultry":"yes","c__poultry_purpose":"home_consumption","c__farmer_type":"type_d","c__low_input_practices":"yes","values":{"owns_land":"yes","land_size_band":"lt_5_dunum","soil_types":["sandy"],"crop_groups":["olives","other_fruits"],"water_sources":["rain","tanker","storage"],"water_availability":"sometimes","water_scarcity":"yes","irrigation_need_change":"increase","energy_sources":["grid"],"production_level":"small","coop_member":"no","homes_trad_food":"some","seed_criteria":["price","pest_resistance"],"seed_sources":["shop"],"seed_challenges":["high_cost"],"traditional_seed_knowledge":"no","soil_enhancers":["chemical","manure"],"chem_fertilizer_reliance":"partial","pest_control":["chemical"],"pesticide_reliance":"partial","marketing_challenges":["weak_demand"],"logistics_challenges":["high_transport_cost"],"climate_change_noticed":"yes","climate_changes":["temperature_rise","rainfall_decrease","heatwaves"],"climate_impacts":["production_decrease","season_delay","pests_diseases"],"info_sources":["social_media"],"raises_poultry":"yes","poultry_purpose":["home_consumption","local_sale"],"farmer_type":"type_d","low_input_practices":"yes"},"status":{"owns_land":"reported","land_size_band":"reported","soil_types":"reported","crop_groups":"reported","water_sources":"reported","water_availability":"reported","water_scarcity":"reported","irrigation_need_change":"reported","energy_sources":"reported","production_level":"reported","coop_member":"reported","homes_trad_food":"reported","seed_criteria":"reported","seed_sources":"reported","seed_challenges":"reported","traditional_seed_knowledge":"reported","soil_enhancers":"reported","chem_fertilizer_reliance":"reported","pest_control":"reported","pesticide_reliance":"reported","marketing_challenges":"reported","logistics_challenges":"reported","climate_change_noticed":"reported","climate_changes":"reported","climate_impacts":"reported","info_sources":"reported","raises_poultry":"reported","poultry_purpose":"reported","farmer_type":"reported","low_input_practices":"reported"}}},{"type":"Feature","id":"CH-9DR7RX:chouf_2026","geometry":{"type":"Point","coordinates":[35.68189,33.70483]},"properties":{"entity_type":"survey_respondent_public","respondent_id":"CH-9DR7RX","instrument":"chouf_2026","area_name_en":"Barouk","area_name_ar":"الباروك","district_en":"Chouf","district_ar":"الشوف","location_basis":"residence_village","geom_origin":"osm_settlement_point","spatial_precision":"locality","anchor":[35.68119,33.70411],"display_offset_m":103,"c__owns_land":"yes","c__land_size_band":"lt_5_dunum","c__soil_types":"calcareous","c__crop_groups":"vegetables","c__water_sources":"river","c__water_availability":"always","c__water_scarcity":"no","c__irrigation_need_change":"increase","c__energy_sources":"grid","c__production_level":"large","c__coop_member":"no","c__homes_trad_food":"most","c__seed_criteria":"price","c__seed_sources":"shop","c__seed_challenges":"none","c__traditional_seed_knowledge":"yes","c__soil_enhancers":"chemical","c__chem_fertilizer_reliance":"partial","c__pest_control":"chemical","c__pesticide_reliance":"total","c__marketing_challenges":"low_prices","c__logistics_challenges":"no_paved_roads","c__climate_change_noticed":"yes","c__climate_changes":"temperature_rise","c__climate_impacts":"production_decrease","c__info_sources":"social_media","c__raises_poultry":"no","c__farmer_type":"type_a","c__low_input_practices":"yes","values":{"owns_land":"yes","land_size_band":"lt_5_dunum","soil_types":["calcareous"],"crop_groups":["vegetables"],"water_sources":["river"],"water_availability":"always","water_scarcity":"no","irrigation_need_change":"increase","energy_sources":["grid"],"production_level":"large","coop_member":"no","homes_trad_food":"most","seed_criteria":["price","productivity","pest_resistance"],"seed_sources":["shop","own_harvest"],"seed_challenges":["none"],"traditional_seed_knowledge":"yes","soil_enhancers":["chemical","manure"],"chem_fertilizer_reliance":"partial","pest_control":["chemical"],"pesticide_reliance":"total","marketing_challenges":["low_prices","weak_demand","far_markets"],"logistics_challenges":["no_paved_roads"],"climate_change_noticed":"yes","climate_changes":["temperature_rise","rainfall_decrease","heatwaves"],"climate_impacts":["production_decrease","season_delay"],"info_sources":["social_media","extension_agents","supply_shops"],"raises_poultry":"no","poultry_purpose":null,"farmer_type":"type_a","low_input_practices":"yes"},"status":{"owns_land":"reported","land_size_band":"reported","soil_types":"reported","crop_groups":"reported","water_sources":"reported","water_availability":"reported","water_scarcity":"reported","irrigation_need_change":"reported","energy_sources":"reported","production_level":"reported","coop_member":"reported","homes_trad_food":"reported","seed_criteria":"reported","seed_sources":"reported","seed_challenges":"reported","traditional_seed_knowledge":"reported","soil_enhancers":"reported","chem_fertilizer_reliance":"reported","pest_control":"reported","pesticide_reliance":"reported","marketing_challenges":"reported","logistics_challenges":"reported","climate_change_noticed":"reported","climate_changes":"reported","climate_impacts":"reported","info_sources":"reported","raises_poultry":"reported","poultry_purpose":"not_applicable","farmer_type":"reported","low_input_practices":"reported"}}},{"type":"Feature","id":"CH-A2T98L:chouf_2026","geometry":{"type":"Point","coordinates":[35.58985,33.65019]},"properties":{"entity_type":"survey_respondent_public","respondent_id":"CH-A2T98L","instrument":"chouf_2026","area_name_en":"Kahlouniet Ech-Chouf","area_name_ar":"كحلونية الشوف","district_en":"Chouf","district_ar":"الشوف","location_basis":"residence_village","geom_origin":"osm_settlement_point","spatial_precision":"locality","anchor":[35.59037,33.64977],"display_offset_m":67,"c__owns_land":"yes","c__land_size_band":"lt_5_dunum","c__soil_types":"clay","c__crop_groups":"vegetables","c__water_sources":"rain","c__water_availability":"sometimes","c__water_scarcity":"yes","c__irrigation_need_change":"increase","c__energy_sources":"manual","c__production_level":"medium","c__coop_member":"no","c__homes_trad_food":"most","c__seed_criteria":"price","c__seed_sources":"shop","c__seed_challenges":"high_cost","c__traditional_seed_knowledge":"yes","c__soil_enhancers":"compost","c__chem_fertilizer_reliance":"partial","c__pest_control":"biological","c__pesticide_reliance":"not_used","c__marketing_challenges":"low_prices","c__logistics_challenges":"high_transport_cost","c__climate_change_noticed":"yes","c__climate_changes":"rainfall_decrease","c__climate_impacts":"production_decrease","c__info_sources":"social_media","c__raises_poultry":"no","c__farmer_type":"type_c","c__low_input_practices":"yes","values":{"owns_land":"yes","land_size_band":"lt_5_dunum","soil_types":["clay"],"crop_groups":["vegetables"],"water_sources":["rain","tanker","storage"],"water_availability":"sometimes","water_scarcity":"yes","irrigation_need_change":"increase","energy_sources":["manual"],"production_level":"medium","coop_member":"no","homes_trad_food":"most","seed_criteria":["price","productivity","pest_resistance"],"seed_sources":["shop","neighbour"],"seed_challenges":["high_cost","low_availability"],"traditional_seed_knowledge":"yes","soil_enhancers":["compost","manure"],"chem_fertilizer_reliance":"partial","pest_control":["biological"],"pesticide_reliance":"not_used","marketing_challenges":["low_prices"],"logistics_challenges":["high_transport_cost"],"climate_change_noticed":"yes","climate_changes":["rainfall_decrease"],"climate_impacts":["production_decrease","season_delay"],"info_sources":["social_media","extension_agents","supply_shops"],"raises_poultry":"no","poultry_purpose":null,"farmer_type":"type_c","low_input_practices":"yes"},"status":{"owns_land":"reported","land_size_band":"reported","soil_types":"reported","crop_groups":"reported","water_sources":"reported","water_availability":"reported","water_scarcity":"reported","irrigation_need_change":"reported","energy_sources":"reported","production_level":"reported","coop_member":"reported","homes_trad_food":"reported","seed_criteria":"reported","seed_sources":"reported","seed_challenges":"reported","traditional_seed_knowledge":"reported","soil_enhancers":"reported","chem_fertilizer_reliance":"reported","pest_control":"reported","pesticide_reliance":"reported","marketing_challenges":"reported","logistics_challenges":"reported","climate_change_noticed":"reported","climate_changes":"reported","climate_impacts":"reported","info_sources":"reported","raises_poultry":"reported","poultry_purpose":"not_applicable","farmer_type":"reported","low_input_practices":"reported"}}},{"type":"Feature","id":"CH-A2UD7J:chouf_2026","geometry":{"type":"Point","coordinates":[35.65169,33.69592]},"properties":{"entity_type":"survey_respondent_public","respondent_id":"CH-A2UD7J","instrument":"chouf_2026","area_name_en":"Batloun","area_name_ar":"بتلون","district_en":"Chouf","district_ar":"الشوف","location_basis":"residence_village","geom_origin":"osm_settlement_point","spatial_precision":"locality","anchor":[35.65221,33.6955],"display_offset_m":67,"c__owns_land":"yes","c__land_size_band":"lt_5_dunum","c__soil_types":"clay","c__crop_groups":"other_fruits","c__water_sources":"river","c__water_availability":"rarely","c__water_scarcity":"yes","c__irrigation_need_change":"decrease","c__energy_sources":"diesel","c__production_level":"small","c__coop_member":"no","c__homes_trad_food":"almost_all","c__seed_criteria":"productivity","c__seed_sources":"shop","c__seed_challenges":"none","c__traditional_seed_knowledge":"no","c__soil_enhancers":"compost","c__pest_control":"biological","c__climate_change_noticed":"yes","c__climate_changes":"temperature_rise","c__climate_impacts":"production_decrease","c__info_sources":"social_media","c__raises_poultry":"no","c__farmer_type":"type_c","c__low_input_practices":"yes","values":{"owns_land":"yes","land_size_band":"lt_5_dunum","soil_types":["clay"],"crop_groups":["other_fruits"],"water_sources":["river"],"water_availability":"rarely","water_scarcity":"yes","irrigation_need_change":"decrease","energy_sources":["diesel"],"production_level":"small","coop_member":"no","homes_trad_food":"almost_all","seed_criteria":["productivity"],"seed_sources":["shop"],"seed_challenges":["none"],"traditional_seed_knowledge":"no","soil_enhancers":["compost"],"chem_fertilizer_reliance":null,"pest_control":["biological","physical"],"pesticide_reliance":null,"marketing_challenges":null,"logistics_challenges":null,"climate_change_noticed":"yes","climate_changes":["temperature_rise","rainfall_decrease","heatwaves","frost"],"climate_impacts":["production_decrease","season_delay","pests_diseases"],"info_sources":["social_media","extension_agents"],"raises_poultry":"no","poultry_purpose":null,"farmer_type":"type_c","low_input_practices":"yes"},"status":{"owns_land":"reported","land_size_band":"reported","soil_types":"reported","crop_groups":"reported","water_sources":"reported","water_availability":"reported","water_scarcity":"reported","irrigation_need_change":"reported","energy_sources":"reported","production_level":"reported","coop_member":"reported","homes_trad_food":"reported","seed_criteria":"reported","seed_sources":"reported","seed_challenges":"reported","traditional_seed_knowledge":"reported","soil_enhancers":"reported","chem_fertilizer_reliance":"not_provided","pest_control":"reported","pesticide_reliance":"not_provided","marketing_challenges":"not_provided","logistics_challenges":"not_provided","climate_change_noticed":"reported","climate_changes":"reported","climate_impacts":"reported","info_sources":"reported","raises_poultry":"reported","poultry_purpose":"not_applicable","farmer_type":"reported","low_input_practices":"reported"}}},{"type":"Feature","id":"CH-A5WLAM:chouf_2026","geometry":{"type":"Point","coordinates":[35.65227,33.69472]},"properties":{"entity_type":"survey_respondent_public","respondent_id":"CH-A5WLAM","instrument":"chouf_2026","area_name_en":"Batloun","area_name_ar":"بتلون","district_en":"Chouf","district_ar":"الشوف","location_basis":"residence_village","geom_origin":"osm_settlement_point","spatial_precision":"locality","anchor":[35.65221,33.6955],"display_offset_m":87,"c__owns_land":"yes","c__land_size_band":"lt_5_dunum","c__soil_types":"loamy","c__crop_groups":"apples_pears","c__water_sources":"river","c__water_availability":"rarely","c__water_scarcity":"yes","c__irrigation_need_change":"increase","c__energy_sources":"manual","c__production_level":"small","c__coop_member":"yes","c__homes_trad_food":"some","c__seed_criteria":"price","c__seed_sources":"shop","c__seed_challenges":"high_cost","c__traditional_seed_knowledge":"no","c__soil_enhancers":"none","c__chem_fertilizer_reliance":"partial","c__pest_control":"local","c__pesticide_reliance":"not_used","c__marketing_challenges":"low_prices","c__logistics_challenges":"high_transport_cost","c__climate_change_noticed":"yes","c__climate_changes":"rainfall_decrease","c__climate_impacts":"production_decrease","c__info_sources":"supply_shops","c__raises_poultry":"no","c__farmer_type":"type_b","c__low_input_practices":"yes","values":{"owns_land":"yes","land_size_band":"lt_5_dunum","soil_types":["loamy"],"crop_groups":["apples_pears","stone_fruits"],"water_sources":["river"],"water_availability":"rarely","water_scarcity":"yes","irrigation_need_change":"increase","energy_sources":["manual"],"production_level":"small","coop_member":"yes","homes_trad_food":"some","seed_criteria":["price"],"seed_sources":["shop"],"seed_challenges":["high_cost"],"traditional_seed_knowledge":"no","soil_enhancers":["none"],"chem_fertilizer_reliance":"partial","pest_control":["local"],"pesticide_reliance":"not_used","marketing_challenges":["low_prices"],"logistics_challenges":["high_transport_cost"],"climate_change_noticed":"yes","climate_changes":["rainfall_decrease"],"climate_impacts":["production_decrease"],"info_sources":["supply_shops"],"raises_poultry":"no","poultry_purpose":null,"farmer_type":"type_b","low_input_practices":"yes"},"status":{"owns_land":"reported","land_size_band":"reported","soil_types":"reported","crop_groups":"reported","water_sources":"reported","water_availability":"reported","water_scarcity":"reported","irrigation_need_change":"reported","energy_sources":"reported","production_level":"reported","coop_member":"reported","homes_trad_food":"reported","seed_criteria":"reported","seed_sources":"reported","seed_challenges":"reported","traditional_seed_knowledge":"reported","soil_enhancers":"reported","chem_fertilizer_reliance":"reported","pest_control":"reported","pesticide_reliance":"reported","marketing_challenges":"reported","logistics_challenges":"reported","climate_change_noticed":"reported","climate_changes":"reported","climate_impacts":"reported","info_sources":"reported","raises_poultry":"reported","poultry_purpose":"not_applicable","farmer_type":"reported","low_input_practices":"reported"}}},{"type":"Feature","id":"CH-AD845B:chouf_2026","geometry":{"type":"Point","coordinates":[35.57886,33.64598]},"properties":{"entity_type":"survey_respondent_public","respondent_id":"CH-AD845B","instrument":"chouf_2026","area_name_en":"Mazraat Ech-Chouf","area_name_ar":"مزرعة","district_en":"Chouf","district_ar":"الشوف","location_basis":"residence_village","geom_origin":"osm_settlement_point","spatial_precision":"locality","anchor":[35.5801,33.64614],"display_offset_m":117,"c__owns_land":"yes","c__land_size_band":"gt_1_ha","c__soil_types":"loamy","c__crop_groups":"vegetables","c__water_sources":"rain","c__water_availability":"sometimes","c__water_scarcity":"yes","c__irrigation_need_change":"increase","c__energy_sources":"diesel","c__production_level":"medium","c__coop_member":"no","c__homes_trad_food":"some","c__seed_criteria":"productivity","c__seed_sources":"shop","c__seed_challenges":"high_cost","c__traditional_seed_knowledge":"no","c__soil_enhancers":"compost","c__chem_fertilizer_reliance":"not_used","c__pest_control":"chemical","c__pesticide_reliance":"partial","c__marketing_challenges":"low_prices","c__logistics_challenges":"high_transport_cost","c__climate_change_noticed":"yes","c__climate_changes":"temperature_rise","c__climate_impacts":"production_decrease","c__info_sources":"social_media","c__raises_poultry":"yes","c__poultry_purpose":"home_consumption","c__farmer_type":"type_c","c__low_input_practices":"yes","values":{"owns_land":"yes","land_size_band":"gt_1_ha","soil_types":["loamy"],"crop_groups":["vegetables","cereals_fodder"],"water_sources":["rain","well"],"water_availability":"sometimes","water_scarcity":"yes","irrigation_need_change":"increase","energy_sources":["diesel","solar"],"production_level":"medium","coop_member":"no","homes_trad_food":"some","seed_criteria":["productivity","pest_resistance"],"seed_sources":["shop","own_harvest"],"seed_challenges":["high_cost","low_availability"],"traditional_seed_knowledge":"no","soil_enhancers":["compost","manure"],"chem_fertilizer_reliance":"not_used","pest_control":["chemical","biological"],"pesticide_reliance":"partial","marketing_challenges":["low_prices"],"logistics_challenges":["high_transport_cost"],"climate_change_noticed":"yes","climate_changes":["temperature_rise","rainfall_decrease"],"climate_impacts":["production_decrease","pests_diseases"],"info_sources":["social_media","extension_agents","supply_shops"],"raises_poultry":"yes","poultry_purpose":["home_consumption","local_sale"],"farmer_type":"type_c","low_input_practices":"yes"},"status":{"owns_land":"reported","land_size_band":"reported","soil_types":"reported","crop_groups":"reported","water_sources":"reported","water_availability":"reported","water_scarcity":"reported","irrigation_need_change":"reported","energy_sources":"reported","production_level":"reported","coop_member":"reported","homes_trad_food":"reported","seed_criteria":"reported","seed_sources":"reported","seed_challenges":"reported","traditional_seed_knowledge":"reported","soil_enhancers":"reported","chem_fertilizer_reliance":"reported","pest_control":"reported","pesticide_reliance":"reported","marketing_challenges":"reported","logistics_challenges":"reported","climate_change_noticed":"reported","climate_changes":"reported","climate_impacts":"reported","info_sources":"reported","raises_poultry":"reported","poultry_purpose":"reported","farmer_type":"reported","low_input_practices":"reported"}}},{"type":"Feature","id":"CH-ADM723:chouf_2026","geometry":{"type":"Point","coordinates":[35.67104,33.66831]},"properties":{"entity_type":"survey_respondent_public","respondent_id":"CH-ADM723","instrument":"chouf_2026","area_name_en":"Maasser Ech-Chouf","area_name_ar":"معاصر الشوف","district_en":"Chouf","district_ar":"الشوف","location_basis":"residence_village","geom_origin":"osm_settlement_point","spatial_precision":"locality","anchor":[35.67062,33.66832],"display_offset_m":39,"c__owns_land":"yes","c__land_size_band":"lt_1_ha","c__soil_types":"loamy","c__crop_groups":"vegetables","c__water_sources":"rain","c__water_availability":"never","c__water_scarcity":"yes","c__irrigation_need_change":"increase","c__energy_sources":"diesel","c__production_level":"medium","c__coop_member":"no","c__homes_trad_food":"some","c__seed_criteria":"none","c__seed_sources":"association","c__seed_challenges":"unsuitable","c__traditional_seed_knowledge":"yes","c__soil_enhancers":"manure","c__chem_fertilizer_reliance":"not_used","c__pest_control":"physical","c__pesticide_reliance":"not_used","c__marketing_challenges":"weak_demand","c__logistics_challenges":"high_transport_cost","c__climate_change_noticed":"yes","c__climate_impacts":"production_decrease","c__info_sources":"social_media","c__raises_poultry":"yes","c__poultry_purpose":"home_consumption","c__farmer_type":"type_c","c__low_input_practices":"yes","values":{"owns_land":"yes","land_size_band":"lt_1_ha","soil_types":["loamy"],"crop_groups":["vegetables","legumes"],"water_sources":["rain"],"water_availability":"never","water_scarcity":"yes","irrigation_need_change":"increase","energy_sources":["diesel"],"production_level":"medium","coop_member":"no","homes_trad_food":"some","seed_criteria":["none"],"seed_sources":["association","own_harvest"],"seed_challenges":["unsuitable"],"traditional_seed_knowledge":"yes","soil_enhancers":["manure"],"chem_fertilizer_reliance":"not_used","pest_control":["physical"],"pesticide_reliance":"not_used","marketing_challenges":["weak_demand"],"logistics_challenges":["high_transport_cost"],"climate_change_noticed":"yes","climate_changes":null,"climate_impacts":["production_decrease","season_delay","pests_diseases","pollination"],"info_sources":["social_media","supply_shops"],"raises_poultry":"yes","poultry_purpose":["home_consumption"],"farmer_type":"type_c","low_input_practices":"yes"},"status":{"owns_land":"reported","land_size_band":"reported","soil_types":"reported","crop_groups":"reported","water_sources":"reported","water_availability":"reported","water_scarcity":"reported","irrigation_need_change":"reported","energy_sources":"reported","production_level":"reported","coop_member":"reported","homes_trad_food":"reported","seed_criteria":"reported","seed_sources":"reported","seed_challenges":"reported","traditional_seed_knowledge":"reported","soil_enhancers":"reported","chem_fertilizer_reliance":"reported","pest_control":"reported","pesticide_reliance":"reported","marketing_challenges":"reported","logistics_challenges":"reported","climate_change_noticed":"reported","climate_changes":"not_provided","climate_impacts":"reported","info_sources":"reported","raises_poultry":"reported","poultry_purpose":"reported","farmer_type":"reported","low_input_practices":"reported"}}},{"type":"Feature","id":"CH-AECPU8:chouf_2026","geometry":{"type":"Point","coordinates":[35.65677,33.71512]},"properties":{"entity_type":"survey_respondent_public","respondent_id":"CH-AECPU8","instrument":"chouf_2026","area_name_en":"Brih","area_name_ar":"بريح","district_en":"Chouf","district_ar":"الشوف","location_basis":"residence_village","geom_origin":"osm_settlement_point","spatial_precision":"locality","anchor":[35.65729,33.7147],"display_offset_m":67,"c__owns_land":"yes","c__land_size_band":"gt_1_ha","c__soil_types":"loamy","c__crop_groups":"olives","c__water_sources":"canal","c__water_availability":"never","c__water_scarcity":"yes","c__irrigation_need_change":"decrease","c__energy_sources":"manual","c__production_level":"small","c__coop_member":"no","c__homes_trad_food":"almost_all","c__seed_criteria":"pest_resistance","c__seed_sources":"shop","c__seed_challenges":"high_cost","c__traditional_seed_knowledge":"yes","c__soil_enhancers":"compost","c__chem_fertilizer_reliance":"partial","c__pest_control":"biological","c__pesticide_reliance":"partial","c__marketing_challenges":"low_prices","c__logistics_challenges":"high_transport_cost","c__climate_change_noticed":"yes","c__climate_changes":"temperature_rise","c__climate_impacts":"production_decrease","c__info_sources":"extension_agents","c__raises_poultry":"yes","c__poultry_purpose":"home_consumption","c__farmer_type":"type_b","c__low_input_practices":"yes","values":{"owns_land":"yes","land_size_band":"gt_1_ha","soil_types":["loamy"],"crop_groups":["olives","apples_pears","vegetables"],"water_sources":["canal"],"water_availability":"never","water_scarcity":"yes","irrigation_need_change":"decrease","energy_sources":["manual"],"production_level":"small","coop_member":"no","homes_trad_food":"almost_all","seed_criteria":["pest_resistance"],"seed_sources":["shop","own_harvest"],"seed_challenges":["high_cost","unreliable_suppliers"],"traditional_seed_knowledge":"yes","soil_enhancers":["compost","manure"],"chem_fertilizer_reliance":"partial","pest_control":["biological","physical"],"pesticide_reliance":"partial","marketing_challenges":["low_prices","far_markets"],"logistics_challenges":["high_transport_cost"],"climate_change_noticed":"yes","climate_changes":["temperature_rise","rainfall_decrease"],"climate_impacts":["production_decrease","season_delay","pests_diseases"],"info_sources":["extension_agents"],"raises_poultry":"yes","poultry_purpose":["home_consumption"],"farmer_type":"type_b","low_input_practices":"yes"},"status":{"owns_land":"reported","land_size_band":"reported","soil_types":"reported","crop_groups":"reported","water_sources":"reported","water_availability":"reported","water_scarcity":"reported","irrigation_need_change":"reported","energy_sources":"reported","production_level":"reported","coop_member":"reported","homes_trad_food":"reported","seed_criteria":"reported","seed_sources":"reported","seed_challenges":"reported","traditional_seed_knowledge":"reported","soil_enhancers":"reported","chem_fertilizer_reliance":"reported","pest_control":"reported","pesticide_reliance":"reported","marketing_challenges":"reported","logistics_challenges":"reported","climate_change_noticed":"reported","climate_changes":"reported","climate_impacts":"reported","info_sources":"reported","raises_poultry":"reported","poultry_purpose":"reported","farmer_type":"reported","low_input_practices":"reported"}}},{"type":"Feature","id":"CH-AGVAX3:chouf_2026","geometry":{"type":"Point","coordinates":[35.62276,33.66125]},"properties":{"entity_type":"survey_respondent_public","respondent_id":"CH-AGVAX3","instrument":"chouf_2026","area_name_en":"Botmeh","area_name_ar":"بطمة","district_en":"Chouf","district_ar":"الشوف","location_basis":"residence_village","geom_origin":"osm_settlement_point","spatial_precision":"locality","anchor":[35.62234,33.66126],"display_offset_m":39,"c__owns_land":"yes","c__land_size_band":"lt_5_dunum","c__soil_types":"calcareous","c__crop_groups":"vegetables","c__water_sources":"canal","c__water_availability":"always","c__water_scarcity":"no","c__irrigation_need_change":"increase","c__energy_sources":"grid","c__production_level":"medium","c__coop_member":"no","c__homes_trad_food":"some","c__seed_criteria":"productivity","c__seed_sources":"shop","c__seed_challenges":"high_cost","c__traditional_seed_knowledge":"no","c__soil_enhancers":"none","c__chem_fertilizer_reliance":"not_used","c__pest_control":"chemical","c__pesticide_reliance":"partial","c__marketing_challenges":"weak_demand","c__logistics_challenges":"high_transport_cost","c__climate_change_noticed":"yes","c__climate_changes":"rainfall_decrease","c__climate_impacts":"season_delay","c__info_sources":"social_media","c__raises_poultry":"no","c__farmer_type":"type_c","c__low_input_practices":"no","values":{"owns_land":"yes","land_size_band":"lt_5_dunum","soil_types":["calcareous"],"crop_groups":["vegetables","herbs"],"water_sources":["canal"],"water_availability":"always","water_scarcity":"no","irrigation_need_change":"increase","energy_sources":["grid","diesel"],"production_level":"medium","coop_member":"no","homes_trad_food":"some","seed_criteria":["productivity"],"seed_sources":["shop"],"seed_challenges":["high_cost"],"traditional_seed_knowledge":"no","soil_enhancers":["none"],"chem_fertilizer_reliance":"not_used","pest_control":["chemical"],"pesticide_reliance":"partial","marketing_challenges":["weak_demand"],"logistics_challenges":["high_transport_cost"],"climate_change_noticed":"yes","climate_changes":["rainfall_decrease","frost"],"climate_impacts":["season_delay"],"info_sources":["social_media","supply_shops"],"raises_poultry":"no","poultry_purpose":null,"farmer_type":"type_c","low_input_practices":"no"},"status":{"owns_land":"reported","land_size_band":"reported","soil_types":"reported","crop_groups":"reported","water_sources":"reported","water_availability":"reported","water_scarcity":"reported","irrigation_need_change":"reported","energy_sources":"reported","production_level":"reported","coop_member":"reported","homes_trad_food":"reported","seed_criteria":"reported","seed_sources":"reported","seed_challenges":"reported","traditional_seed_knowledge":"reported","soil_enhancers":"reported","chem_fertilizer_reliance":"reported","pest_control":"reported","pesticide_reliance":"reported","marketing_challenges":"reported","logistics_challenges":"reported","climate_change_noticed":"reported","climate_changes":"reported","climate_impacts":"reported","info_sources":"reported","raises_poultry":"reported","poultry_purpose":"not_applicable","farmer_type":"reported","low_input_practices":"reported"}}},{"type":"Feature","id":"CH-AWYM9R:chouf_2026","geometry":{"type":"Point","coordinates":[35.40812,33.58734]},"properties":{"entity_type":"survey_respondent_public","respondent_id":"CH-AWYM9R","instrument":"chouf_2026","area_name_en":"Aalmane Ech-Chouf","area_name_ar":"علمان الشوف","district_en":"Chouf","district_ar":"الشوف","location_basis":"residence_village","geom_origin":"osm_settlement_point","spatial_precision":"locality","anchor":[35.40697,33.58799],"display_offset_m":129,"c__owns_land":"yes","c__land_size_band":"lt_5_dunum","c__soil_types":"loamy","c__crop_groups":"citrus","c__water_sources":"well","c__water_availability":"always","c__water_scarcity":"no","c__irrigation_need_change":"increase","c__energy_sources":"diesel","c__production_level":"medium","c__coop_member":"no","c__homes_trad_food":"almost_all","c__seed_criteria":"price","c__seed_sources":"shop","c__seed_challenges":"unsuitable","c__traditional_seed_knowledge":"no","c__soil_enhancers":"chemical","c__chem_fertilizer_reliance":"total","c__pest_control":"chemical","c__pesticide_reliance":"total","c__marketing_challenges":"weak_demand","c__logistics_challenges":"high_transport_cost","c__climate_change_noticed":"yes","c__climate_changes":"temperature_rise","c__climate_impacts":"production_decrease","c__info_sources":"supply_shops","c__raises_poultry":"no","c__farmer_type":"type_a","c__low_input_practices":"no","values":{"owns_land":"yes","land_size_band":"lt_5_dunum","soil_types":["loamy"],"crop_groups":["citrus","tropical_fruits"],"water_sources":["well"],"water_availability":"always","water_scarcity":"no","irrigation_need_change":"increase","energy_sources":["diesel"],"production_level":"medium","coop_member":"no","homes_trad_food":"almost_all","seed_criteria":["price","productivity"],"seed_sources":["shop"],"seed_challenges":["unsuitable"],"traditional_seed_knowledge":"no","soil_enhancers":["chemical"],"chem_fertilizer_reliance":"total","pest_control":["chemical"],"pesticide_reliance":"total","marketing_challenges":["weak_demand","far_markets"],"logistics_challenges":["high_transport_cost"],"climate_change_noticed":"yes","climate_changes":["temperature_rise"],"climate_impacts":["production_decrease","season_delay","pests_diseases"],"info_sources":["supply_shops"],"raises_poultry":"no","poultry_purpose":null,"farmer_type":"type_a","low_input_practices":"no"},"status":{"owns_land":"reported","land_size_band":"reported","soil_types":"reported","crop_groups":"reported","water_sources":"reported","water_availability":"reported","water_scarcity":"reported","irrigation_need_change":"reported","energy_sources":"reported","production_level":"reported","coop_member":"reported","homes_trad_food":"reported","seed_criteria":"reported","seed_sources":"reported","seed_challenges":"reported","traditional_seed_knowledge":"reported","soil_enhancers":"reported","chem_fertilizer_reliance":"reported","pest_control":"reported","pesticide_reliance":"reported","marketing_challenges":"reported","logistics_challenges":"reported","climate_change_noticed":"reported","climate_changes":"reported","climate_impacts":"reported","info_sources":"reported","raises_poultry":"reported","poultry_purpose":"not_applicable","farmer_type":"reported","low_input_practices":"reported"}}},{"type":"Feature","id":"CH-BNYE97:chouf_2026","geometry":{"type":"Point","coordinates":[35.65291,33.69622]},"properties":{"entity_type":"survey_respondent_public","respondent_id":"CH-BNYE97","instrument":"chouf_2026","area_name_en":"Batloun","area_name_ar":"بتلون","district_en":"Chouf","district_ar":"الشوف","location_basis":"residence_village","geom_origin":"osm_settlement_point","spatial_precision":"locality","anchor":[35.65221,33.6955],"display_offset_m":103,"c__owns_land":"yes","c__land_size_band":"lt_1_ha","c__soil_types":"loamy","c__crop_groups":"olives","c__water_sources":"river","c__water_availability":"rarely","c__water_scarcity":"yes","c__irrigation_need_change":"increase","c__energy_sources":"none","c__production_level":"small","c__coop_member":"yes","c__homes_trad_food":"most","c__seed_criteria":"price","c__seed_sources":"shop","c__seed_challenges":"high_cost","c__traditional_seed_knowledge":"yes","c__soil_enhancers":"chemical","c__chem_fertilizer_reliance":"partial","c__pest_control":"chemical","c__pesticide_reliance":"total","c__climate_change_noticed":"yes","c__climate_changes":"temperature_rise","c__climate_impacts":"production_decrease","c__info_sources":"social_media","c__raises_poultry":"no","c__farmer_type":"type_b","c__low_input_practices":"yes","values":{"owns_land":"yes","land_size_band":"lt_1_ha","soil_types":["loamy"],"crop_groups":["olives","apples_pears"],"water_sources":["river"],"water_availability":"rarely","water_scarcity":"yes","irrigation_need_change":"increase","energy_sources":["none"],"production_level":"small","coop_member":"yes","homes_trad_food":"most","seed_criteria":["price"],"seed_sources":["shop","own_harvest"],"seed_challenges":["high_cost"],"traditional_seed_knowledge":"yes","soil_enhancers":["chemical","manure"],"chem_fertilizer_reliance":"partial","pest_control":["chemical"],"pesticide_reliance":"total","marketing_challenges":null,"logistics_challenges":null,"climate_change_noticed":"yes","climate_changes":["temperature_rise","rainfall_decrease","heatwaves"],"climate_impacts":["production_decrease","season_delay","pests_diseases"],"info_sources":["social_media","extension_agents"],"raises_poultry":"no","poultry_purpose":null,"farmer_type":"type_b","low_input_practices":"yes"},"status":{"owns_land":"reported","land_size_band":"reported","soil_types":"reported","crop_groups":"reported","water_sources":"reported","water_availability":"reported","water_scarcity":"reported","irrigation_need_change":"reported","energy_sources":"reported","production_level":"reported","coop_member":"reported","homes_trad_food":"reported","seed_criteria":"reported","seed_sources":"reported","seed_challenges":"reported","traditional_seed_knowledge":"reported","soil_enhancers":"reported","chem_fertilizer_reliance":"reported","pest_control":"reported","pesticide_reliance":"reported","marketing_challenges":"not_provided","logistics_challenges":"not_provided","climate_change_noticed":"reported","climate_changes":"reported","climate_impacts":"reported","info_sources":"reported","raises_poultry":"reported","poultry_purpose":"not_applicable","farmer_type":"reported","low_input_practices":"reported"}}},{"type":"Feature","id":"CH-BW49BZ:chouf_2026","geometry":{"type":"Point","coordinates":[35.45554,33.72998]},"properties":{"entity_type":"survey_respondent_public","respondent_id":"CH-BW49BZ","instrument":"chouf_2026","area_name_en":"Damour","area_name_ar":"الدامور","district_en":"Chouf","district_ar":"الشوف","location_basis":"residence_village","geom_origin":"osm_settlement_point","spatial_precision":"locality","anchor":[35.45548,33.73076],"display_offset_m":87,"c__owns_land":"yes","c__land_size_band":"lt_1_ha","c__soil_types":"sandy","c__crop_groups":"citrus","c__water_sources":"river","c__water_availability":"sometimes","c__water_scarcity":"yes","c__irrigation_need_change":"decrease","c__energy_sources":"manual","c__production_level":"medium","c__coop_member":"no","c__homes_trad_food":"most","c__seed_criteria":"price","c__seed_sources":"shop","c__seed_challenges":"high_cost","c__traditional_seed_knowledge":"no","c__soil_enhancers":"chemical","c__chem_fertilizer_reliance":"partial","c__pest_control":"chemical","c__pesticide_reliance":"partial","c__marketing_challenges":"low_prices","c__logistics_challenges":"high_transport_cost","c__climate_change_noticed":"yes","c__climate_changes":"temperature_rise","c__climate_impacts":"production_decrease","c__info_sources":"extension_agents","c__raises_poultry":"yes","c__poultry_purpose":"home_consumption","c__farmer_type":"type_b","c__low_input_practices":"yes","values":{"owns_land":"yes","land_size_band":"lt_1_ha","soil_types":["sandy"],"crop_groups":["citrus","tropical_fruits"],"water_sources":["river","canal"],"water_availability":"sometimes","water_scarcity":"yes","irrigation_need_change":"decrease","energy_sources":["manual","diesel"],"production_level":"medium","coop_member":"no","homes_trad_food":"most","seed_criteria":["price","productivity","pest_resistance"],"seed_sources":["shop"],"seed_challenges":["high_cost","unsuitable"],"traditional_seed_knowledge":"no","soil_enhancers":["chemical","manure"],"chem_fertilizer_reliance":"partial","pest_control":["chemical"],"pesticide_reliance":"partial","marketing_challenges":["low_prices","weak_demand","far_markets","no_transport"],"logistics_challenges":["high_transport_cost"],"climate_change_noticed":"yes","climate_changes":["temperature_rise","rainfall_decrease","heatwaves"],"climate_impacts":["production_decrease","season_delay","pests_diseases","pollination"],"info_sources":["extension_agents","supply_shops"],"raises_poultry":"yes","poultry_purpose":["home_consumption"],"farmer_type":"type_b","low_input_practices":"yes"},"status":{"owns_land":"reported","land_size_band":"reported","soil_types":"reported","crop_groups":"reported","water_sources":"reported","water_availability":"reported","water_scarcity":"reported","irrigation_need_change":"reported","energy_sources":"reported","production_level":"reported","coop_member":"reported","homes_trad_food":"reported","seed_criteria":"reported","seed_sources":"reported","seed_challenges":"reported","traditional_seed_knowledge":"reported","soil_enhancers":"reported","chem_fertilizer_reliance":"reported","pest_control":"reported","pesticide_reliance":"reported","marketing_challenges":"reported","logistics_challenges":"reported","climate_change_noticed":"reported","climate_changes":"reported","climate_impacts":"reported","info_sources":"reported","raises_poultry":"reported","poultry_purpose":"reported","farmer_type":"reported","low_input_practices":"reported"}}},{"type":"Feature","id":"CH-C5YFC4:chouf_2026","geometry":{"type":"Point","coordinates":[35.58849,33.67896]},"properties":{"entity_type":"survey_respondent_public","respondent_id":"CH-C5YFC4","instrument":"chouf_2026","area_name_en":"Semqaniyeh","area_name_ar":"سمقانية","district_en":"Chouf","district_ar":"الشوف","location_basis":"residence_village","geom_origin":"osm_settlement_point","spatial_precision":"locality","anchor":[35.58849,33.67896],"display_offset_m":0,"c__owns_land":"yes","c__land_size_band":"lt_1_ha","c__soil_types":"loamy","c__crop_groups":"vegetables","c__water_sources":"canal","c__water_availability":"sometimes","c__water_scarcity":"yes","c__irrigation_need_change":"decrease","c__energy_sources":"grid","c__production_level":"medium","c__coop_member":"no","c__homes_trad_food":"most","c__seed_criteria":"productivity","c__seed_sources":"neighbour","c__seed_challenges":"high_cost","c__traditional_seed_knowledge":"no","c__soil_enhancers":"manure","c__chem_fertilizer_reliance":"partial","c__pest_control":"chemical","c__pesticide_reliance":"total","c__marketing_challenges":"low_prices","c__logistics_challenges":"high_transport_cost","c__climate_change_noticed":"yes","c__climate_changes":"temperature_rise","c__climate_impacts":"production_decrease","c__info_sources":"extension_agents","c__raises_poultry":"no","c__farmer_type":"type_a","c__low_input_practices":"yes","values":{"owns_land":"yes","land_size_band":"lt_1_ha","soil_types":["loamy"],"crop_groups":["vegetables","legumes"],"water_sources":["canal"],"water_availability":"sometimes","water_scarcity":"yes","irrigation_need_change":"decrease","energy_sources":["grid","diesel"],"production_level":"medium","coop_member":"no","homes_trad_food":"most","seed_criteria":["productivity","pest_resistance"],"seed_sources":["neighbour","own_harvest"],"seed_challenges":["high_cost","low_availability","unreliable_suppliers"],"traditional_seed_knowledge":"no","soil_enhancers":["manure"],"chem_fertilizer_reliance":"partial","pest_control":["chemical"],"pesticide_reliance":"total","marketing_challenges":["low_prices","far_markets"],"logistics_challenges":["high_transport_cost"],"climate_change_noticed":"yes","climate_changes":["temperature_rise","rainfall_decrease","heatwaves"],"climate_impacts":["production_decrease","season_delay","pests_diseases","pollination"],"info_sources":["extension_agents","supply_shops"],"raises_poultry":"no","poultry_purpose":null,"farmer_type":"type_a","low_input_practices":"yes"},"status":{"owns_land":"reported","land_size_band":"reported","soil_types":"reported","crop_groups":"reported","water_sources":"reported","water_availability":"reported","water_scarcity":"reported","irrigation_need_change":"reported","energy_sources":"reported","production_level":"reported","coop_member":"reported","homes_trad_food":"reported","seed_criteria":"reported","seed_sources":"reported","seed_challenges":"reported","traditional_seed_knowledge":"reported","soil_enhancers":"reported","chem_fertilizer_reliance":"reported","pest_control":"reported","pesticide_reliance":"reported","marketing_challenges":"reported","logistics_challenges":"reported","climate_change_noticed":"reported","climate_changes":"reported","climate_impacts":"reported","info_sources":"reported","raises_poultry":"reported","poultry_purpose":"not_applicable","farmer_type":"reported","low_input_practices":"reported"}}},{"type":"Feature","id":"CH-CA44ZE:chouf_2026","geometry":{"type":"Point","coordinates":[35.67995,33.70395]},"properties":{"entity_type":"survey_respondent_public","respondent_id":"CH-CA44ZE","instrument":"chouf_2026","area_name_en":"Barouk","area_name_ar":"الباروك","district_en":"Chouf","district_ar":"الشوف","location_basis":"residence_village","geom_origin":"osm_settlement_point","spatial_precision":"locality","anchor":[35.68119,33.70411],"display_offset_m":117,"c__owns_land":"yes","c__land_size_band":"gt_1_ha","c__soil_types":"clay","c__crop_groups":"apples_pears","c__water_sources":"well","c__water_availability":"rarely","c__water_scarcity":"yes","c__irrigation_need_change":"no_change","c__energy_sources":"grid","c__production_level":"large","c__coop_member":"no","c__homes_trad_food":"some","c__seed_criteria":"pest_resistance","c__seed_sources":"own_harvest","c__seed_challenges":"none","c__traditional_seed_knowledge":"yes","c__soil_enhancers":"compost","c__chem_fertilizer_reliance":"not_used","c__pest_control":"biological","c__pesticide_reliance":"partial","c__marketing_challenges":"low_prices","c__logistics_challenges":"high_transport_cost","c__climate_change_noticed":"yes","c__climate_changes":"temperature_rise","c__climate_impacts":"production_decrease","c__info_sources":"social_media","c__raises_poultry":"yes","c__poultry_purpose":"home_consumption","c__farmer_type":"type_c","c__low_input_practices":"yes","values":{"owns_land":"yes","land_size_band":"gt_1_ha","soil_types":["clay","sandy"],"crop_groups":["apples_pears","vegetables"],"water_sources":["well","canal"],"water_availability":"rarely","water_scarcity":"yes","irrigation_need_change":"no_change","energy_sources":["grid","diesel","solar"],"production_level":"large","coop_member":"no","homes_trad_food":"some","seed_criteria":["pest_resistance"],"seed_sources":["own_harvest"],"seed_challenges":["none"],"traditional_seed_knowledge":"yes","soil_enhancers":["compost","manure"],"chem_fertilizer_reliance":"not_used","pest_control":["biological"],"pesticide_reliance":"partial","marketing_challenges":["low_prices","weak_demand","far_markets"],"logistics_challenges":["high_transport_cost"],"climate_change_noticed":"yes","climate_changes":["temperature_rise","rainfall_decrease","heatwaves","frost"],"climate_impacts":["production_decrease","season_delay","pests_diseases","pollination"],"info_sources":["social_media","extension_agents"],"raises_poultry":"yes","poultry_purpose":["home_consumption","gifts"],"farmer_type":"type_c","low_input_practices":"yes"},"status":{"owns_land":"reported","land_size_band":"reported","soil_types":"reported","crop_groups":"reported","water_sources":"reported","water_availability":"reported","water_scarcity":"reported","irrigation_need_change":"reported","energy_sources":"reported","production_level":"reported","coop_member":"reported","homes_trad_food":"reported","seed_criteria":"reported","seed_sources":"reported","seed_challenges":"reported","traditional_seed_knowledge":"reported","soil_enhancers":"reported","chem_fertilizer_reliance":"reported","pest_control":"reported","pesticide_reliance":"reported","marketing_challenges":"reported","logistics_challenges":"reported","climate_change_noticed":"reported","climate_changes":"reported","climate_impacts":"reported","info_sources":"reported","raises_poultry":"reported","poultry_purpose":"reported","farmer_type":"reported","low_input_practices":"reported"}}},{"type":"Feature","id":"CH-CF5JMC:chouf_2026","geometry":{"type":"Point","coordinates":[35.62584,33.6781]},"properties":{"entity_type":"survey_respondent_public","respondent_id":"CH-CF5JMC","instrument":"chouf_2026","area_name_en":"Aain Ouzain","area_name_ar":"عين وزين","district_en":"Chouf","district_ar":"الشوف","location_basis":"residence_village","geom_origin":"osm_settlement_point","spatial_precision":"locality","anchor":[35.62578,33.67888],"display_offset_m":87,"c__owns_land":"yes","c__land_size_band":"lt_1_ha","c__soil_types":"clay","c__crop_groups":"vegetables","c__water_sources":"tanker","c__water_availability":"sometimes","c__water_scarcity":"yes","c__irrigation_need_change":"increase","c__energy_sources":"manual","c__production_level":"medium","c__coop_member":"no","c__homes_trad_food":"most","c__seed_criteria":"price","c__seed_sources":"own_harvest","c__seed_challenges":"none","c__traditional_seed_knowledge":"no","c__soil_enhancers":"compost","c__chem_fertilizer_reliance":"partial","c__pest_control":"local","c__pesticide_reliance":"partial","c__marketing_challenges":"far_markets","c__logistics_challenges":"high_transport_cost","c__climate_change_noticed":"yes","c__climate_changes":"rainfall_decrease","c__climate_impacts":"season_delay","c__info_sources":"extension_agents","c__raises_poultry":"no","c__farmer_type":"type_b","c__low_input_practices":"yes","values":{"owns_land":"yes","land_size_band":"lt_1_ha","soil_types":["clay"],"crop_groups":["vegetables"],"water_sources":["tanker","storage"],"water_availability":"sometimes","water_scarcity":"yes","irrigation_need_change":"increase","energy_sources":["manual"],"production_level":"medium","coop_member":"no","homes_trad_food":"most","seed_criteria":["price","productivity","pest_resistance"],"seed_sources":["own_harvest"],"seed_challenges":["none"],"traditional_seed_knowledge":"no","soil_enhancers":["compost"],"chem_fertilizer_reliance":"partial","pest_control":["local"],"pesticide_reliance":"partial","marketing_challenges":["far_markets"],"logistics_challenges":["high_transport_cost"],"climate_change_noticed":"yes","climate_changes":["rainfall_decrease"],"climate_impacts":["season_delay"],"info_sources":["extension_agents"],"raises_poultry":"no","poultry_purpose":null,"farmer_type":"type_b","low_input_practices":"yes"},"status":{"owns_land":"reported","land_size_band":"reported","soil_types":"reported","crop_groups":"reported","water_sources":"reported","water_availability":"reported","water_scarcity":"reported","irrigation_need_change":"reported","energy_sources":"reported","production_level":"reported","coop_member":"reported","homes_trad_food":"reported","seed_criteria":"reported","seed_sources":"reported","seed_challenges":"reported","traditional_seed_knowledge":"reported","soil_enhancers":"reported","chem_fertilizer_reliance":"reported","pest_control":"reported","pesticide_reliance":"reported","marketing_challenges":"reported","logistics_challenges":"reported","climate_change_noticed":"reported","climate_changes":"reported","climate_impacts":"reported","info_sources":"reported","raises_poultry":"reported","poultry_purpose":"not_applicable","farmer_type":"reported","low_input_practices":"reported"}}},{"type":"Feature","id":"CH-CQYF6K:chouf_2026","geometry":{"type":"Point","coordinates":[35.64735,33.62248]},"properties":{"entity_type":"survey_respondent_public","respondent_id":"CH-CQYF6K","instrument":"chouf_2026","area_name_en":"Mristi","area_name_ar":"مرستى","district_en":"Chouf","district_ar":"الشوف","location_basis":"residence_village","geom_origin":"osm_settlement_point","spatial_precision":"locality","anchor":[35.64859,33.62264],"display_offset_m":117,"c__owns_land":"yes","c__land_size_band":"lt_1_ha","c__soil_types":"clay","c__crop_groups":"apples_pears","c__water_sources":"tanker","c__water_availability":"never","c__water_scarcity":"yes","c__irrigation_need_change":"increase","c__energy_sources":"manual","c__production_level":"small","c__coop_member":"no","c__homes_trad_food":"almost_all","c__seed_criteria":"price","c__seed_sources":"shop","c__seed_challenges":"high_cost","c__traditional_seed_knowledge":"no","c__soil_enhancers":"chemical","c__chem_fertilizer_reliance":"partial","c__pest_control":"chemical","c__pesticide_reliance":"total","c__marketing_challenges":"low_prices","c__logistics_challenges":"high_transport_cost","c__climate_change_noticed":"yes","c__climate_changes":"temperature_rise","c__climate_impacts":"production_decrease","c__info_sources":"social_media","c__raises_poultry":"no","c__farmer_type":"type_b","c__low_input_practices":"yes","values":{"owns_land":"yes","land_size_band":"lt_1_ha","soil_types":["clay","calcareous"],"crop_groups":["apples_pears","stone_fruits"],"water_sources":["tanker","storage"],"water_availability":"never","water_scarcity":"yes","irrigation_need_change":"increase","energy_sources":["manual","diesel"],"production_level":"small","coop_member":"no","homes_trad_food":"almost_all","seed_criteria":["price","productivity"],"seed_sources":["shop","neighbour","association","own_harvest"],"seed_challenges":["high_cost","low_availability","unreliable_suppliers"],"traditional_seed_knowledge":"no","soil_enhancers":["chemical","compost","manure"],"chem_fertilizer_reliance":"partial","pest_control":["chemical"],"pesticide_reliance":"total","marketing_challenges":["low_prices","weak_demand"],"logistics_challenges":["high_transport_cost"],"climate_change_noticed":"yes","climate_changes":["temperature_rise","rainfall_decrease","heatwaves"],"climate_impacts":["production_decrease","pests_diseases"],"info_sources":["social_media","supply_shops"],"raises_poultry":"no","poultry_purpose":null,"farmer_type":"type_b","low_input_practices":"yes"},"status":{"owns_land":"reported","land_size_band":"reported","soil_types":"reported","crop_groups":"reported","water_sources":"reported","water_availability":"reported","water_scarcity":"reported","irrigation_need_change":"reported","energy_sources":"reported","production_level":"reported","coop_member":"reported","homes_trad_food":"reported","seed_criteria":"reported","seed_sources":"reported","seed_challenges":"reported","traditional_seed_knowledge":"reported","soil_enhancers":"reported","chem_fertilizer_reliance":"reported","pest_control":"reported","pesticide_reliance":"reported","marketing_challenges":"reported","logistics_challenges":"reported","climate_change_noticed":"reported","climate_changes":"reported","climate_impacts":"reported","info_sources":"reported","raises_poultry":"reported","poultry_purpose":"not_applicable","farmer_type":"reported","low_input_practices":"reported"}}},{"type":"Feature","id":"CH-CT4X6Q:chouf_2026","geometry":{"type":"Point","coordinates":[35.56826,33.66463]},"properties":{"entity_type":"survey_respondent_public","respondent_id":"CH-CT4X6Q","instrument":"chouf_2026","area_name_en":"Aathrine","area_name_ar":"عترين","district_en":"Chouf","district_ar":"الشوف","location_basis":"residence_village","geom_origin":"osm_settlement_point","spatial_precision":"locality","anchor":[35.56826,33.66463],"display_offset_m":0,"c__owns_land":"yes","c__land_size_band":"lt_5_dunum","c__soil_types":"clay","c__crop_groups":"vegetables","c__water_sources":"tanker","c__water_availability":"rarely","c__water_scarcity":"yes","c__irrigation_need_change":"increase","c__energy_sources":"diesel","c__production_level":"medium","c__coop_member":"no","c__homes_trad_food":"few","c__seed_criteria":"productivity","c__seed_sources":"shop","c__seed_challenges":"low_availability","c__traditional_seed_knowledge":"no","c__soil_enhancers":"compost","c__chem_fertilizer_reliance":"not_used","c__pest_control":"biological","c__pesticide_reliance":"not_used","c__marketing_challenges":"low_prices","c__logistics_challenges":"high_transport_cost","c__climate_change_noticed":"yes","c__climate_changes":"temperature_rise","c__climate_impacts":"production_decrease","c__info_sources":"social_media","c__raises_poultry":"no","c__farmer_type":"type_c","c__low_input_practices":"yes","values":{"owns_land":"yes","land_size_band":"lt_5_dunum","soil_types":["clay"],"crop_groups":["vegetables"],"water_sources":["tanker","storage"],"water_availability":"rarely","water_scarcity":"yes","irrigation_need_change":"increase","energy_sources":["diesel"],"production_level":"medium","coop_member":"no","homes_trad_food":"few","seed_criteria":["productivity","pest_resistance"],"seed_sources":["shop"],"seed_challenges":["low_availability","unsuitable"],"traditional_seed_knowledge":"no","soil_enhancers":["compost","manure"],"chem_fertilizer_reliance":"not_used","pest_control":["biological"],"pesticide_reliance":"not_used","marketing_challenges":["low_prices","weak_demand"],"logistics_challenges":["high_transport_cost","no_transport"],"climate_change_noticed":"yes","climate_changes":["temperature_rise","rainfall_decrease"],"climate_impacts":["production_decrease","pests_diseases"],"info_sources":["social_media","extension_agents"],"raises_poultry":"no","poultry_purpose":null,"farmer_type":"type_c","low_input_practices":"yes"},"status":{"owns_land":"reported","land_size_band":"reported","soil_types":"reported","crop_groups":"reported","water_sources":"reported","water_availability":"reported","water_scarcity":"reported","irrigation_need_change":"reported","energy_sources":"reported","production_level":"reported","coop_member":"reported","homes_trad_food":"reported","seed_criteria":"reported","seed_sources":"reported","seed_challenges":"reported","traditional_seed_knowledge":"reported","soil_enhancers":"reported","chem_fertilizer_reliance":"reported","pest_control":"reported","pesticide_reliance":"reported","marketing_challenges":"reported","logistics_challenges":"reported","climate_change_noticed":"reported","climate_changes":"reported","climate_impacts":"reported","info_sources":"reported","raises_poultry":"reported","poultry_purpose":"not_applicable","farmer_type":"reported","low_input_practices":"reported"}}},{"type":"Feature","id":"CH-CVB82G:chouf_2026","geometry":{"type":"Point","coordinates":[35.65097,33.69534]},"properties":{"entity_type":"survey_respondent_public","respondent_id":"CH-CVB82G","instrument":"chouf_2026","area_name_en":"Batloun","area_name_ar":"بتلون","district_en":"Chouf","district_ar":"الشوف","location_basis":"residence_village","geom_origin":"osm_settlement_point","spatial_precision":"locality","anchor":[35.65221,33.6955],"display_offset_m":117,"c__owns_land":"yes","c__land_size_band":"lt_5_dunum","c__soil_types":"loamy","c__crop_groups":"apples_pears","c__water_sources":"river","c__water_availability":"always","c__water_scarcity":"no","c__irrigation_need_change":"increase","c__energy_sources":"grid","c__production_level":"small","c__coop_member":"no","c__homes_trad_food":"few","c__seed_criteria":"price","c__seed_sources":"neighbour","c__seed_challenges":"unreliable_suppliers","c__traditional_seed_knowledge":"yes","c__soil_enhancers":"chemical","c__chem_fertilizer_reliance":"partial","c__pest_control":"chemical","c__pesticide_reliance":"partial","c__marketing_challenges":"low_prices","c__logistics_challenges":"high_transport_cost","c__climate_change_noticed":"yes","c__climate_changes":"temperature_rise","c__climate_impacts":"production_decrease","c__info_sources":"social_media","c__raises_poultry":"no","c__farmer_type":"type_b","c__low_input_practices":"yes","values":{"owns_land":"yes","land_size_band":"lt_5_dunum","soil_types":["loamy"],"crop_groups":["apples_pears","stone_fruits"],"water_sources":["river"],"water_availability":"always","water_scarcity":"no","irrigation_need_change":"increase","energy_sources":["grid"],"production_level":"small","coop_member":"no","homes_trad_food":"few","seed_criteria":["price","productivity"],"seed_sources":["neighbour","own_harvest"],"seed_challenges":["unreliable_suppliers","unsuitable"],"traditional_seed_knowledge":"yes","soil_enhancers":["chemical","manure"],"chem_fertilizer_reliance":"partial","pest_control":["chemical","biological","local"],"pesticide_reliance":"partial","marketing_challenges":["low_prices","weak_demand"],"logistics_challenges":["high_transport_cost","no_paved_roads"],"climate_change_noticed":"yes","climate_changes":["temperature_rise","rainfall_decrease","heatwaves"],"climate_impacts":["production_decrease"],"info_sources":["social_media","extension_agents"],"raises_poultry":"no","poultry_purpose":null,"farmer_type":"type_b","low_input_practices":"yes"},"status":{"owns_land":"reported","land_size_band":"reported","soil_types":"reported","crop_groups":"reported","water_sources":"reported","water_availability":"reported","water_scarcity":"reported","irrigation_need_change":"reported","energy_sources":"reported","production_level":"reported","coop_member":"reported","homes_trad_food":"reported","seed_criteria":"reported","seed_sources":"reported","seed_challenges":"reported","traditional_seed_knowledge":"reported","soil_enhancers":"reported","chem_fertilizer_reliance":"reported","pest_control":"reported","pesticide_reliance":"reported","marketing_challenges":"reported","logistics_challenges":"reported","climate_change_noticed":"reported","climate_changes":"reported","climate_impacts":"reported","info_sources":"reported","raises_poultry":"reported","poultry_purpose":"not_applicable","farmer_type":"reported","low_input_practices":"reported"}}},{"type":"Feature","id":"CH-D8N48L:chouf_2026","geometry":{"type":"Point","coordinates":[35.56397,33.67738]},"properties":{"entity_type":"survey_respondent_public","respondent_id":"CH-D8N48L","instrument":"chouf_2026","area_name_en":"Baaqline","area_name_ar":"بعقلين","district_en":"Chouf","district_ar":"الشوف","location_basis":"residence_village","geom_origin":"osm_settlement_point","spatial_precision":"locality","anchor":[35.56355,33.67739],"display_offset_m":39,"c__owns_land":"yes","c__land_size_band":"lt_5_dunum","c__soil_types":"acidic","c__crop_groups":"vegetables","c__water_sources":"public_network","c__water_availability":"always","c__water_scarcity":"yes","c__irrigation_need_change":"no_change","c__energy_sources":"none","c__production_level":"large","c__coop_member":"no","c__homes_trad_food":"most","c__seed_criteria":"productivity","c__seed_sources":"shop","c__seed_challenges":"none","c__traditional_seed_knowledge":"yes","c__soil_enhancers":"compost","c__chem_fertilizer_reliance":"partial","c__pest_control":"chemical","c__pesticide_reliance":"partial","c__climate_change_noticed":"yes","c__climate_changes":"temperature_rise","c__climate_impacts":"season_delay","c__info_sources":"extension_agents","c__raises_poultry":"no","c__farmer_type":"type_b","c__low_input_practices":"yes","values":{"owns_land":"yes","land_size_band":"lt_5_dunum","soil_types":["acidic"],"crop_groups":["vegetables"],"water_sources":["public_network"],"water_availability":"always","water_scarcity":"yes","irrigation_need_change":"no_change","energy_sources":["none"],"production_level":"large","coop_member":"no","homes_trad_food":"most","seed_criteria":["productivity","pest_resistance"],"seed_sources":["shop"],"seed_challenges":["none"],"traditional_seed_knowledge":"yes","soil_enhancers":["compost","biofertilizer","manure"],"chem_fertilizer_reliance":"partial","pest_control":["chemical"],"pesticide_reliance":"partial","marketing_challenges":null,"logistics_challenges":null,"climate_change_noticed":"yes","climate_changes":["temperature_rise","rainfall_decrease"],"climate_impacts":["season_delay"],"info_sources":["extension_agents"],"raises_poultry":"no","poultry_purpose":null,"farmer_type":"type_b","low_input_practices":"yes"},"status":{"owns_land":"reported","land_size_band":"reported","soil_types":"reported","crop_groups":"reported","water_sources":"reported","water_availability":"reported","water_scarcity":"reported","irrigation_need_change":"reported","energy_sources":"reported","production_level":"reported","coop_member":"reported","homes_trad_food":"reported","seed_criteria":"reported","seed_sources":"reported","seed_challenges":"reported","traditional_seed_knowledge":"reported","soil_enhancers":"reported","chem_fertilizer_reliance":"reported","pest_control":"reported","pesticide_reliance":"reported","marketing_challenges":"not_provided","logistics_challenges":"not_provided","climate_change_noticed":"reported","climate_changes":"reported","climate_impacts":"reported","info_sources":"reported","raises_poultry":"reported","poultry_purpose":"not_applicable","farmer_type":"reported","low_input_practices":"reported"}}},{"type":"Feature","id":"CH-DB2T23:chouf_2026","geometry":{"type":"Point","coordinates":[35.64974,33.62199]},"properties":{"entity_type":"survey_respondent_public","respondent_id":"CH-DB2T23","instrument":"chouf_2026","area_name_en":"Mristi","area_name_ar":"مرستى","district_en":"Chouf","district_ar":"الشوف","location_basis":"residence_village","geom_origin":"osm_settlement_point","spatial_precision":"locality","anchor":[35.64859,33.62264],"display_offset_m":129,"c__owns_land":"yes","c__land_size_band":"lt_1_ha","c__soil_types":"clay","c__crop_groups":"apples_pears","c__water_sources":"rain","c__water_availability":"sometimes","c__water_scarcity":"yes","c__irrigation_need_change":"increase","c__energy_sources":"manual","c__production_level":"medium","c__coop_member":"no","c__homes_trad_food":"some","c__seed_criteria":"price","c__seed_sources":"association","c__seed_challenges":"high_cost","c__traditional_seed_knowledge":"no","c__soil_enhancers":"compost","c__chem_fertilizer_reliance":"partial","c__pest_control":"chemical","c__pesticide_reliance":"total","c__marketing_challenges":"low_prices","c__logistics_challenges":"high_transport_cost","c__climate_change_noticed":"yes","c__climate_changes":"temperature_rise","c__climate_impacts":"production_decrease","c__info_sources":"supply_shops","c__raises_poultry":"no","c__farmer_type":"type_b","c__low_input_practices":"yes","values":{"owns_land":"yes","land_size_band":"lt_1_ha","soil_types":["clay","calcareous"],"crop_groups":["apples_pears","stone_fruits","vegetables"],"water_sources":["rain","canal"],"water_availability":"sometimes","water_scarcity":"yes","irrigation_need_change":"increase","energy_sources":["manual","diesel"],"production_level":"medium","coop_member":"no","homes_trad_food":"some","seed_criteria":["price"],"seed_sources":["association","own_harvest"],"seed_challenges":["high_cost","low_availability","unreliable_suppliers"],"traditional_seed_knowledge":"no","soil_enhancers":["compost","biofertilizer","manure"],"chem_fertilizer_reliance":"partial","pest_control":["chemical"],"pesticide_reliance":"total","marketing_challenges":["low_prices","weak_demand","far_markets","no_transport","poor_packaging"],"logistics_challenges":["high_transport_cost","no_transport"],"climate_change_noticed":"yes","climate_changes":["temperature_rise","rainfall_decrease","heatwaves"],"climate_impacts":["production_decrease","season_delay","pests_diseases","pollination"],"info_sources":["supply_shops"],"raises_poultry":"no","poultry_purpose":null,"farmer_type":"type_b","low_input_practices":"yes"},"status":{"owns_land":"reported","land_size_band":"reported","soil_types":"reported","crop_groups":"reported","water_sources":"reported","water_availability":"reported","water_scarcity":"reported","irrigation_need_change":"reported","energy_sources":"reported","production_level":"reported","coop_member":"reported","homes_trad_food":"reported","seed_criteria":"reported","seed_sources":"reported","seed_challenges":"reported","traditional_seed_knowledge":"reported","soil_enhancers":"reported","chem_fertilizer_reliance":"reported","pest_control":"reported","pesticide_reliance":"reported","marketing_challenges":"reported","logistics_challenges":"reported","climate_change_noticed":"reported","climate_changes":"reported","climate_impacts":"reported","info_sources":"reported","raises_poultry":"reported","poultry_purpose":"not_applicable","farmer_type":"reported","low_input_practices":"reported"}}},{"type":"Feature","id":"CH-DELKRX:chouf_2026","geometry":{"type":"Point","coordinates":[35.6078,33.64319]},"properties":{"entity_type":"survey_respondent_public","respondent_id":"CH-DELKRX","instrument":"chouf_2026","area_name_en":"Aammatour","area_name_ar":"عمّاطور","district_en":"Chouf","district_ar":"الشوف","location_basis":"residence_village","geom_origin":"osm_settlement_point","spatial_precision":"locality","anchor":[35.60832,33.64277],"display_offset_m":67,"c__owns_land":"yes","c__land_size_band":"lt_5_dunum","c__soil_types":"clay","c__crop_groups":"vegetables","c__water_sources":"canal","c__water_availability":"sometimes","c__water_scarcity":"yes","c__irrigation_need_change":"increase","c__energy_sources":"manual","c__production_level":"medium","c__coop_member":"no","c__homes_trad_food":"most","c__seed_criteria":"productivity","c__seed_sources":"shop","c__seed_challenges":"high_cost","c__traditional_seed_knowledge":"yes","c__soil_enhancers":"biofertilizer","c__chem_fertilizer_reliance":"not_used","c__pest_control":"chemical","c__pesticide_reliance":"partial","c__marketing_challenges":"weak_demand","c__logistics_challenges":"high_transport_cost","c__climate_change_noticed":"yes","c__climate_changes":"temperature_rise","c__climate_impacts":"production_decrease","c__info_sources":"social_media","c__raises_poultry":"yes","c__poultry_purpose":"home_consumption","c__farmer_type":"type_c","c__low_input_practices":"yes","values":{"owns_land":"yes","land_size_band":"lt_5_dunum","soil_types":["clay"],"crop_groups":["vegetables","legumes"],"water_sources":["canal"],"water_availability":"sometimes","water_scarcity":"yes","irrigation_need_change":"increase","energy_sources":["manual"],"production_level":"medium","coop_member":"no","homes_trad_food":"most","seed_criteria":["productivity"],"seed_sources":["shop","own_harvest"],"seed_challenges":["high_cost"],"traditional_seed_knowledge":"yes","soil_enhancers":["biofertilizer","manure"],"chem_fertilizer_reliance":"not_used","pest_control":["chemical","biological"],"pesticide_reliance":"partial","marketing_challenges":["weak_demand"],"logistics_challenges":["high_transport_cost"],"climate_change_noticed":"yes","climate_changes":["temperature_rise","rainfall_decrease","heatwaves"],"climate_impacts":["production_decrease","pests_diseases"],"info_sources":["social_media","extension_agents","supply_shops"],"raises_poultry":"yes","poultry_purpose":["home_consumption","local_sale"],"farmer_type":"type_c","low_input_practices":"yes"},"status":{"owns_land":"reported","land_size_band":"reported","soil_types":"reported","crop_groups":"reported","water_sources":"reported","water_availability":"reported","water_scarcity":"reported","irrigation_need_change":"reported","energy_sources":"reported","production_level":"reported","coop_member":"reported","homes_trad_food":"reported","seed_criteria":"reported","seed_sources":"reported","seed_challenges":"reported","traditional_seed_knowledge":"reported","soil_enhancers":"reported","chem_fertilizer_reliance":"reported","pest_control":"reported","pesticide_reliance":"reported","marketing_challenges":"reported","logistics_challenges":"reported","climate_change_noticed":"reported","climate_changes":"reported","climate_impacts":"reported","info_sources":"reported","raises_poultry":"reported","poultry_purpose":"reported","farmer_type":"reported","low_input_practices":"reported"}}},{"type":"Feature","id":"CH-E5NPTN:chouf_2026","geometry":{"type":"Point","coordinates":[35.59043,33.64899]},"properties":{"entity_type":"survey_respondent_public","respondent_id":"CH-E5NPTN","instrument":"chouf_2026","area_name_en":"Kahlouniet Ech-Chouf","area_name_ar":"كحلونية الشوف","district_en":"Chouf","district_ar":"الشوف","location_basis":"residence_village","geom_origin":"osm_settlement_point","spatial_precision":"locality","anchor":[35.59037,33.64977],"display_offset_m":87,"c__owns_land":"yes","c__land_size_band":"lt_1_ha","c__soil_types":"clay","c__crop_groups":"olives","c__water_sources":"rain","c__water_availability":"never","c__water_scarcity":"yes","c__irrigation_need_change":"decrease","c__energy_sources":"manual","c__production_level":"small","c__coop_member":"no","c__homes_trad_food":"some","c__seed_criteria":"productivity","c__seed_sources":"shop","c__seed_challenges":"unreliable_suppliers","c__traditional_seed_knowledge":"no","c__soil_enhancers":"biofertilizer","c__chem_fertilizer_reliance":"partial","c__pest_control":"chemical","c__pesticide_reliance":"partial","c__marketing_challenges":"low_prices","c__logistics_challenges":"no_paved_roads","c__climate_change_noticed":"yes","c__climate_changes":"temperature_rise","c__climate_impacts":"production_decrease","c__info_sources":"social_media","c__raises_poultry":"no","c__farmer_type":"type_d","c__low_input_practices":"yes","values":{"owns_land":"yes","land_size_band":"lt_1_ha","soil_types":["clay"],"crop_groups":["olives","herbs"],"water_sources":["rain","tanker","storage"],"water_availability":"never","water_scarcity":"yes","irrigation_need_change":"decrease","energy_sources":["manual"],"production_level":"small","coop_member":"no","homes_trad_food":"some","seed_criteria":["productivity"],"seed_sources":["shop"],"seed_challenges":["unreliable_suppliers"],"traditional_seed_knowledge":"no","soil_enhancers":["biofertilizer"],"chem_fertilizer_reliance":"partial","pest_control":["chemical"],"pesticide_reliance":"partial","marketing_challenges":["low_prices","weak_demand"],"logistics_challenges":["no_paved_roads"],"climate_change_noticed":"yes","climate_changes":["temperature_rise","rainfall_decrease"],"climate_impacts":["production_decrease","season_delay"],"info_sources":["social_media"],"raises_poultry":"no","poultry_purpose":null,"farmer_type":"type_d","low_input_practices":"yes"},"status":{"owns_land":"reported","land_size_band":"reported","soil_types":"reported","crop_groups":"reported","water_sources":"reported","water_availability":"reported","water_scarcity":"reported","irrigation_need_change":"reported","energy_sources":"reported","production_level":"reported","coop_member":"reported","homes_trad_food":"reported","seed_criteria":"reported","seed_sources":"reported","seed_challenges":"reported","traditional_seed_knowledge":"reported","soil_enhancers":"reported","chem_fertilizer_reliance":"reported","pest_control":"reported","pesticide_reliance":"reported","marketing_challenges":"reported","logistics_challenges":"reported","climate_change_noticed":"reported","climate_changes":"reported","climate_impacts":"reported","info_sources":"reported","raises_poultry":"reported","poultry_purpose":"not_applicable","farmer_type":"reported","low_input_practices":"reported"}}},{"type":"Feature","id":"CH-EELAVD:chouf_2026","geometry":{"type":"Point","coordinates":[35.62648,33.6796]},"properties":{"entity_type":"survey_respondent_public","respondent_id":"CH-EELAVD","instrument":"chouf_2026","area_name_en":"Aain Ouzain","area_name_ar":"عين وزين","district_en":"Chouf","district_ar":"الشوف","location_basis":"residence_village","geom_origin":"osm_settlement_point","spatial_precision":"locality","anchor":[35.62578,33.67888],"display_offset_m":103,"c__owns_land":"yes","c__land_size_band":"lt_5_dunum","c__soil_types":"loamy","c__crop_groups":"vegetables","c__water_sources":"rain","c__water_availability":"sometimes","c__water_scarcity":"yes","c__irrigation_need_change":"increase","c__energy_sources":"manual","c__production_level":"medium","c__coop_member":"no","c__homes_trad_food":"most","c__seed_criteria":"productivity","c__seed_sources":"shop","c__seed_challenges":"high_cost","c__traditional_seed_knowledge":"no","c__soil_enhancers":"compost","c__chem_fertilizer_reliance":"partial","c__pest_control":"biological","c__pesticide_reliance":"not_used","c__marketing_challenges":"low_prices","c__logistics_challenges":"high_transport_cost","c__climate_change_noticed":"yes","c__climate_changes":"temperature_rise","c__climate_impacts":"production_decrease","c__info_sources":"social_media","c__raises_poultry":"no","c__farmer_type":"type_c","c__low_input_practices":"yes","values":{"owns_land":"yes","land_size_band":"lt_5_dunum","soil_types":["loamy"],"crop_groups":["vegetables"],"water_sources":["rain","canal"],"water_availability":"sometimes","water_scarcity":"yes","irrigation_need_change":"increase","energy_sources":["manual"],"production_level":"medium","coop_member":"no","homes_trad_food":"most","seed_criteria":["productivity","pest_resistance"],"seed_sources":["shop"],"seed_challenges":["high_cost","unreliable_suppliers"],"traditional_seed_knowledge":"no","soil_enhancers":["compost","manure"],"chem_fertilizer_reliance":"partial","pest_control":["biological"],"pesticide_reliance":"not_used","marketing_challenges":["low_prices","far_markets","no_transport"],"logistics_challenges":["high_transport_cost","no_transport"],"climate_change_noticed":"yes","climate_changes":["temperature_rise","rainfall_decrease","frost"],"climate_impacts":["production_decrease","season_delay"],"info_sources":["social_media","extension_agents"],"raises_poultry":"no","poultry_purpose":null,"farmer_type":"type_c","low_input_practices":"yes"},"status":{"owns_land":"reported","land_size_band":"reported","soil_types":"reported","crop_groups":"reported","water_sources":"reported","water_availability":"reported","water_scarcity":"reported","irrigation_need_change":"reported","energy_sources":"reported","production_level":"reported","coop_member":"reported","homes_trad_food":"reported","seed_criteria":"reported","seed_sources":"reported","seed_challenges":"reported","traditional_seed_knowledge":"reported","soil_enhancers":"reported","chem_fertilizer_reliance":"reported","pest_control":"reported","pesticide_reliance":"reported","marketing_challenges":"reported","logistics_challenges":"reported","climate_change_noticed":"reported","climate_changes":"reported","climate_impacts":"reported","info_sources":"reported","raises_poultry":"reported","poultry_purpose":"not_applicable","farmer_type":"reported","low_input_practices":"reported"}}},{"type":"Feature","id":"CH-EF3DS6:chouf_2026","geometry":{"type":"Point","coordinates":[35.60838,33.64199]},"properties":{"entity_type":"survey_respondent_public","respondent_id":"CH-EF3DS6","instrument":"chouf_2026","area_name_en":"Aammatour","area_name_ar":"عمّاطور","district_en":"Chouf","district_ar":"الشوف","location_basis":"residence_village","geom_origin":"osm_settlement_point","spatial_precision":"locality","anchor":[35.60832,33.64277],"display_offset_m":87,"c__owns_land":"yes","c__land_size_band":"gt_2_ha","c__soil_types":"clay","c__crop_groups":"olives","c__water_sources":"river","c__water_availability":"sometimes","c__water_scarcity":"yes","c__irrigation_need_change":"increase","c__energy_sources":"manual","c__production_level":"medium","c__coop_member":"no","c__homes_trad_food":"most","c__seed_criteria":"price","c__seed_sources":"neighbour","c__seed_challenges":"high_cost","c__traditional_seed_knowledge":"no","c__soil_enhancers":"chemical","c__chem_fertilizer_reliance":"partial","c__pest_control":"chemical","c__pesticide_reliance":"total","c__marketing_challenges":"low_prices","c__logistics_challenges":"no_paved_roads","c__climate_change_noticed":"yes","c__climate_changes":"temperature_rise","c__climate_impacts":"production_decrease","c__info_sources":"social_media","c__raises_poultry":"yes","c__poultry_purpose":"home_consumption","c__farmer_type":"type_b","c__low_input_practices":"yes","values":{"owns_land":"yes","land_size_band":"gt_2_ha","soil_types":["clay","calcareous"],"crop_groups":["olives","tropical_fruits","grapes"],"water_sources":["river","canal"],"water_availability":"sometimes","water_scarcity":"yes","irrigation_need_change":"increase","energy_sources":["manual"],"production_level":"medium","coop_member":"no","homes_trad_food":"most","seed_criteria":["price","productivity","pest_resistance"],"seed_sources":["neighbour","own_harvest"],"seed_challenges":["high_cost","low_availability","unreliable_suppliers"],"traditional_seed_knowledge":"no","soil_enhancers":["chemical","compost","manure"],"chem_fertilizer_reliance":"partial","pest_control":["chemical"],"pesticide_reliance":"total","marketing_challenges":["low_prices"],"logistics_challenges":["no_paved_roads"],"climate_change_noticed":"yes","climate_changes":["temperature_rise","rainfall_decrease","heatwaves","frost"],"climate_impacts":["production_decrease","pollination"],"info_sources":["social_media","extension_agents"],"raises_poultry":"yes","poultry_purpose":["home_consumption","local_sale"],"farmer_type":"type_b","low_input_practices":"yes"},"status":{"owns_land":"reported","land_size_band":"reported","soil_types":"reported","crop_groups":"reported","water_sources":"reported","water_availability":"reported","water_scarcity":"reported","irrigation_need_change":"reported","energy_sources":"reported","production_level":"reported","coop_member":"reported","homes_trad_food":"reported","seed_criteria":"reported","seed_sources":"reported","seed_challenges":"reported","traditional_seed_knowledge":"reported","soil_enhancers":"reported","chem_fertilizer_reliance":"reported","pest_control":"reported","pesticide_reliance":"reported","marketing_challenges":"reported","logistics_challenges":"reported","climate_change_noticed":"reported","climate_changes":"reported","climate_impacts":"reported","info_sources":"reported","raises_poultry":"reported","poultry_purpose":"reported","farmer_type":"reported","low_input_practices":"reported"}}},{"type":"Feature","id":"CH-ENV9JT:chouf_2026","geometry":{"type":"Point","coordinates":[35.43344,33.64479]},"properties":{"entity_type":"survey_respondent_public","respondent_id":"CH-ENV9JT","instrument":"chouf_2026","area_name_en":"Barja","area_name_ar":"برجا","district_en":"Chouf","district_ar":"الشوف","location_basis":"residence_village","geom_origin":"osm_settlement_point","spatial_precision":"locality","anchor":[35.43302,33.6448],"display_offset_m":39,"c__owns_land":"yes","c__land_size_band":"lt_5_dunum","c__soil_types":"clay","c__crop_groups":"vegetables","c__water_sources":"well","c__water_availability":"always","c__water_scarcity":"no","c__irrigation_need_change":"increase","c__energy_sources":"solar","c__production_level":"medium","c__coop_member":"no","c__homes_trad_food":"most","c__seed_criteria":"productivity","c__seed_sources":"shop","c__seed_challenges":"high_cost","c__traditional_seed_knowledge":"no","c__soil_enhancers":"chemical","c__chem_fertilizer_reliance":"partial","c__pest_control":"chemical","c__pesticide_reliance":"total","c__marketing_challenges":"low_prices","c__logistics_challenges":"no_transport","c__climate_change_noticed":"yes","c__climate_changes":"temperature_rise","c__climate_impacts":"pests_diseases","c__info_sources":"extension_agents","c__raises_poultry":"yes","c__poultry_purpose":"local_sale","c__farmer_type":"type_a","c__low_input_practices":"yes","values":{"owns_land":"yes","land_size_band":"lt_5_dunum","soil_types":["clay"],"crop_groups":["vegetables"],"water_sources":["well"],"water_availability":"always","water_scarcity":"no","irrigation_need_change":"increase","energy_sources":["solar"],"production_level":"medium","coop_member":"no","homes_trad_food":"most","seed_criteria":["productivity"],"seed_sources":["shop"],"seed_challenges":["high_cost"],"traditional_seed_knowledge":"no","soil_enhancers":["chemical","manure"],"chem_fertilizer_reliance":"partial","pest_control":["chemical"],"pesticide_reliance":"total","marketing_challenges":["low_prices"],"logistics_challenges":["no_transport"],"climate_change_noticed":"yes","climate_changes":["temperature_rise"],"climate_impacts":["pests_diseases"],"info_sources":["extension_agents"],"raises_poultry":"yes","poultry_purpose":["local_sale"],"farmer_type":"type_a","low_input_practices":"yes"},"status":{"owns_land":"reported","land_size_band":"reported","soil_types":"reported","crop_groups":"reported","water_sources":"reported","water_availability":"reported","water_scarcity":"reported","irrigation_need_change":"reported","energy_sources":"reported","production_level":"reported","coop_member":"reported","homes_trad_food":"reported","seed_criteria":"reported","seed_sources":"reported","seed_challenges":"reported","traditional_seed_knowledge":"reported","soil_enhancers":"reported","chem_fertilizer_reliance":"reported","pest_control":"reported","pesticide_reliance":"reported","marketing_challenges":"reported","logistics_challenges":"reported","climate_change_noticed":"reported","climate_changes":"reported","climate_impacts":"reported","info_sources":"reported","raises_poultry":"reported","poultry_purpose":"reported","farmer_type":"reported","low_input_practices":"reported"}}},{"type":"Feature","id":"CH-EW66UZ:chouf_2026","geometry":{"type":"Point","coordinates":[35.523,33.58398]},"properties":{"entity_type":"survey_respondent_public","respondent_id":"CH-EW66UZ","instrument":"chouf_2026","area_name_en":"Khirbet Bisri","area_name_ar":"خربة بسري","district_en":"Chouf","district_ar":"الشوف","location_basis":"residence_village","geom_origin":"point_inside_cadastral_area","spatial_precision":"locality","anchor":[35.523,33.58398],"display_offset_m":0,"c__owns_land":"yes","c__land_size_band":"lt_1_ha","c__soil_types":"calcareous","c__crop_groups":"olives","c__water_sources":"rain","c__water_availability":"sometimes","c__water_scarcity":"yes","c__irrigation_need_change":"increase","c__energy_sources":"manual","c__production_level":"medium","c__coop_member":"no","c__homes_trad_food":"some","c__seed_criteria":"price","c__seed_sources":"shop","c__seed_challenges":"none","c__traditional_seed_knowledge":"yes","c__soil_enhancers":"compost","c__chem_fertilizer_reliance":"partial","c__pest_control":"chemical","c__pesticide_reliance":"not_used","c__marketing_challenges":"low_prices","c__logistics_challenges":"no_transport","c__climate_change_noticed":"yes","c__climate_changes":"temperature_rise","c__climate_impacts":"production_decrease","c__info_sources":"social_media","c__raises_poultry":"no","c__farmer_type":"type_b","c__low_input_practices":"yes","values":{"owns_land":"yes","land_size_band":"lt_1_ha","soil_types":["calcareous"],"crop_groups":["olives","herbs"],"water_sources":["rain","well"],"water_availability":"sometimes","water_scarcity":"yes","irrigation_need_change":"increase","energy_sources":["manual"],"production_level":"medium","coop_member":"no","homes_trad_food":"some","seed_criteria":["price","productivity","pest_resistance"],"seed_sources":["shop"],"seed_challenges":["none"],"traditional_seed_knowledge":"yes","soil_enhancers":["compost","manure"],"chem_fertilizer_reliance":"partial","pest_control":["chemical"],"pesticide_reliance":"not_used","marketing_challenges":["low_prices","weak_demand","far_markets"],"logistics_challenges":["no_transport"],"climate_change_noticed":"yes","climate_changes":["temperature_rise","rainfall_decrease"],"climate_impacts":["production_decrease"],"info_sources":["social_media"],"raises_poultry":"no","poultry_purpose":null,"farmer_type":"type_b","low_input_practices":"yes"},"status":{"owns_land":"reported","land_size_band":"reported","soil_types":"reported","crop_groups":"reported","water_sources":"reported","water_availability":"reported","water_scarcity":"reported","irrigation_need_change":"reported","energy_sources":"reported","production_level":"reported","coop_member":"reported","homes_trad_food":"reported","seed_criteria":"reported","seed_sources":"reported","seed_challenges":"reported","traditional_seed_knowledge":"reported","soil_enhancers":"reported","chem_fertilizer_reliance":"reported","pest_control":"reported","pesticide_reliance":"reported","marketing_challenges":"reported","logistics_challenges":"reported","climate_change_noticed":"reported","climate_changes":"reported","climate_impacts":"reported","info_sources":"reported","raises_poultry":"reported","poultry_purpose":"not_applicable","farmer_type":"reported","low_input_practices":"reported"}}},{"type":"Feature","id":"CH-FNY9ZK:chouf_2026","geometry":{"type":"Point","coordinates":[35.58125,33.64549]},"properties":{"entity_type":"survey_respondent_public","respondent_id":"CH-FNY9ZK","instrument":"chouf_2026","area_name_en":"Mazraat Ech-Chouf","area_name_ar":"مزرعة","district_en":"Chouf","district_ar":"الشوف","location_basis":"residence_village","geom_origin":"osm_settlement_point","spatial_precision":"locality","anchor":[35.5801,33.64614],"display_offset_m":129,"c__owns_land":"yes","c__land_size_band":"lt_5_dunum","c__soil_types":"clay","c__crop_groups":"vegetables","c__water_sources":"tanker","c__water_availability":"sometimes","c__water_scarcity":"yes","c__irrigation_need_change":"increase","c__energy_sources":"manual","c__production_level":"small","c__coop_member":"no","c__homes_trad_food":"almost_all","c__seed_criteria":"none","c__seed_sources":"association","c__seed_challenges":"none","c__traditional_seed_knowledge":"no","c__soil_enhancers":"manure","c__chem_fertilizer_reliance":"total","c__pest_control":"chemical","c__pesticide_reliance":"partial","c__marketing_challenges":"low_prices","c__logistics_challenges":"no_paved_roads","c__climate_change_noticed":"no","c__climate_changes":"temperature_rise","c__climate_impacts":"production_decrease","c__info_sources":"supply_shops","c__raises_poultry":"no","c__farmer_type":"type_d","c__low_input_practices":"yes","values":{"owns_land":"yes","land_size_band":"lt_5_dunum","soil_types":["clay"],"crop_groups":["vegetables","legumes"],"water_sources":["tanker","storage"],"water_availability":"sometimes","water_scarcity":"yes","irrigation_need_change":"increase","energy_sources":["manual"],"production_level":"small","coop_member":"no","homes_trad_food":"almost_all","seed_criteria":["none"],"seed_sources":["association"],"seed_challenges":["none"],"traditional_seed_knowledge":"no","soil_enhancers":["manure"],"chem_fertilizer_reliance":"total","pest_control":["chemical"],"pesticide_reliance":"partial","marketing_challenges":["low_prices"],"logistics_challenges":["no_paved_roads"],"climate_change_noticed":"no","climate_changes":["temperature_rise","rainfall_decrease","heatwaves"],"climate_impacts":["production_decrease","season_delay","pests_diseases"],"info_sources":["supply_shops"],"raises_poultry":"no","poultry_purpose":null,"farmer_type":"type_d","low_input_practices":"yes"},"status":{"owns_land":"reported","land_size_band":"reported","soil_types":"reported","crop_groups":"reported","water_sources":"reported","water_availability":"reported","water_scarcity":"reported","irrigation_need_change":"reported","energy_sources":"reported","production_level":"reported","coop_member":"reported","homes_trad_food":"reported","seed_criteria":"reported","seed_sources":"reported","seed_challenges":"reported","traditional_seed_knowledge":"reported","soil_enhancers":"reported","chem_fertilizer_reliance":"reported","pest_control":"reported","pesticide_reliance":"reported","marketing_challenges":"reported","logistics_challenges":"reported","climate_change_noticed":"reported","climate_changes":"reported","climate_impacts":"reported","info_sources":"reported","raises_poultry":"reported","poultry_purpose":"not_applicable","farmer_type":"reported","low_input_practices":"reported"}}},{"type":"Feature","id":"CH-FT5F5Z:chouf_2026","geometry":{"type":"Point","coordinates":[35.48419,33.65716]},"properties":{"entity_type":"survey_respondent_public","respondent_id":"CH-FT5F5Z","instrument":"chouf_2026","area_name_en":"Bourjein","area_name_ar":"البرجين","district_en":"Chouf","district_ar":"الشوف","location_basis":"farm_area_reported","geom_origin":"osm_settlement_point","spatial_precision":"locality","anchor":[35.48419,33.65716],"display_offset_m":0,"c__owns_land":"yes","c__land_size_band":"lt_5_dunum","c__soil_types":"clay","c__crop_groups":"legumes","c__water_sources":"rain","c__water_availability":"rarely","c__water_scarcity":"yes","c__irrigation_need_change":"increase","c__energy_sources":"diesel","c__production_level":"small","c__coop_member":"no","c__homes_trad_food":"few","c__seed_criteria":"price","c__seed_sources":"shop","c__seed_challenges":"high_cost","c__traditional_seed_knowledge":"no","c__soil_enhancers":"chemical","c__chem_fertilizer_reliance":"partial","c__pest_control":"chemical","c__pesticide_reliance":"partial","c__marketing_challenges":"weak_demand","c__logistics_challenges":"high_transport_cost","c__climate_change_noticed":"yes","c__climate_changes":"temperature_rise","c__climate_impacts":"production_decrease","c__info_sources":"social_media","c__raises_poultry":"no","c__farmer_type":"type_d","c__low_input_practices":"yes","values":{"owns_land":"yes","land_size_band":"lt_5_dunum","soil_types":["clay"],"crop_groups":["legumes","herbs"],"water_sources":["rain","tanker","storage"],"water_availability":"rarely","water_scarcity":"yes","irrigation_need_change":"increase","energy_sources":["diesel"],"production_level":"small","coop_member":"no","homes_trad_food":"few","seed_criteria":["price","productivity","pest_resistance"],"seed_sources":["shop"],"seed_challenges":["high_cost","low_availability"],"traditional_seed_knowledge":"no","soil_enhancers":["chemical","manure"],"chem_fertilizer_reliance":"partial","pest_control":["chemical","local"],"pesticide_reliance":"partial","marketing_challenges":["weak_demand"],"logistics_challenges":["high_transport_cost"],"climate_change_noticed":"yes","climate_changes":["temperature_rise","rainfall_decrease","heatwaves"],"climate_impacts":["production_decrease","season_delay"],"info_sources":["social_media"],"raises_poultry":"no","poultry_purpose":null,"farmer_type":"type_d","low_input_practices":"yes"},"status":{"owns_land":"reported","land_size_band":"reported","soil_types":"reported","crop_groups":"reported","water_sources":"reported","water_availability":"reported","water_scarcity":"reported","irrigation_need_change":"reported","energy_sources":"reported","production_level":"reported","coop_member":"reported","homes_trad_food":"reported","seed_criteria":"reported","seed_sources":"reported","seed_challenges":"reported","traditional_seed_knowledge":"reported","soil_enhancers":"reported","chem_fertilizer_reliance":"reported","pest_control":"reported","pesticide_reliance":"reported","marketing_challenges":"reported","logistics_challenges":"reported","climate_change_noticed":"reported","climate_changes":"reported","climate_impacts":"reported","info_sources":"reported","raises_poultry":"reported","poultry_purpose":"not_applicable","farmer_type":"reported","low_input_practices":"reported"}}},{"type":"Feature","id":"CH-FU93TS:chouf_2026","geometry":{"type":"Point","coordinates":[35.40661,33.58922]},"properties":{"entity_type":"survey_respondent_public","respondent_id":"CH-FU93TS","instrument":"chouf_2026","area_name_en":"Aalmane Ech-Chouf","area_name_ar":"علمان الشوف","district_en":"Chouf","district_ar":"الشوف","location_basis":"residence_village","geom_origin":"osm_settlement_point","spatial_precision":"locality","anchor":[35.40697,33.58799],"display_offset_m":140,"c__owns_land":"yes","c__land_size_band":"lt_5_dunum","c__soil_types":"clay","c__water_sources":"well","c__water_availability":"rarely","c__water_scarcity":"yes","c__irrigation_need_change":"increase","c__energy_sources":"diesel","c__production_level":"medium","c__coop_member":"no","c__homes_trad_food":"some","c__seed_criteria":"price","c__seed_sources":"shop","c__seed_challenges":"high_cost","c__traditional_seed_knowledge":"no","c__soil_enhancers":"chemical","c__chem_fertilizer_reliance":"partial","c__pest_control":"chemical","c__pesticide_reliance":"partial","c__marketing_challenges":"low_prices","c__logistics_challenges":"no_transport","c__climate_change_noticed":"yes","c__climate_changes":"temperature_rise","c__climate_impacts":"production_decrease","c__info_sources":"social_media","c__raises_poultry":"no","c__farmer_type":"type_a","c__low_input_practices":"no","values":{"owns_land":"yes","land_size_band":"lt_5_dunum","soil_types":["clay"],"crop_groups":null,"water_sources":["well"],"water_availability":"rarely","water_scarcity":"yes","irrigation_need_change":"increase","energy_sources":["diesel"],"production_level":"medium","coop_member":"no","homes_trad_food":"some","seed_criteria":["price"],"seed_sources":["shop"],"seed_challenges":["high_cost"],"traditional_seed_knowledge":"no","soil_enhancers":["chemical"],"chem_fertilizer_reliance":"partial","pest_control":["chemical"],"pesticide_reliance":"partial","marketing_challenges":["low_prices","no_transport"],"logistics_challenges":["no_transport"],"climate_change_noticed":"yes","climate_changes":["temperature_rise","rainfall_decrease","heatwaves"],"climate_impacts":["production_decrease","season_delay","pests_diseases"],"info_sources":["social_media","extension_agents","supply_shops"],"raises_poultry":"no","poultry_purpose":null,"farmer_type":"type_a","low_input_practices":"no"},"status":{"owns_land":"reported","land_size_band":"reported","soil_types":"reported","crop_groups":"invalid","water_sources":"reported","water_availability":"reported","water_scarcity":"reported","irrigation_need_change":"reported","energy_sources":"reported","production_level":"reported","coop_member":"reported","homes_trad_food":"reported","seed_criteria":"reported","seed_sources":"reported","seed_challenges":"reported","traditional_seed_knowledge":"reported","soil_enhancers":"reported","chem_fertilizer_reliance":"reported","pest_control":"reported","pesticide_reliance":"reported","marketing_challenges":"reported","logistics_challenges":"reported","climate_change_noticed":"reported","climate_changes":"reported","climate_impacts":"reported","info_sources":"reported","raises_poultry":"reported","poultry_purpose":"not_applicable","farmer_type":"reported","low_input_practices":"reported"}}},{"type":"Feature","id":"CH-FUAKKS:chouf_2026","geometry":{"type":"Point","coordinates":[35.5227,33.68845]},"properties":{"entity_type":"survey_respondent_public","respondent_id":"CH-FUAKKS","instrument":"chouf_2026","area_name_en":"Kfar Him","area_name_ar":"كفرحيم","district_en":"Chouf","district_ar":"الشوف","location_basis":"residence_village","geom_origin":"osm_settlement_point","spatial_precision":"locality","anchor":[35.52322,33.68803],"display_offset_m":67,"c__owns_land":"yes","c__land_size_band":"lt_5_dunum","c__soil_types":"sandy","c__water_sources":"spring","c__water_availability":"sometimes","c__water_scarcity":"no","c__irrigation_need_change":"decrease","c__energy_sources":"none","c__production_level":"medium","c__coop_member":"no","c__homes_trad_food":"most","c__seed_criteria":"productivity","c__seed_sources":"own_harvest","c__seed_challenges":"unreliable_suppliers","c__traditional_seed_knowledge":"yes","c__soil_enhancers":"manure","c__chem_fertilizer_reliance":"not_used","c__pest_control":"local","c__pesticide_reliance":"not_used","c__marketing_challenges":"weak_demand","c__logistics_challenges":"high_transport_cost","c__climate_change_noticed":"yes","c__climate_changes":"temperature_rise","c__climate_impacts":"no_major_impact","c__info_sources":"social_media","c__raises_poultry":"yes","c__poultry_purpose":"home_consumption","c__farmer_type":"type_c","c__low_input_practices":"yes","values":{"owns_land":"yes","land_size_band":"lt_5_dunum","soil_types":["sandy"],"crop_groups":null,"water_sources":["spring"],"water_availability":"sometimes","water_scarcity":"no","irrigation_need_change":"decrease","energy_sources":["none"],"production_level":"medium","coop_member":"no","homes_trad_food":"most","seed_criteria":["productivity"],"seed_sources":["own_harvest"],"seed_challenges":["unreliable_suppliers"],"traditional_seed_knowledge":"yes","soil_enhancers":["manure"],"chem_fertilizer_reliance":"not_used","pest_control":["local"],"pesticide_reliance":"not_used","marketing_challenges":["weak_demand"],"logistics_challenges":["high_transport_cost"],"climate_change_noticed":"yes","climate_changes":["temperature_rise","rainfall_decrease"],"climate_impacts":["no_major_impact"],"info_sources":["social_media"],"raises_poultry":"yes","poultry_purpose":["home_consumption"],"farmer_type":"type_c","low_input_practices":"yes"},"status":{"owns_land":"reported","land_size_band":"reported","soil_types":"reported","crop_groups":"invalid","water_sources":"reported","water_availability":"reported","water_scarcity":"reported","irrigation_need_change":"reported","energy_sources":"reported","production_level":"reported","coop_member":"reported","homes_trad_food":"reported","seed_criteria":"reported","seed_sources":"reported","seed_challenges":"reported","traditional_seed_knowledge":"reported","soil_enhancers":"reported","chem_fertilizer_reliance":"reported","pest_control":"reported","pesticide_reliance":"reported","marketing_challenges":"reported","logistics_challenges":"reported","climate_change_noticed":"reported","climate_changes":"reported","climate_impacts":"reported","info_sources":"reported","raises_poultry":"reported","poultry_purpose":"reported","farmer_type":"reported","low_input_practices":"reported"}}},{"type":"Feature","id":"CH-G77FHM:chouf_2026","geometry":{"type":"Point","coordinates":[35.69837,33.74106]},"properties":{"entity_type":"survey_respondent_public","respondent_id":"CH-G77FHM","instrument":"chouf_2026","area_name_en":"Aain Zhalta","area_name_ar":"عين زحلتا","district_en":"Chouf","district_ar":"الشوف","location_basis":"residence_village","geom_origin":"osm_settlement_point","spatial_precision":"locality","anchor":[35.69889,33.74064],"display_offset_m":67,"c__owns_land":"yes","c__land_size_band":"lt_1_ha","c__soil_types":"loamy","c__crop_groups":"apples_pears","c__water_sources":"river","c__water_availability":"sometimes","c__water_scarcity":"yes","c__irrigation_need_change":"increase","c__energy_sources":"gravity","c__production_level":"medium","c__coop_member":"no","c__homes_trad_food":"most","c__seed_criteria":"price","c__seed_sources":"shop","c__seed_challenges":"high_cost","c__traditional_seed_knowledge":"yes","c__soil_enhancers":"chemical","c__chem_fertilizer_reliance":"partial","c__pest_control":"chemical","c__pesticide_reliance":"partial","c__marketing_challenges":"low_prices","c__logistics_challenges":"high_transport_cost","c__climate_change_noticed":"yes","c__climate_changes":"temperature_rise","c__climate_impacts":"production_decrease","c__info_sources":"social_media","c__raises_poultry":"yes","c__poultry_purpose":"home_consumption","c__farmer_type":"type_b","c__low_input_practices":"no","values":{"owns_land":"yes","land_size_band":"lt_1_ha","soil_types":["loamy","sandy"],"crop_groups":["apples_pears","legumes"],"water_sources":["river"],"water_availability":"sometimes","water_scarcity":"yes","irrigation_need_change":"increase","energy_sources":["gravity"],"production_level":"medium","coop_member":"no","homes_trad_food":"most","seed_criteria":["price"],"seed_sources":["shop","own_harvest"],"seed_challenges":["high_cost"],"traditional_seed_knowledge":"yes","soil_enhancers":["chemical"],"chem_fertilizer_reliance":"partial","pest_control":["chemical"],"pesticide_reliance":"partial","marketing_challenges":["low_prices"],"logistics_challenges":["high_transport_cost"],"climate_change_noticed":"yes","climate_changes":["temperature_rise","rainfall_decrease","heatwaves"],"climate_impacts":["production_decrease","season_delay","pests_diseases"],"info_sources":["social_media","extension_agents"],"raises_poultry":"yes","poultry_purpose":["home_consumption","local_sale"],"farmer_type":"type_b","low_input_practices":"no"},"status":{"owns_land":"reported","land_size_band":"reported","soil_types":"reported","crop_groups":"reported","water_sources":"reported","water_availability":"reported","water_scarcity":"reported","irrigation_need_change":"reported","energy_sources":"reported","production_level":"reported","coop_member":"reported","homes_trad_food":"reported","seed_criteria":"reported","seed_sources":"reported","seed_challenges":"reported","traditional_seed_knowledge":"reported","soil_enhancers":"reported","chem_fertilizer_reliance":"reported","pest_control":"reported","pesticide_reliance":"reported","marketing_challenges":"reported","logistics_challenges":"reported","climate_change_noticed":"reported","climate_changes":"reported","climate_impacts":"reported","info_sources":"reported","raises_poultry":"reported","poultry_purpose":"reported","farmer_type":"reported","low_input_practices":"reported"}}},{"type":"Feature","id":"CH-GDGL6M:chouf_2026","geometry":{"type":"Point","coordinates":[35.40619,33.5868]},"properties":{"entity_type":"survey_respondent_public","respondent_id":"CH-GDGL6M","instrument":"chouf_2026","area_name_en":"Aalmane Ech-Chouf","area_name_ar":"علمان الشوف","district_en":"Chouf","district_ar":"الشوف","location_basis":"residence_village","geom_origin":"osm_settlement_point","spatial_precision":"locality","anchor":[35.40697,33.58799],"display_offset_m":151,"c__owns_land":"yes","c__land_size_band":"lt_5_dunum","c__soil_types":"clay","c__crop_groups":"citrus","c__water_sources":"well","c__water_availability":"always","c__water_scarcity":"no","c__irrigation_need_change":"no_change","c__energy_sources":"grid","c__production_level":"medium","c__coop_member":"no","c__homes_trad_food":"almost_all","c__seed_criteria":"productivity","c__seed_sources":"shop","c__seed_challenges":"none","c__traditional_seed_knowledge":"no","c__soil_enhancers":"chemical","c__chem_fertilizer_reliance":"partial","c__pest_control":"chemical","c__pesticide_reliance":"partial","c__marketing_challenges":"low_prices","c__logistics_challenges":"no_transport","c__climate_change_noticed":"yes","c__climate_changes":"temperature_rise","c__climate_impacts":"production_decrease","c__raises_poultry":"no","c__farmer_type":"type_a","c__low_input_practices":"yes","values":{"owns_land":"yes","land_size_band":"lt_5_dunum","soil_types":["clay"],"crop_groups":["citrus","tropical_fruits"],"water_sources":["well"],"water_availability":"always","water_scarcity":"no","irrigation_need_change":"no_change","energy_sources":["grid"],"production_level":"medium","coop_member":"no","homes_trad_food":"almost_all","seed_criteria":["productivity"],"seed_sources":["shop"],"seed_challenges":["none"],"traditional_seed_knowledge":"no","soil_enhancers":["chemical","compost"],"chem_fertilizer_reliance":"partial","pest_control":["chemical"],"pesticide_reliance":"partial","marketing_challenges":["low_prices"],"logistics_challenges":["no_transport"],"climate_change_noticed":"yes","climate_changes":["temperature_rise","rainfall_decrease","heatwaves"],"climate_impacts":["production_decrease","season_delay","pollination"],"info_sources":null,"raises_poultry":"no","poultry_purpose":null,"farmer_type":"type_a","low_input_practices":"yes"},"status":{"owns_land":"reported","land_size_band":"reported","soil_types":"reported","crop_groups":"reported","water_sources":"reported","water_availability":"reported","water_scarcity":"reported","irrigation_need_change":"reported","energy_sources":"reported","production_level":"reported","coop_member":"reported","homes_trad_food":"reported","seed_criteria":"reported","seed_sources":"reported","seed_challenges":"reported","traditional_seed_knowledge":"reported","soil_enhancers":"reported","chem_fertilizer_reliance":"reported","pest_control":"reported","pesticide_reliance":"reported","marketing_challenges":"reported","logistics_challenges":"reported","climate_change_noticed":"reported","climate_changes":"reported","climate_impacts":"reported","info_sources":"not_provided","raises_poultry":"reported","poultry_purpose":"not_applicable","farmer_type":"reported","low_input_practices":"reported"}}},{"type":"Feature","id":"CH-GQ6XMX:chouf_2026","geometry":{"type":"Point","coordinates":[35.56303,33.67781]},"properties":{"entity_type":"survey_respondent_public","respondent_id":"CH-GQ6XMX","instrument":"chouf_2026","area_name_en":"Baaqline","area_name_ar":"بعقلين","district_en":"Chouf","district_ar":"الشوف","location_basis":"residence_village","geom_origin":"osm_settlement_point","spatial_precision":"locality","anchor":[35.56355,33.67739],"display_offset_m":67,"c__owns_land":"no","c__land_size_band":"gt_2_ha","c__soil_types":"calcareous","c__crop_groups":"olives","c__water_sources":"river","c__water_availability":"never","c__water_scarcity":"yes","c__irrigation_need_change":"increase","c__energy_sources":"solar","c__production_level":"medium","c__coop_member":"no","c__homes_trad_food":"most","c__seed_criteria":"price","c__seed_sources":"shop","c__seed_challenges":"high_cost","c__traditional_seed_knowledge":"no","c__soil_enhancers":"chemical","c__chem_fertilizer_reliance":"partial","c__pest_control":"chemical","c__pesticide_reliance":"partial","c__climate_change_noticed":"yes","c__climate_changes":"temperature_rise","c__climate_impacts":"production_decrease","c__info_sources":"social_media","c__raises_poultry":"yes","c__poultry_purpose":"local_sale","c__farmer_type":"type_b","c__low_input_practices":"yes","values":{"owns_land":"no","land_size_band":"gt_2_ha","soil_types":["calcareous"],"crop_groups":["olives","vegetables"],"water_sources":["river"],"water_availability":"never","water_scarcity":"yes","irrigation_need_change":"increase","energy_sources":["solar"],"production_level":"medium","coop_member":"no","homes_trad_food":"most","seed_criteria":["price","productivity","pest_resistance"],"seed_sources":["shop"],"seed_challenges":["high_cost","low_availability"],"traditional_seed_knowledge":"no","soil_enhancers":["chemical","compost","manure"],"chem_fertilizer_reliance":"partial","pest_control":["chemical"],"pesticide_reliance":"partial","marketing_challenges":null,"logistics_challenges":null,"climate_change_noticed":"yes","climate_changes":["temperature_rise","rainfall_decrease"],"climate_impacts":["production_decrease","season_delay"],"info_sources":["social_media","extension_agents"],"raises_poultry":"yes","poultry_purpose":["local_sale"],"farmer_type":"type_b","low_input_practices":"yes"},"status":{"owns_land":"reported","land_size_band":"reported","soil_types":"reported","crop_groups":"reported","water_sources":"reported","water_availability":"reported","water_scarcity":"reported","irrigation_need_change":"reported","energy_sources":"reported","production_level":"reported","coop_member":"reported","homes_trad_food":"reported","seed_criteria":"reported","seed_sources":"reported","seed_challenges":"reported","traditional_seed_knowledge":"reported","soil_enhancers":"reported","chem_fertilizer_reliance":"reported","pest_control":"reported","pesticide_reliance":"reported","marketing_challenges":"not_provided","logistics_challenges":"not_provided","climate_change_noticed":"reported","climate_changes":"reported","climate_impacts":"reported","info_sources":"reported","raises_poultry":"reported","poultry_purpose":"reported","farmer_type":"reported","low_input_practices":"reported"}}},{"type":"Feature","id":"CH-GVE25F:chouf_2026","geometry":{"type":"Point","coordinates":[35.40861,33.58845]},"properties":{"entity_type":"survey_respondent_public","respondent_id":"CH-GVE25F","instrument":"chouf_2026","area_name_en":"Aalmane Ech-Chouf","area_name_ar":"علمان الشوف","district_en":"Chouf","district_ar":"الشوف","location_basis":"residence_village","geom_origin":"osm_settlement_point","spatial_precision":"locality","anchor":[35.40697,33.58799],"display_offset_m":160,"c__owns_land":"yes","c__land_size_band":"gt_2_ha","c__soil_types":"loamy","c__crop_groups":"citrus","c__water_sources":"well","c__water_availability":"always","c__water_scarcity":"no","c__irrigation_need_change":"increase","c__energy_sources":"diesel","c__production_level":"large","c__coop_member":"no","c__homes_trad_food":"few","c__seed_criteria":"price","c__seed_sources":"shop","c__seed_challenges":"high_cost","c__traditional_seed_knowledge":"no","c__soil_enhancers":"chemical","c__chem_fertilizer_reliance":"total","c__pest_control":"chemical","c__pesticide_reliance":"total","c__marketing_challenges":"low_prices","c__logistics_challenges":"high_transport_cost","c__climate_change_noticed":"yes","c__climate_changes":"temperature_rise","c__climate_impacts":"production_decrease","c__info_sources":"social_media","c__raises_poultry":"yes","c__poultry_purpose":"home_consumption","c__farmer_type":"type_a","c__low_input_practices":"no","values":{"owns_land":"yes","land_size_band":"gt_2_ha","soil_types":["loamy"],"crop_groups":["citrus","tropical_fruits"],"water_sources":["well"],"water_availability":"always","water_scarcity":"no","irrigation_need_change":"increase","energy_sources":["diesel"],"production_level":"large","coop_member":"no","homes_trad_food":"few","seed_criteria":["price","productivity"],"seed_sources":["shop"],"seed_challenges":["high_cost"],"traditional_seed_knowledge":"no","soil_enhancers":["chemical"],"chem_fertilizer_reliance":"total","pest_control":["chemical"],"pesticide_reliance":"total","marketing_challenges":["low_prices"],"logistics_challenges":["high_transport_cost"],"climate_change_noticed":"yes","climate_changes":["temperature_rise","rainfall_decrease"],"climate_impacts":["production_decrease","pests_diseases","pollination"],"info_sources":["social_media","extension_agents"],"raises_poultry":"yes","poultry_purpose":["home_consumption"],"farmer_type":"type_a","low_input_practices":"no"},"status":{"owns_land":"reported","land_size_band":"reported","soil_types":"reported","crop_groups":"reported","water_sources":"reported","water_availability":"reported","water_scarcity":"reported","irrigation_need_change":"reported","energy_sources":"reported","production_level":"reported","coop_member":"reported","homes_trad_food":"reported","seed_criteria":"reported","seed_sources":"reported","seed_challenges":"reported","traditional_seed_knowledge":"reported","soil_enhancers":"reported","chem_fertilizer_reliance":"reported","pest_control":"reported","pesticide_reliance":"reported","marketing_challenges":"reported","logistics_challenges":"reported","climate_change_noticed":"reported","climate_changes":"reported","climate_impacts":"reported","info_sources":"reported","raises_poultry":"reported","poultry_purpose":"reported","farmer_type":"reported","low_input_practices":"reported"}}},{"type":"Feature","id":"CH-GZFGSH:chouf_2026","geometry":{"type":"Point","coordinates":[35.65336,33.69485]},"properties":{"entity_type":"survey_respondent_public","respondent_id":"CH-GZFGSH","instrument":"chouf_2026","area_name_en":"Batloun","area_name_ar":"بتلون","district_en":"Chouf","district_ar":"الشوف","location_basis":"residence_village","geom_origin":"osm_settlement_point","spatial_precision":"locality","anchor":[35.65221,33.6955],"display_offset_m":129,"c__owns_land":"yes","c__land_size_band":"lt_5_dunum","c__soil_types":"clay","c__crop_groups":"apples_pears","c__water_sources":"canal","c__water_availability":"rarely","c__water_scarcity":"yes","c__irrigation_need_change":"decrease","c__energy_sources":"manual","c__production_level":"small","c__coop_member":"no","c__homes_trad_food":"some","c__seed_criteria":"productivity","c__seed_sources":"own_harvest","c__seed_challenges":"none","c__traditional_seed_knowledge":"yes","c__soil_enhancers":"manure","c__chem_fertilizer_reliance":"not_used","c__pest_control":"chemical","c__pesticide_reliance":"partial","c__climate_change_noticed":"yes","c__climate_changes":"temperature_rise","c__climate_impacts":"production_decrease","c__info_sources":"social_media","c__raises_poultry":"no","c__farmer_type":"type_c","c__low_input_practices":"yes","values":{"owns_land":"yes","land_size_band":"lt_5_dunum","soil_types":["clay"],"crop_groups":["apples_pears","vegetables","legumes"],"water_sources":["canal"],"water_availability":"rarely","water_scarcity":"yes","irrigation_need_change":"decrease","energy_sources":["manual"],"production_level":"small","coop_member":"no","homes_trad_food":"some","seed_criteria":["productivity"],"seed_sources":["own_harvest"],"seed_challenges":["none"],"traditional_seed_knowledge":"yes","soil_enhancers":["manure"],"chem_fertilizer_reliance":"not_used","pest_control":["chemical"],"pesticide_reliance":"partial","marketing_challenges":null,"logistics_challenges":null,"climate_change_noticed":"yes","climate_changes":["temperature_rise","rainfall_decrease","heatwaves"],"climate_impacts":["production_decrease","pests_diseases"],"info_sources":["social_media","extension_agents"],"raises_poultry":"no","poultry_purpose":null,"farmer_type":"type_c","low_input_practices":"yes"},"status":{"owns_land":"reported","land_size_band":"reported","soil_types":"reported","crop_groups":"reported","water_sources":"reported","water_availability":"reported","water_scarcity":"reported","irrigation_need_change":"reported","energy_sources":"reported","production_level":"reported","coop_member":"reported","homes_trad_food":"reported","seed_criteria":"reported","seed_sources":"reported","seed_challenges":"reported","traditional_seed_knowledge":"reported","soil_enhancers":"reported","chem_fertilizer_reliance":"reported","pest_control":"reported","pesticide_reliance":"reported","marketing_challenges":"not_provided","logistics_challenges":"not_provided","climate_change_noticed":"reported","climate_changes":"reported","climate_impacts":"reported","info_sources":"reported","raises_poultry":"reported","poultry_purpose":"not_applicable","farmer_type":"reported","low_input_practices":"reported"}}},{"type":"Feature","id":"CH-H9MPC5:chouf_2026","geometry":{"type":"Point","coordinates":[35.53838,33.70118]},"properties":{"entity_type":"survey_respondent_public","respondent_id":"CH-H9MPC5","instrument":"chouf_2026","area_name_en":"Kfar Faqoud","area_name_ar":"كفرفاقود","district_en":"Chouf","district_ar":"الشوف","location_basis":"residence_village","geom_origin":"osm_settlement_point","spatial_precision":"locality","anchor":[35.53796,33.70119],"display_offset_m":39,"c__owns_land":"yes","c__land_size_band":"lt_5_dunum","c__soil_types":"loamy","c__crop_groups":"vegetables","c__water_sources":"canal","c__water_availability":"sometimes","c__water_scarcity":"yes","c__irrigation_need_change":"decrease","c__energy_sources":"grid","c__production_level":"medium","c__coop_member":"no","c__homes_trad_food":"some","c__seed_criteria":"price","c__seed_sources":"shop","c__seed_challenges":"high_cost","c__traditional_seed_knowledge":"no","c__soil_enhancers":"compost","c__chem_fertilizer_reliance":"partial","c__pest_control":"biological","c__pesticide_reliance":"not_used","c__marketing_challenges":"low_prices","c__logistics_challenges":"high_transport_cost","c__climate_change_noticed":"yes","c__climate_changes":"temperature_rise","c__climate_impacts":"pests_diseases","c__info_sources":"social_media","c__raises_poultry":"yes","c__poultry_purpose":"home_consumption","c__farmer_type":"type_c","c__low_input_practices":"yes","values":{"owns_land":"yes","land_size_band":"lt_5_dunum","soil_types":["loamy"],"crop_groups":["vegetables","legumes"],"water_sources":["canal"],"water_availability":"sometimes","water_scarcity":"yes","irrigation_need_change":"decrease","energy_sources":["grid"],"production_level":"medium","coop_member":"no","homes_trad_food":"some","seed_criteria":["price"],"seed_sources":["shop"],"seed_challenges":["high_cost"],"traditional_seed_knowledge":"no","soil_enhancers":["compost"],"chem_fertilizer_reliance":"partial","pest_control":["biological"],"pesticide_reliance":"not_used","marketing_challenges":["low_prices"],"logistics_challenges":["high_transport_cost"],"climate_change_noticed":"yes","climate_changes":["temperature_rise","rainfall_decrease"],"climate_impacts":["pests_diseases"],"info_sources":["social_media"],"raises_poultry":"yes","poultry_purpose":["home_consumption"],"farmer_type":"type_c","low_input_practices":"yes"},"status":{"owns_land":"reported","land_size_band":"reported","soil_types":"reported","crop_groups":"reported","water_sources":"reported","water_availability":"reported","water_scarcity":"reported","irrigation_need_change":"reported","energy_sources":"reported","production_level":"reported","coop_member":"reported","homes_trad_food":"reported","seed_criteria":"reported","seed_sources":"reported","seed_challenges":"reported","traditional_seed_knowledge":"reported","soil_enhancers":"reported","chem_fertilizer_reliance":"reported","pest_control":"reported","pesticide_reliance":"reported","marketing_challenges":"reported","logistics_challenges":"reported","climate_change_noticed":"reported","climate_changes":"reported","climate_impacts":"reported","info_sources":"reported","raises_poultry":"reported","poultry_purpose":"reported","farmer_type":"reported","low_input_practices":"reported"}}},{"type":"Feature","id":"CH-HJAGFP:chouf_2026","geometry":{"type":"Point","coordinates":[35.55241,33.63923]},"properties":{"entity_type":"survey_respondent_public","respondent_id":"CH-HJAGFP","instrument":"chouf_2026","area_name_en":"Gharifeh","area_name_ar":"غريفة","district_en":"Chouf","district_ar":"الشوف","location_basis":"residence_village","geom_origin":"osm_settlement_point","spatial_precision":"locality","anchor":[35.55199,33.63924],"display_offset_m":39,"c__owns_land":"yes","c__land_size_band":"lt_5_dunum","c__soil_types":"loamy","c__crop_groups":"vegetables","c__water_sources":"tanker","c__water_availability":"never","c__water_scarcity":"yes","c__irrigation_need_change":"unsure","c__energy_sources":"manual","c__production_level":"small","c__coop_member":"no","c__homes_trad_food":"few","c__seed_criteria":"price","c__seed_sources":"shop","c__seed_challenges":"low_availability","c__traditional_seed_knowledge":"no","c__soil_enhancers":"manure","c__chem_fertilizer_reliance":"not_used","c__pest_control":"chemical","c__pesticide_reliance":"partial","c__climate_change_noticed":"yes","c__climate_changes":"rainfall_decrease","c__climate_impacts":"pests_diseases","c__info_sources":"supply_shops","c__raises_poultry":"no","c__farmer_type":"type_d","c__low_input_practices":"yes","values":{"owns_land":"yes","land_size_band":"lt_5_dunum","soil_types":["loamy"],"crop_groups":["vegetables","legumes"],"water_sources":["tanker","storage"],"water_availability":"never","water_scarcity":"yes","irrigation_need_change":"unsure","energy_sources":["manual"],"production_level":"small","coop_member":"no","homes_trad_food":"few","seed_criteria":["price","productivity","pest_resistance"],"seed_sources":["shop","neighbour"],"seed_challenges":["low_availability"],"traditional_seed_knowledge":"no","soil_enhancers":["manure"],"chem_fertilizer_reliance":"not_used","pest_control":["chemical"],"pesticide_reliance":"partial","marketing_challenges":null,"logistics_challenges":null,"climate_change_noticed":"yes","climate_changes":["rainfall_decrease","frost"],"climate_impacts":["pests_diseases"],"info_sources":["supply_shops"],"raises_poultry":"no","poultry_purpose":null,"farmer_type":"type_d","low_input_practices":"yes"},"status":{"owns_land":"reported","land_size_band":"reported","soil_types":"reported","crop_groups":"reported","water_sources":"reported","water_availability":"reported","water_scarcity":"reported","irrigation_need_change":"reported","energy_sources":"reported","production_level":"reported","coop_member":"reported","homes_trad_food":"reported","seed_criteria":"reported","seed_sources":"reported","seed_challenges":"reported","traditional_seed_knowledge":"reported","soil_enhancers":"reported","chem_fertilizer_reliance":"reported","pest_control":"reported","pesticide_reliance":"reported","marketing_challenges":"not_provided","logistics_challenges":"not_provided","climate_change_noticed":"reported","climate_changes":"reported","climate_impacts":"reported","info_sources":"reported","raises_poultry":"reported","poultry_purpose":"not_applicable","farmer_type":"reported","low_input_practices":"reported"}}},{"type":"Feature","id":"CH-HJULXC:chouf_2026","geometry":{"type":"Point","coordinates":[35.57974,33.64737]},"properties":{"entity_type":"survey_respondent_public","respondent_id":"CH-HJULXC","instrument":"chouf_2026","area_name_en":"Mazraat Ech-Chouf","area_name_ar":"مزرعة","district_en":"Chouf","district_ar":"الشوف","location_basis":"residence_village","geom_origin":"osm_settlement_point","spatial_precision":"locality","anchor":[35.5801,33.64614],"display_offset_m":140,"c__owns_land":"yes","c__land_size_band":"lt_5_dunum","c__soil_types":"calcareous","c__crop_groups":"vegetables","c__water_sources":"tanker","c__water_availability":"never","c__water_scarcity":"yes","c__irrigation_need_change":"increase","c__energy_sources":"solar","c__production_level":"medium","c__coop_member":"no","c__homes_trad_food":"some","c__seed_criteria":"pest_resistance","c__seed_sources":"shop","c__seed_challenges":"low_availability","c__traditional_seed_knowledge":"no","c__soil_enhancers":"compost","c__chem_fertilizer_reliance":"not_used","c__pest_control":"physical","c__pesticide_reliance":"not_used","c__marketing_challenges":"low_prices","c__logistics_challenges":"high_transport_cost","c__climate_change_noticed":"no","c__climate_changes":"temperature_rise","c__climate_impacts":"production_decrease","c__info_sources":"extension_agents","c__raises_poultry":"no","c__farmer_type":"type_c","c__low_input_practices":"yes","values":{"owns_land":"yes","land_size_band":"lt_5_dunum","soil_types":["calcareous"],"crop_groups":["vegetables"],"water_sources":["tanker","storage"],"water_availability":"never","water_scarcity":"yes","irrigation_need_change":"increase","energy_sources":["solar"],"production_level":"medium","coop_member":"no","homes_trad_food":"some","seed_criteria":["pest_resistance"],"seed_sources":["shop"],"seed_challenges":["low_availability"],"traditional_seed_knowledge":"no","soil_enhancers":["compost","biofertilizer","manure"],"chem_fertilizer_reliance":"not_used","pest_control":["physical"],"pesticide_reliance":"not_used","marketing_challenges":["low_prices"],"logistics_challenges":["high_transport_cost"],"climate_change_noticed":"no","climate_changes":["temperature_rise","rainfall_decrease"],"climate_impacts":["production_decrease","pests_diseases"],"info_sources":["extension_agents","supply_shops"],"raises_poultry":"no","poultry_purpose":null,"farmer_type":"type_c","low_input_practices":"yes"},"status":{"owns_land":"reported","land_size_band":"reported","soil_types":"reported","crop_groups":"reported","water_sources":"reported","water_availability":"reported","water_scarcity":"reported","irrigation_need_change":"reported","energy_sources":"reported","production_level":"reported","coop_member":"reported","homes_trad_food":"reported","seed_criteria":"reported","seed_sources":"reported","seed_challenges":"reported","traditional_seed_knowledge":"reported","soil_enhancers":"reported","chem_fertilizer_reliance":"reported","pest_control":"reported","pesticide_reliance":"reported","marketing_challenges":"reported","logistics_challenges":"reported","climate_change_noticed":"reported","climate_changes":"reported","climate_impacts":"reported","info_sources":"reported","raises_poultry":"reported","poultry_purpose":"not_applicable","farmer_type":"reported","low_input_practices":"reported"}}},{"type":"Feature","id":"CH-HPD27T:chouf_2026","geometry":{"type":"Point","coordinates":[35.59107,33.65049]},"properties":{"entity_type":"survey_respondent_public","respondent_id":"CH-HPD27T","instrument":"chouf_2026","area_name_en":"Kahlouniet Ech-Chouf","area_name_ar":"كحلونية الشوف","district_en":"Chouf","district_ar":"الشوف","location_basis":"residence_village","geom_origin":"osm_settlement_point","spatial_precision":"locality","anchor":[35.59037,33.64977],"display_offset_m":103,"c__owns_land":"no","c__land_size_band":"gt_2_ha","c__soil_types":"calcareous","c__water_sources":"rain","c__water_availability":"never","c__water_scarcity":"no","c__irrigation_need_change":"increase","c__energy_sources":"manual","c__production_level":"medium","c__coop_member":"yes","c__homes_trad_food":"few","c__seed_criteria":"price","c__seed_sources":"shop","c__seed_challenges":"high_cost","c__traditional_seed_knowledge":"no","c__soil_enhancers":"compost","c__pest_control":"physical","c__pesticide_reliance":"not_used","c__marketing_challenges":"low_prices","c__logistics_challenges":"high_transport_cost","c__climate_change_noticed":"yes","c__climate_changes":"temperature_rise","c__climate_impacts":"production_decrease","c__info_sources":"social_media","c__raises_poultry":"no","c__farmer_type":"type_c","c__low_input_practices":"yes","values":{"owns_land":"no","land_size_band":"gt_2_ha","soil_types":["calcareous"],"crop_groups":null,"water_sources":["rain"],"water_availability":"never","water_scarcity":"no","irrigation_need_change":"increase","energy_sources":["manual"],"production_level":"medium","coop_member":"yes","homes_trad_food":"few","seed_criteria":["price","productivity","pest_resistance"],"seed_sources":["shop","own_harvest"],"seed_challenges":["high_cost","low_availability"],"traditional_seed_knowledge":"no","soil_enhancers":["compost","manure"],"chem_fertilizer_reliance":null,"pest_control":["physical"],"pesticide_reliance":"not_used","marketing_challenges":["low_prices","poor_packaging"],"logistics_challenges":["high_transport_cost"],"climate_change_noticed":"yes","climate_changes":["temperature_rise","rainfall_decrease"],"climate_impacts":["production_decrease","pests_diseases","pollination"],"info_sources":["social_media","extension_agents"],"raises_poultry":"no","poultry_purpose":null,"farmer_type":"type_c","low_input_practices":"yes"},"status":{"owns_land":"reported","land_size_band":"reported","soil_types":"reported","crop_groups":"not_provided","water_sources":"reported","water_availability":"reported","water_scarcity":"reported","irrigation_need_change":"reported","energy_sources":"reported","production_level":"reported","coop_member":"reported","homes_trad_food":"reported","seed_criteria":"reported","seed_sources":"reported","seed_challenges":"reported","traditional_seed_knowledge":"reported","soil_enhancers":"reported","chem_fertilizer_reliance":"not_provided","pest_control":"reported","pesticide_reliance":"reported","marketing_challenges":"reported","logistics_challenges":"reported","climate_change_noticed":"reported","climate_changes":"reported","climate_impacts":"reported","info_sources":"reported","raises_poultry":"reported","poultry_purpose":"not_applicable","farmer_type":"reported","low_input_practices":"reported"}}},{"type":"Feature","id":"CH-HWQR2L:chouf_2026","geometry":{"type":"Point","coordinates":[35.54121,33.68575]},"properties":{"entity_type":"survey_respondent_public","respondent_id":"CH-HWQR2L","instrument":"chouf_2026","area_name_en":"Deir Dourit","area_name_ar":"دير دوريت","district_en":"Chouf","district_ar":"الشوف","location_basis":"residence_village","geom_origin":"osm_settlement_point","spatial_precision":"locality","anchor":[35.54079,33.68576],"display_offset_m":39,"c__owns_land":"yes","c__land_size_band":"lt_5_dunum","c__soil_types":"loamy","c__crop_groups":"other_fruits","c__water_sources":"canal","c__water_availability":"rarely","c__water_scarcity":"yes","c__irrigation_need_change":"unsure","c__energy_sources":"manual","c__production_level":"medium","c__coop_member":"no","c__homes_trad_food":"few","c__seed_criteria":"price","c__seed_sources":"shop","c__seed_challenges":"high_cost","c__traditional_seed_knowledge":"no","c__soil_enhancers":"chemical","c__chem_fertilizer_reliance":"partial","c__pest_control":"chemical","c__pesticide_reliance":"total","c__marketing_challenges":"low_prices","c__logistics_challenges":"high_transport_cost","c__climate_change_noticed":"yes","c__climate_changes":"rainfall_decrease","c__climate_impacts":"production_decrease","c__info_sources":"social_media","c__raises_poultry":"yes","c__poultry_purpose":"home_consumption","c__farmer_type":"type_a","c__low_input_practices":"no","values":{"owns_land":"yes","land_size_band":"lt_5_dunum","soil_types":["loamy"],"crop_groups":["other_fruits","legumes"],"water_sources":["canal"],"water_availability":"rarely","water_scarcity":"yes","irrigation_need_change":"unsure","energy_sources":["manual"],"production_level":"medium","coop_member":"no","homes_trad_food":"few","seed_criteria":["price","productivity","pest_resistance"],"seed_sources":["shop","own_harvest"],"seed_challenges":["high_cost","low_availability"],"traditional_seed_knowledge":"no","soil_enhancers":["chemical"],"chem_fertilizer_reliance":"partial","pest_control":["chemical"],"pesticide_reliance":"total","marketing_challenges":["low_prices","far_markets"],"logistics_challenges":["high_transport_cost"],"climate_change_noticed":"yes","climate_changes":["rainfall_decrease"],"climate_impacts":["production_decrease","season_delay"],"info_sources":["social_media"],"raises_poultry":"yes","poultry_purpose":["home_consumption"],"farmer_type":"type_a","low_input_practices":"no"},"status":{"owns_land":"reported","land_size_band":"reported","soil_types":"reported","crop_groups":"reported","water_sources":"reported","water_availability":"reported","water_scarcity":"reported","irrigation_need_change":"reported","energy_sources":"reported","production_level":"reported","coop_member":"reported","homes_trad_food":"reported","seed_criteria":"reported","seed_sources":"reported","seed_challenges":"reported","traditional_seed_knowledge":"reported","soil_enhancers":"reported","chem_fertilizer_reliance":"reported","pest_control":"reported","pesticide_reliance":"reported","marketing_challenges":"reported","logistics_challenges":"reported","climate_change_noticed":"reported","climate_changes":"reported","climate_impacts":"reported","info_sources":"reported","raises_poultry":"reported","poultry_purpose":"reported","farmer_type":"reported","low_input_practices":"reported"}}},{"type":"Feature","id":"CH-J8849L:chouf_2026","geometry":{"type":"Point","coordinates":[35.67425,33.72047]},"properties":{"entity_type":"survey_respondent_public","respondent_id":"CH-J8849L","instrument":"chouf_2026","area_name_en":"Ouarhaniyeh","area_name_ar":"ورهانية","district_en":"Chouf","district_ar":"الشوف","location_basis":"residence_village","geom_origin":"osm_settlement_point","spatial_precision":"locality","anchor":[35.67419,33.72125],"display_offset_m":87,"c__owns_land":"yes","c__land_size_band":"lt_1_ha","c__soil_types":"clay","c__crop_groups":"apples_pears","c__water_sources":"canal","c__water_availability":"sometimes","c__water_scarcity":"no","c__irrigation_need_change":"increase","c__energy_sources":"manual","c__production_level":"small","c__coop_member":"no","c__homes_trad_food":"some","c__seed_criteria":"price","c__seed_sources":"shop","c__seed_challenges":"high_cost","c__traditional_seed_knowledge":"no","c__soil_enhancers":"chemical","c__chem_fertilizer_reliance":"partial","c__pest_control":"chemical","c__pesticide_reliance":"total","c__marketing_challenges":"low_prices","c__climate_change_noticed":"yes","c__climate_changes":"temperature_rise","c__climate_impacts":"production_decrease","c__info_sources":"supply_shops","c__raises_poultry":"yes","c__poultry_purpose":"home_consumption","c__farmer_type":"type_b","c__low_input_practices":"yes","values":{"owns_land":"yes","land_size_band":"lt_1_ha","soil_types":["clay"],"crop_groups":["apples_pears","stone_fruits"],"water_sources":["canal"],"water_availability":"sometimes","water_scarcity":"no","irrigation_need_change":"increase","energy_sources":["manual"],"production_level":"small","coop_member":"no","homes_trad_food":"some","seed_criteria":["price","productivity"],"seed_sources":["shop","neighbour","own_harvest"],"seed_challenges":["high_cost","low_availability","unreliable_suppliers"],"traditional_seed_knowledge":"no","soil_enhancers":["chemical","biofertilizer","manure"],"chem_fertilizer_reliance":"partial","pest_control":["chemical","physical"],"pesticide_reliance":"total","marketing_challenges":["low_prices","far_markets"],"logistics_challenges":null,"climate_change_noticed":"yes","climate_changes":["temperature_rise","heatwaves","frost"],"climate_impacts":["production_decrease","season_delay","pests_diseases"],"info_sources":["supply_shops"],"raises_poultry":"yes","poultry_purpose":["home_consumption","local_sale"],"farmer_type":"type_b","low_input_practices":"yes"},"status":{"owns_land":"reported","land_size_band":"reported","soil_types":"reported","crop_groups":"reported","water_sources":"reported","water_availability":"reported","water_scarcity":"reported","irrigation_need_change":"reported","energy_sources":"reported","production_level":"reported","coop_member":"reported","homes_trad_food":"reported","seed_criteria":"reported","seed_sources":"reported","seed_challenges":"reported","traditional_seed_knowledge":"reported","soil_enhancers":"reported","chem_fertilizer_reliance":"reported","pest_control":"reported","pesticide_reliance":"reported","marketing_challenges":"reported","logistics_challenges":"not_provided","climate_change_noticed":"reported","climate_changes":"reported","climate_impacts":"reported","info_sources":"reported","raises_poultry":"reported","poultry_purpose":"reported","farmer_type":"reported","low_input_practices":"reported"}}},{"type":"Feature","id":"CH-JBFDKV:chouf_2026","geometry":{"type":"Point","coordinates":[35.56361,33.67661]},"properties":{"entity_type":"survey_respondent_public","respondent_id":"CH-JBFDKV","instrument":"chouf_2026","area_name_en":"Baaqline","area_name_ar":"بعقلين","district_en":"Chouf","district_ar":"الشوف","location_basis":"residence_village","geom_origin":"osm_settlement_point","spatial_precision":"locality","anchor":[35.56355,33.67739],"display_offset_m":87,"c__owns_land":"yes","c__land_size_band":"lt_1_ha","c__soil_types":"loamy","c__crop_groups":"vegetables","c__water_sources":"public_network","c__water_availability":"never","c__water_scarcity":"yes","c__irrigation_need_change":"increase","c__energy_sources":"none","c__production_level":"medium","c__coop_member":"no","c__homes_trad_food":"most","c__seed_criteria":"price","c__seed_sources":"shop","c__seed_challenges":"high_cost","c__traditional_seed_knowledge":"no","c__soil_enhancers":"chemical","c__chem_fertilizer_reliance":"partial","c__pest_control":"chemical","c__pesticide_reliance":"total","c__marketing_challenges":"low_prices","c__logistics_challenges":"high_transport_cost","c__climate_change_noticed":"yes","c__climate_changes":"temperature_rise","c__climate_impacts":"production_decrease","c__info_sources":"social_media","c__raises_poultry":"no","c__farmer_type":"type_a","c__low_input_practices":"yes","values":{"owns_land":"yes","land_size_band":"lt_1_ha","soil_types":["loamy"],"crop_groups":["vegetables"],"water_sources":["public_network"],"water_availability":"never","water_scarcity":"yes","irrigation_need_change":"increase","energy_sources":["none"],"production_level":"medium","coop_member":"no","homes_trad_food":"most","seed_criteria":["price","productivity","pest_resistance"],"seed_sources":["shop"],"seed_challenges":["high_cost","low_availability","unsuitable"],"traditional_seed_knowledge":"no","soil_enhancers":["chemical","manure"],"chem_fertilizer_reliance":"partial","pest_control":["chemical"],"pesticide_reliance":"total","marketing_challenges":["low_prices"],"logistics_challenges":["high_transport_cost"],"climate_change_noticed":"yes","climate_changes":["temperature_rise","rainfall_decrease"],"climate_impacts":["production_decrease","season_delay","pests_diseases"],"info_sources":["social_media","extension_agents","supply_shops"],"raises_poultry":"no","poultry_purpose":null,"farmer_type":"type_a","low_input_practices":"yes"},"status":{"owns_land":"reported","land_size_band":"reported","soil_types":"reported","crop_groups":"reported","water_sources":"reported","water_availability":"reported","water_scarcity":"reported","irrigation_need_change":"reported","energy_sources":"reported","production_level":"reported","coop_member":"reported","homes_trad_food":"reported","seed_criteria":"reported","seed_sources":"reported","seed_challenges":"reported","traditional_seed_knowledge":"reported","soil_enhancers":"reported","chem_fertilizer_reliance":"reported","pest_control":"reported","pesticide_reliance":"reported","marketing_challenges":"reported","logistics_challenges":"reported","climate_change_noticed":"reported","climate_changes":"reported","climate_impacts":"reported","info_sources":"reported","raises_poultry":"reported","poultry_purpose":"not_applicable","farmer_type":"reported","low_input_practices":"reported"}}},{"type":"Feature","id":"CH-JC5DPE:chouf_2026","geometry":{"type":"Point","coordinates":[35.6292,33.6104]},"properties":{"entity_type":"survey_respondent_public","respondent_id":"CH-JC5DPE","instrument":"chouf_2026","area_name_en":"Jbaa Ech-Chouf","area_name_ar":"جباع","district_en":"Chouf","district_ar":"الشوف","location_basis":"farm_area_reported","geom_origin":"osm_settlement_point","spatial_precision":"locality","anchor":[35.6292,33.6104],"display_offset_m":0,"c__owns_land":"yes","c__land_size_band":"lt_5_dunum","c__soil_types":"clay","c__crop_groups":"olives","c__water_sources":"storage","c__water_availability":"rarely","c__water_scarcity":"yes","c__irrigation_need_change":"increase","c__energy_sources":"manual","c__production_level":"small","c__coop_member":"no","c__homes_trad_food":"some","c__seed_criteria":"price","c__seed_sources":"shop","c__seed_challenges":"high_cost","c__traditional_seed_knowledge":"no","c__soil_enhancers":"compost","c__chem_fertilizer_reliance":"not_used","c__pest_control":"biological","c__pesticide_reliance":"not_used","c__marketing_challenges":"weak_demand","c__logistics_challenges":"no_paved_roads","c__climate_change_noticed":"yes","c__climate_changes":"rainfall_decrease","c__climate_impacts":"production_decrease","c__info_sources":"extension_agents","c__raises_poultry":"no","c__poultry_purpose":"local_sale","c__farmer_type":"type_c","c__low_input_practices":"yes","values":{"owns_land":"yes","land_size_band":"lt_5_dunum","soil_types":["clay"],"crop_groups":["olives","vegetables"],"water_sources":["storage"],"water_availability":"rarely","water_scarcity":"yes","irrigation_need_change":"increase","energy_sources":["manual"],"production_level":"small","coop_member":"no","homes_trad_food":"some","seed_criteria":["price","productivity","pest_resistance"],"seed_sources":["shop"],"seed_challenges":["high_cost","low_availability"],"traditional_seed_knowledge":"no","soil_enhancers":["compost","manure"],"chem_fertilizer_reliance":"not_used","pest_control":["biological"],"pesticide_reliance":"not_used","marketing_challenges":["weak_demand"],"logistics_challenges":["no_paved_roads"],"climate_change_noticed":"yes","climate_changes":["rainfall_decrease","heatwaves","frost"],"climate_impacts":["production_decrease","season_delay","pests_diseases","pollination"],"info_sources":["extension_agents"],"raises_poultry":"no","poultry_purpose":["local_sale"],"farmer_type":"type_c","low_input_practices":"yes"},"status":{"owns_land":"reported","land_size_band":"reported","soil_types":"reported","crop_groups":"reported","water_sources":"reported","water_availability":"reported","water_scarcity":"reported","irrigation_need_change":"reported","energy_sources":"reported","production_level":"reported","coop_member":"reported","homes_trad_food":"reported","seed_criteria":"reported","seed_sources":"reported","seed_challenges":"reported","traditional_seed_knowledge":"reported","soil_enhancers":"reported","chem_fertilizer_reliance":"reported","pest_control":"reported","pesticide_reliance":"reported","marketing_challenges":"reported","logistics_challenges":"reported","climate_change_noticed":"reported","climate_changes":"reported","climate_impacts":"reported","info_sources":"reported","raises_poultry":"reported","poultry_purpose":"reported","farmer_type":"reported","low_input_practices":"reported"}}},{"type":"Feature","id":"CH-JFTF3M:chouf_2026","geometry":{"type":"Point","coordinates":[35.65186,33.69673]},"properties":{"entity_type":"survey_respondent_public","respondent_id":"CH-JFTF3M","instrument":"chouf_2026","area_name_en":"Batloun","area_name_ar":"بتلون","district_en":"Chouf","district_ar":"الشوف","location_basis":"residence_village","geom_origin":"osm_settlement_point","spatial_precision":"locality","anchor":[35.65221,33.6955],"display_offset_m":140,"c__owns_land":"yes","c__land_size_band":"lt_5_dunum","c__soil_types":"clay","c__crop_groups":"vegetables","c__water_sources":"tanker","c__water_availability":"rarely","c__water_scarcity":"yes","c__irrigation_need_change":"decrease","c__energy_sources":"none","c__production_level":"small","c__coop_member":"no","c__homes_trad_food":"most","c__seed_criteria":"productivity","c__seed_sources":"shop","c__seed_challenges":"high_cost","c__traditional_seed_knowledge":"no","c__soil_enhancers":"compost","c__pest_control":"biological","c__logistics_challenges":"no_transport","c__climate_change_noticed":"yes","c__climate_changes":"temperature_rise","c__climate_impacts":"production_decrease","c__info_sources":"social_media","c__raises_poultry":"no","c__farmer_type":"type_c","c__low_input_practices":"yes","values":{"owns_land":"yes","land_size_band":"lt_5_dunum","soil_types":["clay"],"crop_groups":["vegetables"],"water_sources":["tanker","canal","storage"],"water_availability":"rarely","water_scarcity":"yes","irrigation_need_change":"decrease","energy_sources":["none"],"production_level":"small","coop_member":"no","homes_trad_food":"most","seed_criteria":["productivity","pest_resistance"],"seed_sources":["shop","neighbour","own_harvest"],"seed_challenges":["high_cost","low_availability","unsuitable"],"traditional_seed_knowledge":"no","soil_enhancers":["compost","manure"],"chem_fertilizer_reliance":null,"pest_control":["biological"],"pesticide_reliance":null,"marketing_challenges":null,"logistics_challenges":["no_transport"],"climate_change_noticed":"yes","climate_changes":["temperature_rise","rainfall_decrease","heatwaves","frost"],"climate_impacts":["production_decrease","season_delay","pests_diseases","pollination"],"info_sources":["social_media"],"raises_poultry":"no","poultry_purpose":null,"farmer_type":"type_c","low_input_practices":"yes"},"status":{"owns_land":"reported","land_size_band":"reported","soil_types":"reported","crop_groups":"reported","water_sources":"reported","water_availability":"reported","water_scarcity":"reported","irrigation_need_change":"reported","energy_sources":"reported","production_level":"reported","coop_member":"reported","homes_trad_food":"reported","seed_criteria":"reported","seed_sources":"reported","seed_challenges":"reported","traditional_seed_knowledge":"reported","soil_enhancers":"reported","chem_fertilizer_reliance":"not_provided","pest_control":"reported","pesticide_reliance":"not_provided","marketing_challenges":"not_provided","logistics_challenges":"reported","climate_change_noticed":"reported","climate_changes":"reported","climate_impacts":"reported","info_sources":"reported","raises_poultry":"reported","poultry_purpose":"not_applicable","farmer_type":"reported","low_input_practices":"reported"}}},{"type":"Feature","id":"CH-JX2GU7:chouf_2026","geometry":{"type":"Point","coordinates":[35.58913,33.64961]},"properties":{"entity_type":"survey_respondent_public","respondent_id":"CH-JX2GU7","instrument":"chouf_2026","area_name_en":"Kahlouniet Ech-Chouf","area_name_ar":"كحلونية الشوف","district_en":"Chouf","district_ar":"الشوف","location_basis":"residence_village","geom_origin":"osm_settlement_point","spatial_precision":"locality","anchor":[35.59037,33.64977],"display_offset_m":117,"c__owns_land":"yes","c__land_size_band":"lt_5_dunum","c__soil_types":"loamy","c__crop_groups":"vegetables","c__water_sources":"tanker","c__water_availability":"never","c__water_scarcity":"yes","c__irrigation_need_change":"unsure","c__energy_sources":"manual","c__production_level":"small","c__coop_member":"no","c__homes_trad_food":"few","c__seed_criteria":"price","c__seed_sources":"shop","c__seed_challenges":"high_cost","c__traditional_seed_knowledge":"yes","c__soil_enhancers":"manure","c__chem_fertilizer_reliance":"not_used","c__pest_control":"local","c__pesticide_reliance":"partial","c__marketing_challenges":"low_prices","c__logistics_challenges":"no_paved_roads","c__climate_change_noticed":"yes","c__climate_changes":"rainfall_decrease","c__climate_impacts":"production_decrease","c__info_sources":"social_media","c__raises_poultry":"yes","c__poultry_purpose":"home_consumption","c__farmer_type":"type_d","c__low_input_practices":"yes","values":{"owns_land":"yes","land_size_band":"lt_5_dunum","soil_types":["loamy"],"crop_groups":["vegetables"],"water_sources":["tanker","storage"],"water_availability":"never","water_scarcity":"yes","irrigation_need_change":"unsure","energy_sources":["manual"],"production_level":"small","coop_member":"no","homes_trad_food":"few","seed_criteria":["price"],"seed_sources":["shop"],"seed_challenges":["high_cost"],"traditional_seed_knowledge":"yes","soil_enhancers":["manure"],"chem_fertilizer_reliance":"not_used","pest_control":["local"],"pesticide_reliance":"partial","marketing_challenges":["low_prices"],"logistics_challenges":["no_paved_roads"],"climate_change_noticed":"yes","climate_changes":["rainfall_decrease"],"climate_impacts":["production_decrease"],"info_sources":["social_media"],"raises_poultry":"yes","poultry_purpose":["home_consumption"],"farmer_type":"type_d","low_input_practices":"yes"},"status":{"owns_land":"reported","land_size_band":"reported","soil_types":"reported","crop_groups":"reported","water_sources":"reported","water_availability":"reported","water_scarcity":"reported","irrigation_need_change":"reported","energy_sources":"reported","production_level":"reported","coop_member":"reported","homes_trad_food":"reported","seed_criteria":"reported","seed_sources":"reported","seed_challenges":"reported","traditional_seed_knowledge":"reported","soil_enhancers":"reported","chem_fertilizer_reliance":"reported","pest_control":"reported","pesticide_reliance":"reported","marketing_challenges":"reported","logistics_challenges":"reported","climate_change_noticed":"reported","climate_changes":"reported","climate_impacts":"reported","info_sources":"reported","raises_poultry":"reported","poultry_purpose":"reported","farmer_type":"reported","low_input_practices":"reported"}}},{"type":"Feature","id":"CH-JYKK6A:chouf_2026","geometry":{"type":"Point","coordinates":[35.63371,33.69469]},"properties":{"entity_type":"survey_respondent_public","respondent_id":"CH-JYKK6A","instrument":"chouf_2026","area_name_en":"Kfar Nabrakh","area_name_ar":"كفرنبرخ","district_en":"Chouf","district_ar":"الشوف","location_basis":"residence_village","geom_origin":"osm_settlement_point","spatial_precision":"locality","anchor":[35.63329,33.6947],"display_offset_m":39,"c__owns_land":"yes","c__land_size_band":"lt_5_dunum","c__soil_types":"clay","c__crop_groups":"vegetables","c__water_sources":"canal","c__water_availability":"sometimes","c__water_scarcity":"no","c__irrigation_need_change":"increase","c__energy_sources":"diesel","c__production_level":"medium","c__coop_member":"no","c__homes_trad_food":"few","c__seed_criteria":"productivity","c__seed_sources":"own_harvest","c__seed_challenges":"high_cost","c__traditional_seed_knowledge":"no","c__soil_enhancers":"chemical","c__chem_fertilizer_reliance":"total","c__pest_control":"chemical","c__pesticide_reliance":"total","c__marketing_challenges":"low_prices","c__logistics_challenges":"high_transport_cost","c__climate_change_noticed":"yes","c__climate_changes":"rainfall_decrease","c__climate_impacts":"pests_diseases","c__info_sources":"supply_shops","c__raises_poultry":"no","c__farmer_type":"type_a","c__low_input_practices":"no","values":{"owns_land":"yes","land_size_band":"lt_5_dunum","soil_types":["clay"],"crop_groups":["vegetables"],"water_sources":["canal"],"water_availability":"sometimes","water_scarcity":"no","irrigation_need_change":"increase","energy_sources":["diesel"],"production_level":"medium","coop_member":"no","homes_trad_food":"few","seed_criteria":["productivity"],"seed_sources":["own_harvest"],"seed_challenges":["high_cost"],"traditional_seed_knowledge":"no","soil_enhancers":["chemical"],"chem_fertilizer_reliance":"total","pest_control":["chemical"],"pesticide_reliance":"total","marketing_challenges":["low_prices"],"logistics_challenges":["high_transport_cost","no_paved_roads"],"climate_change_noticed":"yes","climate_changes":["rainfall_decrease","heatwaves"],"climate_impacts":["pests_diseases"],"info_sources":["supply_shops"],"raises_poultry":"no","poultry_purpose":null,"farmer_type":"type_a","low_input_practices":"no"},"status":{"owns_land":"reported","land_size_band":"reported","soil_types":"reported","crop_groups":"reported","water_sources":"reported","water_availability":"reported","water_scarcity":"reported","irrigation_need_change":"reported","energy_sources":"reported","production_level":"reported","coop_member":"reported","homes_trad_food":"reported","seed_criteria":"reported","seed_sources":"reported","seed_challenges":"reported","traditional_seed_knowledge":"reported","soil_enhancers":"reported","chem_fertilizer_reliance":"reported","pest_control":"reported","pesticide_reliance":"reported","marketing_challenges":"reported","logistics_challenges":"reported","climate_change_noticed":"reported","climate_changes":"reported","climate_impacts":"reported","info_sources":"reported","raises_poultry":"reported","poultry_purpose":"not_applicable","farmer_type":"reported","low_input_practices":"reported"}}},{"type":"Feature","id":"CH-K6QX6K:chouf_2026","geometry":{"type":"Point","coordinates":[35.55147,33.63966]},"properties":{"entity_type":"survey_respondent_public","respondent_id":"CH-K6QX6K","instrument":"chouf_2026","area_name_en":"Gharifeh","area_name_ar":"غريفة","district_en":"Chouf","district_ar":"الشوف","location_basis":"residence_village","geom_origin":"osm_settlement_point","spatial_precision":"locality","anchor":[35.55199,33.63924],"display_offset_m":67,"c__owns_land":"yes","c__land_size_band":"lt_1_ha","c__soil_types":"clay","c__crop_groups":"olives","c__water_sources":"rain","c__water_availability":"always","c__water_scarcity":"no","c__irrigation_need_change":"decrease","c__energy_sources":"none","c__production_level":"medium","c__coop_member":"no","c__homes_trad_food":"some","c__seed_criteria":"productivity","c__seed_sources":"nursery","c__seed_challenges":"none","c__traditional_seed_knowledge":"no","c__soil_enhancers":"manure","c__pest_control":"physical","c__marketing_challenges":"weak_demand","c__logistics_challenges":"high_transport_cost","c__climate_change_noticed":"yes","c__climate_changes":"temperature_rise","c__climate_impacts":"pests_diseases","c__info_sources":"social_media","c__raises_poultry":"yes","c__poultry_purpose":"home_consumption","c__farmer_type":"type_c","c__low_input_practices":"yes","values":{"owns_land":"yes","land_size_band":"lt_1_ha","soil_types":["clay"],"crop_groups":["olives"],"water_sources":["rain"],"water_availability":"always","water_scarcity":"no","irrigation_need_change":"decrease","energy_sources":["none"],"production_level":"medium","coop_member":"no","homes_trad_food":"some","seed_criteria":["productivity"],"seed_sources":["nursery"],"seed_challenges":["none"],"traditional_seed_knowledge":"no","soil_enhancers":["manure"],"chem_fertilizer_reliance":null,"pest_control":["physical"],"pesticide_reliance":null,"marketing_challenges":["weak_demand","no_transport"],"logistics_challenges":["high_transport_cost"],"climate_change_noticed":"yes","climate_changes":["temperature_rise","rainfall_decrease","heatwaves"],"climate_impacts":["pests_diseases","pollination"],"info_sources":["social_media","extension_agents"],"raises_poultry":"yes","poultry_purpose":["home_consumption"],"farmer_type":"type_c","low_input_practices":"yes"},"status":{"owns_land":"reported","land_size_band":"reported","soil_types":"reported","crop_groups":"reported","water_sources":"reported","water_availability":"reported","water_scarcity":"reported","irrigation_need_change":"reported","energy_sources":"reported","production_level":"reported","coop_member":"reported","homes_trad_food":"reported","seed_criteria":"reported","seed_sources":"reported","seed_challenges":"reported","traditional_seed_knowledge":"reported","soil_enhancers":"reported","chem_fertilizer_reliance":"not_provided","pest_control":"reported","pesticide_reliance":"not_provided","marketing_challenges":"reported","logistics_challenges":"reported","climate_change_noticed":"reported","climate_changes":"reported","climate_impacts":"reported","info_sources":"reported","raises_poultry":"reported","poultry_purpose":"reported","farmer_type":"reported","low_input_practices":"reported"}}},{"type":"Feature","id":"CH-K8GKU2:chouf_2026","geometry":{"type":"Point","coordinates":[35.60671,33.62871]},"properties":{"entity_type":"survey_respondent_public","respondent_id":"CH-K8GKU2","instrument":"chouf_2026","area_name_en":"Haret Jandal","area_name_ar":"حارة جندل","district_en":"Chouf","district_ar":"الشوف","location_basis":"residence_village","geom_origin":"osm_settlement_point","spatial_precision":"locality","anchor":[35.60671,33.62871],"display_offset_m":0,"c__owns_land":"yes","c__land_size_band":"lt_1_ha","c__soil_types":"clay","c__crop_groups":"olives","c__water_sources":"river","c__water_availability":"always","c__water_scarcity":"no","c__irrigation_need_change":"increase","c__energy_sources":"manual","c__production_level":"small","c__coop_member":"no","c__homes_trad_food":"some","c__seed_criteria":"productivity","c__seed_sources":"shop","c__seed_challenges":"low_availability","c__traditional_seed_knowledge":"no","c__soil_enhancers":"chemical","c__chem_fertilizer_reliance":"partial","c__pest_control":"chemical","c__pesticide_reliance":"total","c__marketing_challenges":"weak_demand","c__logistics_challenges":"high_transport_cost","c__climate_change_noticed":"yes","c__climate_changes":"temperature_rise","c__climate_impacts":"production_decrease","c__info_sources":"social_media","c__raises_poultry":"yes","c__poultry_purpose":"home_consumption","c__farmer_type":"type_b","c__low_input_practices":"yes","values":{"owns_land":"yes","land_size_band":"lt_1_ha","soil_types":["clay"],"crop_groups":["olives","vegetables"],"water_sources":["river"],"water_availability":"always","water_scarcity":"no","irrigation_need_change":"increase","energy_sources":["manual"],"production_level":"small","coop_member":"no","homes_trad_food":"some","seed_criteria":["productivity","pest_resistance"],"seed_sources":["shop"],"seed_challenges":["low_availability","unreliable_suppliers"],"traditional_seed_knowledge":"no","soil_enhancers":["chemical","manure"],"chem_fertilizer_reliance":"partial","pest_control":["chemical"],"pesticide_reliance":"total","marketing_challenges":["weak_demand"],"logistics_challenges":["high_transport_cost"],"climate_change_noticed":"yes","climate_changes":["temperature_rise","rainfall_decrease"],"climate_impacts":["production_decrease","pests_diseases"],"info_sources":["social_media","extension_agents"],"raises_poultry":"yes","poultry_purpose":["home_consumption"],"farmer_type":"type_b","low_input_practices":"yes"},"status":{"owns_land":"reported","land_size_band":"reported","soil_types":"reported","crop_groups":"reported","water_sources":"reported","water_availability":"reported","water_scarcity":"reported","irrigation_need_change":"reported","energy_sources":"reported","production_level":"reported","coop_member":"reported","homes_trad_food":"reported","seed_criteria":"reported","seed_sources":"reported","seed_challenges":"reported","traditional_seed_knowledge":"reported","soil_enhancers":"reported","chem_fertilizer_reliance":"reported","pest_control":"reported","pesticide_reliance":"reported","marketing_challenges":"reported","logistics_challenges":"reported","climate_change_noticed":"reported","climate_changes":"reported","climate_impacts":"reported","info_sources":"reported","raises_poultry":"reported","poultry_purpose":"reported","farmer_type":"reported","low_input_practices":"reported"}}},{"type":"Feature","id":"CH-K8LPQF:chouf_2026","geometry":{"type":"Point","coordinates":[35.50602,33.69189]},"properties":{"entity_type":"survey_respondent_public","respondent_id":"CH-K8LPQF","instrument":"chouf_2026","area_name_en":"Dmit","area_name_ar":"دميت","district_en":"Chouf","district_ar":"الشوف","location_basis":"residence_village","geom_origin":"osm_settlement_point","spatial_precision":"locality","anchor":[35.50596,33.69267],"display_offset_m":87,"c__owns_land":"yes","c__land_size_band":"lt_5_dunum","c__soil_types":"loamy","c__crop_groups":"vegetables","c__water_sources":"canal","c__water_availability":"sometimes","c__water_scarcity":"yes","c__irrigation_need_change":"decrease","c__energy_sources":"gravity","c__production_level":"medium","c__coop_member":"no","c__homes_trad_food":"some","c__seed_criteria":"price","c__seed_sources":"shop","c__seed_challenges":"high_cost","c__traditional_seed_knowledge":"no","c__soil_enhancers":"manure","c__chem_fertilizer_reliance":"partial","c__pest_control":"chemical","c__pesticide_reliance":"total","c__marketing_challenges":"low_prices","c__logistics_challenges":"high_transport_cost","c__climate_change_noticed":"yes","c__climate_changes":"rainfall_decrease","c__climate_impacts":"production_decrease","c__info_sources":"supply_shops","c__raises_poultry":"no","c__poultry_purpose":"home_consumption","c__farmer_type":"type_a","c__low_input_practices":"yes","values":{"owns_land":"yes","land_size_band":"lt_5_dunum","soil_types":["loamy"],"crop_groups":["vegetables","legumes"],"water_sources":["canal","spring"],"water_availability":"sometimes","water_scarcity":"yes","irrigation_need_change":"decrease","energy_sources":["gravity"],"production_level":"medium","coop_member":"no","homes_trad_food":"some","seed_criteria":["price"],"seed_sources":["shop","own_harvest"],"seed_challenges":["high_cost","low_availability"],"traditional_seed_knowledge":"no","soil_enhancers":["manure"],"chem_fertilizer_reliance":"partial","pest_control":["chemical"],"pesticide_reliance":"total","marketing_challenges":["low_prices"],"logistics_challenges":["high_transport_cost"],"climate_change_noticed":"yes","climate_changes":["rainfall_decrease","heatwaves"],"climate_impacts":["production_decrease"],"info_sources":["supply_shops"],"raises_poultry":"no","poultry_purpose":["home_consumption"],"farmer_type":"type_a","low_input_practices":"yes"},"status":{"owns_land":"reported","land_size_band":"reported","soil_types":"reported","crop_groups":"reported","water_sources":"reported","water_availability":"reported","water_scarcity":"reported","irrigation_need_change":"reported","energy_sources":"reported","production_level":"reported","coop_member":"reported","homes_trad_food":"reported","seed_criteria":"reported","seed_sources":"reported","seed_challenges":"reported","traditional_seed_knowledge":"reported","soil_enhancers":"reported","chem_fertilizer_reliance":"reported","pest_control":"reported","pesticide_reliance":"reported","marketing_challenges":"reported","logistics_challenges":"reported","climate_change_noticed":"reported","climate_changes":"reported","climate_impacts":"reported","info_sources":"reported","raises_poultry":"reported","poultry_purpose":"reported","farmer_type":"reported","low_input_practices":"reported"}}},{"type":"Feature","id":"CH-K9HGHV:chouf_2026","geometry":{"type":"Point","coordinates":[35.4053,33.58861]},"properties":{"entity_type":"survey_respondent_public","respondent_id":"CH-K9HGHV","instrument":"chouf_2026","area_name_en":"Aalmane Ech-Chouf","area_name_ar":"علمان الشوف","district_en":"Chouf","district_ar":"الشوف","location_basis":"residence_village","geom_origin":"osm_settlement_point","spatial_precision":"locality","anchor":[35.40697,33.58799],"display_offset_m":170,"c__owns_land":"yes","c__land_size_band":"lt_5_dunum","c__soil_types":"loamy","c__crop_groups":"citrus","c__water_sources":"well","c__water_availability":"always","c__water_scarcity":"no","c__irrigation_need_change":"unsure","c__energy_sources":"diesel","c__production_level":"medium","c__coop_member":"no","c__homes_trad_food":"almost_all","c__seed_criteria":"price","c__seed_sources":"shop","c__seed_challenges":"none","c__traditional_seed_knowledge":"no","c__soil_enhancers":"chemical","c__chem_fertilizer_reliance":"partial","c__pest_control":"chemical","c__pesticide_reliance":"total","c__marketing_challenges":"low_prices","c__logistics_challenges":"high_transport_cost","c__climate_change_noticed":"yes","c__climate_changes":"temperature_rise","c__climate_impacts":"production_decrease","c__info_sources":"supply_shops","c__raises_poultry":"yes","c__poultry_purpose":"home_consumption","c__farmer_type":"type_a","c__low_input_practices":"no","values":{"owns_land":"yes","land_size_band":"lt_5_dunum","soil_types":["loamy"],"crop_groups":["citrus","tropical_fruits"],"water_sources":["well"],"water_availability":"always","water_scarcity":"no","irrigation_need_change":"unsure","energy_sources":["diesel"],"production_level":"medium","coop_member":"no","homes_trad_food":"almost_all","seed_criteria":["price","productivity","pest_resistance"],"seed_sources":["shop"],"seed_challenges":["none"],"traditional_seed_knowledge":"no","soil_enhancers":["chemical"],"chem_fertilizer_reliance":"partial","pest_control":["chemical"],"pesticide_reliance":"total","marketing_challenges":["low_prices","weak_demand","far_markets","no_transport"],"logistics_challenges":["high_transport_cost","no_transport"],"climate_change_noticed":"yes","climate_changes":["temperature_rise"],"climate_impacts":["production_decrease"],"info_sources":["supply_shops"],"raises_poultry":"yes","poultry_purpose":["home_consumption"],"farmer_type":"type_a","low_input_practices":"no"},"status":{"owns_land":"reported","land_size_band":"reported","soil_types":"reported","crop_groups":"reported","water_sources":"reported","water_availability":"reported","water_scarcity":"reported","irrigation_need_change":"reported","energy_sources":"reported","production_level":"reported","coop_member":"reported","homes_trad_food":"reported","seed_criteria":"reported","seed_sources":"reported","seed_challenges":"reported","traditional_seed_knowledge":"reported","soil_enhancers":"reported","chem_fertilizer_reliance":"reported","pest_control":"reported","pesticide_reliance":"reported","marketing_challenges":"reported","logistics_challenges":"reported","climate_change_noticed":"reported","climate_changes":"reported","climate_impacts":"reported","info_sources":"reported","raises_poultry":"reported","poultry_purpose":"reported","farmer_type":"reported","low_input_practices":"reported"}}},{"type":"Feature","id":"CH-K9NY8N:chouf_2026","geometry":{"type":"Point","coordinates":[35.67489,33.72197]},"properties":{"entity_type":"survey_respondent_public","respondent_id":"CH-K9NY8N","instrument":"chouf_2026","area_name_en":"Ouarhaniyeh","area_name_ar":"ورهانية","district_en":"Chouf","district_ar":"الشوف","location_basis":"residence_village","geom_origin":"osm_settlement_point","spatial_precision":"locality","anchor":[35.67419,33.72125],"display_offset_m":103,"c__owns_land":"yes","c__land_size_band":"gt_1_ha","c__soil_types":"clay","c__crop_groups":"apples_pears","c__water_sources":"river","c__water_availability":"sometimes","c__water_scarcity":"yes","c__irrigation_need_change":"increase","c__energy_sources":"grid","c__production_level":"medium","c__coop_member":"yes","c__homes_trad_food":"most","c__seed_criteria":"price","c__seed_sources":"nursery","c__seed_challenges":"high_cost","c__traditional_seed_knowledge":"no","c__soil_enhancers":"chemical","c__chem_fertilizer_reliance":"partial","c__pest_control":"chemical","c__pesticide_reliance":"total","c__marketing_challenges":"low_prices","c__logistics_challenges":"high_transport_cost","c__climate_change_noticed":"yes","c__climate_changes":"temperature_rise","c__climate_impacts":"production_decrease","c__info_sources":"supply_shops","c__raises_poultry":"no","c__farmer_type":"type_b","c__low_input_practices":"yes","values":{"owns_land":"yes","land_size_band":"gt_1_ha","soil_types":["clay"],"crop_groups":["apples_pears","stone_fruits"],"water_sources":["river"],"water_availability":"sometimes","water_scarcity":"yes","irrigation_need_change":"increase","energy_sources":["grid"],"production_level":"medium","coop_member":"yes","homes_trad_food":"most","seed_criteria":["price","productivity","pest_resistance"],"seed_sources":["nursery"],"seed_challenges":["high_cost","unreliable_suppliers"],"traditional_seed_knowledge":"no","soil_enhancers":["chemical","manure"],"chem_fertilizer_reliance":"partial","pest_control":["chemical"],"pesticide_reliance":"total","marketing_challenges":["low_prices"],"logistics_challenges":["high_transport_cost"],"climate_change_noticed":"yes","climate_changes":["temperature_rise","rainfall_decrease"],"climate_impacts":["production_decrease","pests_diseases"],"info_sources":["supply_shops"],"raises_poultry":"no","poultry_purpose":null,"farmer_type":"type_b","low_input_practices":"yes"},"status":{"owns_land":"reported","land_size_band":"reported","soil_types":"reported","crop_groups":"reported","water_sources":"reported","water_availability":"reported","water_scarcity":"reported","irrigation_need_change":"reported","energy_sources":"reported","production_level":"reported","coop_member":"reported","homes_trad_food":"reported","seed_criteria":"reported","seed_sources":"reported","seed_challenges":"reported","traditional_seed_knowledge":"reported","soil_enhancers":"reported","chem_fertilizer_reliance":"reported","pest_control":"reported","pesticide_reliance":"reported","marketing_challenges":"reported","logistics_challenges":"reported","climate_change_noticed":"reported","climate_changes":"reported","climate_impacts":"reported","info_sources":"reported","raises_poultry":"reported","poultry_purpose":"not_applicable","farmer_type":"reported","low_input_practices":"reported"}}},{"type":"Feature","id":"CH-KEMZ5U:chouf_2026","geometry":{"type":"Point","coordinates":[35.64824,33.62387]},"properties":{"entity_type":"survey_respondent_public","respondent_id":"CH-KEMZ5U","instrument":"chouf_2026","area_name_en":"Mristi","area_name_ar":"مرستى","district_en":"Chouf","district_ar":"الشوف","location_basis":"residence_village","geom_origin":"osm_settlement_point","spatial_precision":"locality","anchor":[35.64859,33.62264],"display_offset_m":140,"c__owns_land":"yes","c__land_size_band":"lt_1_ha","c__soil_types":"loamy","c__crop_groups":"vegetables","c__water_sources":"well","c__water_availability":"sometimes","c__water_scarcity":"yes","c__irrigation_need_change":"decrease","c__energy_sources":"gasoline","c__production_level":"small","c__coop_member":"no","c__homes_trad_food":"almost_all","c__seed_criteria":"pest_resistance","c__seed_sources":"shop","c__seed_challenges":"low_availability","c__traditional_seed_knowledge":"no","c__soil_enhancers":"compost","c__chem_fertilizer_reliance":"not_used","c__pest_control":"chemical","c__pesticide_reliance":"partial","c__marketing_challenges":"low_prices","c__logistics_challenges":"high_transport_cost","c__climate_change_noticed":"yes","c__climate_changes":"rainfall_decrease","c__climate_impacts":"season_delay","c__info_sources":"extension_agents","c__raises_poultry":"yes","c__poultry_purpose":"home_consumption","c__farmer_type":"type_c","c__low_input_practices":"yes","values":{"owns_land":"yes","land_size_band":"lt_1_ha","soil_types":["loamy"],"crop_groups":["vegetables"],"water_sources":["well"],"water_availability":"sometimes","water_scarcity":"yes","irrigation_need_change":"decrease","energy_sources":["gasoline"],"production_level":"small","coop_member":"no","homes_trad_food":"almost_all","seed_criteria":["pest_resistance"],"seed_sources":["shop"],"seed_challenges":["low_availability"],"traditional_seed_knowledge":"no","soil_enhancers":["compost"],"chem_fertilizer_reliance":"not_used","pest_control":["chemical"],"pesticide_reliance":"partial","marketing_challenges":["low_prices"],"logistics_challenges":["high_transport_cost"],"climate_change_noticed":"yes","climate_changes":["rainfall_decrease"],"climate_impacts":["season_delay","pests_diseases"],"info_sources":["extension_agents"],"raises_poultry":"yes","poultry_purpose":["home_consumption"],"farmer_type":"type_c","low_input_practices":"yes"},"status":{"owns_land":"reported","land_size_band":"reported","soil_types":"reported","crop_groups":"reported","water_sources":"reported","water_availability":"reported","water_scarcity":"reported","irrigation_need_change":"reported","energy_sources":"reported","production_level":"reported","coop_member":"reported","homes_trad_food":"reported","seed_criteria":"reported","seed_sources":"reported","seed_challenges":"reported","traditional_seed_knowledge":"reported","soil_enhancers":"reported","chem_fertilizer_reliance":"reported","pest_control":"reported","pesticide_reliance":"reported","marketing_challenges":"reported","logistics_challenges":"reported","climate_change_noticed":"reported","climate_changes":"reported","climate_impacts":"reported","info_sources":"reported","raises_poultry":"reported","poultry_purpose":"reported","farmer_type":"reported","low_input_practices":"reported"}}},{"type":"Feature","id":"CH-KWMDRJ:chouf_2026","geometry":{"type":"Point","coordinates":[35.40774,33.58652]},"properties":{"entity_type":"survey_respondent_public","respondent_id":"CH-KWMDRJ","instrument":"chouf_2026","area_name_en":"Aalmane Ech-Chouf","area_name_ar":"علمان الشوف","district_en":"Chouf","district_ar":"الشوف","location_basis":"residence_village","geom_origin":"osm_settlement_point","spatial_precision":"locality","anchor":[35.40697,33.58799],"display_offset_m":178,"c__owns_land":"yes","c__land_size_band":"lt_5_dunum","c__soil_types":"loamy","c__crop_groups":"citrus","c__water_sources":"well","c__water_availability":"always","c__water_scarcity":"no","c__irrigation_need_change":"increase","c__energy_sources":"diesel","c__production_level":"medium","c__coop_member":"no","c__homes_trad_food":"almost_all","c__seed_criteria":"price","c__seed_sources":"shop","c__seed_challenges":"high_cost","c__traditional_seed_knowledge":"no","c__soil_enhancers":"chemical","c__chem_fertilizer_reliance":"total","c__pest_control":"chemical","c__pesticide_reliance":"partial","c__marketing_challenges":"far_markets","c__logistics_challenges":"high_transport_cost","c__climate_change_noticed":"yes","c__climate_changes":"temperature_rise","c__climate_impacts":"pests_diseases","c__info_sources":"supply_shops","c__raises_poultry":"yes","c__poultry_purpose":"home_consumption","c__farmer_type":"type_a","c__low_input_practices":"no","values":{"owns_land":"yes","land_size_band":"lt_5_dunum","soil_types":["loamy"],"crop_groups":["citrus","tropical_fruits"],"water_sources":["well"],"water_availability":"always","water_scarcity":"no","irrigation_need_change":"increase","energy_sources":["diesel"],"production_level":"medium","coop_member":"no","homes_trad_food":"almost_all","seed_criteria":["price","productivity","pest_resistance"],"seed_sources":["shop"],"seed_challenges":["high_cost","unreliable_suppliers"],"traditional_seed_knowledge":"no","soil_enhancers":["chemical"],"chem_fertilizer_reliance":"total","pest_control":["chemical"],"pesticide_reliance":"partial","marketing_challenges":["far_markets"],"logistics_challenges":["high_transport_cost"],"climate_change_noticed":"yes","climate_changes":["temperature_rise"],"climate_impacts":["pests_diseases"],"info_sources":["supply_shops"],"raises_poultry":"yes","poultry_purpose":["home_consumption"],"farmer_type":"type_a","low_input_practices":"no"},"status":{"owns_land":"reported","land_size_band":"reported","soil_types":"reported","crop_groups":"reported","water_sources":"reported","water_availability":"reported","water_scarcity":"reported","irrigation_need_change":"reported","energy_sources":"reported","production_level":"reported","coop_member":"reported","homes_trad_food":"reported","seed_criteria":"reported","seed_sources":"reported","seed_challenges":"reported","traditional_seed_knowledge":"reported","soil_enhancers":"reported","chem_fertilizer_reliance":"reported","pest_control":"reported","pesticide_reliance":"reported","marketing_challenges":"reported","logistics_challenges":"reported","climate_change_noticed":"reported","climate_changes":"reported","climate_impacts":"reported","info_sources":"reported","raises_poultry":"reported","poultry_purpose":"reported","farmer_type":"reported","low_input_practices":"reported"}}},{"type":"Feature","id":"CH-KZ68NX:chouf_2026","geometry":{"type":"Point","coordinates":[35.63277,33.69512]},"properties":{"entity_type":"survey_respondent_public","respondent_id":"CH-KZ68NX","instrument":"chouf_2026","area_name_en":"Kfar Nabrakh","area_name_ar":"كفرنبرخ","district_en":"Chouf","district_ar":"الشوف","location_basis":"residence_village","geom_origin":"osm_settlement_point","spatial_precision":"locality","anchor":[35.63329,33.6947],"display_offset_m":67,"c__owns_land":"yes","c__land_size_band":"lt_5_dunum","c__soil_types":"loamy","c__crop_groups":"other_fruits","c__water_sources":"canal","c__water_availability":"never","c__water_scarcity":"yes","c__irrigation_need_change":"increase","c__energy_sources":"manual","c__production_level":"medium","c__coop_member":"no","c__homes_trad_food":"some","c__seed_criteria":"price","c__seed_sources":"shop","c__seed_challenges":"high_cost","c__traditional_seed_knowledge":"no","c__soil_enhancers":"manure","c__chem_fertilizer_reliance":"not_used","c__pest_control":"chemical","c__marketing_challenges":"low_prices","c__logistics_challenges":"high_transport_cost","c__climate_change_noticed":"yes","c__climate_changes":"rainfall_decrease","c__climate_impacts":"production_decrease","c__info_sources":"supply_shops","c__raises_poultry":"yes","c__poultry_purpose":"home_consumption","c__farmer_type":"type_c","c__low_input_practices":"yes","values":{"owns_land":"yes","land_size_band":"lt_5_dunum","soil_types":["loamy"],"crop_groups":["other_fruits"],"water_sources":["canal"],"water_availability":"never","water_scarcity":"yes","irrigation_need_change":"increase","energy_sources":["manual"],"production_level":"medium","coop_member":"no","homes_trad_food":"some","seed_criteria":["price","productivity","pest_resistance"],"seed_sources":["shop"],"seed_challenges":["high_cost"],"traditional_seed_knowledge":"no","soil_enhancers":["manure"],"chem_fertilizer_reliance":"not_used","pest_control":["chemical"],"pesticide_reliance":null,"marketing_challenges":["low_prices","weak_demand","far_markets"],"logistics_challenges":["high_transport_cost"],"climate_change_noticed":"yes","climate_changes":["rainfall_decrease","heatwaves"],"climate_impacts":["production_decrease","pests_diseases"],"info_sources":["supply_shops"],"raises_poultry":"yes","poultry_purpose":["home_consumption","local_sale","gifts"],"farmer_type":"type_c","low_input_practices":"yes"},"status":{"owns_land":"reported","land_size_band":"reported","soil_types":"reported","crop_groups":"reported","water_sources":"reported","water_availability":"reported","water_scarcity":"reported","irrigation_need_change":"reported","energy_sources":"reported","production_level":"reported","coop_member":"reported","homes_trad_food":"reported","seed_criteria":"reported","seed_sources":"reported","seed_challenges":"reported","traditional_seed_knowledge":"reported","soil_enhancers":"reported","chem_fertilizer_reliance":"reported","pest_control":"reported","pesticide_reliance":"not_provided","marketing_challenges":"reported","logistics_challenges":"reported","climate_change_noticed":"reported","climate_changes":"reported","climate_impacts":"reported","info_sources":"reported","raises_poultry":"reported","poultry_purpose":"reported","farmer_type":"reported","low_input_practices":"reported"}}},{"type":"Feature","id":"CH-KZNS6N:chouf_2026","geometry":{"type":"Point","coordinates":[35.64781,33.62145]},"properties":{"entity_type":"survey_respondent_public","respondent_id":"CH-KZNS6N","instrument":"chouf_2026","area_name_en":"Mristi","area_name_ar":"مرستى","district_en":"Chouf","district_ar":"الشوف","location_basis":"residence_village","geom_origin":"osm_settlement_point","spatial_precision":"locality","anchor":[35.64859,33.62264],"display_offset_m":151,"c__owns_land":"yes","c__land_size_band":"lt_1_ha","c__soil_types":"clay","c__crop_groups":"apples_pears","c__water_sources":"canal","c__water_availability":"sometimes","c__water_scarcity":"yes","c__irrigation_need_change":"increase","c__energy_sources":"grid","c__production_level":"medium","c__coop_member":"yes","c__homes_trad_food":"most","c__seed_criteria":"productivity","c__seed_sources":"own_harvest","c__seed_challenges":"unreliable_suppliers","c__traditional_seed_knowledge":"yes","c__soil_enhancers":"manure","c__chem_fertilizer_reliance":"not_used","c__pest_control":"physical","c__pesticide_reliance":"not_used","c__marketing_challenges":"far_markets","c__logistics_challenges":"high_transport_cost","c__climate_change_noticed":"yes","c__climate_changes":"temperature_rise","c__climate_impacts":"production_decrease","c__info_sources":"extension_agents","c__raises_poultry":"yes","c__poultry_purpose":"home_consumption","c__farmer_type":"type_c","c__low_input_practices":"yes","values":{"owns_land":"yes","land_size_band":"lt_1_ha","soil_types":["clay"],"crop_groups":["apples_pears","stone_fruits"],"water_sources":["canal"],"water_availability":"sometimes","water_scarcity":"yes","irrigation_need_change":"increase","energy_sources":["grid"],"production_level":"medium","coop_member":"yes","homes_trad_food":"most","seed_criteria":["productivity"],"seed_sources":["own_harvest"],"seed_challenges":["unreliable_suppliers"],"traditional_seed_knowledge":"yes","soil_enhancers":["manure"],"chem_fertilizer_reliance":"not_used","pest_control":["physical"],"pesticide_reliance":"not_used","marketing_challenges":["far_markets"],"logistics_challenges":["high_transport_cost"],"climate_change_noticed":"yes","climate_changes":["temperature_rise","rainfall_decrease"],"climate_impacts":["production_decrease","pests_diseases"],"info_sources":["extension_agents"],"raises_poultry":"yes","poultry_purpose":["home_consumption","gifts"],"farmer_type":"type_c","low_input_practices":"yes"},"status":{"owns_land":"reported","land_size_band":"reported","soil_types":"reported","crop_groups":"reported","water_sources":"reported","water_availability":"reported","water_scarcity":"reported","irrigation_need_change":"reported","energy_sources":"reported","production_level":"reported","coop_member":"reported","homes_trad_food":"reported","seed_criteria":"reported","seed_sources":"reported","seed_challenges":"reported","traditional_seed_knowledge":"reported","soil_enhancers":"reported","chem_fertilizer_reliance":"reported","pest_control":"reported","pesticide_reliance":"reported","marketing_challenges":"reported","logistics_challenges":"reported","climate_change_noticed":"reported","climate_changes":"reported","climate_impacts":"reported","info_sources":"reported","raises_poultry":"reported","poultry_purpose":"reported","farmer_type":"reported","low_input_practices":"reported"}}},{"type":"Feature","id":"CH-L2MYZY:chouf_2026","geometry":{"type":"Point","coordinates":[35.57932,33.64495]},"properties":{"entity_type":"survey_respondent_public","respondent_id":"CH-L2MYZY","instrument":"chouf_2026","area_name_en":"Mazraat Ech-Chouf","area_name_ar":"مزرعة","district_en":"Chouf","district_ar":"الشوف","location_basis":"residence_village","geom_origin":"osm_settlement_point","spatial_precision":"locality","anchor":[35.5801,33.64614],"display_offset_m":151,"c__owns_land":"no","c__land_size_band":"lt_5_dunum","c__soil_types":"calcareous","c__crop_groups":"vegetables","c__water_sources":"tanker","c__water_availability":"never","c__water_scarcity":"yes","c__irrigation_need_change":"no_change","c__energy_sources":"grid","c__production_level":"medium","c__coop_member":"no","c__homes_trad_food":"some","c__seed_criteria":"productivity","c__seed_sources":"shop","c__seed_challenges":"low_availability","c__traditional_seed_knowledge":"no","c__soil_enhancers":"compost","c__chem_fertilizer_reliance":"not_used","c__pest_control":"biological","c__pesticide_reliance":"not_used","c__marketing_challenges":"low_prices","c__logistics_challenges":"high_transport_cost","c__climate_change_noticed":"yes","c__climate_changes":"rainfall_decrease","c__climate_impacts":"production_decrease","c__info_sources":"social_media","c__raises_poultry":"yes","c__poultry_purpose":"home_consumption","c__farmer_type":"type_c","c__low_input_practices":"yes","values":{"owns_land":"no","land_size_band":"lt_5_dunum","soil_types":["calcareous"],"crop_groups":["vegetables","legumes"],"water_sources":["tanker","storage"],"water_availability":"never","water_scarcity":"yes","irrigation_need_change":"no_change","energy_sources":["grid"],"production_level":"medium","coop_member":"no","homes_trad_food":"some","seed_criteria":["productivity","pest_resistance"],"seed_sources":["shop","own_harvest"],"seed_challenges":["low_availability","unreliable_suppliers","unsuitable"],"traditional_seed_knowledge":"no","soil_enhancers":["compost"],"chem_fertilizer_reliance":"not_used","pest_control":["biological","physical"],"pesticide_reliance":"not_used","marketing_challenges":["low_prices","weak_demand","far_markets"],"logistics_challenges":["high_transport_cost"],"climate_change_noticed":"yes","climate_changes":["rainfall_decrease","heatwaves","frost"],"climate_impacts":["production_decrease","season_delay","pollination"],"info_sources":["social_media","extension_agents"],"raises_poultry":"yes","poultry_purpose":["home_consumption"],"farmer_type":"type_c","low_input_practices":"yes"},"status":{"owns_land":"reported","land_size_band":"reported","soil_types":"reported","crop_groups":"reported","water_sources":"reported","water_availability":"reported","water_scarcity":"reported","irrigation_need_change":"reported","energy_sources":"reported","production_level":"reported","coop_member":"reported","homes_trad_food":"reported","seed_criteria":"reported","seed_sources":"reported","seed_challenges":"reported","traditional_seed_knowledge":"reported","soil_enhancers":"reported","chem_fertilizer_reliance":"reported","pest_control":"reported","pesticide_reliance":"reported","marketing_challenges":"reported","logistics_challenges":"reported","climate_change_noticed":"reported","climate_changes":"reported","climate_impacts":"reported","info_sources":"reported","raises_poultry":"reported","poultry_purpose":"reported","farmer_type":"reported","low_input_practices":"reported"}}},{"type":"Feature","id":"CH-L977YP:chouf_2026","geometry":{"type":"Point","coordinates":[35.65023,33.6231]},"properties":{"entity_type":"survey_respondent_public","respondent_id":"CH-L977YP","instrument":"chouf_2026","area_name_en":"Mristi","area_name_ar":"مرستى","district_en":"Chouf","district_ar":"الشوف","location_basis":"residence_village","geom_origin":"osm_settlement_point","spatial_precision":"locality","anchor":[35.64859,33.62264],"display_offset_m":160,"c__owns_land":"yes","c__land_size_band":"lt_5_dunum","c__soil_types":"loamy","c__crop_groups":"apples_pears","c__water_sources":"well","c__water_availability":"sometimes","c__water_scarcity":"yes","c__irrigation_need_change":"increase","c__energy_sources":"diesel","c__production_level":"medium","c__coop_member":"no","c__homes_trad_food":"some","c__seed_criteria":"price","c__seed_sources":"shop","c__seed_challenges":"high_cost","c__traditional_seed_knowledge":"no","c__soil_enhancers":"manure","c__chem_fertilizer_reliance":"not_used","c__pest_control":"local","c__pesticide_reliance":"not_used","c__marketing_challenges":"low_prices","c__logistics_challenges":"high_transport_cost","c__climate_change_noticed":"yes","c__climate_changes":"rainfall_decrease","c__climate_impacts":"season_delay","c__info_sources":"extension_agents","c__raises_poultry":"yes","c__poultry_purpose":"local_sale","c__farmer_type":"type_c","c__low_input_practices":"yes","values":{"owns_land":"yes","land_size_band":"lt_5_dunum","soil_types":["loamy"],"crop_groups":["apples_pears","stone_fruits","vegetables"],"water_sources":["well"],"water_availability":"sometimes","water_scarcity":"yes","irrigation_need_change":"increase","energy_sources":["diesel"],"production_level":"medium","coop_member":"no","homes_trad_food":"some","seed_criteria":["price"],"seed_sources":["shop"],"seed_challenges":["high_cost"],"traditional_seed_knowledge":"no","soil_enhancers":["manure"],"chem_fertilizer_reliance":"not_used","pest_control":["local"],"pesticide_reliance":"not_used","marketing_challenges":["low_prices"],"logistics_challenges":["high_transport_cost"],"climate_change_noticed":"yes","climate_changes":["rainfall_decrease"],"climate_impacts":["season_delay"],"info_sources":["extension_agents"],"raises_poultry":"yes","poultry_purpose":["local_sale"],"farmer_type":"type_c","low_input_practices":"yes"},"status":{"owns_land":"reported","land_size_band":"reported","soil_types":"reported","crop_groups":"reported","water_sources":"reported","water_availability":"reported","water_scarcity":"reported","irrigation_need_change":"reported","energy_sources":"reported","production_level":"reported","coop_member":"reported","homes_trad_food":"reported","seed_criteria":"reported","seed_sources":"reported","seed_challenges":"reported","traditional_seed_knowledge":"reported","soil_enhancers":"reported","chem_fertilizer_reliance":"reported","pest_control":"reported","pesticide_reliance":"reported","marketing_challenges":"reported","logistics_challenges":"reported","climate_change_noticed":"reported","climate_changes":"reported","climate_impacts":"reported","info_sources":"reported","raises_poultry":"reported","poultry_purpose":"reported","farmer_type":"reported","low_input_practices":"reported"}}},{"type":"Feature","id":"CH-L9F2RW:chouf_2026","geometry":{"type":"Point","coordinates":[35.4325,33.64522]},"properties":{"entity_type":"survey_respondent_public","respondent_id":"CH-L9F2RW","instrument":"chouf_2026","area_name_en":"Barja","area_name_ar":"برجا","district_en":"Chouf","district_ar":"الشوف","location_basis":"residence_village","geom_origin":"osm_settlement_point","spatial_precision":"locality","anchor":[35.43302,33.6448],"display_offset_m":67,"c__owns_land":"yes","c__land_size_band":"lt_5_dunum","c__soil_types":"clay","c__crop_groups":"vegetables","c__water_sources":"well","c__water_availability":"always","c__water_scarcity":"no","c__irrigation_need_change":"increase","c__energy_sources":"solar","c__production_level":"medium","c__coop_member":"no","c__homes_trad_food":"most","c__seed_criteria":"productivity","c__seed_sources":"shop","c__seed_challenges":"high_cost","c__traditional_seed_knowledge":"no","c__soil_enhancers":"compost","c__chem_fertilizer_reliance":"partial","c__pest_control":"chemical","c__pesticide_reliance":"total","c__marketing_challenges":"low_prices","c__logistics_challenges":"high_transport_cost","c__climate_change_noticed":"yes","c__climate_changes":"temperature_rise","c__climate_impacts":"pests_diseases","c__info_sources":"extension_agents","c__raises_poultry":"yes","c__poultry_purpose":"local_sale","c__farmer_type":"type_a","c__low_input_practices":"yes","values":{"owns_land":"yes","land_size_band":"lt_5_dunum","soil_types":["clay"],"crop_groups":["vegetables"],"water_sources":["well"],"water_availability":"always","water_scarcity":"no","irrigation_need_change":"increase","energy_sources":["solar"],"production_level":"medium","coop_member":"no","homes_trad_food":"most","seed_criteria":["productivity","pest_resistance"],"seed_sources":["shop"],"seed_challenges":["high_cost"],"traditional_seed_knowledge":"no","soil_enhancers":["compost"],"chem_fertilizer_reliance":"partial","pest_control":["chemical"],"pesticide_reliance":"total","marketing_challenges":["low_prices"],"logistics_challenges":["high_transport_cost"],"climate_change_noticed":"yes","climate_changes":["temperature_rise"],"climate_impacts":["pests_diseases"],"info_sources":["extension_agents","supply_shops"],"raises_poultry":"yes","poultry_purpose":["local_sale"],"farmer_type":"type_a","low_input_practices":"yes"},"status":{"owns_land":"reported","land_size_band":"reported","soil_types":"reported","crop_groups":"reported","water_sources":"reported","water_availability":"reported","water_scarcity":"reported","irrigation_need_change":"reported","energy_sources":"reported","production_level":"reported","coop_member":"reported","homes_trad_food":"reported","seed_criteria":"reported","seed_sources":"reported","seed_challenges":"reported","traditional_seed_knowledge":"reported","soil_enhancers":"reported","chem_fertilizer_reliance":"reported","pest_control":"reported","pesticide_reliance":"reported","marketing_challenges":"reported","logistics_challenges":"reported","climate_change_noticed":"reported","climate_changes":"reported","climate_impacts":"reported","info_sources":"reported","raises_poultry":"reported","poultry_purpose":"reported","farmer_type":"reported","low_input_practices":"reported"}}},{"type":"Feature","id":"CH-LPJDYE:chouf_2026","geometry":{"type":"Point","coordinates":[35.54027,33.68618]},"properties":{"entity_type":"survey_respondent_public","respondent_id":"CH-LPJDYE","instrument":"chouf_2026","area_name_en":"Deir Dourit","area_name_ar":"دير دوريت","district_en":"Chouf","district_ar":"الشوف","location_basis":"farm_area_reported","geom_origin":"osm_settlement_point","spatial_precision":"locality","anchor":[35.54079,33.68576],"display_offset_m":67,"c__owns_land":"yes","c__land_size_band":"lt_5_dunum","c__soil_types":"loamy","c__crop_groups":"olives","c__water_sources":"canal","c__water_availability":"rarely","c__water_scarcity":"yes","c__irrigation_need_change":"increase","c__energy_sources":"diesel","c__production_level":"medium","c__coop_member":"no","c__homes_trad_food":"most","c__seed_criteria":"price","c__seed_sources":"shop","c__seed_challenges":"high_cost","c__traditional_seed_knowledge":"yes","c__soil_enhancers":"chemical","c__chem_fertilizer_reliance":"total","c__pest_control":"local","c__pesticide_reliance":"total","c__marketing_challenges":"low_prices","c__logistics_challenges":"high_transport_cost","c__climate_change_noticed":"yes","c__climate_changes":"temperature_rise","c__climate_impacts":"production_decrease","c__info_sources":"social_media","c__raises_poultry":"no","c__farmer_type":"type_a","c__low_input_practices":"yes","values":{"owns_land":"yes","land_size_band":"lt_5_dunum","soil_types":["loamy","clay"],"crop_groups":["olives","vegetables"],"water_sources":["canal"],"water_availability":"rarely","water_scarcity":"yes","irrigation_need_change":"increase","energy_sources":["diesel"],"production_level":"medium","coop_member":"no","homes_trad_food":"most","seed_criteria":["price","productivity","pest_resistance"],"seed_sources":["shop"],"seed_challenges":["high_cost","low_availability"],"traditional_seed_knowledge":"yes","soil_enhancers":["chemical"],"chem_fertilizer_reliance":"total","pest_control":["local"],"pesticide_reliance":"total","marketing_challenges":["low_prices","far_markets"],"logistics_challenges":["high_transport_cost","no_paved_roads"],"climate_change_noticed":"yes","climate_changes":["temperature_rise","rainfall_decrease"],"climate_impacts":["production_decrease","pests_diseases"],"info_sources":["social_media","supply_shops"],"raises_poultry":"no","poultry_purpose":null,"farmer_type":"type_a","low_input_practices":"yes"},"status":{"owns_land":"reported","land_size_band":"reported","soil_types":"reported","crop_groups":"reported","water_sources":"reported","water_availability":"reported","water_scarcity":"reported","irrigation_need_change":"reported","energy_sources":"reported","production_level":"reported","coop_member":"reported","homes_trad_food":"reported","seed_criteria":"reported","seed_sources":"reported","seed_challenges":"reported","traditional_seed_knowledge":"reported","soil_enhancers":"reported","chem_fertilizer_reliance":"reported","pest_control":"reported","pesticide_reliance":"reported","marketing_challenges":"reported","logistics_challenges":"reported","climate_change_noticed":"reported","climate_changes":"reported","climate_impacts":"reported","info_sources":"reported","raises_poultry":"reported","poultry_purpose":"not_applicable","farmer_type":"reported","low_input_practices":"reported"}}},{"type":"Feature","id":"CH-LT9U7Z:chouf_2026","geometry":{"type":"Point","coordinates":[35.61679,33.60249]},"properties":{"entity_type":"survey_respondent_public","respondent_id":"CH-LT9U7Z","instrument":"chouf_2026","area_name_en":"Bater","area_name_ar":"باتر","district_en":"Chouf","district_ar":"الشوف","location_basis":"residence_village","geom_origin":"osm_settlement_point","spatial_precision":"locality","anchor":[35.61731,33.60207],"display_offset_m":67,"c__owns_land":"yes","c__land_size_band":"lt_5_dunum","c__soil_types":"clay","c__crop_groups":"olives","c__water_sources":"river","c__water_availability":"sometimes","c__water_scarcity":"yes","c__irrigation_need_change":"increase","c__energy_sources":"manual","c__production_level":"medium","c__coop_member":"yes","c__homes_trad_food":"almost_all","c__seed_criteria":"price","c__seed_sources":"shop","c__seed_challenges":"high_cost","c__traditional_seed_knowledge":"no","c__soil_enhancers":"manure","c__chem_fertilizer_reliance":"partial","c__pest_control":"chemical","c__pesticide_reliance":"partial","c__marketing_challenges":"low_prices","c__logistics_challenges":"high_transport_cost","c__climate_change_noticed":"yes","c__climate_changes":"temperature_rise","c__climate_impacts":"pests_diseases","c__info_sources":"extension_agents","c__raises_poultry":"no","c__farmer_type":"type_b","c__low_input_practices":"yes","values":{"owns_land":"yes","land_size_band":"lt_5_dunum","soil_types":["clay"],"crop_groups":["olives","other_fruits"],"water_sources":["river"],"water_availability":"sometimes","water_scarcity":"yes","irrigation_need_change":"increase","energy_sources":["manual"],"production_level":"medium","coop_member":"yes","homes_trad_food":"almost_all","seed_criteria":["price","productivity","pest_resistance"],"seed_sources":["shop"],"seed_challenges":["high_cost"],"traditional_seed_knowledge":"no","soil_enhancers":["manure"],"chem_fertilizer_reliance":"partial","pest_control":["chemical"],"pesticide_reliance":"partial","marketing_challenges":["low_prices","far_markets"],"logistics_challenges":["high_transport_cost","no_transport"],"climate_change_noticed":"yes","climate_changes":["temperature_rise","rainfall_decrease","heatwaves"],"climate_impacts":["pests_diseases"],"info_sources":["extension_agents"],"raises_poultry":"no","poultry_purpose":null,"farmer_type":"type_b","low_input_practices":"yes"},"status":{"owns_land":"reported","land_size_band":"reported","soil_types":"reported","crop_groups":"reported","water_sources":"reported","water_availability":"reported","water_scarcity":"reported","irrigation_need_change":"reported","energy_sources":"reported","production_level":"reported","coop_member":"reported","homes_trad_food":"reported","seed_criteria":"reported","seed_sources":"reported","seed_challenges":"reported","traditional_seed_knowledge":"reported","soil_enhancers":"reported","chem_fertilizer_reliance":"reported","pest_control":"reported","pesticide_reliance":"reported","marketing_challenges":"reported","logistics_challenges":"reported","climate_change_noticed":"reported","climate_changes":"reported","climate_impacts":"reported","info_sources":"reported","raises_poultry":"reported","poultry_purpose":"not_applicable","farmer_type":"reported","low_input_practices":"reported"}}},{"type":"Feature","id":"CH-LUE4T8:chouf_2026","geometry":{"type":"Point","coordinates":[35.59152,33.64912]},"properties":{"entity_type":"survey_respondent_public","respondent_id":"CH-LUE4T8","instrument":"chouf_2026","area_name_en":"Kahlouniet Ech-Chouf","area_name_ar":"كحلونية الشوف","district_en":"Chouf","district_ar":"الشوف","location_basis":"residence_village","geom_origin":"osm_settlement_point","spatial_precision":"locality","anchor":[35.59037,33.64977],"display_offset_m":129,"c__owns_land":"yes","c__land_size_band":"lt_5_dunum","c__soil_types":"clay","c__crop_groups":"olives","c__water_sources":"rain","c__water_availability":"rarely","c__water_scarcity":"yes","c__irrigation_need_change":"increase","c__energy_sources":"manual","c__production_level":"small","c__coop_member":"no","c__homes_trad_food":"almost_all","c__seed_criteria":"productivity","c__seed_sources":"shop","c__seed_challenges":"none","c__traditional_seed_knowledge":"no","c__soil_enhancers":"chemical","c__chem_fertilizer_reliance":"partial","c__pest_control":"chemical","c__pesticide_reliance":"partial","c__marketing_challenges":"low_prices","c__logistics_challenges":"no_paved_roads","c__climate_change_noticed":"yes","c__climate_changes":"temperature_rise","c__climate_impacts":"production_decrease","c__info_sources":"social_media","c__raises_poultry":"yes","c__poultry_purpose":"home_consumption","c__farmer_type":"type_d","c__low_input_practices":"no","values":{"owns_land":"yes","land_size_band":"lt_5_dunum","soil_types":["clay"],"crop_groups":["olives","apples_pears","other_fruits"],"water_sources":["rain","storage"],"water_availability":"rarely","water_scarcity":"yes","irrigation_need_change":"increase","energy_sources":["manual"],"production_level":"small","coop_member":"no","homes_trad_food":"almost_all","seed_criteria":["productivity"],"seed_sources":["shop"],"seed_challenges":["none"],"traditional_seed_knowledge":"no","soil_enhancers":["chemical"],"chem_fertilizer_reliance":"partial","pest_control":["chemical"],"pesticide_reliance":"partial","marketing_challenges":["low_prices"],"logistics_challenges":["no_paved_roads"],"climate_change_noticed":"yes","climate_changes":["temperature_rise"],"climate_impacts":["production_decrease"],"info_sources":["social_media"],"raises_poultry":"yes","poultry_purpose":["home_consumption"],"farmer_type":"type_d","low_input_practices":"no"},"status":{"owns_land":"reported","land_size_band":"reported","soil_types":"reported","crop_groups":"reported","water_sources":"reported","water_availability":"reported","water_scarcity":"reported","irrigation_need_change":"reported","energy_sources":"reported","production_level":"reported","coop_member":"reported","homes_trad_food":"reported","seed_criteria":"reported","seed_sources":"reported","seed_challenges":"reported","traditional_seed_knowledge":"reported","soil_enhancers":"reported","chem_fertilizer_reliance":"reported","pest_control":"reported","pesticide_reliance":"reported","marketing_challenges":"reported","logistics_challenges":"reported","climate_change_noticed":"reported","climate_changes":"reported","climate_impacts":"reported","info_sources":"reported","raises_poultry":"reported","poultry_purpose":"reported","farmer_type":"reported","low_input_practices":"reported"}}},{"type":"Feature","id":"CH-M4EK55:chouf_2026","geometry":{"type":"Point","coordinates":[35.40762,33.58958]},"properties":{"entity_type":"survey_respondent_public","respondent_id":"CH-M4EK55","instrument":"chouf_2026","area_name_en":"Aalmane Ech-Chouf","area_name_ar":"علمان الشوف","district_en":"Chouf","district_ar":"الشوف","location_basis":"residence_village","geom_origin":"osm_settlement_point","spatial_precision":"locality","anchor":[35.40697,33.58799],"display_offset_m":187,"c__owns_land":"yes","c__land_size_band":"lt_5_dunum","c__soil_types":"sandy","c__crop_groups":"tropical_fruits","c__water_sources":"well","c__water_availability":"sometimes","c__water_scarcity":"no","c__irrigation_need_change":"increase","c__energy_sources":"solar","c__production_level":"medium","c__coop_member":"no","c__homes_trad_food":"few","c__seed_criteria":"none","c__seed_sources":"shop","c__seed_challenges":"none","c__traditional_seed_knowledge":"no","c__soil_enhancers":"chemical","c__chem_fertilizer_reliance":"total","c__pest_control":"chemical","c__pesticide_reliance":"total","c__marketing_challenges":"far_markets","c__logistics_challenges":"high_transport_cost","c__climate_change_noticed":"yes","c__climate_changes":"rainfall_decrease","c__climate_impacts":"production_decrease","c__info_sources":"extension_agents","c__raises_poultry":"no","c__farmer_type":"type_a","c__low_input_practices":"no","values":{"owns_land":"yes","land_size_band":"lt_5_dunum","soil_types":["sandy"],"crop_groups":["tropical_fruits"],"water_sources":["well"],"water_availability":"sometimes","water_scarcity":"no","irrigation_need_change":"increase","energy_sources":["solar"],"production_level":"medium","coop_member":"no","homes_trad_food":"few","seed_criteria":["none"],"seed_sources":["shop"],"seed_challenges":["none"],"traditional_seed_knowledge":"no","soil_enhancers":["chemical"],"chem_fertilizer_reliance":"total","pest_control":["chemical"],"pesticide_reliance":"total","marketing_challenges":["far_markets"],"logistics_challenges":["high_transport_cost"],"climate_change_noticed":"yes","climate_changes":["rainfall_decrease"],"climate_impacts":["production_decrease"],"info_sources":["extension_agents"],"raises_poultry":"no","poultry_purpose":null,"farmer_type":"type_a","low_input_practices":"no"},"status":{"owns_land":"reported","land_size_band":"reported","soil_types":"reported","crop_groups":"reported","water_sources":"reported","water_availability":"reported","water_scarcity":"reported","irrigation_need_change":"reported","energy_sources":"reported","production_level":"reported","coop_member":"reported","homes_trad_food":"reported","seed_criteria":"reported","seed_sources":"reported","seed_challenges":"reported","traditional_seed_knowledge":"reported","soil_enhancers":"reported","chem_fertilizer_reliance":"reported","pest_control":"reported","pesticide_reliance":"reported","marketing_challenges":"reported","logistics_challenges":"reported","climate_change_noticed":"reported","climate_changes":"reported","climate_impacts":"reported","info_sources":"reported","raises_poultry":"reported","poultry_purpose":"not_applicable","farmer_type":"reported","low_input_practices":"reported"}}},{"type":"Feature","id":"CH-MKX4QT:chouf_2026","geometry":{"type":"Point","coordinates":[35.40513,33.58715]},"properties":{"entity_type":"survey_respondent_public","respondent_id":"CH-MKX4QT","instrument":"chouf_2026","area_name_en":"Aalmane Ech-Chouf","area_name_ar":"علمان الشوف","district_en":"Chouf","district_ar":"الشوف","location_basis":"residence_village","geom_origin":"osm_settlement_point","spatial_precision":"locality","anchor":[35.40697,33.58799],"display_offset_m":194,"c__owns_land":"yes","c__land_size_band":"lt_5_dunum","c__soil_types":"loamy","c__crop_groups":"citrus","c__water_sources":"canal","c__water_availability":"always","c__water_scarcity":"no","c__irrigation_need_change":"increase","c__energy_sources":"grid","c__production_level":"small","c__coop_member":"no","c__homes_trad_food":"few","c__seed_criteria":"price","c__seed_challenges":"none","c__traditional_seed_knowledge":"no","c__soil_enhancers":"chemical","c__chem_fertilizer_reliance":"partial","c__pest_control":"chemical","c__pesticide_reliance":"total","c__marketing_challenges":"low_prices","c__logistics_challenges":"high_transport_cost","c__climate_change_noticed":"yes","c__climate_changes":"temperature_rise","c__climate_impacts":"production_decrease","c__info_sources":"supply_shops","c__raises_poultry":"yes","c__poultry_purpose":"home_consumption","c__farmer_type":"type_a","c__low_input_practices":"no","values":{"owns_land":"yes","land_size_band":"lt_5_dunum","soil_types":["loamy"],"crop_groups":["citrus","tropical_fruits"],"water_sources":["canal"],"water_availability":"always","water_scarcity":"no","irrigation_need_change":"increase","energy_sources":["grid"],"production_level":"small","coop_member":"no","homes_trad_food":"few","seed_criteria":["price","productivity","pest_resistance"],"seed_sources":null,"seed_challenges":["none"],"traditional_seed_knowledge":"no","soil_enhancers":["chemical"],"chem_fertilizer_reliance":"partial","pest_control":["chemical"],"pesticide_reliance":"total","marketing_challenges":["low_prices","far_markets"],"logistics_challenges":["high_transport_cost"],"climate_change_noticed":"yes","climate_changes":["temperature_rise","rainfall_decrease"],"climate_impacts":["production_decrease","pests_diseases"],"info_sources":["supply_shops"],"raises_poultry":"yes","poultry_purpose":["home_consumption"],"farmer_type":"type_a","low_input_practices":"no"},"status":{"owns_land":"reported","land_size_band":"reported","soil_types":"reported","crop_groups":"reported","water_sources":"reported","water_availability":"reported","water_scarcity":"reported","irrigation_need_change":"reported","energy_sources":"reported","production_level":"reported","coop_member":"reported","homes_trad_food":"reported","seed_criteria":"reported","seed_sources":"not_provided","seed_challenges":"reported","traditional_seed_knowledge":"reported","soil_enhancers":"reported","chem_fertilizer_reliance":"reported","pest_control":"reported","pesticide_reliance":"reported","marketing_challenges":"reported","logistics_challenges":"reported","climate_change_noticed":"reported","climate_changes":"reported","climate_impacts":"reported","info_sources":"reported","raises_poultry":"reported","poultry_purpose":"reported","farmer_type":"reported","low_input_practices":"reported"}}},{"type":"Feature","id":"CH-MW25LF:chouf_2026","geometry":{"type":"Point","coordinates":[35.64692,33.62326]},"properties":{"entity_type":"survey_respondent_public","respondent_id":"CH-MW25LF","instrument":"chouf_2026","area_name_en":"Mristi","area_name_ar":"مرستى","district_en":"Chouf","district_ar":"الشوف","location_basis":"residence_village","geom_origin":"osm_settlement_point","spatial_precision":"locality","anchor":[35.64859,33.62264],"display_offset_m":170,"c__owns_land":"yes","c__land_size_band":"lt_5_dunum","c__soil_types":"clay","c__crop_groups":"apples_pears","c__water_sources":"well","c__water_availability":"rarely","c__water_scarcity":"yes","c__irrigation_need_change":"increase","c__energy_sources":"manual","c__production_level":"medium","c__coop_member":"no","c__homes_trad_food":"almost_all","c__seed_criteria":"price","c__seed_sources":"shop","c__seed_challenges":"high_cost","c__traditional_seed_knowledge":"yes","c__soil_enhancers":"compost","c__chem_fertilizer_reliance":"not_used","c__pest_control":"biological","c__pesticide_reliance":"not_used","c__marketing_challenges":"low_prices","c__logistics_challenges":"high_transport_cost","c__climate_change_noticed":"yes","c__climate_changes":"temperature_rise","c__climate_impacts":"production_decrease","c__info_sources":"supply_shops","c__raises_poultry":"no","c__farmer_type":"type_c","c__low_input_practices":"yes","values":{"owns_land":"yes","land_size_band":"lt_5_dunum","soil_types":["clay"],"crop_groups":["apples_pears","vegetables"],"water_sources":["well"],"water_availability":"rarely","water_scarcity":"yes","irrigation_need_change":"increase","energy_sources":["manual"],"production_level":"medium","coop_member":"no","homes_trad_food":"almost_all","seed_criteria":["price","productivity","pest_resistance"],"seed_sources":["shop"],"seed_challenges":["high_cost"],"traditional_seed_knowledge":"yes","soil_enhancers":["compost"],"chem_fertilizer_reliance":"not_used","pest_control":["biological","physical"],"pesticide_reliance":"not_used","marketing_challenges":["low_prices","no_transport","poor_packaging"],"logistics_challenges":["high_transport_cost","no_transport"],"climate_change_noticed":"yes","climate_changes":["temperature_rise","rainfall_decrease"],"climate_impacts":["production_decrease"],"info_sources":["supply_shops"],"raises_poultry":"no","poultry_purpose":null,"farmer_type":"type_c","low_input_practices":"yes"},"status":{"owns_land":"reported","land_size_band":"reported","soil_types":"reported","crop_groups":"reported","water_sources":"reported","water_availability":"reported","water_scarcity":"reported","irrigation_need_change":"reported","energy_sources":"reported","production_level":"reported","coop_member":"reported","homes_trad_food":"reported","seed_criteria":"reported","seed_sources":"reported","seed_challenges":"reported","traditional_seed_knowledge":"reported","soil_enhancers":"reported","chem_fertilizer_reliance":"reported","pest_control":"reported","pesticide_reliance":"reported","marketing_challenges":"reported","logistics_challenges":"reported","climate_change_noticed":"reported","climate_changes":"reported","climate_impacts":"reported","info_sources":"reported","raises_poultry":"reported","poultry_purpose":"not_applicable","farmer_type":"reported","low_input_practices":"reported"}}},{"type":"Feature","id":"CH-NJD9LC:chouf_2026","geometry":{"type":"Point","coordinates":[35.64936,33.62117]},"properties":{"entity_type":"survey_respondent_public","respondent_id":"CH-NJD9LC","instrument":"chouf_2026","area_name_en":"Mristi","area_name_ar":"مرستى","district_en":"Chouf","district_ar":"الشوف","location_basis":"residence_village","geom_origin":"osm_settlement_point","spatial_precision":"locality","anchor":[35.64859,33.62264],"display_offset_m":178,"c__owns_land":"yes","c__land_size_band":"lt_5_dunum","c__soil_types":"clay","c__crop_groups":"apples_pears","c__water_sources":"canal","c__water_availability":"never","c__water_scarcity":"yes","c__irrigation_need_change":"decrease","c__energy_sources":"manual","c__production_level":"medium","c__coop_member":"no","c__homes_trad_food":"few","c__seed_criteria":"productivity","c__seed_sources":"shop","c__seed_challenges":"low_availability","c__traditional_seed_knowledge":"no","c__soil_enhancers":"chemical","c__chem_fertilizer_reliance":"partial","c__pest_control":"chemical","c__pesticide_reliance":"total","c__marketing_challenges":"low_prices","c__logistics_challenges":"high_transport_cost","c__climate_change_noticed":"yes","c__climate_changes":"rainfall_decrease","c__climate_impacts":"production_decrease","c__info_sources":"social_media","c__raises_poultry":"no","c__farmer_type":"type_b","c__low_input_practices":"yes","values":{"owns_land":"yes","land_size_band":"lt_5_dunum","soil_types":["clay"],"crop_groups":["apples_pears","stone_fruits"],"water_sources":["canal"],"water_availability":"never","water_scarcity":"yes","irrigation_need_change":"decrease","energy_sources":["manual"],"production_level":"medium","coop_member":"no","homes_trad_food":"few","seed_criteria":["productivity"],"seed_sources":["shop"],"seed_challenges":["low_availability","unreliable_suppliers"],"traditional_seed_knowledge":"no","soil_enhancers":["chemical","compost"],"chem_fertilizer_reliance":"partial","pest_control":["chemical"],"pesticide_reliance":"total","marketing_challenges":["low_prices"],"logistics_challenges":["high_transport_cost","no_transport"],"climate_change_noticed":"yes","climate_changes":["rainfall_decrease","frost"],"climate_impacts":["production_decrease","season_delay","pests_diseases"],"info_sources":["social_media","extension_agents"],"raises_poultry":"no","poultry_purpose":null,"farmer_type":"type_b","low_input_practices":"yes"},"status":{"owns_land":"reported","land_size_band":"reported","soil_types":"reported","crop_groups":"reported","water_sources":"reported","water_availability":"reported","water_scarcity":"reported","irrigation_need_change":"reported","energy_sources":"reported","production_level":"reported","coop_member":"reported","homes_trad_food":"reported","seed_criteria":"reported","seed_sources":"reported","seed_challenges":"reported","traditional_seed_knowledge":"reported","soil_enhancers":"reported","chem_fertilizer_reliance":"reported","pest_control":"reported","pesticide_reliance":"reported","marketing_challenges":"reported","logistics_challenges":"reported","climate_change_noticed":"reported","climate_changes":"reported","climate_impacts":"reported","info_sources":"reported","raises_poultry":"reported","poultry_purpose":"not_applicable","farmer_type":"reported","low_input_practices":"reported"}}},{"type":"Feature","id":"CH-NPBYDF:chouf_2026","geometry":{"type":"Point","coordinates":[35.55427,33.71121]},"properties":{"entity_type":"survey_respondent_public","respondent_id":"CH-NPBYDF","instrument":"chouf_2026","area_name_en":"Bchtfine","area_name_ar":"بشتفين","district_en":"Chouf","district_ar":"الشوف","location_basis":"residence_village","geom_origin":"osm_settlement_point","spatial_precision":"locality","anchor":[35.55427,33.71121],"display_offset_m":0,"c__owns_land":"yes","c__land_size_band":"lt_5_dunum","c__soil_types":"clay","c__crop_groups":"olives","c__water_sources":"well","c__water_availability":"sometimes","c__water_scarcity":"yes","c__irrigation_need_change":"increase","c__energy_sources":"manual","c__production_level":"medium","c__coop_member":"no","c__homes_trad_food":"some","c__seed_criteria":"productivity","c__seed_sources":"shop","c__seed_challenges":"low_availability","c__traditional_seed_knowledge":"no","c__soil_enhancers":"chemical","c__chem_fertilizer_reliance":"total","c__pest_control":"chemical","c__pesticide_reliance":"total","c__marketing_challenges":"weak_demand","c__logistics_challenges":"high_transport_cost","c__climate_change_noticed":"yes","c__climate_changes":"temperature_rise","c__climate_impacts":"production_decrease","c__info_sources":"social_media","c__raises_poultry":"no","c__farmer_type":"type_a","c__low_input_practices":"yes","values":{"owns_land":"yes","land_size_band":"lt_5_dunum","soil_types":["clay"],"crop_groups":["olives","vegetables"],"water_sources":["well","tanker","storage"],"water_availability":"sometimes","water_scarcity":"yes","irrigation_need_change":"increase","energy_sources":["manual"],"production_level":"medium","coop_member":"no","homes_trad_food":"some","seed_criteria":["productivity"],"seed_sources":["shop","neighbour"],"seed_challenges":["low_availability","unreliable_suppliers"],"traditional_seed_knowledge":"no","soil_enhancers":["chemical","manure"],"chem_fertilizer_reliance":"total","pest_control":["chemical"],"pesticide_reliance":"total","marketing_challenges":["weak_demand","far_markets"],"logistics_challenges":["high_transport_cost","no_paved_roads"],"climate_change_noticed":"yes","climate_changes":["temperature_rise","rainfall_decrease"],"climate_impacts":["production_decrease","pests_diseases"],"info_sources":["social_media","supply_shops"],"raises_poultry":"no","poultry_purpose":null,"farmer_type":"type_a","low_input_practices":"yes"},"status":{"owns_land":"reported","land_size_band":"reported","soil_types":"reported","crop_groups":"reported","water_sources":"reported","water_availability":"reported","water_scarcity":"reported","irrigation_need_change":"reported","energy_sources":"reported","production_level":"reported","coop_member":"reported","homes_trad_food":"reported","seed_criteria":"reported","seed_sources":"reported","seed_challenges":"reported","traditional_seed_knowledge":"reported","soil_enhancers":"reported","chem_fertilizer_reliance":"reported","pest_control":"reported","pesticide_reliance":"reported","marketing_challenges":"reported","logistics_challenges":"reported","climate_change_noticed":"reported","climate_changes":"reported","climate_impacts":"reported","info_sources":"reported","raises_poultry":"reported","poultry_purpose":"not_applicable","farmer_type":"reported","low_input_practices":"reported"}}},{"type":"Feature","id":"CH-NTSN7Z:chouf_2026","geometry":{"type":"Point","coordinates":[35.53744,33.70161]},"properties":{"entity_type":"survey_respondent_public","respondent_id":"CH-NTSN7Z","instrument":"chouf_2026","area_name_en":"Kfar Faqoud","area_name_ar":"كفرفاقود","district_en":"Chouf","district_ar":"الشوف","location_basis":"residence_village","geom_origin":"osm_settlement_point","spatial_precision":"locality","anchor":[35.53796,33.70119],"display_offset_m":67,"c__owns_land":"yes","c__land_size_band":"gt_1_ha","c__soil_types":"loamy","c__crop_groups":"olives","c__water_sources":"rain","c__water_availability":"never","c__water_scarcity":"yes","c__irrigation_need_change":"increase","c__energy_sources":"grid","c__production_level":"medium","c__coop_member":"no","c__homes_trad_food":"few","c__seed_criteria":"pest_resistance","c__seed_sources":"own_harvest","c__seed_challenges":"low_availability","c__traditional_seed_knowledge":"no","c__soil_enhancers":"compost","c__chem_fertilizer_reliance":"not_used","c__pest_control":"biological","c__pesticide_reliance":"partial","c__marketing_challenges":"low_prices","c__logistics_challenges":"high_transport_cost","c__climate_change_noticed":"yes","c__climate_changes":"temperature_rise","c__climate_impacts":"production_decrease","c__info_sources":"social_media","c__raises_poultry":"no","c__farmer_type":"type_c","c__low_input_practices":"yes","values":{"owns_land":"yes","land_size_band":"gt_1_ha","soil_types":["loamy"],"crop_groups":["olives","tropical_fruits","legumes"],"water_sources":["rain","storage"],"water_availability":"never","water_scarcity":"yes","irrigation_need_change":"increase","energy_sources":["grid"],"production_level":"medium","coop_member":"no","homes_trad_food":"few","seed_criteria":["pest_resistance"],"seed_sources":["own_harvest"],"seed_challenges":["low_availability","unreliable_suppliers","unsuitable"],"traditional_seed_knowledge":"no","soil_enhancers":["compost","biofertilizer"],"chem_fertilizer_reliance":"not_used","pest_control":["biological","physical"],"pesticide_reliance":"partial","marketing_challenges":["low_prices"],"logistics_challenges":["high_transport_cost"],"climate_change_noticed":"yes","climate_changes":["temperature_rise","rainfall_decrease","heatwaves","frost"],"climate_impacts":["production_decrease","pests_diseases","pollination"],"info_sources":["social_media"],"raises_poultry":"no","poultry_purpose":null,"farmer_type":"type_c","low_input_practices":"yes"},"status":{"owns_land":"reported","land_size_band":"reported","soil_types":"reported","crop_groups":"reported","water_sources":"reported","water_availability":"reported","water_scarcity":"reported","irrigation_need_change":"reported","energy_sources":"reported","production_level":"reported","coop_member":"reported","homes_trad_food":"reported","seed_criteria":"reported","seed_sources":"reported","seed_challenges":"reported","traditional_seed_knowledge":"reported","soil_enhancers":"reported","chem_fertilizer_reliance":"reported","pest_control":"reported","pesticide_reliance":"reported","marketing_challenges":"reported","logistics_challenges":"reported","climate_change_noticed":"reported","climate_changes":"reported","climate_impacts":"reported","info_sources":"reported","raises_poultry":"reported","poultry_purpose":"not_applicable","farmer_type":"reported","low_input_practices":"reported"}}},{"type":"Feature","id":"CH-PEYMJM:chouf_2026","geometry":{"type":"Point","coordinates":[35.67295,33.72109]},"properties":{"entity_type":"survey_respondent_public","respondent_id":"CH-PEYMJM","instrument":"chouf_2026","area_name_en":"Ouarhaniyeh","area_name_ar":"ورهانية","district_en":"Chouf","district_ar":"الشوف","location_basis":"residence_village","geom_origin":"osm_settlement_point","spatial_precision":"locality","anchor":[35.67419,33.72125],"display_offset_m":117,"c__owns_land":"yes","c__land_size_band":"lt_5_dunum","c__soil_types":"clay","c__crop_groups":"apples_pears","c__water_sources":"canal","c__water_availability":"rarely","c__water_scarcity":"yes","c__irrigation_need_change":"decrease","c__energy_sources":"manual","c__production_level":"small","c__coop_member":"no","c__homes_trad_food":"most","c__seed_criteria":"productivity","c__seed_sources":"shop","c__seed_challenges":"high_cost","c__traditional_seed_knowledge":"no","c__soil_enhancers":"chemical","c__chem_fertilizer_reliance":"partial","c__pest_control":"local","c__pesticide_reliance":"not_used","c__marketing_challenges":"low_prices","c__logistics_challenges":"high_transport_cost","c__climate_change_noticed":"yes","c__climate_changes":"temperature_rise","c__climate_impacts":"production_decrease","c__info_sources":"extension_agents","c__raises_poultry":"no","c__farmer_type":"type_b","c__low_input_practices":"yes","values":{"owns_land":"yes","land_size_band":"lt_5_dunum","soil_types":["clay"],"crop_groups":["apples_pears","vegetables"],"water_sources":["canal"],"water_availability":"rarely","water_scarcity":"yes","irrigation_need_change":"decrease","energy_sources":["manual"],"production_level":"small","coop_member":"no","homes_trad_food":"most","seed_criteria":["productivity"],"seed_sources":["shop","own_harvest"],"seed_challenges":["high_cost","low_availability"],"traditional_seed_knowledge":"no","soil_enhancers":["chemical"],"chem_fertilizer_reliance":"partial","pest_control":["local"],"pesticide_reliance":"not_used","marketing_challenges":["low_prices"],"logistics_challenges":["high_transport_cost"],"climate_change_noticed":"yes","climate_changes":["temperature_rise","rainfall_decrease","heatwaves","frost"],"climate_impacts":["production_decrease","pests_diseases"],"info_sources":["extension_agents"],"raises_poultry":"no","poultry_purpose":null,"farmer_type":"type_b","low_input_practices":"yes"},"status":{"owns_land":"reported","land_size_band":"reported","soil_types":"reported","crop_groups":"reported","water_sources":"reported","water_availability":"reported","water_scarcity":"reported","irrigation_need_change":"reported","energy_sources":"reported","production_level":"reported","coop_member":"reported","homes_trad_food":"reported","seed_criteria":"reported","seed_sources":"reported","seed_challenges":"reported","traditional_seed_knowledge":"reported","soil_enhancers":"reported","chem_fertilizer_reliance":"reported","pest_control":"reported","pesticide_reliance":"reported","marketing_challenges":"reported","logistics_challenges":"reported","climate_change_noticed":"reported","climate_changes":"reported","climate_impacts":"reported","info_sources":"reported","raises_poultry":"reported","poultry_purpose":"not_applicable","farmer_type":"reported","low_input_practices":"reported"}}},{"type":"Feature","id":"CH-PQCUSS:chouf_2026","geometry":{"type":"Point","coordinates":[35.50881,33.59567]},"properties":{"entity_type":"survey_respondent_public","respondent_id":"CH-PQCUSS","instrument":"chouf_2026","area_name_en":"Mazmoura","area_name_ar":"مزمورة","district_en":"Chouf","district_ar":"الشوف","location_basis":"residence_village","geom_origin":"osm_settlement_point","spatial_precision":"locality","anchor":[35.50881,33.59567],"display_offset_m":0,"c__owns_land":"yes","c__land_size_band":"gt_1_ha","c__soil_types":"loamy","c__crop_groups":"tropical_fruits","c__water_sources":"rain","c__water_availability":"never","c__water_scarcity":"yes","c__irrigation_need_change":"increase","c__energy_sources":"manual","c__production_level":"small","c__coop_member":"no","c__homes_trad_food":"few","c__seed_criteria":"price","c__seed_sources":"shop","c__seed_challenges":"high_cost","c__traditional_seed_knowledge":"no","c__soil_enhancers":"chemical","c__chem_fertilizer_reliance":"partial","c__pest_control":"chemical","c__pesticide_reliance":"total","c__marketing_challenges":"weak_demand","c__logistics_challenges":"high_transport_cost","c__climate_change_noticed":"yes","c__climate_changes":"temperature_rise","c__climate_impacts":"production_decrease","c__info_sources":"social_media","c__raises_poultry":"no","c__farmer_type":"type_d","c__low_input_practices":"yes","values":{"owns_land":"yes","land_size_band":"gt_1_ha","soil_types":["loamy"],"crop_groups":["tropical_fruits","herbs"],"water_sources":["rain","tanker","storage"],"water_availability":"never","water_scarcity":"yes","irrigation_need_change":"increase","energy_sources":["manual","grid","diesel"],"production_level":"small","coop_member":"no","homes_trad_food":"few","seed_criteria":["price","productivity"],"seed_sources":["shop","association"],"seed_challenges":["high_cost","low_availability"],"traditional_seed_knowledge":"no","soil_enhancers":["chemical","compost","manure"],"chem_fertilizer_reliance":"partial","pest_control":["chemical","local"],"pesticide_reliance":"total","marketing_challenges":["weak_demand","far_markets"],"logistics_challenges":["high_transport_cost","no_transport"],"climate_change_noticed":"yes","climate_changes":["temperature_rise","rainfall_decrease","frost"],"climate_impacts":["production_decrease","season_delay","pests_diseases","pollination"],"info_sources":["social_media","extension_agents","supply_shops"],"raises_poultry":"no","poultry_purpose":null,"farmer_type":"type_d","low_input_practices":"yes"},"status":{"owns_land":"reported","land_size_band":"reported","soil_types":"reported","crop_groups":"reported","water_sources":"reported","water_availability":"reported","water_scarcity":"reported","irrigation_need_change":"reported","energy_sources":"reported","production_level":"reported","coop_member":"reported","homes_trad_food":"reported","seed_criteria":"reported","seed_sources":"reported","seed_challenges":"reported","traditional_seed_knowledge":"reported","soil_enhancers":"reported","chem_fertilizer_reliance":"reported","pest_control":"reported","pesticide_reliance":"reported","marketing_challenges":"reported","logistics_challenges":"reported","climate_change_noticed":"reported","climate_changes":"reported","climate_impacts":"reported","info_sources":"reported","raises_poultry":"reported","poultry_purpose":"not_applicable","farmer_type":"reported","low_input_practices":"reported"}}},{"type":"Feature","id":"CH-PRP2UE:chouf_2026","geometry":{"type":"Point","coordinates":[35.64924,33.62423]},"properties":{"entity_type":"survey_respondent_public","respondent_id":"CH-PRP2UE","instrument":"chouf_2026","area_name_en":"Mristi","area_name_ar":"مرستى","district_en":"Chouf","district_ar":"الشوف","location_basis":"residence_village","geom_origin":"osm_settlement_point","spatial_precision":"locality","anchor":[35.64859,33.62264],"display_offset_m":187,"c__owns_land":"yes","c__land_size_band":"lt_5_dunum","c__soil_types":"loamy","c__crop_groups":"vegetables","c__water_sources":"rain","c__water_availability":"rarely","c__water_scarcity":"yes","c__irrigation_need_change":"increase","c__energy_sources":"manual","c__production_level":"medium","c__coop_member":"no","c__homes_trad_food":"most","c__seed_criteria":"productivity","c__seed_sources":"shop","c__seed_challenges":"none","c__traditional_seed_knowledge":"no","c__soil_enhancers":"chemical","c__chem_fertilizer_reliance":"partial","c__pest_control":"chemical","c__pesticide_reliance":"partial","c__marketing_challenges":"low_prices","c__logistics_challenges":"no_paved_roads","c__climate_change_noticed":"yes","c__climate_changes":"temperature_rise","c__climate_impacts":"production_decrease","c__info_sources":"social_media","c__raises_poultry":"yes","c__poultry_purpose":"home_consumption","c__farmer_type":"type_d","c__low_input_practices":"yes","values":{"owns_land":"yes","land_size_band":"lt_5_dunum","soil_types":["loamy"],"crop_groups":["vegetables","legumes"],"water_sources":["rain"],"water_availability":"rarely","water_scarcity":"yes","irrigation_need_change":"increase","energy_sources":["manual"],"production_level":"medium","coop_member":"no","homes_trad_food":"most","seed_criteria":["productivity","pest_resistance"],"seed_sources":["shop","neighbour","own_harvest"],"seed_challenges":["none"],"traditional_seed_knowledge":"no","soil_enhancers":["chemical","biofertilizer","manure"],"chem_fertilizer_reliance":"partial","pest_control":["chemical","local"],"pesticide_reliance":"partial","marketing_challenges":["low_prices","weak_demand"],"logistics_challenges":["no_paved_roads"],"climate_change_noticed":"yes","climate_changes":["temperature_rise","rainfall_decrease","heatwaves"],"climate_impacts":["production_decrease","pests_diseases"],"info_sources":["social_media","extension_agents"],"raises_poultry":"yes","poultry_purpose":["home_consumption"],"farmer_type":"type_d","low_input_practices":"yes"},"status":{"owns_land":"reported","land_size_band":"reported","soil_types":"reported","crop_groups":"reported","water_sources":"reported","water_availability":"reported","water_scarcity":"reported","irrigation_need_change":"reported","energy_sources":"reported","production_level":"reported","coop_member":"reported","homes_trad_food":"reported","seed_criteria":"reported","seed_sources":"reported","seed_challenges":"reported","traditional_seed_knowledge":"reported","soil_enhancers":"reported","chem_fertilizer_reliance":"reported","pest_control":"reported","pesticide_reliance":"reported","marketing_challenges":"reported","logistics_challenges":"reported","climate_change_noticed":"reported","climate_changes":"reported","climate_impacts":"reported","info_sources":"reported","raises_poultry":"reported","poultry_purpose":"reported","farmer_type":"reported","low_input_practices":"reported"}}},{"type":"Feature","id":"CH-PTTYWS:chouf_2026","geometry":{"type":"Point","coordinates":[35.64497,33.6482]},"properties":{"entity_type":"survey_respondent_public","respondent_id":"CH-PTTYWS","instrument":"chouf_2026","area_name_en":"Khereibet Ech-Chouf","area_name_ar":"خريبة الشوف","district_en":"Chouf","district_ar":"الشوف","location_basis":"residence_village","geom_origin":"osm_settlement_point","spatial_precision":"locality","anchor":[35.64497,33.6482],"display_offset_m":0,"c__owns_land":"yes","c__land_size_band":"gt_1_ha","c__soil_types":"clay","c__crop_groups":"olives","c__water_sources":"river","c__water_availability":"always","c__water_scarcity":"yes","c__irrigation_need_change":"increase","c__energy_sources":"manual","c__production_level":"medium","c__coop_member":"no","c__homes_trad_food":"some","c__seed_criteria":"price","c__seed_sources":"shop","c__seed_challenges":"high_cost","c__traditional_seed_knowledge":"yes","c__soil_enhancers":"compost","c__chem_fertilizer_reliance":"partial","c__pest_control":"chemical","c__pesticide_reliance":"partial","c__marketing_challenges":"low_prices","c__logistics_challenges":"high_transport_cost","c__climate_change_noticed":"yes","c__climate_changes":"rainfall_decrease","c__climate_impacts":"production_decrease","c__info_sources":"social_media","c__raises_poultry":"no","c__farmer_type":"type_b","c__low_input_practices":"yes","values":{"owns_land":"yes","land_size_band":"gt_1_ha","soil_types":["clay"],"crop_groups":["olives","grapes","other_fruits"],"water_sources":["river","public_network","storage"],"water_availability":"always","water_scarcity":"yes","irrigation_need_change":"increase","energy_sources":["manual"],"production_level":"medium","coop_member":"no","homes_trad_food":"some","seed_criteria":["price","productivity","pest_resistance"],"seed_sources":["shop","neighbour","own_harvest"],"seed_challenges":["high_cost","low_availability","unreliable_suppliers"],"traditional_seed_knowledge":"yes","soil_enhancers":["compost","manure"],"chem_fertilizer_reliance":"partial","pest_control":["chemical","biological"],"pesticide_reliance":"partial","marketing_challenges":["low_prices","weak_demand","no_transport"],"logistics_challenges":["high_transport_cost","no_paved_roads"],"climate_change_noticed":"yes","climate_changes":["rainfall_decrease","heatwaves"],"climate_impacts":["production_decrease","pests_diseases"],"info_sources":["social_media","extension_agents","supply_shops","television"],"raises_poultry":"no","poultry_purpose":null,"farmer_type":"type_b","low_input_practices":"yes"},"status":{"owns_land":"reported","land_size_band":"reported","soil_types":"reported","crop_groups":"reported","water_sources":"reported","water_availability":"reported","water_scarcity":"reported","irrigation_need_change":"reported","energy_sources":"reported","production_level":"reported","coop_member":"reported","homes_trad_food":"reported","seed_criteria":"reported","seed_sources":"reported","seed_challenges":"reported","traditional_seed_knowledge":"reported","soil_enhancers":"reported","chem_fertilizer_reliance":"reported","pest_control":"reported","pesticide_reliance":"reported","marketing_challenges":"reported","logistics_challenges":"reported","climate_change_noticed":"reported","climate_changes":"reported","climate_impacts":"reported","info_sources":"reported","raises_poultry":"reported","poultry_purpose":"not_applicable","farmer_type":"reported","low_input_practices":"reported"}}},{"type":"Feature","id":"CH-Q3TN9W:chouf_2026","geometry":{"type":"Point","coordinates":[35.6701,33.66874]},"properties":{"entity_type":"survey_respondent_public","respondent_id":"CH-Q3TN9W","instrument":"chouf_2026","area_name_en":"Maasser Ech-Chouf","area_name_ar":"معاصر الشوف","district_en":"Chouf","district_ar":"الشوف","location_basis":"residence_village","geom_origin":"osm_settlement_point","spatial_precision":"locality","anchor":[35.67062,33.66832],"display_offset_m":67,"c__owns_land":"yes","c__land_size_band":"lt_5_dunum","c__soil_types":"loamy","c__crop_groups":"olives","c__water_sources":"river","c__water_availability":"rarely","c__water_scarcity":"yes","c__irrigation_need_change":"increase","c__energy_sources":"manual","c__production_level":"medium","c__coop_member":"no","c__homes_trad_food":"most","c__seed_criteria":"none","c__seed_challenges":"none","c__traditional_seed_knowledge":"no","c__soil_enhancers":"chemical","c__chem_fertilizer_reliance":"partial","c__pest_control":"chemical","c__pesticide_reliance":"partial","c__logistics_challenges":"high_transport_cost","c__climate_change_noticed":"yes","c__climate_changes":"temperature_rise","c__climate_impacts":"production_decrease","c__info_sources":"social_media","c__raises_poultry":"no","c__farmer_type":"type_b","c__low_input_practices":"yes","values":{"owns_land":"yes","land_size_band":"lt_5_dunum","soil_types":["loamy"],"crop_groups":["olives","nuts_pine"],"water_sources":["river","canal"],"water_availability":"rarely","water_scarcity":"yes","irrigation_need_change":"increase","energy_sources":["manual"],"production_level":"medium","coop_member":"no","homes_trad_food":"most","seed_criteria":["none"],"seed_sources":null,"seed_challenges":["none"],"traditional_seed_knowledge":"no","soil_enhancers":["chemical","manure"],"chem_fertilizer_reliance":"partial","pest_control":["chemical","biological"],"pesticide_reliance":"partial","marketing_challenges":null,"logistics_challenges":["high_transport_cost","no_paved_roads"],"climate_change_noticed":"yes","climate_changes":["temperature_rise","rainfall_decrease","heatwaves"],"climate_impacts":["production_decrease","season_delay"],"info_sources":["social_media","extension_agents"],"raises_poultry":"no","poultry_purpose":null,"farmer_type":"type_b","low_input_practices":"yes"},"status":{"owns_land":"reported","land_size_band":"reported","soil_types":"reported","crop_groups":"reported","water_sources":"reported","water_availability":"reported","water_scarcity":"reported","irrigation_need_change":"reported","energy_sources":"reported","production_level":"reported","coop_member":"reported","homes_trad_food":"reported","seed_criteria":"reported","seed_sources":"not_provided","seed_challenges":"reported","traditional_seed_knowledge":"reported","soil_enhancers":"reported","chem_fertilizer_reliance":"reported","pest_control":"reported","pesticide_reliance":"reported","marketing_challenges":"not_provided","logistics_challenges":"reported","climate_change_noticed":"reported","climate_changes":"reported","climate_impacts":"reported","info_sources":"reported","raises_poultry":"reported","poultry_purpose":"not_applicable","farmer_type":"reported","low_input_practices":"reported"}}},{"type":"Feature","id":"CH-QEZ5M3:chouf_2026","geometry":{"type":"Point","coordinates":[35.65142,33.69431]},"properties":{"entity_type":"survey_respondent_public","respondent_id":"CH-QEZ5M3","instrument":"chouf_2026","area_name_en":"Batloun","area_name_ar":"بتلون","district_en":"Chouf","district_ar":"الشوف","location_basis":"residence_village","geom_origin":"osm_settlement_point","spatial_precision":"locality","anchor":[35.65221,33.6955],"display_offset_m":151,"c__owns_land":"yes","c__land_size_band":"lt_5_dunum","c__soil_types":"clay","c__water_sources":"public_network","c__water_availability":"sometimes","c__water_scarcity":"yes","c__irrigation_need_change":"decrease","c__energy_sources":"manual","c__production_level":"small","c__coop_member":"no","c__homes_trad_food":"most","c__seed_criteria":"productivity","c__seed_sources":"shop","c__seed_challenges":"low_availability","c__traditional_seed_knowledge":"yes","c__soil_enhancers":"compost","c__chem_fertilizer_reliance":"not_used","c__pest_control":"local","c__pesticide_reliance":"not_used","c__marketing_challenges":"low_prices","c__logistics_challenges":"no_transport","c__climate_change_noticed":"yes","c__climate_changes":"temperature_rise","c__climate_impacts":"production_decrease","c__info_sources":"social_media","c__raises_poultry":"yes","c__poultry_purpose":"home_consumption","c__farmer_type":"type_c","c__low_input_practices":"yes","values":{"owns_land":"yes","land_size_band":"lt_5_dunum","soil_types":["clay"],"crop_groups":null,"water_sources":["public_network"],"water_availability":"sometimes","water_scarcity":"yes","irrigation_need_change":"decrease","energy_sources":["manual"],"production_level":"small","coop_member":"no","homes_trad_food":"most","seed_criteria":["productivity","pest_resistance"],"seed_sources":["shop","neighbour","association","own_harvest"],"seed_challenges":["low_availability","unsuitable"],"traditional_seed_knowledge":"yes","soil_enhancers":["compost","manure"],"chem_fertilizer_reliance":"not_used","pest_control":["local"],"pesticide_reliance":"not_used","marketing_challenges":["low_prices","weak_demand"],"logistics_challenges":["no_transport"],"climate_change_noticed":"yes","climate_changes":["temperature_rise","rainfall_decrease","heatwaves"],"climate_impacts":["production_decrease","pests_diseases","pollination"],"info_sources":["social_media","extension_agents"],"raises_poultry":"yes","poultry_purpose":["home_consumption"],"farmer_type":"type_c","low_input_practices":"yes"},"status":{"owns_land":"reported","land_size_band":"reported","soil_types":"reported","crop_groups":"invalid","water_sources":"reported","water_availability":"reported","water_scarcity":"reported","irrigation_need_change":"reported","energy_sources":"reported","production_level":"reported","coop_member":"reported","homes_trad_food":"reported","seed_criteria":"reported","seed_sources":"reported","seed_challenges":"reported","traditional_seed_knowledge":"reported","soil_enhancers":"reported","chem_fertilizer_reliance":"reported","pest_control":"reported","pesticide_reliance":"reported","marketing_challenges":"reported","logistics_challenges":"reported","climate_change_noticed":"reported","climate_changes":"reported","climate_impacts":"reported","info_sources":"reported","raises_poultry":"reported","poultry_purpose":"reported","farmer_type":"reported","low_input_practices":"reported"}}},{"type":"Feature","id":"CH-QHF5KA:chouf_2026","geometry":{"type":"Point","coordinates":[35.68234,33.70346]},"properties":{"entity_type":"survey_respondent_public","respondent_id":"CH-QHF5KA","instrument":"chouf_2026","area_name_en":"Barouk","area_name_ar":"الباروك","district_en":"Chouf","district_ar":"الشوف","location_basis":"residence_village","geom_origin":"osm_settlement_point","spatial_precision":"locality","anchor":[35.68119,33.70411],"display_offset_m":129,"c__owns_land":"yes","c__land_size_band":"lt_1_ha","c__soil_types":"loamy","c__crop_groups":"apples_pears","c__water_sources":"river","c__water_availability":"sometimes","c__water_scarcity":"no","c__irrigation_need_change":"increase","c__energy_sources":"manual","c__production_level":"medium","c__coop_member":"yes","c__homes_trad_food":"most","c__seed_criteria":"productivity","c__seed_sources":"neighbour","c__seed_challenges":"high_cost","c__traditional_seed_knowledge":"no","c__soil_enhancers":"compost","c__chem_fertilizer_reliance":"partial","c__pest_control":"chemical","c__pesticide_reliance":"partial","c__marketing_challenges":"weak_demand","c__logistics_challenges":"no_paved_roads","c__climate_change_noticed":"yes","c__climate_changes":"temperature_rise","c__climate_impacts":"production_decrease","c__info_sources":"social_media","c__raises_poultry":"no","c__farmer_type":"type_b","c__low_input_practices":"yes","values":{"owns_land":"yes","land_size_band":"lt_1_ha","soil_types":["loamy"],"crop_groups":["apples_pears","vegetables"],"water_sources":["river"],"water_availability":"sometimes","water_scarcity":"no","irrigation_need_change":"increase","energy_sources":["manual"],"production_level":"medium","coop_member":"yes","homes_trad_food":"most","seed_criteria":["productivity"],"seed_sources":["neighbour"],"seed_challenges":["high_cost"],"traditional_seed_knowledge":"no","soil_enhancers":["compost","manure"],"chem_fertilizer_reliance":"partial","pest_control":["chemical"],"pesticide_reliance":"partial","marketing_challenges":["weak_demand","far_markets"],"logistics_challenges":["no_paved_roads"],"climate_change_noticed":"yes","climate_changes":["temperature_rise","rainfall_decrease","heatwaves"],"climate_impacts":["production_decrease","pests_diseases"],"info_sources":["social_media","extension_agents"],"raises_poultry":"no","poultry_purpose":null,"farmer_type":"type_b","low_input_practices":"yes"},"status":{"owns_land":"reported","land_size_band":"reported","soil_types":"reported","crop_groups":"reported","water_sources":"reported","water_availability":"reported","water_scarcity":"reported","irrigation_need_change":"reported","energy_sources":"reported","production_level":"reported","coop_member":"reported","homes_trad_food":"reported","seed_criteria":"reported","seed_sources":"reported","seed_challenges":"reported","traditional_seed_knowledge":"reported","soil_enhancers":"reported","chem_fertilizer_reliance":"reported","pest_control":"reported","pesticide_reliance":"reported","marketing_challenges":"reported","logistics_challenges":"reported","climate_change_noticed":"reported","climate_changes":"reported","climate_impacts":"reported","info_sources":"reported","raises_poultry":"reported","poultry_purpose":"not_applicable","farmer_type":"reported","low_input_practices":"reported"}}},{"type":"Feature","id":"CH-QKPXWC:chouf_2026","geometry":{"type":"Point","coordinates":[35.62067,33.63711]},"properties":{"entity_type":"survey_respondent_public","respondent_id":"CH-QKPXWC","instrument":"chouf_2026","area_name_en":"Baadarane","area_name_ar":"بعدران","district_en":"Chouf","district_ar":"الشوف","location_basis":"residence_village","geom_origin":"osm_settlement_point","spatial_precision":"locality","anchor":[35.62025,33.63712],"display_offset_m":39,"c__owns_land":"yes","c__land_size_band":"gt_2_ha","c__soil_types":"clay","c__crop_groups":"other","c__water_sources":"rain","c__water_availability":"never","c__water_scarcity":"yes","c__irrigation_need_change":"increase","c__energy_sources":"manual","c__production_level":"small","c__coop_member":"no","c__homes_trad_food":"some","c__seed_criteria":"none","c__seed_sources":"shop","c__seed_challenges":"high_cost","c__traditional_seed_knowledge":"no","c__soil_enhancers":"chemical","c__chem_fertilizer_reliance":"partial","c__pest_control":"chemical","c__pesticide_reliance":"total","c__marketing_challenges":"low_prices","c__logistics_challenges":"no_transport","c__climate_change_noticed":"no","c__climate_changes":"temperature_rise","c__climate_impacts":"no_major_impact","c__info_sources":"social_media","c__raises_poultry":"no","c__farmer_type":"type_b","c__low_input_practices":"yes","values":{"owns_land":"yes","land_size_band":"gt_2_ha","soil_types":["clay"],"crop_groups":["other"],"water_sources":["rain"],"water_availability":"never","water_scarcity":"yes","irrigation_need_change":"increase","energy_sources":["manual"],"production_level":"small","coop_member":"no","homes_trad_food":"some","seed_criteria":["none"],"seed_sources":["shop","association"],"seed_challenges":["high_cost"],"traditional_seed_knowledge":"no","soil_enhancers":["chemical","compost","manure"],"chem_fertilizer_reliance":"partial","pest_control":["chemical"],"pesticide_reliance":"total","marketing_challenges":["low_prices"],"logistics_challenges":["no_transport"],"climate_change_noticed":"no","climate_changes":["temperature_rise","rainfall_decrease","heatwaves"],"climate_impacts":["no_major_impact"],"info_sources":["social_media","supply_shops"],"raises_poultry":"no","poultry_purpose":null,"farmer_type":"type_b","low_input_practices":"yes"},"status":{"owns_land":"reported","land_size_band":"reported","soil_types":"reported","crop_groups":"reported","water_sources":"reported","water_availability":"reported","water_scarcity":"reported","irrigation_need_change":"reported","energy_sources":"reported","production_level":"reported","coop_member":"reported","homes_trad_food":"reported","seed_criteria":"reported","seed_sources":"reported","seed_challenges":"reported","traditional_seed_knowledge":"reported","soil_enhancers":"reported","chem_fertilizer_reliance":"reported","pest_control":"reported","pesticide_reliance":"reported","marketing_challenges":"reported","logistics_challenges":"reported","climate_change_noticed":"reported","climate_changes":"reported","climate_impacts":"reported","info_sources":"reported","raises_poultry":"reported","poultry_purpose":"not_applicable","farmer_type":"reported","low_input_practices":"reported"}}},{"type":"Feature","id":"CH-QRK62A:chouf_2026","geometry":{"type":"Point","coordinates":[35.40908,33.58756]},"properties":{"entity_type":"survey_respondent_public","respondent_id":"CH-QRK62A","instrument":"chouf_2026","area_name_en":"Aalmane Ech-Chouf","area_name_ar":"علمان الشوف","district_en":"Chouf","district_ar":"الشوف","location_basis":"residence_village","geom_origin":"osm_settlement_point","spatial_precision":"locality","anchor":[35.40697,33.58799],"display_offset_m":202,"c__owns_land":"yes","c__land_size_band":"lt_5_dunum","c__soil_types":"clay","c__crop_groups":"citrus","c__water_sources":"well","c__water_availability":"rarely","c__water_scarcity":"yes","c__irrigation_need_change":"no_change","c__energy_sources":"grid","c__production_level":"medium","c__coop_member":"no","c__homes_trad_food":"few","c__seed_criteria":"none","c__seed_sources":"shop","c__seed_challenges":"high_cost","c__traditional_seed_knowledge":"no","c__soil_enhancers":"chemical","c__chem_fertilizer_reliance":"partial","c__pest_control":"chemical","c__pesticide_reliance":"total","c__marketing_challenges":"low_prices","c__logistics_challenges":"no_paved_roads","c__climate_change_noticed":"yes","c__climate_changes":"rainfall_decrease","c__climate_impacts":"production_decrease","c__info_sources":"extension_agents","c__raises_poultry":"no","c__farmer_type":"type_a","c__low_input_practices":"yes","values":{"owns_land":"yes","land_size_band":"lt_5_dunum","soil_types":["clay"],"crop_groups":["citrus"],"water_sources":["well"],"water_availability":"rarely","water_scarcity":"yes","irrigation_need_change":"no_change","energy_sources":["grid"],"production_level":"medium","coop_member":"no","homes_trad_food":"few","seed_criteria":["none"],"seed_sources":["shop"],"seed_challenges":["high_cost"],"traditional_seed_knowledge":"no","soil_enhancers":["chemical","manure"],"chem_fertilizer_reliance":"partial","pest_control":["chemical"],"pesticide_reliance":"total","marketing_challenges":["low_prices"],"logistics_challenges":["no_paved_roads"],"climate_change_noticed":"yes","climate_changes":["rainfall_decrease"],"climate_impacts":["production_decrease"],"info_sources":["extension_agents"],"raises_poultry":"no","poultry_purpose":null,"farmer_type":"type_a","low_input_practices":"yes"},"status":{"owns_land":"reported","land_size_band":"reported","soil_types":"reported","crop_groups":"reported","water_sources":"reported","water_availability":"reported","water_scarcity":"reported","irrigation_need_change":"reported","energy_sources":"reported","production_level":"reported","coop_member":"reported","homes_trad_food":"reported","seed_criteria":"reported","seed_sources":"reported","seed_challenges":"reported","traditional_seed_knowledge":"reported","soil_enhancers":"reported","chem_fertilizer_reliance":"reported","pest_control":"reported","pesticide_reliance":"reported","marketing_challenges":"reported","logistics_challenges":"reported","climate_change_noticed":"reported","climate_changes":"reported","climate_impacts":"reported","info_sources":"reported","raises_poultry":"reported","poultry_purpose":"not_applicable","farmer_type":"reported","low_input_practices":"reported"}}},{"type":"Feature","id":"CH-QVP638:chouf_2026","geometry":{"type":"Point","coordinates":[35.67534,33.7206]},"properties":{"entity_type":"survey_respondent_public","respondent_id":"CH-QVP638","instrument":"chouf_2026","area_name_en":"Ouarhaniyeh","area_name_ar":"ورهانية","district_en":"Chouf","district_ar":"الشوف","location_basis":"residence_village","geom_origin":"osm_settlement_point","spatial_precision":"locality","anchor":[35.67419,33.72125],"display_offset_m":129,"c__owns_land":"yes","c__land_size_band":"lt_1_ha","c__soil_types":"loamy","c__crop_groups":"olives","c__water_sources":"canal","c__water_availability":"sometimes","c__water_scarcity":"yes","c__irrigation_need_change":"no_change","c__energy_sources":"manual","c__production_level":"large","c__coop_member":"no","c__homes_trad_food":"most","c__seed_criteria":"price","c__seed_sources":"shop","c__seed_challenges":"high_cost","c__traditional_seed_knowledge":"yes","c__soil_enhancers":"chemical","c__chem_fertilizer_reliance":"partial","c__pest_control":"chemical","c__pesticide_reliance":"total","c__marketing_challenges":"low_prices","c__logistics_challenges":"high_transport_cost","c__climate_change_noticed":"yes","c__climate_changes":"temperature_rise","c__climate_impacts":"pests_diseases","c__info_sources":"supply_shops","c__raises_poultry":"yes","c__poultry_purpose":"home_consumption","c__farmer_type":"type_b","c__low_input_practices":"yes","values":{"owns_land":"yes","land_size_band":"lt_1_ha","soil_types":["loamy","clay","calcareous"],"crop_groups":["olives","citrus","other_fruits","nuts_pine"],"water_sources":["canal"],"water_availability":"sometimes","water_scarcity":"yes","irrigation_need_change":"no_change","energy_sources":["manual"],"production_level":"large","coop_member":"no","homes_trad_food":"most","seed_criteria":["price","productivity","pest_resistance"],"seed_sources":["shop","own_harvest"],"seed_challenges":["high_cost","low_availability"],"traditional_seed_knowledge":"yes","soil_enhancers":["chemical","manure"],"chem_fertilizer_reliance":"partial","pest_control":["chemical"],"pesticide_reliance":"total","marketing_challenges":["low_prices","weak_demand","far_markets","no_transport","poor_packaging"],"logistics_challenges":["high_transport_cost","no_paved_roads"],"climate_change_noticed":"yes","climate_changes":["temperature_rise","rainfall_decrease"],"climate_impacts":["pests_diseases"],"info_sources":["supply_shops"],"raises_poultry":"yes","poultry_purpose":["home_consumption"],"farmer_type":"type_b","low_input_practices":"yes"},"status":{"owns_land":"reported","land_size_band":"reported","soil_types":"reported","crop_groups":"reported","water_sources":"reported","water_availability":"reported","water_scarcity":"reported","irrigation_need_change":"reported","energy_sources":"reported","production_level":"reported","coop_member":"reported","homes_trad_food":"reported","seed_criteria":"reported","seed_sources":"reported","seed_challenges":"reported","traditional_seed_knowledge":"reported","soil_enhancers":"reported","chem_fertilizer_reliance":"reported","pest_control":"reported","pesticide_reliance":"reported","marketing_challenges":"reported","logistics_challenges":"reported","climate_change_noticed":"reported","climate_changes":"reported","climate_impacts":"reported","info_sources":"reported","raises_poultry":"reported","poultry_purpose":"reported","farmer_type":"reported","low_input_practices":"reported"}}},{"type":"Feature","id":"CH-QWA93A:chouf_2026","geometry":{"type":"Point","coordinates":[35.59001,33.651]},"properties":{"entity_type":"survey_respondent_public","respondent_id":"CH-QWA93A","instrument":"chouf_2026","area_name_en":"Kahlouniet Ech-Chouf","area_name_ar":"كحلونية الشوف","district_en":"Chouf","district_ar":"الشوف","location_basis":"residence_village","geom_origin":"osm_settlement_point","spatial_precision":"locality","anchor":[35.59037,33.64977],"display_offset_m":140,"c__owns_land":"yes","c__land_size_band":"lt_5_dunum","c__soil_types":"loamy","c__crop_groups":"vegetables","c__water_sources":"tanker","c__water_availability":"sometimes","c__water_scarcity":"yes","c__irrigation_need_change":"increase","c__energy_sources":"manual","c__production_level":"small","c__coop_member":"no","c__homes_trad_food":"some","c__seed_criteria":"productivity","c__seed_sources":"shop","c__seed_challenges":"high_cost","c__traditional_seed_knowledge":"yes","c__soil_enhancers":"manure","c__chem_fertilizer_reliance":"partial","c__pest_control":"chemical","c__pesticide_reliance":"partial","c__marketing_challenges":"weak_demand","c__logistics_challenges":"high_transport_cost","c__climate_change_noticed":"yes","c__climate_changes":"temperature_rise","c__climate_impacts":"production_decrease","c__info_sources":"social_media","c__raises_poultry":"yes","c__poultry_purpose":"home_consumption","c__farmer_type":"type_d","c__low_input_practices":"yes","values":{"owns_land":"yes","land_size_band":"lt_5_dunum","soil_types":["loamy"],"crop_groups":["vegetables"],"water_sources":["tanker","storage"],"water_availability":"sometimes","water_scarcity":"yes","irrigation_need_change":"increase","energy_sources":["manual"],"production_level":"small","coop_member":"no","homes_trad_food":"some","seed_criteria":["productivity","pest_resistance"],"seed_sources":["shop"],"seed_challenges":["high_cost","low_availability"],"traditional_seed_knowledge":"yes","soil_enhancers":["manure"],"chem_fertilizer_reliance":"partial","pest_control":["chemical"],"pesticide_reliance":"partial","marketing_challenges":["weak_demand"],"logistics_challenges":["high_transport_cost"],"climate_change_noticed":"yes","climate_changes":["temperature_rise","rainfall_decrease"],"climate_impacts":["production_decrease","season_delay","pests_diseases","pollination"],"info_sources":["social_media","extension_agents"],"raises_poultry":"yes","poultry_purpose":["home_consumption"],"farmer_type":"type_d","low_input_practices":"yes"},"status":{"owns_land":"reported","land_size_band":"reported","soil_types":"reported","crop_groups":"reported","water_sources":"reported","water_availability":"reported","water_scarcity":"reported","irrigation_need_change":"reported","energy_sources":"reported","production_level":"reported","coop_member":"reported","homes_trad_food":"reported","seed_criteria":"reported","seed_sources":"reported","seed_challenges":"reported","traditional_seed_knowledge":"reported","soil_enhancers":"reported","chem_fertilizer_reliance":"reported","pest_control":"reported","pesticide_reliance":"reported","marketing_challenges":"reported","logistics_challenges":"reported","climate_change_noticed":"reported","climate_changes":"reported","climate_impacts":"reported","info_sources":"reported","raises_poultry":"reported","poultry_purpose":"reported","farmer_type":"reported","low_input_practices":"reported"}}},{"type":"Feature","id":"CH-QZ2XAN:chouf_2026","geometry":{"type":"Point","coordinates":[35.64675,33.6218]},"properties":{"entity_type":"survey_respondent_public","respondent_id":"CH-QZ2XAN","instrument":"chouf_2026","area_name_en":"Mristi","area_name_ar":"مرستى","district_en":"Chouf","district_ar":"الشوف","location_basis":"residence_village","geom_origin":"osm_settlement_point","spatial_precision":"locality","anchor":[35.64859,33.62264],"display_offset_m":194,"c__owns_land":"yes","c__land_size_band":"lt_5_dunum","c__soil_types":"clay","c__crop_groups":"apples_pears","c__water_sources":"canal","c__water_availability":"sometimes","c__water_scarcity":"yes","c__irrigation_need_change":"increase","c__energy_sources":"grid","c__production_level":"medium","c__coop_member":"no","c__homes_trad_food":"most","c__seed_criteria":"price","c__seed_sources":"shop","c__seed_challenges":"high_cost","c__traditional_seed_knowledge":"no","c__soil_enhancers":"chemical","c__chem_fertilizer_reliance":"partial","c__pest_control":"chemical","c__pesticide_reliance":"partial","c__marketing_challenges":"low_prices","c__logistics_challenges":"high_transport_cost","c__climate_change_noticed":"yes","c__climate_changes":"rainfall_decrease","c__climate_impacts":"production_decrease","c__info_sources":"extension_agents","c__raises_poultry":"yes","c__poultry_purpose":"home_consumption","c__farmer_type":"type_b","c__low_input_practices":"yes","values":{"owns_land":"yes","land_size_band":"lt_5_dunum","soil_types":["clay"],"crop_groups":["apples_pears","stone_fruits","vegetables"],"water_sources":["canal"],"water_availability":"sometimes","water_scarcity":"yes","irrigation_need_change":"increase","energy_sources":["grid"],"production_level":"medium","coop_member":"no","homes_trad_food":"most","seed_criteria":["price","pest_resistance"],"seed_sources":["shop"],"seed_challenges":["high_cost"],"traditional_seed_knowledge":"no","soil_enhancers":["chemical","manure"],"chem_fertilizer_reliance":"partial","pest_control":["chemical"],"pesticide_reliance":"partial","marketing_challenges":["low_prices"],"logistics_challenges":["high_transport_cost"],"climate_change_noticed":"yes","climate_changes":["rainfall_decrease","frost"],"climate_impacts":["production_decrease"],"info_sources":["extension_agents","supply_shops"],"raises_poultry":"yes","poultry_purpose":["home_consumption"],"farmer_type":"type_b","low_input_practices":"yes"},"status":{"owns_land":"reported","land_size_band":"reported","soil_types":"reported","crop_groups":"reported","water_sources":"reported","water_availability":"reported","water_scarcity":"reported","irrigation_need_change":"reported","energy_sources":"reported","production_level":"reported","coop_member":"reported","homes_trad_food":"reported","seed_criteria":"reported","seed_sources":"reported","seed_challenges":"reported","traditional_seed_knowledge":"reported","soil_enhancers":"reported","chem_fertilizer_reliance":"reported","pest_control":"reported","pesticide_reliance":"reported","marketing_challenges":"reported","logistics_challenges":"reported","climate_change_noticed":"reported","climate_changes":"reported","climate_impacts":"reported","info_sources":"reported","raises_poultry":"reported","poultry_purpose":"reported","farmer_type":"reported","low_input_practices":"reported"}}},{"type":"Feature","id":"CH-R8E7GT:chouf_2026","geometry":{"type":"Point","coordinates":[35.62182,33.66168]},"properties":{"entity_type":"survey_respondent_public","respondent_id":"CH-R8E7GT","instrument":"chouf_2026","area_name_en":"Botmeh","area_name_ar":"بطمة","district_en":"Chouf","district_ar":"الشوف","location_basis":"residence_village","geom_origin":"osm_settlement_point","spatial_precision":"locality","anchor":[35.62234,33.66126],"display_offset_m":67,"c__owns_land":"yes","c__land_size_band":"lt_1_ha","c__soil_types":"loamy","c__crop_groups":"olives","c__water_sources":"tanker","c__water_availability":"rarely","c__water_scarcity":"yes","c__irrigation_need_change":"increase","c__energy_sources":"manual","c__production_level":"small","c__coop_member":"no","c__homes_trad_food":"some","c__seed_criteria":"price","c__seed_sources":"shop","c__seed_challenges":"high_cost","c__traditional_seed_knowledge":"no","c__soil_enhancers":"compost","c__chem_fertilizer_reliance":"partial","c__pest_control":"chemical","c__pesticide_reliance":"partial","c__marketing_challenges":"low_prices","c__logistics_challenges":"high_transport_cost","c__climate_change_noticed":"yes","c__climate_changes":"temperature_rise","c__climate_impacts":"production_decrease","c__info_sources":"social_media","c__raises_poultry":"yes","c__poultry_purpose":"home_consumption","c__farmer_type":"type_d","c__low_input_practices":"yes","values":{"owns_land":"yes","land_size_band":"lt_1_ha","soil_types":["loamy"],"crop_groups":["olives"],"water_sources":["tanker","canal","storage"],"water_availability":"rarely","water_scarcity":"yes","irrigation_need_change":"increase","energy_sources":["manual"],"production_level":"small","coop_member":"no","homes_trad_food":"some","seed_criteria":["price","productivity","pest_resistance"],"seed_sources":["shop","association"],"seed_challenges":["high_cost","low_availability","unreliable_suppliers","unsuitable"],"traditional_seed_knowledge":"no","soil_enhancers":["compost","manure"],"chem_fertilizer_reliance":"partial","pest_control":["chemical"],"pesticide_reliance":"partial","marketing_challenges":["low_prices","poor_packaging"],"logistics_challenges":["high_transport_cost","no_transport"],"climate_change_noticed":"yes","climate_changes":["temperature_rise","rainfall_decrease","heatwaves","frost"],"climate_impacts":["production_decrease","pests_diseases","pollination"],"info_sources":["social_media","extension_agents","supply_shops","television"],"raises_poultry":"yes","poultry_purpose":["home_consumption"],"farmer_type":"type_d","low_input_practices":"yes"},"status":{"owns_land":"reported","land_size_band":"reported","soil_types":"reported","crop_groups":"reported","water_sources":"reported","water_availability":"reported","water_scarcity":"reported","irrigation_need_change":"reported","energy_sources":"reported","production_level":"reported","coop_member":"reported","homes_trad_food":"reported","seed_criteria":"reported","seed_sources":"reported","seed_challenges":"reported","traditional_seed_knowledge":"reported","soil_enhancers":"reported","chem_fertilizer_reliance":"reported","pest_control":"reported","pesticide_reliance":"reported","marketing_challenges":"reported","logistics_challenges":"reported","climate_change_noticed":"reported","climate_changes":"reported","climate_impacts":"reported","info_sources":"reported","raises_poultry":"reported","poultry_purpose":"reported","farmer_type":"reported","low_input_practices":"reported"}}},{"type":"Feature","id":"CH-RH9Y37:chouf_2026","geometry":{"type":"Point","coordinates":[35.63335,33.69392]},"properties":{"entity_type":"survey_respondent_public","respondent_id":"CH-RH9Y37","instrument":"chouf_2026","area_name_en":"Kfar Nabrakh","area_name_ar":"كفرنبرخ","district_en":"Chouf","district_ar":"الشوف","location_basis":"residence_village","geom_origin":"osm_settlement_point","spatial_precision":"locality","anchor":[35.63329,33.6947],"display_offset_m":87,"c__owns_land":"yes","c__land_size_band":"gt_2_ha","c__soil_types":"loamy","c__crop_groups":"legumes","c__water_sources":"canal","c__water_availability":"always","c__water_scarcity":"yes","c__irrigation_need_change":"increase","c__energy_sources":"manual","c__production_level":"medium","c__coop_member":"no","c__homes_trad_food":"most","c__seed_criteria":"price","c__seed_sources":"shop","c__seed_challenges":"unreliable_suppliers","c__traditional_seed_knowledge":"no","c__soil_enhancers":"chemical","c__chem_fertilizer_reliance":"partial","c__pest_control":"chemical","c__pesticide_reliance":"partial","c__marketing_challenges":"low_prices","c__logistics_challenges":"high_transport_cost","c__climate_change_noticed":"yes","c__climate_changes":"temperature_rise","c__climate_impacts":"production_decrease","c__info_sources":"social_media","c__raises_poultry":"no","c__farmer_type":"type_b","c__low_input_practices":"yes","values":{"owns_land":"yes","land_size_band":"gt_2_ha","soil_types":["loamy"],"crop_groups":["legumes"],"water_sources":["canal"],"water_availability":"always","water_scarcity":"yes","irrigation_need_change":"increase","energy_sources":["manual"],"production_level":"medium","coop_member":"no","homes_trad_food":"most","seed_criteria":["price","productivity","pest_resistance"],"seed_sources":["shop"],"seed_challenges":["unreliable_suppliers"],"traditional_seed_knowledge":"no","soil_enhancers":["chemical","compost"],"chem_fertilizer_reliance":"partial","pest_control":["chemical"],"pesticide_reliance":"partial","marketing_challenges":["low_prices"],"logistics_challenges":["high_transport_cost"],"climate_change_noticed":"yes","climate_changes":["temperature_rise","rainfall_decrease"],"climate_impacts":["production_decrease"],"info_sources":["social_media"],"raises_poultry":"no","poultry_purpose":null,"farmer_type":"type_b","low_input_practices":"yes"},"status":{"owns_land":"reported","land_size_band":"reported","soil_types":"reported","crop_groups":"reported","water_sources":"reported","water_availability":"reported","water_scarcity":"reported","irrigation_need_change":"reported","energy_sources":"reported","production_level":"reported","coop_member":"reported","homes_trad_food":"reported","seed_criteria":"reported","seed_sources":"reported","seed_challenges":"reported","traditional_seed_knowledge":"reported","soil_enhancers":"reported","chem_fertilizer_reliance":"reported","pest_control":"reported","pesticide_reliance":"reported","marketing_challenges":"reported","logistics_challenges":"reported","climate_change_noticed":"reported","climate_changes":"reported","climate_impacts":"reported","info_sources":"reported","raises_poultry":"reported","poultry_purpose":"not_applicable","farmer_type":"reported","low_input_practices":"reported"}}},{"type":"Feature","id":"CH-RKRT6J:chouf_2026","geometry":{"type":"Point","coordinates":[35.56544,33.69869]},"properties":{"entity_type":"survey_respondent_public","respondent_id":"CH-RKRT6J","instrument":"chouf_2026","area_name_en":"Deir El-Qamar","area_name_ar":"دير القمر","district_en":"Chouf","district_ar":"الشوف","location_basis":"farm_area_reported","geom_origin":"osm_settlement_point","spatial_precision":"locality","anchor":[35.56474,33.69797],"display_offset_m":103,"c__owns_land":"yes","c__land_size_band":"lt_1_ha","c__soil_types":"loamy","c__crop_groups":"citrus","c__water_sources":"canal","c__water_availability":"rarely","c__water_scarcity":"yes","c__irrigation_need_change":"no_change","c__energy_sources":"manual","c__production_level":"medium","c__coop_member":"no","c__homes_trad_food":"almost_all","c__seed_criteria":"price","c__seed_sources":"shop","c__seed_challenges":"high_cost","c__traditional_seed_knowledge":"no","c__soil_enhancers":"chemical","c__chem_fertilizer_reliance":"total","c__pest_control":"chemical","c__pesticide_reliance":"total","c__marketing_challenges":"weak_demand","c__logistics_challenges":"high_transport_cost","c__climate_change_noticed":"no","c__climate_impacts":"no_major_impact","c__info_sources":"social_media","c__raises_poultry":"no","c__farmer_type":"type_a","c__low_input_practices":"no","values":{"owns_land":"yes","land_size_band":"lt_1_ha","soil_types":["loamy"],"crop_groups":["citrus","other_fruits","legumes"],"water_sources":["canal"],"water_availability":"rarely","water_scarcity":"yes","irrigation_need_change":"no_change","energy_sources":["manual"],"production_level":"medium","coop_member":"no","homes_trad_food":"almost_all","seed_criteria":["price","productivity","pest_resistance"],"seed_sources":["shop","own_harvest"],"seed_challenges":["high_cost"],"traditional_seed_knowledge":"no","soil_enhancers":["chemical"],"chem_fertilizer_reliance":"total","pest_control":["chemical"],"pesticide_reliance":"total","marketing_challenges":["weak_demand"],"logistics_challenges":["high_transport_cost","no_paved_roads","no_transport"],"climate_change_noticed":"no","climate_changes":null,"climate_impacts":["no_major_impact"],"info_sources":["social_media","supply_shops"],"raises_poultry":"no","poultry_purpose":null,"farmer_type":"type_a","low_input_practices":"no"},"status":{"owns_land":"reported","land_size_band":"reported","soil_types":"reported","crop_groups":"reported","water_sources":"reported","water_availability":"reported","water_scarcity":"reported","irrigation_need_change":"reported","energy_sources":"reported","production_level":"reported","coop_member":"reported","homes_trad_food":"reported","seed_criteria":"reported","seed_sources":"reported","seed_challenges":"reported","traditional_seed_knowledge":"reported","soil_enhancers":"reported","chem_fertilizer_reliance":"reported","pest_control":"reported","pesticide_reliance":"reported","marketing_challenges":"reported","logistics_challenges":"reported","climate_change_noticed":"reported","climate_changes":"not_applicable","climate_impacts":"reported","info_sources":"reported","raises_poultry":"reported","poultry_purpose":"not_applicable","farmer_type":"reported","low_input_practices":"reported"}}},{"type":"Feature","id":"CH-RLSGB6:chouf_2026","geometry":{"type":"Point","coordinates":[35.53802,33.70041]},"properties":{"entity_type":"survey_respondent_public","respondent_id":"CH-RLSGB6","instrument":"chouf_2026","area_name_en":"Kfar Faqoud","area_name_ar":"كفرفاقود","district_en":"Chouf","district_ar":"الشوف","location_basis":"residence_village","geom_origin":"osm_settlement_point","spatial_precision":"locality","anchor":[35.53796,33.70119],"display_offset_m":87,"c__owns_land":"yes","c__land_size_band":"lt_1_ha","c__soil_types":"calcareous","c__crop_groups":"olives","c__water_sources":"river","c__water_availability":"rarely","c__water_scarcity":"no","c__irrigation_need_change":"increase","c__energy_sources":"manual","c__production_level":"medium","c__coop_member":"no","c__homes_trad_food":"few","c__seed_criteria":"productivity","c__seed_sources":"own_harvest","c__seed_challenges":"high_cost","c__traditional_seed_knowledge":"no","c__soil_enhancers":"compost","c__chem_fertilizer_reliance":"partial","c__pest_control":"local","c__pesticide_reliance":"partial","c__marketing_challenges":"weak_demand","c__logistics_challenges":"high_transport_cost","c__climate_change_noticed":"yes","c__climate_changes":"temperature_rise","c__climate_impacts":"production_decrease","c__info_sources":"supply_shops","c__raises_poultry":"yes","c__poultry_purpose":"home_consumption","c__farmer_type":"type_b","c__low_input_practices":"yes","values":{"owns_land":"yes","land_size_band":"lt_1_ha","soil_types":["calcareous"],"crop_groups":["olives","stone_fruits","vegetables"],"water_sources":["river"],"water_availability":"rarely","water_scarcity":"no","irrigation_need_change":"increase","energy_sources":["manual"],"production_level":"medium","coop_member":"no","homes_trad_food":"few","seed_criteria":["productivity"],"seed_sources":["own_harvest"],"seed_challenges":["high_cost","low_availability"],"traditional_seed_knowledge":"no","soil_enhancers":["compost","manure"],"chem_fertilizer_reliance":"partial","pest_control":["local"],"pesticide_reliance":"partial","marketing_challenges":["weak_demand","far_markets"],"logistics_challenges":["high_transport_cost"],"climate_change_noticed":"yes","climate_changes":["temperature_rise","rainfall_decrease"],"climate_impacts":["production_decrease","pests_diseases"],"info_sources":["supply_shops"],"raises_poultry":"yes","poultry_purpose":["home_consumption"],"farmer_type":"type_b","low_input_practices":"yes"},"status":{"owns_land":"reported","land_size_band":"reported","soil_types":"reported","crop_groups":"reported","water_sources":"reported","water_availability":"reported","water_scarcity":"reported","irrigation_need_change":"reported","energy_sources":"reported","production_level":"reported","coop_member":"reported","homes_trad_food":"reported","seed_criteria":"reported","seed_sources":"reported","seed_challenges":"reported","traditional_seed_knowledge":"reported","soil_enhancers":"reported","chem_fertilizer_reliance":"reported","pest_control":"reported","pesticide_reliance":"reported","marketing_challenges":"reported","logistics_challenges":"reported","climate_change_noticed":"reported","climate_changes":"reported","climate_impacts":"reported","info_sources":"reported","raises_poultry":"reported","poultry_purpose":"reported","farmer_type":"reported","low_input_practices":"reported"}}},{"type":"Feature","id":"CH-RS3ZFY:chouf_2026","geometry":{"type":"Point","coordinates":[35.45618,33.73148]},"properties":{"entity_type":"survey_respondent_public","respondent_id":"CH-RS3ZFY","instrument":"chouf_2026","area_name_en":"Damour","area_name_ar":"الدامور","district_en":"Chouf","district_ar":"الشوف","location_basis":"farm_area_reported","geom_origin":"osm_settlement_point","spatial_precision":"locality","anchor":[35.45548,33.73076],"display_offset_m":103,"c__owns_land":"yes","c__land_size_band":"lt_1_ha","c__soil_types":"sandy","c__crop_groups":"citrus","c__water_sources":"river","c__water_availability":"always","c__water_scarcity":"yes","c__irrigation_need_change":"increase","c__energy_sources":"manual","c__production_level":"large","c__coop_member":"no","c__homes_trad_food":"most","c__seed_criteria":"price","c__seed_sources":"shop","c__seed_challenges":"low_availability","c__traditional_seed_knowledge":"no","c__soil_enhancers":"compost","c__chem_fertilizer_reliance":"partial","c__pest_control":"chemical","c__pesticide_reliance":"partial","c__marketing_challenges":"low_prices","c__logistics_challenges":"high_transport_cost","c__climate_change_noticed":"yes","c__climate_changes":"temperature_rise","c__climate_impacts":"production_decrease","c__info_sources":"extension_agents","c__raises_poultry":"yes","c__poultry_purpose":"home_consumption","c__farmer_type":"type_b","c__low_input_practices":"yes","values":{"owns_land":"yes","land_size_band":"lt_1_ha","soil_types":["sandy"],"crop_groups":["citrus","tropical_fruits"],"water_sources":["river"],"water_availability":"always","water_scarcity":"yes","irrigation_need_change":"increase","energy_sources":["manual","diesel"],"production_level":"large","coop_member":"no","homes_trad_food":"most","seed_criteria":["price","productivity","pest_resistance"],"seed_sources":["shop"],"seed_challenges":["low_availability"],"traditional_seed_knowledge":"no","soil_enhancers":["compost","manure"],"chem_fertilizer_reliance":"partial","pest_control":["chemical"],"pesticide_reliance":"partial","marketing_challenges":["low_prices","weak_demand","far_markets"],"logistics_challenges":["high_transport_cost","no_paved_roads"],"climate_change_noticed":"yes","climate_changes":["temperature_rise","rainfall_decrease"],"climate_impacts":["production_decrease","pests_diseases"],"info_sources":["extension_agents","supply_shops"],"raises_poultry":"yes","poultry_purpose":["home_consumption","gifts"],"farmer_type":"type_b","low_input_practices":"yes"},"status":{"owns_land":"reported","land_size_band":"reported","soil_types":"reported","crop_groups":"reported","water_sources":"reported","water_availability":"reported","water_scarcity":"reported","irrigation_need_change":"reported","energy_sources":"reported","production_level":"reported","coop_member":"reported","homes_trad_food":"reported","seed_criteria":"reported","seed_sources":"reported","seed_challenges":"reported","traditional_seed_knowledge":"reported","soil_enhancers":"reported","chem_fertilizer_reliance":"reported","pest_control":"reported","pesticide_reliance":"reported","marketing_challenges":"reported","logistics_challenges":"reported","climate_change_noticed":"reported","climate_changes":"reported","climate_impacts":"reported","info_sources":"reported","raises_poultry":"reported","poultry_purpose":"reported","farmer_type":"reported","low_input_practices":"reported"}}},{"type":"Feature","id":"CH-RXGMUL:chouf_2026","geometry":{"type":"Point","coordinates":[35.56425,33.67811]},"properties":{"entity_type":"survey_respondent_public","respondent_id":"CH-RXGMUL","instrument":"chouf_2026","area_name_en":"Baaqline","area_name_ar":"بعقلين","district_en":"Chouf","district_ar":"الشوف","location_basis":"gps_area","geom_origin":"osm_settlement_point","spatial_precision":"locality","anchor":[35.56355,33.67739],"display_offset_m":103,"c__owns_land":"yes","c__land_size_band":"gt_2_ha","c__soil_types":"calcareous","c__crop_groups":"cereals_fodder","c__water_sources":"well","c__water_availability":"sometimes","c__water_scarcity":"yes","c__irrigation_need_change":"increase","c__energy_sources":"diesel","c__production_level":"medium","c__coop_member":"no","c__homes_trad_food":"some","c__seed_criteria":"productivity","c__seed_sources":"shop","c__seed_challenges":"high_cost","c__traditional_seed_knowledge":"yes","c__soil_enhancers":"compost","c__chem_fertilizer_reliance":"partial","c__pest_control":"chemical","c__pesticide_reliance":"partial","c__marketing_challenges":"low_prices","c__logistics_challenges":"high_transport_cost","c__climate_change_noticed":"yes","c__climate_changes":"temperature_rise","c__climate_impacts":"production_decrease","c__info_sources":"extension_agents","c__raises_poultry":"yes","c__poultry_purpose":"home_consumption","c__farmer_type":"type_a","c__low_input_practices":"yes","values":{"owns_land":"yes","land_size_band":"gt_2_ha","soil_types":["calcareous"],"crop_groups":["cereals_fodder"],"water_sources":["well"],"water_availability":"sometimes","water_scarcity":"yes","irrigation_need_change":"increase","energy_sources":["diesel"],"production_level":"medium","coop_member":"no","homes_trad_food":"some","seed_criteria":["productivity"],"seed_sources":["shop","own_harvest"],"seed_challenges":["high_cost"],"traditional_seed_knowledge":"yes","soil_enhancers":["compost"],"chem_fertilizer_reliance":"partial","pest_control":["chemical"],"pesticide_reliance":"partial","marketing_challenges":["low_prices","weak_demand","no_transport"],"logistics_challenges":["high_transport_cost","no_transport"],"climate_change_noticed":"yes","climate_changes":["temperature_rise","rainfall_decrease","heatwaves"],"climate_impacts":["production_decrease","season_delay","pests_diseases"],"info_sources":["extension_agents","supply_shops"],"raises_poultry":"yes","poultry_purpose":["home_consumption"],"farmer_type":"type_a","low_input_practices":"yes"},"status":{"owns_land":"reported","land_size_band":"reported","soil_types":"reported","crop_groups":"reported","water_sources":"reported","water_availability":"reported","water_scarcity":"reported","irrigation_need_change":"reported","energy_sources":"reported","production_level":"reported","coop_member":"reported","homes_trad_food":"reported","seed_criteria":"reported","seed_sources":"reported","seed_challenges":"reported","traditional_seed_knowledge":"reported","soil_enhancers":"reported","chem_fertilizer_reliance":"reported","pest_control":"reported","pesticide_reliance":"reported","marketing_challenges":"reported","logistics_challenges":"reported","climate_change_noticed":"reported","climate_changes":"reported","climate_impacts":"reported","info_sources":"reported","raises_poultry":"reported","poultry_purpose":"reported","farmer_type":"reported","low_input_practices":"reported"}}},{"type":"Feature","id":"CH-S2HQTN:chouf_2026","geometry":{"type":"Point","coordinates":[35.6507,33.6222]},"properties":{"entity_type":"survey_respondent_public","respondent_id":"CH-S2HQTN","instrument":"chouf_2026","area_name_en":"Mristi","area_name_ar":"مرستى","district_en":"Chouf","district_ar":"الشوف","location_basis":"residence_village","geom_origin":"osm_settlement_point","spatial_precision":"locality","anchor":[35.64859,33.62264],"display_offset_m":202,"c__owns_land":"yes","c__land_size_band":"gt_1_ha","c__soil_types":"clay","c__crop_groups":"apples_pears","c__water_sources":"rain","c__water_availability":"never","c__water_scarcity":"yes","c__irrigation_need_change":"no_change","c__energy_sources":"manual","c__production_level":"large","c__coop_member":"yes","c__homes_trad_food":"some","c__seed_criteria":"price","c__seed_sources":"shop","c__seed_challenges":"high_cost","c__traditional_seed_knowledge":"no","c__soil_enhancers":"compost","c__chem_fertilizer_reliance":"partial","c__pest_control":"chemical","c__pesticide_reliance":"partial","c__marketing_challenges":"low_prices","c__logistics_challenges":"high_transport_cost","c__climate_change_noticed":"yes","c__climate_changes":"rainfall_decrease","c__climate_impacts":"production_decrease","c__info_sources":"extension_agents","c__raises_poultry":"no","c__farmer_type":"type_b","c__low_input_practices":"yes","values":{"owns_land":"yes","land_size_band":"gt_1_ha","soil_types":["clay"],"crop_groups":["apples_pears","stone_fruits"],"water_sources":["rain"],"water_availability":"never","water_scarcity":"yes","irrigation_need_change":"no_change","energy_sources":["manual"],"production_level":"large","coop_member":"yes","homes_trad_food":"some","seed_criteria":["price","productivity"],"seed_sources":["shop"],"seed_challenges":["high_cost"],"traditional_seed_knowledge":"no","soil_enhancers":["compost","manure"],"chem_fertilizer_reliance":"partial","pest_control":["chemical"],"pesticide_reliance":"partial","marketing_challenges":["low_prices","far_markets"],"logistics_challenges":["high_transport_cost","no_transport"],"climate_change_noticed":"yes","climate_changes":["rainfall_decrease","frost"],"climate_impacts":["production_decrease"],"info_sources":["extension_agents","supply_shops"],"raises_poultry":"no","poultry_purpose":null,"farmer_type":"type_b","low_input_practices":"yes"},"status":{"owns_land":"reported","land_size_band":"reported","soil_types":"reported","crop_groups":"reported","water_sources":"reported","water_availability":"reported","water_scarcity":"reported","irrigation_need_change":"reported","energy_sources":"reported","production_level":"reported","coop_member":"reported","homes_trad_food":"reported","seed_criteria":"reported","seed_sources":"reported","seed_challenges":"reported","traditional_seed_knowledge":"reported","soil_enhancers":"reported","chem_fertilizer_reliance":"reported","pest_control":"reported","pesticide_reliance":"reported","marketing_challenges":"reported","logistics_challenges":"reported","climate_change_noticed":"reported","climate_changes":"reported","climate_impacts":"reported","info_sources":"reported","raises_poultry":"reported","poultry_purpose":"not_applicable","farmer_type":"reported","low_input_practices":"reported"}}},{"type":"Feature","id":"CH-S8KFJF:chouf_2026","geometry":{"type":"Point","coordinates":[35.50471,33.6403]},"properties":{"entity_type":"survey_respondent_public","respondent_id":"CH-S8KFJF","instrument":"chouf_2026","area_name_en":"Daraiya Ech-Chouf","area_name_ar":"داريا الشوف","district_en":"Chouf","district_ar":"الشوف","location_basis":"residence_village","geom_origin":"osm_settlement_point","spatial_precision":"locality","anchor":[35.50523,33.63988],"display_offset_m":67,"c__owns_land":"yes","c__land_size_band":"lt_1_ha","c__soil_types":"clay","c__crop_groups":"olives","c__water_sources":"tanker","c__water_availability":"rarely","c__water_scarcity":"yes","c__irrigation_need_change":"increase","c__energy_sources":"grid","c__production_level":"small","c__coop_member":"no","c__homes_trad_food":"most","c__seed_criteria":"none","c__seed_sources":"shop","c__seed_challenges":"high_cost","c__traditional_seed_knowledge":"no","c__soil_enhancers":"chemical","c__chem_fertilizer_reliance":"partial","c__pest_control":"chemical","c__pesticide_reliance":"partial","c__marketing_challenges":"weak_demand","c__logistics_challenges":"high_transport_cost","c__climate_change_noticed":"yes","c__climate_changes":"temperature_rise","c__climate_impacts":"production_decrease","c__info_sources":"social_media","c__raises_poultry":"yes","c__poultry_purpose":"home_consumption","c__farmer_type":"type_d","c__low_input_practices":"no","values":{"owns_land":"yes","land_size_band":"lt_1_ha","soil_types":["clay"],"crop_groups":["olives","nursery"],"water_sources":["tanker","storage"],"water_availability":"rarely","water_scarcity":"yes","irrigation_need_change":"increase","energy_sources":["grid"],"production_level":"small","coop_member":"no","homes_trad_food":"most","seed_criteria":["none"],"seed_sources":["shop"],"seed_challenges":["high_cost","low_availability","unsuitable"],"traditional_seed_knowledge":"no","soil_enhancers":["chemical"],"chem_fertilizer_reliance":"partial","pest_control":["chemical"],"pesticide_reliance":"partial","marketing_challenges":["weak_demand","no_transport","poor_packaging"],"logistics_challenges":["high_transport_cost","no_transport"],"climate_change_noticed":"yes","climate_changes":["temperature_rise","rainfall_decrease"],"climate_impacts":["production_decrease","season_delay","pests_diseases"],"info_sources":["social_media"],"raises_poultry":"yes","poultry_purpose":["home_consumption"],"farmer_type":"type_d","low_input_practices":"no"},"status":{"owns_land":"reported","land_size_band":"reported","soil_types":"reported","crop_groups":"reported","water_sources":"reported","water_availability":"reported","water_scarcity":"reported","irrigation_need_change":"reported","energy_sources":"reported","production_level":"reported","coop_member":"reported","homes_trad_food":"reported","seed_criteria":"reported","seed_sources":"reported","seed_challenges":"reported","traditional_seed_knowledge":"reported","soil_enhancers":"reported","chem_fertilizer_reliance":"reported","pest_control":"reported","pesticide_reliance":"reported","marketing_challenges":"reported","logistics_challenges":"reported","climate_change_noticed":"reported","climate_changes":"reported","climate_impacts":"reported","info_sources":"reported","raises_poultry":"reported","poultry_purpose":"reported","farmer_type":"reported","low_input_practices":"reported"}}},{"type":"Feature","id":"CH-SMH2YV:chouf_2026","geometry":{"type":"Point","coordinates":[35.51619,33.62876]},"properties":{"entity_type":"survey_respondent_public","respondent_id":"CH-SMH2YV","instrument":"chouf_2026","area_name_en":"Aanout","area_name_ar":"عانوت","district_en":"Chouf","district_ar":"الشوف","location_basis":"residence_village","geom_origin":"osm_settlement_point","spatial_precision":"locality","anchor":[35.51671,33.62834],"display_offset_m":67,"c__owns_land":"yes","c__land_size_band":"lt_5_dunum","c__soil_types":"clay","c__crop_groups":"vegetables","c__water_sources":"rain","c__water_availability":"never","c__water_scarcity":"yes","c__irrigation_need_change":"increase","c__energy_sources":"manual","c__production_level":"small","c__coop_member":"no","c__homes_trad_food":"few","c__seed_criteria":"price","c__seed_sources":"shop","c__seed_challenges":"high_cost","c__traditional_seed_knowledge":"no","c__soil_enhancers":"chemical","c__chem_fertilizer_reliance":"partial","c__pest_control":"chemical","c__pesticide_reliance":"partial","c__marketing_challenges":"weak_demand","c__logistics_challenges":"no_paved_roads","c__climate_change_noticed":"yes","c__climate_changes":"temperature_rise","c__climate_impacts":"production_decrease","c__info_sources":"social_media","c__raises_poultry":"yes","c__poultry_purpose":"home_consumption","c__farmer_type":"type_d","c__low_input_practices":"no","values":{"owns_land":"yes","land_size_band":"lt_5_dunum","soil_types":["clay"],"crop_groups":["vegetables"],"water_sources":["rain","tanker","storage"],"water_availability":"never","water_scarcity":"yes","irrigation_need_change":"increase","energy_sources":["manual","grid"],"production_level":"small","coop_member":"no","homes_trad_food":"few","seed_criteria":["price"],"seed_sources":["shop","association"],"seed_challenges":["high_cost","low_availability"],"traditional_seed_knowledge":"no","soil_enhancers":["chemical"],"chem_fertilizer_reliance":"partial","pest_control":["chemical"],"pesticide_reliance":"partial","marketing_challenges":["weak_demand"],"logistics_challenges":["no_paved_roads"],"climate_change_noticed":"yes","climate_changes":["temperature_rise","rainfall_decrease","heatwaves","frost"],"climate_impacts":["production_decrease","pests_diseases"],"info_sources":["social_media","television"],"raises_poultry":"yes","poultry_purpose":["home_consumption"],"farmer_type":"type_d","low_input_practices":"no"},"status":{"owns_land":"reported","land_size_band":"reported","soil_types":"reported","crop_groups":"reported","water_sources":"reported","water_availability":"reported","water_scarcity":"reported","irrigation_need_change":"reported","energy_sources":"reported","production_level":"reported","coop_member":"reported","homes_trad_food":"reported","seed_criteria":"reported","seed_sources":"reported","seed_challenges":"reported","traditional_seed_knowledge":"reported","soil_enhancers":"reported","chem_fertilizer_reliance":"reported","pest_control":"reported","pesticide_reliance":"reported","marketing_challenges":"reported","logistics_challenges":"reported","climate_change_noticed":"reported","climate_changes":"reported","climate_impacts":"reported","info_sources":"reported","raises_poultry":"reported","poultry_purpose":"reported","farmer_type":"reported","low_input_practices":"reported"}}},{"type":"Feature","id":"CH-SRMHZC:chouf_2026","geometry":{"type":"Point","coordinates":[35.58174,33.6466]},"properties":{"entity_type":"survey_respondent_public","respondent_id":"CH-SRMHZC","instrument":"chouf_2026","area_name_en":"Mazraat Ech-Chouf","area_name_ar":"مزرعة","district_en":"Chouf","district_ar":"الشوف","location_basis":"residence_village","geom_origin":"osm_settlement_point","spatial_precision":"locality","anchor":[35.5801,33.64614],"display_offset_m":160,"c__owns_land":"yes","c__land_size_band":"lt_5_dunum","c__soil_types":"calcareous","c__crop_groups":"vegetables","c__water_sources":"well","c__water_availability":"rarely","c__water_scarcity":"yes","c__irrigation_need_change":"increase","c__energy_sources":"manual","c__production_level":"medium","c__coop_member":"no","c__homes_trad_food":"most","c__seed_criteria":"price","c__seed_sources":"shop","c__seed_challenges":"high_cost","c__traditional_seed_knowledge":"yes","c__soil_enhancers":"compost","c__chem_fertilizer_reliance":"partial","c__pest_control":"chemical","c__pesticide_reliance":"total","c__marketing_challenges":"low_prices","c__logistics_challenges":"high_transport_cost","c__climate_change_noticed":"yes","c__climate_changes":"temperature_rise","c__climate_impacts":"production_decrease","c__info_sources":"social_media","c__raises_poultry":"no","c__farmer_type":"type_a","c__low_input_practices":"yes","values":{"owns_land":"yes","land_size_band":"lt_5_dunum","soil_types":["calcareous"],"crop_groups":["vegetables","legumes"],"water_sources":["well","tanker","storage"],"water_availability":"rarely","water_scarcity":"yes","irrigation_need_change":"increase","energy_sources":["manual"],"production_level":"medium","coop_member":"no","homes_trad_food":"most","seed_criteria":["price","productivity","pest_resistance"],"seed_sources":["shop","own_harvest"],"seed_challenges":["high_cost","low_availability","unreliable_suppliers"],"traditional_seed_knowledge":"yes","soil_enhancers":["compost","manure"],"chem_fertilizer_reliance":"partial","pest_control":["chemical"],"pesticide_reliance":"total","marketing_challenges":["low_prices","weak_demand","far_markets","poor_packaging"],"logistics_challenges":["high_transport_cost"],"climate_change_noticed":"yes","climate_changes":["temperature_rise","rainfall_decrease","heatwaves","frost"],"climate_impacts":["production_decrease","season_delay","pests_diseases"],"info_sources":["social_media","extension_agents","supply_shops"],"raises_poultry":"no","poultry_purpose":null,"farmer_type":"type_a","low_input_practices":"yes"},"status":{"owns_land":"reported","land_size_band":"reported","soil_types":"reported","crop_groups":"reported","water_sources":"reported","water_availability":"reported","water_scarcity":"reported","irrigation_need_change":"reported","energy_sources":"reported","production_level":"reported","coop_member":"reported","homes_trad_food":"reported","seed_criteria":"reported","seed_sources":"reported","seed_challenges":"reported","traditional_seed_knowledge":"reported","soil_enhancers":"reported","chem_fertilizer_reliance":"reported","pest_control":"reported","pesticide_reliance":"reported","marketing_challenges":"reported","logistics_challenges":"reported","climate_change_noticed":"reported","climate_changes":"reported","climate_impacts":"reported","info_sources":"reported","raises_poultry":"reported","poultry_purpose":"not_applicable","farmer_type":"reported","low_input_practices":"reported"}}},{"type":"Feature","id":"CH-STW4CD:chouf_2026","geometry":{"type":"Point","coordinates":[35.64734,33.62421]},"properties":{"entity_type":"survey_respondent_public","respondent_id":"CH-STW4CD","instrument":"chouf_2026","area_name_en":"Mristi","area_name_ar":"مرستى","district_en":"Chouf","district_ar":"الشوف","location_basis":"farm_area_reported","geom_origin":"osm_settlement_point","spatial_precision":"locality","anchor":[35.64859,33.62264],"display_offset_m":209,"c__owns_land":"yes","c__land_size_band":"gt_1_ha","c__soil_types":"clay","c__crop_groups":"vegetables","c__water_sources":"well","c__water_availability":"sometimes","c__water_scarcity":"yes","c__irrigation_need_change":"no_change","c__energy_sources":"manual","c__production_level":"medium","c__coop_member":"no","c__homes_trad_food":"almost_all","c__seed_criteria":"price","c__seed_sources":"shop","c__seed_challenges":"high_cost","c__traditional_seed_knowledge":"no","c__soil_enhancers":"chemical","c__chem_fertilizer_reliance":"partial","c__pest_control":"chemical","c__pesticide_reliance":"partial","c__marketing_challenges":"low_prices","c__logistics_challenges":"high_transport_cost","c__climate_change_noticed":"yes","c__climate_changes":"temperature_rise","c__climate_impacts":"production_decrease","c__info_sources":"social_media","c__raises_poultry":"yes","c__poultry_purpose":"home_consumption","c__farmer_type":"type_a","c__low_input_practices":"yes","values":{"owns_land":"yes","land_size_band":"gt_1_ha","soil_types":["clay"],"crop_groups":["vegetables"],"water_sources":["well","spring"],"water_availability":"sometimes","water_scarcity":"yes","irrigation_need_change":"no_change","energy_sources":["manual","diesel"],"production_level":"medium","coop_member":"no","homes_trad_food":"almost_all","seed_criteria":["price","productivity","pest_resistance"],"seed_sources":["shop","own_harvest"],"seed_challenges":["high_cost"],"traditional_seed_knowledge":"no","soil_enhancers":["chemical","manure"],"chem_fertilizer_reliance":"partial","pest_control":["chemical","local"],"pesticide_reliance":"partial","marketing_challenges":["low_prices","no_transport"],"logistics_challenges":["high_transport_cost","no_transport"],"climate_change_noticed":"yes","climate_changes":["temperature_rise","rainfall_decrease"],"climate_impacts":["production_decrease","season_delay","pests_diseases","pollination"],"info_sources":["social_media","extension_agents"],"raises_poultry":"yes","poultry_purpose":["home_consumption"],"farmer_type":"type_a","low_input_practices":"yes"},"status":{"owns_land":"reported","land_size_band":"reported","soil_types":"reported","crop_groups":"reported","water_sources":"reported","water_availability":"reported","water_scarcity":"reported","irrigation_need_change":"reported","energy_sources":"reported","production_level":"reported","coop_member":"reported","homes_trad_food":"reported","seed_criteria":"reported","seed_sources":"reported","seed_challenges":"reported","traditional_seed_knowledge":"reported","soil_enhancers":"reported","chem_fertilizer_reliance":"reported","pest_control":"reported","pesticide_reliance":"reported","marketing_challenges":"reported","logistics_challenges":"reported","climate_change_noticed":"reported","climate_changes":"reported","climate_impacts":"reported","info_sources":"reported","raises_poultry":"reported","poultry_purpose":"reported","farmer_type":"reported","low_input_practices":"reported"}}},{"type":"Feature","id":"CH-T5AUPZ:chouf_2026","geometry":{"type":"Point","coordinates":[35.58959,33.64858]},"properties":{"entity_type":"survey_respondent_public","respondent_id":"CH-T5AUPZ","instrument":"chouf_2026","area_name_en":"Kahlouniet Ech-Chouf","area_name_ar":"كحلونية الشوف","district_en":"Chouf","district_ar":"الشوف","location_basis":"residence_village","geom_origin":"osm_settlement_point","spatial_precision":"locality","anchor":[35.59037,33.64977],"display_offset_m":151,"c__owns_land":"yes","c__land_size_band":"lt_1_ha","c__soil_types":"loamy","c__crop_groups":"olives","c__water_sources":"tanker","c__water_availability":"never","c__water_scarcity":"yes","c__irrigation_need_change":"increase","c__energy_sources":"manual","c__production_level":"medium","c__coop_member":"no","c__homes_trad_food":"most","c__seed_criteria":"price","c__seed_sources":"shop","c__seed_challenges":"low_availability","c__traditional_seed_knowledge":"no","c__soil_enhancers":"biofertilizer","c__chem_fertilizer_reliance":"partial","c__pest_control":"chemical","c__pesticide_reliance":"partial","c__marketing_challenges":"weak_demand","c__logistics_challenges":"high_transport_cost","c__climate_change_noticed":"yes","c__climate_changes":"temperature_rise","c__climate_impacts":"production_decrease","c__info_sources":"social_media","c__raises_poultry":"yes","c__poultry_purpose":"home_consumption","c__farmer_type":"type_d","c__low_input_practices":"yes","values":{"owns_land":"yes","land_size_band":"lt_1_ha","soil_types":["loamy"],"crop_groups":["olives","vegetables"],"water_sources":["tanker","storage"],"water_availability":"never","water_scarcity":"yes","irrigation_need_change":"increase","energy_sources":["manual"],"production_level":"medium","coop_member":"no","homes_trad_food":"most","seed_criteria":["price","productivity","pest_resistance"],"seed_sources":["shop","neighbour"],"seed_challenges":["low_availability","unreliable_suppliers","unsuitable"],"traditional_seed_knowledge":"no","soil_enhancers":["biofertilizer","manure"],"chem_fertilizer_reliance":"partial","pest_control":["chemical","biological","local"],"pesticide_reliance":"partial","marketing_challenges":["weak_demand","far_markets","poor_packaging"],"logistics_challenges":["high_transport_cost","no_paved_roads"],"climate_change_noticed":"yes","climate_changes":["temperature_rise","rainfall_decrease","heatwaves","frost"],"climate_impacts":["production_decrease","season_delay","pests_diseases","pollination"],"info_sources":["social_media","extension_agents","supply_shops"],"raises_poultry":"yes","poultry_purpose":["home_consumption"],"farmer_type":"type_d","low_input_practices":"yes"},"status":{"owns_land":"reported","land_size_band":"reported","soil_types":"reported","crop_groups":"reported","water_sources":"reported","water_availability":"reported","water_scarcity":"reported","irrigation_need_change":"reported","energy_sources":"reported","production_level":"reported","coop_member":"reported","homes_trad_food":"reported","seed_criteria":"reported","seed_sources":"reported","seed_challenges":"reported","traditional_seed_knowledge":"reported","soil_enhancers":"reported","chem_fertilizer_reliance":"reported","pest_control":"reported","pesticide_reliance":"reported","marketing_challenges":"reported","logistics_challenges":"reported","climate_change_noticed":"reported","climate_changes":"reported","climate_impacts":"reported","info_sources":"reported","raises_poultry":"reported","poultry_purpose":"reported","farmer_type":"reported","low_input_practices":"reported"}}},{"type":"Feature","id":"CH-T8887Z:chouf_2026","geometry":{"type":"Point","coordinates":[35.59201,33.65023]},"properties":{"entity_type":"survey_respondent_public","respondent_id":"CH-T8887Z","instrument":"chouf_2026","area_name_en":"Kahlouniet Ech-Chouf","area_name_ar":"كحلونية الشوف","district_en":"Chouf","district_ar":"الشوف","location_basis":"residence_village","geom_origin":"osm_settlement_point","spatial_precision":"locality","anchor":[35.59037,33.64977],"display_offset_m":160,"c__owns_land":"yes","c__land_size_band":"lt_5_dunum","c__soil_types":"clay","c__crop_groups":"vegetables","c__water_sources":"rain","c__water_availability":"sometimes","c__water_scarcity":"yes","c__irrigation_need_change":"increase","c__energy_sources":"grid","c__production_level":"small","c__coop_member":"no","c__homes_trad_food":"most","c__seed_criteria":"price","c__seed_sources":"shop","c__seed_challenges":"high_cost","c__traditional_seed_knowledge":"no","c__soil_enhancers":"manure","c__chem_fertilizer_reliance":"partial","c__pest_control":"chemical","c__pesticide_reliance":"total","c__marketing_challenges":"far_markets","c__logistics_challenges":"no_paved_roads","c__climate_change_noticed":"yes","c__climate_changes":"rainfall_decrease","c__climate_impacts":"production_decrease","c__info_sources":"social_media","c__raises_poultry":"yes","c__poultry_purpose":"home_consumption","c__farmer_type":"type_d","c__low_input_practices":"yes","values":{"owns_land":"yes","land_size_band":"lt_5_dunum","soil_types":["clay"],"crop_groups":["vegetables"],"water_sources":["rain"],"water_availability":"sometimes","water_scarcity":"yes","irrigation_need_change":"increase","energy_sources":["grid"],"production_level":"small","coop_member":"no","homes_trad_food":"most","seed_criteria":["price","productivity","pest_resistance"],"seed_sources":["shop"],"seed_challenges":["high_cost"],"traditional_seed_knowledge":"no","soil_enhancers":["manure"],"chem_fertilizer_reliance":"partial","pest_control":["chemical"],"pesticide_reliance":"total","marketing_challenges":["far_markets","poor_packaging"],"logistics_challenges":["no_paved_roads"],"climate_change_noticed":"yes","climate_changes":["rainfall_decrease"],"climate_impacts":["production_decrease"],"info_sources":["social_media","supply_shops"],"raises_poultry":"yes","poultry_purpose":["home_consumption","local_sale"],"farmer_type":"type_d","low_input_practices":"yes"},"status":{"owns_land":"reported","land_size_band":"reported","soil_types":"reported","crop_groups":"reported","water_sources":"reported","water_availability":"reported","water_scarcity":"reported","irrigation_need_change":"reported","energy_sources":"reported","production_level":"reported","coop_member":"reported","homes_trad_food":"reported","seed_criteria":"reported","seed_sources":"reported","seed_challenges":"reported","traditional_seed_knowledge":"reported","soil_enhancers":"reported","chem_fertilizer_reliance":"reported","pest_control":"reported","pesticide_reliance":"reported","marketing_challenges":"reported","logistics_challenges":"reported","climate_change_noticed":"reported","climate_changes":"reported","climate_impacts":"reported","info_sources":"reported","raises_poultry":"reported","poultry_purpose":"reported","farmer_type":"reported","low_input_practices":"reported"}}},{"type":"Feature","id":"CH-T88K54:chouf_2026","geometry":{"type":"Point","coordinates":[35.48256,33.6081]},"properties":{"entity_type":"survey_respondent_public","respondent_id":"CH-T88K54","instrument":"chouf_2026","area_name_en":"Mazboud","area_name_ar":"مزبود","district_en":"Chouf","district_ar":"الشوف","location_basis":"residence_village","geom_origin":"osm_settlement_point","spatial_precision":"locality","anchor":[35.4825,33.60888],"display_offset_m":87,"c__owns_land":"yes","c__land_size_band":"lt_1_ha","c__soil_types":"clay","c__crop_groups":"tropical_fruits","c__water_sources":"rain","c__water_availability":"never","c__water_scarcity":"yes","c__irrigation_need_change":"decrease","c__energy_sources":"manual","c__production_level":"small","c__coop_member":"no","c__homes_trad_food":"some","c__seed_criteria":"price","c__seed_sources":"shop","c__seed_challenges":"high_cost","c__traditional_seed_knowledge":"no","c__soil_enhancers":"chemical","c__chem_fertilizer_reliance":"total","c__pest_control":"chemical","c__pesticide_reliance":"total","c__marketing_challenges":"low_prices","c__logistics_challenges":"high_transport_cost","c__climate_change_noticed":"yes","c__climate_changes":"rainfall_decrease","c__climate_impacts":"season_delay","c__info_sources":"social_media","c__raises_poultry":"yes","c__poultry_purpose":"home_consumption","c__farmer_type":"type_a","c__low_input_practices":"no","values":{"owns_land":"yes","land_size_band":"lt_1_ha","soil_types":["clay","calcareous"],"crop_groups":["tropical_fruits","vegetables"],"water_sources":["rain"],"water_availability":"never","water_scarcity":"yes","irrigation_need_change":"decrease","energy_sources":["manual","diesel"],"production_level":"small","coop_member":"no","homes_trad_food":"some","seed_criteria":["price","productivity"],"seed_sources":["shop"],"seed_challenges":["high_cost","low_availability","unreliable_suppliers"],"traditional_seed_knowledge":"no","soil_enhancers":["chemical"],"chem_fertilizer_reliance":"total","pest_control":["chemical"],"pesticide_reliance":"total","marketing_challenges":["low_prices","no_transport"],"logistics_challenges":["high_transport_cost","no_transport"],"climate_change_noticed":"yes","climate_changes":["rainfall_decrease"],"climate_impacts":["season_delay","pests_diseases","pollination"],"info_sources":["social_media","supply_shops"],"raises_poultry":"yes","poultry_purpose":["home_consumption"],"farmer_type":"type_a","low_input_practices":"no"},"status":{"owns_land":"reported","land_size_band":"reported","soil_types":"reported","crop_groups":"reported","water_sources":"reported","water_availability":"reported","water_scarcity":"reported","irrigation_need_change":"reported","energy_sources":"reported","production_level":"reported","coop_member":"reported","homes_trad_food":"reported","seed_criteria":"reported","seed_sources":"reported","seed_challenges":"reported","traditional_seed_knowledge":"reported","soil_enhancers":"reported","chem_fertilizer_reliance":"reported","pest_control":"reported","pesticide_reliance":"reported","marketing_challenges":"reported","logistics_challenges":"reported","climate_change_noticed":"reported","climate_changes":"reported","climate_impacts":"reported","info_sources":"reported","raises_poultry":"reported","poultry_purpose":"reported","farmer_type":"reported","low_input_practices":"reported"}}},{"type":"Feature","id":"CH-TFMXHQ:chouf_2026","geometry":{"type":"Point","coordinates":[35.65385,33.69596]},"properties":{"entity_type":"survey_respondent_public","respondent_id":"CH-TFMXHQ","instrument":"chouf_2026","area_name_en":"Batloun","area_name_ar":"بتلون","district_en":"Chouf","district_ar":"الشوف","location_basis":"residence_village","geom_origin":"osm_settlement_point","spatial_precision":"locality","anchor":[35.65221,33.6955],"display_offset_m":160,"c__owns_land":"yes","c__land_size_band":"lt_1_ha","c__soil_types":"clay","c__crop_groups":"apples_pears","c__water_sources":"river","c__water_availability":"sometimes","c__water_scarcity":"yes","c__irrigation_need_change":"decrease","c__energy_sources":"grid","c__production_level":"medium","c__coop_member":"no","c__homes_trad_food":"most","c__seed_criteria":"price","c__seed_sources":"nursery","c__seed_challenges":"high_cost","c__traditional_seed_knowledge":"yes","c__soil_enhancers":"compost","c__chem_fertilizer_reliance":"partial","c__pest_control":"chemical","c__pesticide_reliance":"partial","c__marketing_challenges":"low_prices","c__climate_change_noticed":"yes","c__climate_changes":"temperature_rise","c__climate_impacts":"production_decrease","c__info_sources":"extension_agents","c__raises_poultry":"yes","c__poultry_purpose":"home_consumption","c__farmer_type":"type_b","c__low_input_practices":"yes","values":{"owns_land":"yes","land_size_band":"lt_1_ha","soil_types":["clay"],"crop_groups":["apples_pears","nuts_pine"],"water_sources":["river","well"],"water_availability":"sometimes","water_scarcity":"yes","irrigation_need_change":"decrease","energy_sources":["grid","diesel"],"production_level":"medium","coop_member":"no","homes_trad_food":"most","seed_criteria":["price","productivity","pest_resistance"],"seed_sources":["nursery"],"seed_challenges":["high_cost","low_availability"],"traditional_seed_knowledge":"yes","soil_enhancers":["compost","manure"],"chem_fertilizer_reliance":"partial","pest_control":["chemical"],"pesticide_reliance":"partial","marketing_challenges":["low_prices","weak_demand","far_markets"],"logistics_challenges":null,"climate_change_noticed":"yes","climate_changes":["temperature_rise","rainfall_decrease"],"climate_impacts":["production_decrease","season_delay","pests_diseases"],"info_sources":["extension_agents"],"raises_poultry":"yes","poultry_purpose":["home_consumption"],"farmer_type":"type_b","low_input_practices":"yes"},"status":{"owns_land":"reported","land_size_band":"reported","soil_types":"reported","crop_groups":"reported","water_sources":"reported","water_availability":"reported","water_scarcity":"reported","irrigation_need_change":"reported","energy_sources":"reported","production_level":"reported","coop_member":"reported","homes_trad_food":"reported","seed_criteria":"reported","seed_sources":"reported","seed_challenges":"reported","traditional_seed_knowledge":"reported","soil_enhancers":"reported","chem_fertilizer_reliance":"reported","pest_control":"reported","pesticide_reliance":"reported","marketing_challenges":"reported","logistics_challenges":"not_provided","climate_change_noticed":"reported","climate_changes":"reported","climate_impacts":"reported","info_sources":"reported","raises_poultry":"reported","poultry_purpose":"reported","farmer_type":"reported","low_input_practices":"reported"}}},{"type":"Feature","id":"CH-TVEGQG:chouf_2026","geometry":{"type":"Point","coordinates":[35.68084,33.70534]},"properties":{"entity_type":"survey_respondent_public","respondent_id":"CH-TVEGQG","instrument":"chouf_2026","area_name_en":"Barouk","area_name_ar":"الباروك","district_en":"Chouf","district_ar":"الشوف","location_basis":"residence_village","geom_origin":"osm_settlement_point","spatial_precision":"locality","anchor":[35.68119,33.70411],"display_offset_m":140,"c__owns_land":"yes","c__land_size_band":"lt_1_ha","c__soil_types":"loamy","c__crop_groups":"apples_pears","c__water_sources":"canal","c__water_availability":"always","c__water_scarcity":"yes","c__irrigation_need_change":"increase","c__energy_sources":"manual","c__production_level":"medium","c__coop_member":"no","c__homes_trad_food":"almost_all","c__seed_criteria":"productivity","c__seed_sources":"shop","c__seed_challenges":"none","c__traditional_seed_knowledge":"yes","c__soil_enhancers":"chemical","c__chem_fertilizer_reliance":"partial","c__pest_control":"chemical","c__pesticide_reliance":"total","c__marketing_challenges":"low_prices","c__logistics_challenges":"high_transport_cost","c__climate_change_noticed":"no","c__info_sources":"social_media","c__raises_poultry":"yes","c__poultry_purpose":"home_consumption","c__farmer_type":"type_b","c__low_input_practices":"yes","values":{"owns_land":"yes","land_size_band":"lt_1_ha","soil_types":["loamy"],"crop_groups":["apples_pears","stone_fruits"],"water_sources":["canal"],"water_availability":"always","water_scarcity":"yes","irrigation_need_change":"increase","energy_sources":["manual"],"production_level":"medium","coop_member":"no","homes_trad_food":"almost_all","seed_criteria":["productivity"],"seed_sources":["shop","own_harvest"],"seed_challenges":["none"],"traditional_seed_knowledge":"yes","soil_enhancers":["chemical","manure"],"chem_fertilizer_reliance":"partial","pest_control":["chemical"],"pesticide_reliance":"total","marketing_challenges":["low_prices","far_markets"],"logistics_challenges":["high_transport_cost"],"climate_change_noticed":"no","climate_changes":null,"climate_impacts":null,"info_sources":["social_media","supply_shops"],"raises_poultry":"yes","poultry_purpose":["home_consumption"],"farmer_type":"type_b","low_input_practices":"yes"},"status":{"owns_land":"reported","land_size_band":"reported","soil_types":"reported","crop_groups":"reported","water_sources":"reported","water_availability":"reported","water_scarcity":"reported","irrigation_need_change":"reported","energy_sources":"reported","production_level":"reported","coop_member":"reported","homes_trad_food":"reported","seed_criteria":"reported","seed_sources":"reported","seed_challenges":"reported","traditional_seed_knowledge":"reported","soil_enhancers":"reported","chem_fertilizer_reliance":"reported","pest_control":"reported","pesticide_reliance":"reported","marketing_challenges":"reported","logistics_challenges":"reported","climate_change_noticed":"reported","climate_changes":"not_applicable","climate_impacts":"not_applicable","info_sources":"reported","raises_poultry":"reported","poultry_purpose":"reported","farmer_type":"reported","low_input_practices":"reported"}}},{"type":"Feature","id":"CH-UB93YX:chouf_2026","geometry":{"type":"Point","coordinates":[35.63399,33.69542]},"properties":{"entity_type":"survey_respondent_public","respondent_id":"CH-UB93YX","instrument":"chouf_2026","area_name_en":"Kfar Nabrakh","area_name_ar":"كفرنبرخ","district_en":"Chouf","district_ar":"الشوف","location_basis":"residence_village","geom_origin":"osm_settlement_point","spatial_precision":"locality","anchor":[35.63329,33.6947],"display_offset_m":103,"c__owns_land":"yes","c__land_size_band":"gt_1_ha","c__soil_types":"loamy","c__crop_groups":"vegetables","c__water_sources":"rain","c__water_availability":"rarely","c__water_scarcity":"yes","c__irrigation_need_change":"decrease","c__energy_sources":"solar","c__production_level":"medium","c__coop_member":"no","c__homes_trad_food":"some","c__seed_criteria":"productivity","c__seed_sources":"shop","c__seed_challenges":"low_availability","c__traditional_seed_knowledge":"yes","c__soil_enhancers":"chemical","c__chem_fertilizer_reliance":"partial","c__pest_control":"chemical","c__marketing_challenges":"low_prices","c__logistics_challenges":"no_paved_roads","c__climate_change_noticed":"yes","c__climate_changes":"temperature_rise","c__climate_impacts":"season_delay","c__info_sources":"social_media","c__raises_poultry":"yes","c__poultry_purpose":"home_consumption","c__farmer_type":"type_a","c__low_input_practices":"yes","values":{"owns_land":"yes","land_size_band":"gt_1_ha","soil_types":["loamy","sandy"],"crop_groups":["vegetables"],"water_sources":["rain","river"],"water_availability":"rarely","water_scarcity":"yes","irrigation_need_change":"decrease","energy_sources":["solar"],"production_level":"medium","coop_member":"no","homes_trad_food":"some","seed_criteria":["productivity"],"seed_sources":["shop","own_harvest"],"seed_challenges":["low_availability"],"traditional_seed_knowledge":"yes","soil_enhancers":["chemical","biofertilizer"],"chem_fertilizer_reliance":"partial","pest_control":["chemical","local"],"pesticide_reliance":null,"marketing_challenges":["low_prices"],"logistics_challenges":["no_paved_roads"],"climate_change_noticed":"yes","climate_changes":["temperature_rise","rainfall_decrease"],"climate_impacts":["season_delay","pests_diseases"],"info_sources":["social_media","extension_agents"],"raises_poultry":"yes","poultry_purpose":["home_consumption","local_sale"],"farmer_type":"type_a","low_input_practices":"yes"},"status":{"owns_land":"reported","land_size_band":"reported","soil_types":"reported","crop_groups":"reported","water_sources":"reported","water_availability":"reported","water_scarcity":"reported","irrigation_need_change":"reported","energy_sources":"reported","production_level":"reported","coop_member":"reported","homes_trad_food":"reported","seed_criteria":"reported","seed_sources":"reported","seed_challenges":"reported","traditional_seed_knowledge":"reported","soil_enhancers":"reported","chem_fertilizer_reliance":"reported","pest_control":"reported","pesticide_reliance":"not_provided","marketing_challenges":"reported","logistics_challenges":"reported","climate_change_noticed":"reported","climate_changes":"reported","climate_impacts":"reported","info_sources":"reported","raises_poultry":"reported","poultry_purpose":"reported","farmer_type":"reported","low_input_practices":"reported"}}},{"type":"Feature","id":"CH-UDE4LW:chouf_2026","geometry":{"type":"Point","coordinates":[35.51677,33.62756]},"properties":{"entity_type":"survey_respondent_public","respondent_id":"CH-UDE4LW","instrument":"chouf_2026","area_name_en":"Aanout","area_name_ar":"عانوت","district_en":"Chouf","district_ar":"الشوف","location_basis":"residence_village","geom_origin":"osm_settlement_point","spatial_precision":"locality","anchor":[35.51671,33.62834],"display_offset_m":87,"c__owns_land":"yes","c__land_size_band":"lt_5_dunum","c__soil_types":"loamy","c__crop_groups":"vegetables","c__water_sources":"tanker","c__water_availability":"rarely","c__water_scarcity":"yes","c__irrigation_need_change":"increase","c__energy_sources":"diesel","c__production_level":"medium","c__coop_member":"no","c__homes_trad_food":"some","c__seed_criteria":"price","c__seed_sources":"shop","c__seed_challenges":"high_cost","c__traditional_seed_knowledge":"no","c__soil_enhancers":"chemical","c__chem_fertilizer_reliance":"partial","c__pest_control":"chemical","c__pesticide_reliance":"partial","c__marketing_challenges":"far_markets","c__logistics_challenges":"high_transport_cost","c__climate_change_noticed":"yes","c__climate_changes":"temperature_rise","c__climate_impacts":"production_decrease","c__info_sources":"social_media","c__raises_poultry":"yes","c__poultry_purpose":"home_consumption","c__farmer_type":"type_d","c__low_input_practices":"yes","values":{"owns_land":"yes","land_size_band":"lt_5_dunum","soil_types":["loamy"],"crop_groups":["vegetables","legumes"],"water_sources":["tanker","storage"],"water_availability":"rarely","water_scarcity":"yes","irrigation_need_change":"increase","energy_sources":["diesel"],"production_level":"medium","coop_member":"no","homes_trad_food":"some","seed_criteria":["price"],"seed_sources":["shop"],"seed_challenges":["high_cost","low_availability","unreliable_suppliers"],"traditional_seed_knowledge":"no","soil_enhancers":["chemical","biofertilizer","manure"],"chem_fertilizer_reliance":"partial","pest_control":["chemical"],"pesticide_reliance":"partial","marketing_challenges":["far_markets"],"logistics_challenges":["high_transport_cost"],"climate_change_noticed":"yes","climate_changes":["temperature_rise","rainfall_decrease","heatwaves"],"climate_impacts":["production_decrease","pests_diseases"],"info_sources":["social_media","supply_shops"],"raises_poultry":"yes","poultry_purpose":["home_consumption"],"farmer_type":"type_d","low_input_practices":"yes"},"status":{"owns_land":"reported","land_size_band":"reported","soil_types":"reported","crop_groups":"reported","water_sources":"reported","water_availability":"reported","water_scarcity":"reported","irrigation_need_change":"reported","energy_sources":"reported","production_level":"reported","coop_member":"reported","homes_trad_food":"reported","seed_criteria":"reported","seed_sources":"reported","seed_challenges":"reported","traditional_seed_knowledge":"reported","soil_enhancers":"reported","chem_fertilizer_reliance":"reported","pest_control":"reported","pesticide_reliance":"reported","marketing_challenges":"reported","logistics_challenges":"reported","climate_change_noticed":"reported","climate_changes":"reported","climate_impacts":"reported","info_sources":"reported","raises_poultry":"reported","poultry_purpose":"reported","farmer_type":"reported","low_input_practices":"reported"}}},{"type":"Feature","id":"CH-UJPYZL:chouf_2026","geometry":{"type":"Point","coordinates":[35.51404,33.66699]},"properties":{"entity_type":"survey_respondent_public","respondent_id":"CH-UJPYZL","instrument":"chouf_2026","area_name_en":"Jahliyeh","area_name_ar":"جاهلية","district_en":"Chouf","district_ar":"الشوف","location_basis":"residence_village","geom_origin":"osm_settlement_point","spatial_precision":"locality","anchor":[35.51404,33.66699],"display_offset_m":0,"c__owns_land":"yes","c__land_size_band":"lt_5_dunum","c__soil_types":"loamy","c__crop_groups":"vegetables","c__water_sources":"canal","c__water_availability":"never","c__water_scarcity":"yes","c__irrigation_need_change":"increase","c__energy_sources":"manual","c__production_level":"small","c__coop_member":"no","c__homes_trad_food":"few","c__seed_criteria":"productivity","c__seed_sources":"neighbour","c__seed_challenges":"low_availability","c__traditional_seed_knowledge":"no","c__soil_enhancers":"chemical","c__chem_fertilizer_reliance":"partial","c__pest_control":"chemical","c__pesticide_reliance":"partial","c__marketing_challenges":"weak_demand","c__logistics_challenges":"high_transport_cost","c__climate_change_noticed":"yes","c__climate_changes":"temperature_rise","c__climate_impacts":"production_decrease","c__info_sources":"supply_shops","c__raises_poultry":"yes","c__poultry_purpose":"home_consumption","c__farmer_type":"type_d","c__low_input_practices":"no","values":{"owns_land":"yes","land_size_band":"lt_5_dunum","soil_types":["loamy"],"crop_groups":["vegetables"],"water_sources":["canal"],"water_availability":"never","water_scarcity":"yes","irrigation_need_change":"increase","energy_sources":["manual"],"production_level":"small","coop_member":"no","homes_trad_food":"few","seed_criteria":["productivity"],"seed_sources":["neighbour"],"seed_challenges":["low_availability"],"traditional_seed_knowledge":"no","soil_enhancers":["chemical"],"chem_fertilizer_reliance":"partial","pest_control":["chemical"],"pesticide_reliance":"partial","marketing_challenges":["weak_demand"],"logistics_challenges":["high_transport_cost"],"climate_change_noticed":"yes","climate_changes":["temperature_rise","rainfall_decrease"],"climate_impacts":["production_decrease"],"info_sources":["supply_shops"],"raises_poultry":"yes","poultry_purpose":["home_consumption"],"farmer_type":"type_d","low_input_practices":"no"},"status":{"owns_land":"reported","land_size_band":"reported","soil_types":"reported","crop_groups":"reported","water_sources":"reported","water_availability":"reported","water_scarcity":"reported","irrigation_need_change":"reported","energy_sources":"reported","production_level":"reported","coop_member":"reported","homes_trad_food":"reported","seed_criteria":"reported","seed_sources":"reported","seed_challenges":"reported","traditional_seed_knowledge":"reported","soil_enhancers":"reported","chem_fertilizer_reliance":"reported","pest_control":"reported","pesticide_reliance":"reported","marketing_challenges":"reported","logistics_challenges":"reported","climate_change_noticed":"reported","climate_changes":"reported","climate_impacts":"reported","info_sources":"reported","raises_poultry":"reported","poultry_purpose":"reported","farmer_type":"reported","low_input_practices":"reported"}}},{"type":"Feature","id":"CH-ULAUJS:chouf_2026","geometry":{"type":"Point","coordinates":[35.61973,33.63754]},"properties":{"entity_type":"survey_respondent_public","respondent_id":"CH-ULAUJS","instrument":"chouf_2026","area_name_en":"Baadarane","area_name_ar":"بعدران","district_en":"Chouf","district_ar":"الشوف","location_basis":"gps_area","geom_origin":"osm_settlement_point","spatial_precision":"locality","anchor":[35.62025,33.63712],"display_offset_m":67,"c__owns_land":"yes","c__land_size_band":"gt_1_ha","c__soil_types":"loamy","c__crop_groups":"apples_pears","c__water_sources":"rain","c__water_availability":"rarely","c__water_scarcity":"yes","c__irrigation_need_change":"increase","c__energy_sources":"grid","c__production_level":"medium","c__coop_member":"yes","c__homes_trad_food":"most","c__seed_criteria":"pest_resistance","c__seed_sources":"own_harvest","c__seed_challenges":"none","c__traditional_seed_knowledge":"yes","c__chem_fertilizer_reliance":"partial","c__pest_control":"biological","c__pesticide_reliance":"partial","c__marketing_challenges":"low_prices","c__logistics_challenges":"high_transport_cost","c__climate_change_noticed":"yes","c__climate_changes":"temperature_rise","c__climate_impacts":"production_decrease","c__info_sources":"extension_agents","c__raises_poultry":"yes","c__poultry_purpose":"home_consumption","c__farmer_type":"type_b","c__low_input_practices":"yes","values":{"owns_land":"yes","land_size_band":"gt_1_ha","soil_types":["loamy","clay"],"crop_groups":["apples_pears","stone_fruits","vegetables"],"water_sources":["rain","well"],"water_availability":"rarely","water_scarcity":"yes","irrigation_need_change":"increase","energy_sources":["grid","gasoline"],"production_level":"medium","coop_member":"yes","homes_trad_food":"most","seed_criteria":["pest_resistance"],"seed_sources":["own_harvest"],"seed_challenges":["none"],"traditional_seed_knowledge":"yes","soil_enhancers":null,"chem_fertilizer_reliance":"partial","pest_control":["biological"],"pesticide_reliance":"partial","marketing_challenges":["low_prices","weak_demand"],"logistics_challenges":["high_transport_cost"],"climate_change_noticed":"yes","climate_changes":["temperature_rise","rainfall_decrease"],"climate_impacts":["production_decrease","pollination"],"info_sources":["extension_agents"],"raises_poultry":"yes","poultry_purpose":["home_consumption","local_sale"],"farmer_type":"type_b","low_input_practices":"yes"},"status":{"owns_land":"reported","land_size_band":"reported","soil_types":"reported","crop_groups":"reported","water_sources":"reported","water_availability":"reported","water_scarcity":"reported","irrigation_need_change":"reported","energy_sources":"reported","production_level":"reported","coop_member":"reported","homes_trad_food":"reported","seed_criteria":"reported","seed_sources":"reported","seed_challenges":"reported","traditional_seed_knowledge":"reported","soil_enhancers":"not_provided","chem_fertilizer_reliance":"reported","pest_control":"reported","pesticide_reliance":"reported","marketing_challenges":"reported","logistics_challenges":"reported","climate_change_noticed":"reported","climate_changes":"reported","climate_impacts":"reported","info_sources":"reported","raises_poultry":"reported","poultry_purpose":"reported","farmer_type":"reported","low_input_practices":"reported"}}},{"type":"Feature","id":"CH-UWVBPL:chouf_2026","geometry":{"type":"Point","coordinates":[35.65054,33.69612]},"properties":{"entity_type":"survey_respondent_public","respondent_id":"CH-UWVBPL","instrument":"chouf_2026","area_name_en":"Batloun","area_name_ar":"بتلون","district_en":"Chouf","district_ar":"الشوف","location_basis":"residence_village","geom_origin":"osm_settlement_point","spatial_precision":"locality","anchor":[35.65221,33.6955],"display_offset_m":170,"c__owns_land":"yes","c__land_size_band":"lt_5_dunum","c__soil_types":"sandy","c__water_availability":"never","c__water_scarcity":"yes","c__irrigation_need_change":"increase","c__production_level":"large","c__coop_member":"yes","c__homes_trad_food":"most","c__seed_criteria":"productivity","c__seed_sources":"shop","c__seed_challenges":"high_cost","c__traditional_seed_knowledge":"yes","c__chem_fertilizer_reliance":"not_used","c__pest_control":"chemical","c__marketing_challenges":"far_markets","c__logistics_challenges":"high_transport_cost","c__climate_change_noticed":"yes","c__climate_changes":"temperature_rise","c__climate_impacts":"production_decrease","c__info_sources":"social_media","c__raises_poultry":"no","c__farmer_type":"type_c","c__low_input_practices":"no","values":{"owns_land":"yes","land_size_band":"lt_5_dunum","soil_types":["sandy"],"crop_groups":null,"water_sources":null,"water_availability":"never","water_scarcity":"yes","irrigation_need_change":"increase","energy_sources":null,"production_level":"large","coop_member":"yes","homes_trad_food":"most","seed_criteria":["productivity"],"seed_sources":["shop"],"seed_challenges":["high_cost"],"traditional_seed_knowledge":"yes","soil_enhancers":null,"chem_fertilizer_reliance":"not_used","pest_control":["chemical"],"pesticide_reliance":null,"marketing_challenges":["far_markets"],"logistics_challenges":["high_transport_cost"],"climate_change_noticed":"yes","climate_changes":["temperature_rise","rainfall_decrease","heatwaves"],"climate_impacts":["production_decrease","season_delay","pests_diseases"],"info_sources":["social_media","extension_agents","supply_shops"],"raises_poultry":"no","poultry_purpose":null,"farmer_type":"type_c","low_input_practices":"no"},"status":{"owns_land":"reported","land_size_band":"reported","soil_types":"reported","crop_groups":"not_provided","water_sources":"not_provided","water_availability":"reported","water_scarcity":"reported","irrigation_need_change":"reported","energy_sources":"not_provided","production_level":"reported","coop_member":"reported","homes_trad_food":"reported","seed_criteria":"reported","seed_sources":"reported","seed_challenges":"reported","traditional_seed_knowledge":"reported","soil_enhancers":"not_provided","chem_fertilizer_reliance":"reported","pest_control":"reported","pesticide_reliance":"not_provided","marketing_challenges":"reported","logistics_challenges":"reported","climate_change_noticed":"reported","climate_changes":"reported","climate_impacts":"reported","info_sources":"reported","raises_poultry":"reported","poultry_purpose":"not_applicable","farmer_type":"reported","low_input_practices":"reported"}}},{"type":"Feature","id":"CH-V4EACV:chouf_2026","geometry":{"type":"Point","coordinates":[35.43308,33.64402]},"properties":{"entity_type":"survey_respondent_public","respondent_id":"CH-V4EACV","instrument":"chouf_2026","area_name_en":"Barja","area_name_ar":"برجا","district_en":"Chouf","district_ar":"الشوف","location_basis":"residence_village","geom_origin":"osm_settlement_point","spatial_precision":"locality","anchor":[35.43302,33.6448],"display_offset_m":87,"c__owns_land":"yes","c__land_size_band":"lt_5_dunum","c__soil_types":"clay","c__crop_groups":"vegetables","c__water_sources":"well","c__water_availability":"always","c__water_scarcity":"no","c__irrigation_need_change":"increase","c__energy_sources":"solar","c__production_level":"medium","c__coop_member":"no","c__homes_trad_food":"most","c__seed_criteria":"productivity","c__seed_sources":"shop","c__seed_challenges":"high_cost","c__traditional_seed_knowledge":"no","c__soil_enhancers":"chemical","c__chem_fertilizer_reliance":"partial","c__pest_control":"chemical","c__pesticide_reliance":"total","c__marketing_challenges":"low_prices","c__logistics_challenges":"high_transport_cost","c__climate_change_noticed":"yes","c__climate_changes":"temperature_rise","c__climate_impacts":"pests_diseases","c__info_sources":"extension_agents","c__raises_poultry":"yes","c__poultry_purpose":"local_sale","c__farmer_type":"type_a","c__low_input_practices":"yes","values":{"owns_land":"yes","land_size_band":"lt_5_dunum","soil_types":["clay"],"crop_groups":["vegetables"],"water_sources":["well"],"water_availability":"always","water_scarcity":"no","irrigation_need_change":"increase","energy_sources":["solar"],"production_level":"medium","coop_member":"no","homes_trad_food":"most","seed_criteria":["productivity","pest_resistance"],"seed_sources":["shop"],"seed_challenges":["high_cost"],"traditional_seed_knowledge":"no","soil_enhancers":["chemical","compost"],"chem_fertilizer_reliance":"partial","pest_control":["chemical"],"pesticide_reliance":"total","marketing_challenges":["low_prices"],"logistics_challenges":["high_transport_cost"],"climate_change_noticed":"yes","climate_changes":["temperature_rise"],"climate_impacts":["pests_diseases"],"info_sources":["extension_agents","supply_shops"],"raises_poultry":"yes","poultry_purpose":["local_sale"],"farmer_type":"type_a","low_input_practices":"yes"},"status":{"owns_land":"reported","land_size_band":"reported","soil_types":"reported","crop_groups":"reported","water_sources":"reported","water_availability":"reported","water_scarcity":"reported","irrigation_need_change":"reported","energy_sources":"reported","production_level":"reported","coop_member":"reported","homes_trad_food":"reported","seed_criteria":"reported","seed_sources":"reported","seed_challenges":"reported","traditional_seed_knowledge":"reported","soil_enhancers":"reported","chem_fertilizer_reliance":"reported","pest_control":"reported","pesticide_reliance":"reported","marketing_challenges":"reported","logistics_challenges":"reported","climate_change_noticed":"reported","climate_changes":"reported","climate_impacts":"reported","info_sources":"reported","raises_poultry":"reported","poultry_purpose":"reported","farmer_type":"reported","low_input_practices":"reported"}}},{"type":"Feature","id":"CH-V86LCH:chouf_2026","geometry":{"type":"Point","coordinates":[35.54028,33.57833]},"properties":{"entity_type":"survey_respondent_public","respondent_id":"CH-V86LCH","instrument":"chouf_2026","area_name_en":"Bisri","area_name_ar":"بسري","district_en":"Jezzine","district_ar":"جزين","location_basis":"farm_area_reported","geom_origin":"osm_settlement_point","spatial_precision":"locality","anchor":[35.54028,33.57833],"display_offset_m":0,"c__owns_land":"yes","c__land_size_band":"lt_5_dunum","c__soil_types":"loamy","c__crop_groups":"grapes","c__water_sources":"river","c__water_availability":"sometimes","c__water_scarcity":"yes","c__irrigation_need_change":"increase","c__energy_sources":"manual","c__production_level":"medium","c__coop_member":"no","c__homes_trad_food":"some","c__seed_criteria":"price","c__seed_sources":"shop","c__seed_challenges":"high_cost","c__traditional_seed_knowledge":"no","c__soil_enhancers":"chemical","c__pest_control":"chemical","c__pesticide_reliance":"total","c__marketing_challenges":"low_prices","c__logistics_challenges":"high_transport_cost","c__climate_change_noticed":"yes","c__climate_changes":"temperature_rise","c__climate_impacts":"production_decrease","c__info_sources":"extension_agents","c__raises_poultry":"yes","c__poultry_purpose":"home_consumption","c__farmer_type":"type_a","c__low_input_practices":"yes","values":{"owns_land":"yes","land_size_band":"lt_5_dunum","soil_types":["loamy"],"crop_groups":["grapes","legumes"],"water_sources":["river"],"water_availability":"sometimes","water_scarcity":"yes","irrigation_need_change":"increase","energy_sources":["manual","diesel"],"production_level":"medium","coop_member":"no","homes_trad_food":"some","seed_criteria":["price","productivity"],"seed_sources":["shop"],"seed_challenges":["high_cost","low_availability","unreliable_suppliers"],"traditional_seed_knowledge":"no","soil_enhancers":["chemical","compost"],"chem_fertilizer_reliance":null,"pest_control":["chemical","biological"],"pesticide_reliance":"total","marketing_challenges":["low_prices","weak_demand"],"logistics_challenges":["high_transport_cost","no_paved_roads","no_transport"],"climate_change_noticed":"yes","climate_changes":["temperature_rise","rainfall_decrease","heatwaves"],"climate_impacts":["production_decrease","season_delay","pests_diseases","pollination"],"info_sources":["extension_agents","supply_shops"],"raises_poultry":"yes","poultry_purpose":["home_consumption","local_sale"],"farmer_type":"type_a","low_input_practices":"yes"},"status":{"owns_land":"reported","land_size_band":"reported","soil_types":"reported","crop_groups":"reported","water_sources":"reported","water_availability":"reported","water_scarcity":"reported","irrigation_need_change":"reported","energy_sources":"reported","production_level":"reported","coop_member":"reported","homes_trad_food":"reported","seed_criteria":"reported","seed_sources":"reported","seed_challenges":"reported","traditional_seed_knowledge":"reported","soil_enhancers":"reported","chem_fertilizer_reliance":"not_provided","pest_control":"reported","pesticide_reliance":"reported","marketing_challenges":"reported","logistics_challenges":"reported","climate_change_noticed":"reported","climate_changes":"reported","climate_impacts":"reported","info_sources":"reported","raises_poultry":"reported","poultry_purpose":"reported","farmer_type":"reported","low_input_practices":"reported"}}},{"type":"Feature","id":"CH-V8BREH:chouf_2026","geometry":{"type":"Point","coordinates":[35.62478,33.72671]},"properties":{"entity_type":"survey_respondent_public","respondent_id":"CH-V8BREH","instrument":"chouf_2026","area_name_en":"Majdel El-Meouch","area_name_ar":"مجدل المعوش","district_en":"Chouf","district_ar":"الشوف","location_basis":"residence_village","geom_origin":"osm_settlement_point","spatial_precision":"locality","anchor":[35.6253,33.72629],"display_offset_m":67,"c__owns_land":"yes","c__land_size_band":"gt_1_ha","c__soil_types":"loamy","c__crop_groups":"vegetables","c__water_sources":"river","c__water_availability":"sometimes","c__water_scarcity":"yes","c__irrigation_need_change":"no_change","c__energy_sources":"manual","c__production_level":"large","c__coop_member":"no","c__homes_trad_food":"some","c__seed_criteria":"price","c__seed_sources":"shop","c__seed_challenges":"high_cost","c__traditional_seed_knowledge":"no","c__soil_enhancers":"chemical","c__chem_fertilizer_reliance":"partial","c__pest_control":"chemical","c__pesticide_reliance":"total","c__marketing_challenges":"low_prices","c__logistics_challenges":"high_transport_cost","c__climate_change_noticed":"yes","c__climate_changes":"temperature_rise","c__climate_impacts":"production_decrease","c__info_sources":"social_media","c__raises_poultry":"yes","c__poultry_purpose":"home_consumption","c__farmer_type":"type_b","c__low_input_practices":"yes","values":{"owns_land":"yes","land_size_band":"gt_1_ha","soil_types":["loamy"],"crop_groups":["vegetables","cereals_fodder"],"water_sources":["river","canal"],"water_availability":"sometimes","water_scarcity":"yes","irrigation_need_change":"no_change","energy_sources":["manual"],"production_level":"large","coop_member":"no","homes_trad_food":"some","seed_criteria":["price","productivity","pest_resistance"],"seed_sources":["shop","own_harvest"],"seed_challenges":["high_cost","unsuitable"],"traditional_seed_knowledge":"no","soil_enhancers":["chemical","compost","manure"],"chem_fertilizer_reliance":"partial","pest_control":["chemical"],"pesticide_reliance":"total","marketing_challenges":["low_prices","far_markets","no_transport","poor_packaging"],"logistics_challenges":["high_transport_cost","no_transport"],"climate_change_noticed":"yes","climate_changes":["temperature_rise","rainfall_decrease","heatwaves","frost"],"climate_impacts":["production_decrease","season_delay","pests_diseases"],"info_sources":["social_media","extension_agents","supply_shops"],"raises_poultry":"yes","poultry_purpose":["home_consumption","local_sale"],"farmer_type":"type_b","low_input_practices":"yes"},"status":{"owns_land":"reported","land_size_band":"reported","soil_types":"reported","crop_groups":"reported","water_sources":"reported","water_availability":"reported","water_scarcity":"reported","irrigation_need_change":"reported","energy_sources":"reported","production_level":"reported","coop_member":"reported","homes_trad_food":"reported","seed_criteria":"reported","seed_sources":"reported","seed_challenges":"reported","traditional_seed_knowledge":"reported","soil_enhancers":"reported","chem_fertilizer_reliance":"reported","pest_control":"reported","pesticide_reliance":"reported","marketing_challenges":"reported","logistics_challenges":"reported","climate_change_noticed":"reported","climate_changes":"reported","climate_impacts":"reported","info_sources":"reported","raises_poultry":"reported","poultry_purpose":"reported","farmer_type":"reported","low_input_practices":"reported"}}},{"type":"Feature","id":"CH-VAA8NB:chouf_2026","geometry":{"type":"Point","coordinates":[35.54773,33.6922]},"properties":{"entity_type":"survey_respondent_public","respondent_id":"CH-VAA8NB","instrument":"chouf_2026","area_name_en":"Shawalik Deir El-Qamar","area_name_ar":"شواليق دير القمر","district_en":"Chouf","district_ar":"الشوف","location_basis":"residence_village","geom_origin":"osm_place_point","spatial_precision":"locality","anchor":[35.54773,33.6922],"display_offset_m":0,"c__owns_land":"yes","c__land_size_band":"gt_1_ha","c__soil_types":"loamy","c__crop_groups":"olives","c__water_sources":"canal","c__water_availability":"sometimes","c__water_scarcity":"yes","c__irrigation_need_change":"increase","c__energy_sources":"grid","c__production_level":"medium","c__coop_member":"no","c__homes_trad_food":"most","c__seed_criteria":"price","c__seed_sources":"shop","c__seed_challenges":"high_cost","c__traditional_seed_knowledge":"yes","c__soil_enhancers":"chemical","c__chem_fertilizer_reliance":"total","c__pest_control":"chemical","c__pesticide_reliance":"total","c__marketing_challenges":"low_prices","c__logistics_challenges":"high_transport_cost","c__climate_change_noticed":"yes","c__climate_changes":"temperature_rise","c__climate_impacts":"production_decrease","c__info_sources":"extension_agents","c__raises_poultry":"no","c__farmer_type":"type_a","c__low_input_practices":"no","values":{"owns_land":"yes","land_size_band":"gt_1_ha","soil_types":["loamy"],"crop_groups":["olives","legumes"],"water_sources":["canal"],"water_availability":"sometimes","water_scarcity":"yes","irrigation_need_change":"increase","energy_sources":["grid","diesel"],"production_level":"medium","coop_member":"no","homes_trad_food":"most","seed_criteria":["price","productivity","pest_resistance"],"seed_sources":["shop"],"seed_challenges":["high_cost"],"traditional_seed_knowledge":"yes","soil_enhancers":["chemical"],"chem_fertilizer_reliance":"total","pest_control":["chemical"],"pesticide_reliance":"total","marketing_challenges":["low_prices","far_markets"],"logistics_challenges":["high_transport_cost"],"climate_change_noticed":"yes","climate_changes":["temperature_rise","rainfall_decrease","heatwaves"],"climate_impacts":["production_decrease","season_delay","pests_diseases"],"info_sources":["extension_agents","supply_shops"],"raises_poultry":"no","poultry_purpose":null,"farmer_type":"type_a","low_input_practices":"no"},"status":{"owns_land":"reported","land_size_band":"reported","soil_types":"reported","crop_groups":"reported","water_sources":"reported","water_availability":"reported","water_scarcity":"reported","irrigation_need_change":"reported","energy_sources":"reported","production_level":"reported","coop_member":"reported","homes_trad_food":"reported","seed_criteria":"reported","seed_sources":"reported","seed_challenges":"reported","traditional_seed_knowledge":"reported","soil_enhancers":"reported","chem_fertilizer_reliance":"reported","pest_control":"reported","pesticide_reliance":"reported","marketing_challenges":"reported","logistics_challenges":"reported","climate_change_noticed":"reported","climate_changes":"reported","climate_impacts":"reported","info_sources":"reported","raises_poultry":"reported","poultry_purpose":"not_applicable","farmer_type":"reported","low_input_practices":"reported"}}},{"type":"Feature","id":"CH-VDRRVF:chouf_2026","geometry":{"type":"Point","coordinates":[35.48627,33.66586]},"properties":{"entity_type":"survey_respondent_public","respondent_id":"CH-VDRRVF","instrument":"chouf_2026","area_name_en":"Dibbiyeh","area_name_ar":"دبية","district_en":"Chouf","district_ar":"الشوف","location_basis":"residence_village","geom_origin":"osm_settlement_point","spatial_precision":"locality","anchor":[35.48679,33.66544],"display_offset_m":67,"c__owns_land":"yes","c__land_size_band":"lt_5_dunum","c__soil_types":"clay","c__crop_groups":"other_fruits","c__water_sources":"tanker","c__water_availability":"rarely","c__water_scarcity":"yes","c__irrigation_need_change":"increase","c__energy_sources":"manual","c__production_level":"medium","c__coop_member":"no","c__homes_trad_food":"few","c__seed_criteria":"productivity","c__seed_sources":"shop","c__seed_challenges":"high_cost","c__traditional_seed_knowledge":"no","c__soil_enhancers":"biofertilizer","c__chem_fertilizer_reliance":"partial","c__pest_control":"chemical","c__pesticide_reliance":"partial","c__marketing_challenges":"weak_demand","c__logistics_challenges":"high_transport_cost","c__climate_change_noticed":"yes","c__climate_changes":"temperature_rise","c__climate_impacts":"production_decrease","c__info_sources":"social_media","c__raises_poultry":"yes","c__poultry_purpose":"home_consumption","c__farmer_type":"type_d","c__low_input_practices":"yes","values":{"owns_land":"yes","land_size_band":"lt_5_dunum","soil_types":["clay"],"crop_groups":["other_fruits","vegetables"],"water_sources":["tanker","storage"],"water_availability":"rarely","water_scarcity":"yes","irrigation_need_change":"increase","energy_sources":["manual","grid"],"production_level":"medium","coop_member":"no","homes_trad_food":"few","seed_criteria":["productivity"],"seed_sources":["shop"],"seed_challenges":["high_cost","low_availability","unsuitable"],"traditional_seed_knowledge":"no","soil_enhancers":["biofertilizer"],"chem_fertilizer_reliance":"partial","pest_control":["chemical","physical"],"pesticide_reliance":"partial","marketing_challenges":["weak_demand"],"logistics_challenges":["high_transport_cost"],"climate_change_noticed":"yes","climate_changes":["temperature_rise","rainfall_decrease","heatwaves"],"climate_impacts":["production_decrease","season_delay","pests_diseases","pollination"],"info_sources":["social_media","supply_shops","television"],"raises_poultry":"yes","poultry_purpose":["home_consumption"],"farmer_type":"type_d","low_input_practices":"yes"},"status":{"owns_land":"reported","land_size_band":"reported","soil_types":"reported","crop_groups":"reported","water_sources":"reported","water_availability":"reported","water_scarcity":"reported","irrigation_need_change":"reported","energy_sources":"reported","production_level":"reported","coop_member":"reported","homes_trad_food":"reported","seed_criteria":"reported","seed_sources":"reported","seed_challenges":"reported","traditional_seed_knowledge":"reported","soil_enhancers":"reported","chem_fertilizer_reliance":"reported","pest_control":"reported","pesticide_reliance":"reported","marketing_challenges":"reported","logistics_challenges":"reported","climate_change_noticed":"reported","climate_changes":"reported","climate_impacts":"reported","info_sources":"reported","raises_poultry":"reported","poultry_purpose":"reported","farmer_type":"reported","low_input_practices":"reported"}}},{"type":"Feature","id":"CH-VVKUSP:chouf_2026","geometry":{"type":"Point","coordinates":[35.5635,33.69781]},"properties":{"entity_type":"survey_respondent_public","respondent_id":"CH-VVKUSP","instrument":"chouf_2026","area_name_en":"Deir El-Qamar","area_name_ar":"دير القمر","district_en":"Chouf","district_ar":"الشوف","location_basis":"residence_village","geom_origin":"osm_settlement_point","spatial_precision":"locality","anchor":[35.56474,33.69797],"display_offset_m":117,"c__owns_land":"yes","c__land_size_band":"lt_5_dunum","c__soil_types":"sandy","c__crop_groups":"olives","c__water_sources":"public_network","c__water_availability":"sometimes","c__water_scarcity":"yes","c__irrigation_need_change":"increase","c__energy_sources":"manual","c__production_level":"small","c__coop_member":"no","c__homes_trad_food":"some","c__seed_criteria":"productivity","c__seed_sources":"shop","c__seed_challenges":"low_availability","c__traditional_seed_knowledge":"no","c__soil_enhancers":"chemical","c__chem_fertilizer_reliance":"partial","c__pest_control":"chemical","c__pesticide_reliance":"partial","c__marketing_challenges":"low_prices","c__logistics_challenges":"high_transport_cost","c__climate_change_noticed":"yes","c__climate_changes":"temperature_rise","c__climate_impacts":"production_decrease","c__info_sources":"social_media","c__raises_poultry":"no","c__farmer_type":"type_d","c__low_input_practices":"yes","values":{"owns_land":"yes","land_size_band":"lt_5_dunum","soil_types":["sandy"],"crop_groups":["olives","other_fruits","vegetables"],"water_sources":["public_network"],"water_availability":"sometimes","water_scarcity":"yes","irrigation_need_change":"increase","energy_sources":["manual"],"production_level":"small","coop_member":"no","homes_trad_food":"some","seed_criteria":["productivity"],"seed_sources":["shop","own_harvest"],"seed_challenges":["low_availability"],"traditional_seed_knowledge":"no","soil_enhancers":["chemical"],"chem_fertilizer_reliance":"partial","pest_control":["chemical","local"],"pesticide_reliance":"partial","marketing_challenges":["low_prices"],"logistics_challenges":["high_transport_cost"],"climate_change_noticed":"yes","climate_changes":["temperature_rise","rainfall_decrease","heatwaves"],"climate_impacts":["production_decrease","pests_diseases"],"info_sources":["social_media","supply_shops"],"raises_poultry":"no","poultry_purpose":null,"farmer_type":"type_d","low_input_practices":"yes"},"status":{"owns_land":"reported","land_size_band":"reported","soil_types":"reported","crop_groups":"reported","water_sources":"reported","water_availability":"reported","water_scarcity":"reported","irrigation_need_change":"reported","energy_sources":"reported","production_level":"reported","coop_member":"reported","homes_trad_food":"reported","seed_criteria":"reported","seed_sources":"reported","seed_challenges":"reported","traditional_seed_knowledge":"reported","soil_enhancers":"reported","chem_fertilizer_reliance":"reported","pest_control":"reported","pesticide_reliance":"reported","marketing_challenges":"reported","logistics_challenges":"reported","climate_change_noticed":"reported","climate_changes":"reported","climate_impacts":"reported","info_sources":"reported","raises_poultry":"reported","poultry_purpose":"not_applicable","farmer_type":"reported","low_input_practices":"reported"}}},{"type":"Feature","id":"CH-VVY4H7:chouf_2026","geometry":{"type":"Point","coordinates":[35.61737,33.60129]},"properties":{"entity_type":"survey_respondent_public","respondent_id":"CH-VVY4H7","instrument":"chouf_2026","area_name_en":"Bater","area_name_ar":"باتر","district_en":"Chouf","district_ar":"الشوف","location_basis":"residence_village","geom_origin":"osm_settlement_point","spatial_precision":"locality","anchor":[35.61731,33.60207],"display_offset_m":87,"c__owns_land":"yes","c__land_size_band":"gt_1_ha","c__soil_types":"loamy","c__crop_groups":"vegetables","c__water_sources":"river","c__water_availability":"sometimes","c__water_scarcity":"no","c__irrigation_need_change":"no_change","c__energy_sources":"diesel","c__production_level":"medium","c__coop_member":"no","c__homes_trad_food":"most","c__seed_criteria":"productivity","c__seed_sources":"neighbour","c__seed_challenges":"high_cost","c__traditional_seed_knowledge":"yes","c__soil_enhancers":"chemical","c__chem_fertilizer_reliance":"partial","c__pest_control":"chemical","c__pesticide_reliance":"partial","c__logistics_challenges":"high_transport_cost","c__climate_change_noticed":"yes","c__climate_changes":"temperature_rise","c__climate_impacts":"production_decrease","c__raises_poultry":"no","c__farmer_type":"type_b","c__low_input_practices":"yes","values":{"owns_land":"yes","land_size_band":"gt_1_ha","soil_types":["loamy","sandy"],"crop_groups":["vegetables","legumes"],"water_sources":["river"],"water_availability":"sometimes","water_scarcity":"no","irrigation_need_change":"no_change","energy_sources":["diesel"],"production_level":"medium","coop_member":"no","homes_trad_food":"most","seed_criteria":["productivity"],"seed_sources":["neighbour"],"seed_challenges":["high_cost"],"traditional_seed_knowledge":"yes","soil_enhancers":["chemical","manure"],"chem_fertilizer_reliance":"partial","pest_control":["chemical","biological"],"pesticide_reliance":"partial","marketing_challenges":null,"logistics_challenges":["high_transport_cost"],"climate_change_noticed":"yes","climate_changes":["temperature_rise","rainfall_decrease"],"climate_impacts":["production_decrease","season_delay","pests_diseases"],"info_sources":null,"raises_poultry":"no","poultry_purpose":null,"farmer_type":"type_b","low_input_practices":"yes"},"status":{"owns_land":"reported","land_size_band":"reported","soil_types":"reported","crop_groups":"reported","water_sources":"reported","water_availability":"reported","water_scarcity":"reported","irrigation_need_change":"reported","energy_sources":"reported","production_level":"reported","coop_member":"reported","homes_trad_food":"reported","seed_criteria":"reported","seed_sources":"reported","seed_challenges":"reported","traditional_seed_knowledge":"reported","soil_enhancers":"reported","chem_fertilizer_reliance":"reported","pest_control":"reported","pesticide_reliance":"reported","marketing_challenges":"not_provided","logistics_challenges":"reported","climate_change_noticed":"reported","climate_changes":"reported","climate_impacts":"reported","info_sources":"not_provided","raises_poultry":"reported","poultry_purpose":"not_applicable","farmer_type":"reported","low_input_practices":"reported"}}},{"type":"Feature","id":"CH-W4NXJ6:chouf_2026","geometry":{"type":"Point","coordinates":[35.50529,33.6391]},"properties":{"entity_type":"survey_respondent_public","respondent_id":"CH-W4NXJ6","instrument":"chouf_2026","area_name_en":"Daraiya Ech-Chouf","area_name_ar":"داريا الشوف","district_en":"Chouf","district_ar":"الشوف","location_basis":"residence_village","geom_origin":"osm_settlement_point","spatial_precision":"locality","anchor":[35.50523,33.63988],"display_offset_m":87,"c__owns_land":"yes","c__land_size_band":"lt_5_dunum","c__soil_types":"clay","c__crop_groups":"vegetables","c__water_sources":"public_network","c__water_availability":"sometimes","c__water_scarcity":"no","c__irrigation_need_change":"unsure","c__energy_sources":"grid","c__production_level":"medium","c__coop_member":"no","c__homes_trad_food":"most","c__seed_criteria":"price","c__seed_sources":"shop","c__seed_challenges":"high_cost","c__traditional_seed_knowledge":"no","c__soil_enhancers":"compost","c__chem_fertilizer_reliance":"not_used","c__pest_control":"local","c__pesticide_reliance":"not_used","c__marketing_challenges":"low_prices","c__logistics_challenges":"no_paved_roads","c__climate_change_noticed":"yes","c__climate_changes":"temperature_rise","c__climate_impacts":"production_decrease","c__info_sources":"social_media","c__raises_poultry":"no","c__farmer_type":"type_c","c__low_input_practices":"yes","values":{"owns_land":"yes","land_size_band":"lt_5_dunum","soil_types":["clay"],"crop_groups":["vegetables"],"water_sources":["public_network"],"water_availability":"sometimes","water_scarcity":"no","irrigation_need_change":"unsure","energy_sources":["grid"],"production_level":"medium","coop_member":"no","homes_trad_food":"most","seed_criteria":["price","productivity","pest_resistance"],"seed_sources":["shop"],"seed_challenges":["high_cost"],"traditional_seed_knowledge":"no","soil_enhancers":["compost","manure"],"chem_fertilizer_reliance":"not_used","pest_control":["local"],"pesticide_reliance":"not_used","marketing_challenges":["low_prices"],"logistics_challenges":["no_paved_roads"],"climate_change_noticed":"yes","climate_changes":["temperature_rise","rainfall_decrease"],"climate_impacts":["production_decrease"],"info_sources":["social_media"],"raises_poultry":"no","poultry_purpose":null,"farmer_type":"type_c","low_input_practices":"yes"},"status":{"owns_land":"reported","land_size_band":"reported","soil_types":"reported","crop_groups":"reported","water_sources":"reported","water_availability":"reported","water_scarcity":"reported","irrigation_need_change":"reported","energy_sources":"reported","production_level":"reported","coop_member":"reported","homes_trad_food":"reported","seed_criteria":"reported","seed_sources":"reported","seed_challenges":"reported","traditional_seed_knowledge":"reported","soil_enhancers":"reported","chem_fertilizer_reliance":"reported","pest_control":"reported","pesticide_reliance":"reported","marketing_challenges":"reported","logistics_challenges":"reported","climate_change_noticed":"reported","climate_changes":"reported","climate_impacts":"reported","info_sources":"reported","raises_poultry":"reported","poultry_purpose":"not_applicable","farmer_type":"reported","low_input_practices":"reported"}}},{"type":"Feature","id":"CH-W8Q4QG:chouf_2026","geometry":{"type":"Point","coordinates":[35.45424,33.7306]},"properties":{"entity_type":"survey_respondent_public","respondent_id":"CH-W8Q4QG","instrument":"chouf_2026","area_name_en":"Damour","area_name_ar":"الدامور","district_en":"Chouf","district_ar":"الشوف","location_basis":"residence_village","geom_origin":"osm_settlement_point","spatial_precision":"locality","anchor":[35.45548,33.73076],"display_offset_m":117,"c__owns_land":"yes","c__land_size_band":"gt_2_ha","c__soil_types":"acidic","c__crop_groups":"tropical_fruits","c__water_sources":"well","c__water_availability":"sometimes","c__water_scarcity":"yes","c__irrigation_need_change":"increase","c__energy_sources":"diesel","c__production_level":"medium","c__coop_member":"no","c__homes_trad_food":"most","c__seed_criteria":"price","c__seed_sources":"shop","c__seed_challenges":"high_cost","c__traditional_seed_knowledge":"no","c__soil_enhancers":"chemical","c__chem_fertilizer_reliance":"total","c__pest_control":"chemical","c__pesticide_reliance":"total","c__marketing_challenges":"low_prices","c__logistics_challenges":"high_transport_cost","c__climate_change_noticed":"yes","c__climate_changes":"temperature_rise","c__climate_impacts":"production_decrease","c__info_sources":"social_media","c__raises_poultry":"no","c__farmer_type":"type_a","c__low_input_practices":"yes","values":{"owns_land":"yes","land_size_band":"gt_2_ha","soil_types":["acidic"],"crop_groups":["tropical_fruits"],"water_sources":["well","canal"],"water_availability":"sometimes","water_scarcity":"yes","irrigation_need_change":"increase","energy_sources":["diesel","solar"],"production_level":"medium","coop_member":"no","homes_trad_food":"most","seed_criteria":["price","productivity","pest_resistance"],"seed_sources":["shop"],"seed_challenges":["high_cost","low_availability"],"traditional_seed_knowledge":"no","soil_enhancers":["chemical","manure"],"chem_fertilizer_reliance":"total","pest_control":["chemical"],"pesticide_reliance":"total","marketing_challenges":["low_prices","far_markets","no_transport"],"logistics_challenges":["high_transport_cost"],"climate_change_noticed":"yes","climate_changes":["temperature_rise","rainfall_decrease","heatwaves"],"climate_impacts":["production_decrease","season_delay","pests_diseases","pollination"],"info_sources":["social_media","supply_shops"],"raises_poultry":"no","poultry_purpose":null,"farmer_type":"type_a","low_input_practices":"yes"},"status":{"owns_land":"reported","land_size_band":"reported","soil_types":"reported","crop_groups":"reported","water_sources":"reported","water_availability":"reported","water_scarcity":"reported","irrigation_need_change":"reported","energy_sources":"reported","production_level":"reported","coop_member":"reported","homes_trad_food":"reported","seed_criteria":"reported","seed_sources":"reported","seed_challenges":"reported","traditional_seed_knowledge":"reported","soil_enhancers":"reported","chem_fertilizer_reliance":"reported","pest_control":"reported","pesticide_reliance":"reported","marketing_challenges":"reported","logistics_challenges":"reported","climate_change_noticed":"reported","climate_changes":"reported","climate_impacts":"reported","info_sources":"reported","raises_poultry":"reported","poultry_purpose":"not_applicable","farmer_type":"reported","low_input_practices":"reported"}}},{"type":"Feature","id":"CH-WCYTE7:chouf_2026","geometry":{"type":"Point","coordinates":[35.52478,33.69599]},"properties":{"entity_type":"survey_respondent_public","respondent_id":"CH-WCYTE7","instrument":"chouf_2026","area_name_en":"Deir Baba","area_name_ar":"دير بابا","district_en":"Chouf","district_ar":"الشوف","location_basis":"residence_village","geom_origin":"osm_settlement_point","spatial_precision":"locality","anchor":[35.52478,33.69599],"display_offset_m":0,"c__owns_land":"yes","c__land_size_band":"lt_1_ha","c__soil_types":"loamy","c__crop_groups":"vegetables","c__water_sources":"well","c__water_availability":"sometimes","c__water_scarcity":"yes","c__irrigation_need_change":"increase","c__energy_sources":"diesel","c__production_level":"medium","c__coop_member":"no","c__homes_trad_food":"most","c__seed_criteria":"price","c__seed_sources":"neighbour","c__seed_challenges":"low_availability","c__traditional_seed_knowledge":"no","c__soil_enhancers":"chemical","c__chem_fertilizer_reliance":"partial","c__pest_control":"chemical","c__pesticide_reliance":"partial","c__marketing_challenges":"low_prices","c__logistics_challenges":"high_transport_cost","c__climate_change_noticed":"yes","c__climate_changes":"temperature_rise","c__climate_impacts":"production_decrease","c__info_sources":"social_media","c__raises_poultry":"yes","c__poultry_purpose":"home_consumption","c__farmer_type":"type_a","c__low_input_practices":"yes","values":{"owns_land":"yes","land_size_band":"lt_1_ha","soil_types":["loamy"],"crop_groups":["vegetables","legumes"],"water_sources":["well"],"water_availability":"sometimes","water_scarcity":"yes","irrigation_need_change":"increase","energy_sources":["diesel"],"production_level":"medium","coop_member":"no","homes_trad_food":"most","seed_criteria":["price","productivity","pest_resistance"],"seed_sources":["neighbour","own_harvest"],"seed_challenges":["low_availability","unsuitable"],"traditional_seed_knowledge":"no","soil_enhancers":["chemical","manure"],"chem_fertilizer_reliance":"partial","pest_control":["chemical"],"pesticide_reliance":"partial","marketing_challenges":["low_prices","far_markets"],"logistics_challenges":["high_transport_cost","no_paved_roads"],"climate_change_noticed":"yes","climate_changes":["temperature_rise","rainfall_decrease","heatwaves","frost"],"climate_impacts":["production_decrease","season_delay","pests_diseases","pollination"],"info_sources":["social_media","extension_agents","television"],"raises_poultry":"yes","poultry_purpose":["home_consumption"],"farmer_type":"type_a","low_input_practices":"yes"},"status":{"owns_land":"reported","land_size_band":"reported","soil_types":"reported","crop_groups":"reported","water_sources":"reported","water_availability":"reported","water_scarcity":"reported","irrigation_need_change":"reported","energy_sources":"reported","production_level":"reported","coop_member":"reported","homes_trad_food":"reported","seed_criteria":"reported","seed_sources":"reported","seed_challenges":"reported","traditional_seed_knowledge":"reported","soil_enhancers":"reported","chem_fertilizer_reliance":"reported","pest_control":"reported","pesticide_reliance":"reported","marketing_challenges":"reported","logistics_challenges":"reported","climate_change_noticed":"reported","climate_changes":"reported","climate_impacts":"reported","info_sources":"reported","raises_poultry":"reported","poultry_purpose":"reported","farmer_type":"reported","low_input_practices":"reported"}}},{"type":"Feature","id":"CH-WFWFTG:chouf_2026","geometry":{"type":"Point","coordinates":[35.5887,33.65039]},"properties":{"entity_type":"survey_respondent_public","respondent_id":"CH-WFWFTG","instrument":"chouf_2026","area_name_en":"Kahlouniet Ech-Chouf","area_name_ar":"كحلونية الشوف","district_en":"Chouf","district_ar":"الشوف","location_basis":"residence_village","geom_origin":"osm_settlement_point","spatial_precision":"locality","anchor":[35.59037,33.64977],"display_offset_m":170,"c__owns_land":"yes","c__land_size_band":"lt_5_dunum","c__soil_types":"clay","c__crop_groups":"olives","c__water_sources":"rain","c__water_availability":"never","c__water_scarcity":"yes","c__irrigation_need_change":"increase","c__energy_sources":"manual","c__production_level":"medium","c__coop_member":"no","c__homes_trad_food":"some","c__seed_criteria":"price","c__seed_sources":"shop","c__seed_challenges":"high_cost","c__traditional_seed_knowledge":"no","c__soil_enhancers":"chemical","c__chem_fertilizer_reliance":"partial","c__pest_control":"chemical","c__pesticide_reliance":"total","c__marketing_challenges":"weak_demand","c__logistics_challenges":"high_transport_cost","c__climate_change_noticed":"yes","c__climate_changes":"temperature_rise","c__climate_impacts":"production_decrease","c__info_sources":"social_media","c__raises_poultry":"no","c__farmer_type":"type_d","c__low_input_practices":"yes","values":{"owns_land":"yes","land_size_band":"lt_5_dunum","soil_types":["clay"],"crop_groups":["olives","other_fruits"],"water_sources":["rain","tanker","storage"],"water_availability":"never","water_scarcity":"yes","irrigation_need_change":"increase","energy_sources":["manual"],"production_level":"medium","coop_member":"no","homes_trad_food":"some","seed_criteria":["price","productivity","pest_resistance"],"seed_sources":["shop"],"seed_challenges":["high_cost","unreliable_suppliers"],"traditional_seed_knowledge":"no","soil_enhancers":["chemical","manure"],"chem_fertilizer_reliance":"partial","pest_control":["chemical"],"pesticide_reliance":"total","marketing_challenges":["weak_demand"],"logistics_challenges":["high_transport_cost"],"climate_change_noticed":"yes","climate_changes":["temperature_rise","rainfall_decrease","heatwaves","frost"],"climate_impacts":["production_decrease","season_delay","pests_diseases"],"info_sources":["social_media"],"raises_poultry":"no","poultry_purpose":null,"farmer_type":"type_d","low_input_practices":"yes"},"status":{"owns_land":"reported","land_size_band":"reported","soil_types":"reported","crop_groups":"reported","water_sources":"reported","water_availability":"reported","water_scarcity":"reported","irrigation_need_change":"reported","energy_sources":"reported","production_level":"reported","coop_member":"reported","homes_trad_food":"reported","seed_criteria":"reported","seed_sources":"reported","seed_challenges":"reported","traditional_seed_knowledge":"reported","soil_enhancers":"reported","chem_fertilizer_reliance":"reported","pest_control":"reported","pesticide_reliance":"reported","marketing_challenges":"reported","logistics_challenges":"reported","climate_change_noticed":"reported","climate_changes":"reported","climate_impacts":"reported","info_sources":"reported","raises_poultry":"reported","poultry_purpose":"not_applicable","farmer_type":"reported","low_input_practices":"reported"}}},{"type":"Feature","id":"CH-WGA88D:chouf_2026","geometry":{"type":"Point","coordinates":[35.50593,33.6406]},"properties":{"entity_type":"survey_respondent_public","respondent_id":"CH-WGA88D","instrument":"chouf_2026","area_name_en":"Daraiya Ech-Chouf","area_name_ar":"داريا الشوف","district_en":"Chouf","district_ar":"الشوف","location_basis":"residence_village","geom_origin":"osm_settlement_point","spatial_precision":"locality","anchor":[35.50523,33.63988],"display_offset_m":103,"c__owns_land":"yes","c__land_size_band":"lt_5_dunum","c__soil_types":"clay","c__crop_groups":"vegetables","c__water_sources":"rain","c__water_availability":"rarely","c__water_scarcity":"yes","c__irrigation_need_change":"increase","c__energy_sources":"grid","c__production_level":"medium","c__coop_member":"no","c__homes_trad_food":"some","c__seed_criteria":"price","c__seed_sources":"own_harvest","c__seed_challenges":"high_cost","c__traditional_seed_knowledge":"yes","c__soil_enhancers":"manure","c__chem_fertilizer_reliance":"not_used","c__pest_control":"local","c__pesticide_reliance":"partial","c__marketing_challenges":"low_prices","c__logistics_challenges":"high_transport_cost","c__climate_change_noticed":"yes","c__climate_changes":"rainfall_decrease","c__climate_impacts":"season_delay","c__info_sources":"social_media","c__raises_poultry":"yes","c__poultry_purpose":"home_consumption","c__farmer_type":"type_c","c__low_input_practices":"yes","values":{"owns_land":"yes","land_size_band":"lt_5_dunum","soil_types":["clay"],"crop_groups":["vegetables","legumes"],"water_sources":["rain","public_network"],"water_availability":"rarely","water_scarcity":"yes","irrigation_need_change":"increase","energy_sources":["grid"],"production_level":"medium","coop_member":"no","homes_trad_food":"some","seed_criteria":["price"],"seed_sources":["own_harvest"],"seed_challenges":["high_cost"],"traditional_seed_knowledge":"yes","soil_enhancers":["manure"],"chem_fertilizer_reliance":"not_used","pest_control":["local"],"pesticide_reliance":"partial","marketing_challenges":["low_prices"],"logistics_challenges":["high_transport_cost"],"climate_change_noticed":"yes","climate_changes":["rainfall_decrease"],"climate_impacts":["season_delay"],"info_sources":["social_media"],"raises_poultry":"yes","poultry_purpose":["home_consumption"],"farmer_type":"type_c","low_input_practices":"yes"},"status":{"owns_land":"reported","land_size_band":"reported","soil_types":"reported","crop_groups":"reported","water_sources":"reported","water_availability":"reported","water_scarcity":"reported","irrigation_need_change":"reported","energy_sources":"reported","production_level":"reported","coop_member":"reported","homes_trad_food":"reported","seed_criteria":"reported","seed_sources":"reported","seed_challenges":"reported","traditional_seed_knowledge":"reported","soil_enhancers":"reported","chem_fertilizer_reliance":"reported","pest_control":"reported","pesticide_reliance":"reported","marketing_challenges":"reported","logistics_challenges":"reported","climate_change_noticed":"reported","climate_changes":"reported","climate_impacts":"reported","info_sources":"reported","raises_poultry":"reported","poultry_purpose":"reported","farmer_type":"reported","low_input_practices":"reported"}}},{"type":"Feature","id":"CH-WL4MYD:chouf_2026","geometry":{"type":"Point","coordinates":[35.67384,33.72248]},"properties":{"entity_type":"survey_respondent_public","respondent_id":"CH-WL4MYD","instrument":"chouf_2026","area_name_en":"Ouarhaniyeh","area_name_ar":"ورهانية","district_en":"Chouf","district_ar":"الشوف","location_basis":"residence_village","geom_origin":"osm_settlement_point","spatial_precision":"locality","anchor":[35.67419,33.72125],"display_offset_m":140,"c__owns_land":"yes","c__land_size_band":"lt_1_ha","c__soil_types":"loamy","c__crop_groups":"stone_fruits","c__water_sources":"well","c__water_availability":"rarely","c__water_scarcity":"yes","c__irrigation_need_change":"unsure","c__energy_sources":"grid","c__production_level":"medium","c__coop_member":"no","c__homes_trad_food":"most","c__seed_criteria":"pest_resistance","c__seed_sources":"shop","c__seed_challenges":"high_cost","c__traditional_seed_knowledge":"yes","c__soil_enhancers":"biofertilizer","c__chem_fertilizer_reliance":"partial","c__pest_control":"chemical","c__pesticide_reliance":"total","c__marketing_challenges":"low_prices","c__logistics_challenges":"high_transport_cost","c__climate_change_noticed":"yes","c__climate_changes":"temperature_rise","c__climate_impacts":"production_decrease","c__info_sources":"social_media","c__raises_poultry":"yes","c__poultry_purpose":"home_consumption","c__farmer_type":"type_a","c__low_input_practices":"yes","values":{"owns_land":"yes","land_size_band":"lt_1_ha","soil_types":["loamy"],"crop_groups":["stone_fruits","vegetables"],"water_sources":["well"],"water_availability":"rarely","water_scarcity":"yes","irrigation_need_change":"unsure","energy_sources":["grid"],"production_level":"medium","coop_member":"no","homes_trad_food":"most","seed_criteria":["pest_resistance"],"seed_sources":["shop"],"seed_challenges":["high_cost"],"traditional_seed_knowledge":"yes","soil_enhancers":["biofertilizer"],"chem_fertilizer_reliance":"partial","pest_control":["chemical"],"pesticide_reliance":"total","marketing_challenges":["low_prices","far_markets"],"logistics_challenges":["high_transport_cost","no_transport"],"climate_change_noticed":"yes","climate_changes":["temperature_rise","rainfall_decrease","heatwaves","frost"],"climate_impacts":["production_decrease","season_delay","pests_diseases","pollination"],"info_sources":["social_media","extension_agents","supply_shops","television"],"raises_poultry":"yes","poultry_purpose":["home_consumption"],"farmer_type":"type_a","low_input_practices":"yes"},"status":{"owns_land":"reported","land_size_band":"reported","soil_types":"reported","crop_groups":"reported","water_sources":"reported","water_availability":"reported","water_scarcity":"reported","irrigation_need_change":"reported","energy_sources":"reported","production_level":"reported","coop_member":"reported","homes_trad_food":"reported","seed_criteria":"reported","seed_sources":"reported","seed_challenges":"reported","traditional_seed_knowledge":"reported","soil_enhancers":"reported","chem_fertilizer_reliance":"reported","pest_control":"reported","pesticide_reliance":"reported","marketing_challenges":"reported","logistics_challenges":"reported","climate_change_noticed":"reported","climate_changes":"reported","climate_impacts":"reported","info_sources":"reported","raises_poultry":"reported","poultry_purpose":"reported","farmer_type":"reported","low_input_practices":"reported"}}},{"type":"Feature","id":"CH-WSRWNX:chouf_2026","geometry":{"type":"Point","coordinates":[35.57843,33.64676]},"properties":{"entity_type":"survey_respondent_public","respondent_id":"CH-WSRWNX","instrument":"chouf_2026","area_name_en":"Mazraat Ech-Chouf","area_name_ar":"مزرعة","district_en":"Chouf","district_ar":"الشوف","location_basis":"residence_village","geom_origin":"osm_settlement_point","spatial_precision":"locality","anchor":[35.5801,33.64614],"display_offset_m":170,"c__owns_land":"yes","c__land_size_band":"gt_2_ha","c__soil_types":"clay","c__crop_groups":"vegetables","c__water_sources":"spring","c__water_availability":"always","c__water_scarcity":"yes","c__irrigation_need_change":"increase","c__energy_sources":"manual","c__production_level":"large","c__coop_member":"no","c__homes_trad_food":"some","c__seed_criteria":"price","c__seed_sources":"shop","c__seed_challenges":"high_cost","c__traditional_seed_knowledge":"yes","c__soil_enhancers":"manure","c__chem_fertilizer_reliance":"not_used","c__pest_control":"chemical","c__pesticide_reliance":"partial","c__logistics_challenges":"no_paved_roads","c__climate_change_noticed":"yes","c__climate_changes":"temperature_rise","c__climate_impacts":"season_delay","c__raises_poultry":"no","c__farmer_type":"type_c","c__low_input_practices":"yes","values":{"owns_land":"yes","land_size_band":"gt_2_ha","soil_types":["clay"],"crop_groups":["vegetables","legumes"],"water_sources":["spring"],"water_availability":"always","water_scarcity":"yes","irrigation_need_change":"increase","energy_sources":["manual"],"production_level":"large","coop_member":"no","homes_trad_food":"some","seed_criteria":["price","productivity"],"seed_sources":["shop"],"seed_challenges":["high_cost"],"traditional_seed_knowledge":"yes","soil_enhancers":["manure"],"chem_fertilizer_reliance":"not_used","pest_control":["chemical"],"pesticide_reliance":"partial","marketing_challenges":null,"logistics_challenges":["no_paved_roads"],"climate_change_noticed":"yes","climate_changes":["temperature_rise","rainfall_decrease","frost"],"climate_impacts":["season_delay","pests_diseases"],"info_sources":null,"raises_poultry":"no","poultry_purpose":null,"farmer_type":"type_c","low_input_practices":"yes"},"status":{"owns_land":"reported","land_size_band":"reported","soil_types":"reported","crop_groups":"reported","water_sources":"reported","water_availability":"reported","water_scarcity":"reported","irrigation_need_change":"reported","energy_sources":"reported","production_level":"reported","coop_member":"reported","homes_trad_food":"reported","seed_criteria":"reported","seed_sources":"reported","seed_challenges":"reported","traditional_seed_knowledge":"reported","soil_enhancers":"reported","chem_fertilizer_reliance":"reported","pest_control":"reported","pesticide_reliance":"reported","marketing_challenges":"not_provided","logistics_challenges":"reported","climate_change_noticed":"reported","climate_changes":"reported","climate_impacts":"reported","info_sources":"not_provided","raises_poultry":"reported","poultry_purpose":"not_applicable","farmer_type":"reported","low_input_practices":"reported"}}},{"type":"Feature","id":"CH-X4CYJZ:chouf_2026","geometry":{"type":"Point","coordinates":[35.48502,33.62418]},"properties":{"entity_type":"survey_respondent_public","respondent_id":"CH-X4CYJZ","instrument":"chouf_2026","area_name_en":"Chhim","area_name_ar":"شحيم","district_en":"Chouf","district_ar":"الشوف","location_basis":"residence_village","geom_origin":"osm_settlement_point","spatial_precision":"locality","anchor":[35.4846,33.62419],"display_offset_m":39,"c__owns_land":"yes","c__land_size_band":"lt_5_dunum","c__soil_types":"clay","c__crop_groups":"other_fruits","c__water_sources":"rain","c__water_availability":"never","c__water_scarcity":"yes","c__irrigation_need_change":"increase","c__energy_sources":"none","c__production_level":"small","c__coop_member":"no","c__homes_trad_food":"almost_all","c__seed_criteria":"price","c__seed_sources":"association","c__seed_challenges":"high_cost","c__traditional_seed_knowledge":"no","c__soil_enhancers":"none","c__chem_fertilizer_reliance":"not_used","c__pest_control":"local","c__pesticide_reliance":"not_used","c__climate_change_noticed":"yes","c__climate_changes":"rainfall_decrease","c__climate_impacts":"other","c__info_sources":"social_media","c__raises_poultry":"no","c__farmer_type":"type_c","c__low_input_practices":"yes","values":{"owns_land":"yes","land_size_band":"lt_5_dunum","soil_types":["clay"],"crop_groups":["other_fruits","vegetables","nursery"],"water_sources":["rain"],"water_availability":"never","water_scarcity":"yes","irrigation_need_change":"increase","energy_sources":["none"],"production_level":"small","coop_member":"no","homes_trad_food":"almost_all","seed_criteria":["price"],"seed_sources":["association"],"seed_challenges":["high_cost"],"traditional_seed_knowledge":"no","soil_enhancers":["none"],"chem_fertilizer_reliance":"not_used","pest_control":["local"],"pesticide_reliance":"not_used","marketing_challenges":null,"logistics_challenges":null,"climate_change_noticed":"yes","climate_changes":["rainfall_decrease"],"climate_impacts":["other"],"info_sources":["social_media"],"raises_poultry":"no","poultry_purpose":null,"farmer_type":"type_c","low_input_practices":"yes"},"status":{"owns_land":"reported","land_size_band":"reported","soil_types":"reported","crop_groups":"reported","water_sources":"reported","water_availability":"reported","water_scarcity":"reported","irrigation_need_change":"reported","energy_sources":"reported","production_level":"reported","coop_member":"reported","homes_trad_food":"reported","seed_criteria":"reported","seed_sources":"reported","seed_challenges":"reported","traditional_seed_knowledge":"reported","soil_enhancers":"reported","chem_fertilizer_reliance":"reported","pest_control":"reported","pesticide_reliance":"reported","marketing_challenges":"not_provided","logistics_challenges":"not_provided","climate_change_noticed":"reported","climate_changes":"reported","climate_impacts":"reported","info_sources":"reported","raises_poultry":"reported","poultry_purpose":"not_applicable","farmer_type":"reported","low_input_practices":"reported"}}},{"type":"Feature","id":"CH-XB83TU:chouf_2026","geometry":{"type":"Point","coordinates":[35.64823,33.62071]},"properties":{"entity_type":"survey_respondent_public","respondent_id":"CH-XB83TU","instrument":"chouf_2026","area_name_en":"Mristi","area_name_ar":"مرستى","district_en":"Chouf","district_ar":"الشوف","location_basis":"residence_village","geom_origin":"osm_settlement_point","spatial_precision":"locality","anchor":[35.64859,33.62264],"display_offset_m":217,"c__owns_land":"yes","c__land_size_band":"lt_5_dunum","c__soil_types":"loamy","c__crop_groups":"apples_pears","c__water_sources":"canal","c__water_availability":"sometimes","c__water_scarcity":"no","c__irrigation_need_change":"increase","c__energy_sources":"manual","c__production_level":"medium","c__coop_member":"no","c__homes_trad_food":"most","c__seed_criteria":"pest_resistance","c__seed_sources":"shop","c__seed_challenges":"none","c__traditional_seed_knowledge":"no","c__soil_enhancers":"chemical","c__chem_fertilizer_reliance":"total","c__pest_control":"chemical","c__pesticide_reliance":"total","c__marketing_challenges":"low_prices","c__logistics_challenges":"high_transport_cost","c__climate_change_noticed":"yes","c__climate_changes":"temperature_rise","c__climate_impacts":"production_decrease","c__info_sources":"social_media","c__raises_poultry":"no","c__farmer_type":"type_a","c__low_input_practices":"yes","values":{"owns_land":"yes","land_size_band":"lt_5_dunum","soil_types":["loamy","calcareous"],"crop_groups":["apples_pears","vegetables"],"water_sources":["canal"],"water_availability":"sometimes","water_scarcity":"no","irrigation_need_change":"increase","energy_sources":["manual"],"production_level":"medium","coop_member":"no","homes_trad_food":"most","seed_criteria":["pest_resistance"],"seed_sources":["shop"],"seed_challenges":["none"],"traditional_seed_knowledge":"no","soil_enhancers":["chemical"],"chem_fertilizer_reliance":"total","pest_control":["chemical","local"],"pesticide_reliance":"total","marketing_challenges":["low_prices"],"logistics_challenges":["high_transport_cost"],"climate_change_noticed":"yes","climate_changes":["temperature_rise"],"climate_impacts":["production_decrease"],"info_sources":["social_media"],"raises_poultry":"no","poultry_purpose":null,"farmer_type":"type_a","low_input_practices":"yes"},"status":{"owns_land":"reported","land_size_band":"reported","soil_types":"reported","crop_groups":"reported","water_sources":"reported","water_availability":"reported","water_scarcity":"reported","irrigation_need_change":"reported","energy_sources":"reported","production_level":"reported","coop_member":"reported","homes_trad_food":"reported","seed_criteria":"reported","seed_sources":"reported","seed_challenges":"reported","traditional_seed_knowledge":"reported","soil_enhancers":"reported","chem_fertilizer_reliance":"reported","pest_control":"reported","pesticide_reliance":"reported","marketing_challenges":"reported","logistics_challenges":"reported","climate_change_noticed":"reported","climate_changes":"reported","climate_impacts":"reported","info_sources":"reported","raises_poultry":"reported","poultry_purpose":"not_applicable","farmer_type":"reported","low_input_practices":"reported"}}},{"type":"Feature","id":"CH-XCK67U:chouf_2026","geometry":{"type":"Point","coordinates":[35.48408,33.62461]},"properties":{"entity_type":"survey_respondent_public","respondent_id":"CH-XCK67U","instrument":"chouf_2026","area_name_en":"Chhim","area_name_ar":"شحيم","district_en":"Chouf","district_ar":"الشوف","location_basis":"residence_village","geom_origin":"osm_settlement_point","spatial_precision":"locality","anchor":[35.4846,33.62419],"display_offset_m":67,"c__owns_land":"yes","c__land_size_band":"lt_5_dunum","c__soil_types":"clay","c__crop_groups":"vegetables","c__water_sources":"tanker","c__water_availability":"rarely","c__water_scarcity":"yes","c__irrigation_need_change":"increase","c__energy_sources":"diesel","c__production_level":"small","c__coop_member":"no","c__homes_trad_food":"few","c__seed_criteria":"productivity","c__seed_sources":"shop","c__seed_challenges":"low_availability","c__traditional_seed_knowledge":"no","c__soil_enhancers":"manure","c__chem_fertilizer_reliance":"not_used","c__pest_control":"chemical","c__pesticide_reliance":"partial","c__marketing_challenges":"low_prices","c__logistics_challenges":"high_transport_cost","c__climate_change_noticed":"yes","c__climate_changes":"temperature_rise","c__climate_impacts":"production_decrease","c__info_sources":"social_media","c__raises_poultry":"yes","c__poultry_purpose":"home_consumption","c__farmer_type":"type_d","c__low_input_practices":"yes","values":{"owns_land":"yes","land_size_band":"lt_5_dunum","soil_types":["clay"],"crop_groups":["vegetables"],"water_sources":["tanker","storage"],"water_availability":"rarely","water_scarcity":"yes","irrigation_need_change":"increase","energy_sources":["diesel"],"production_level":"small","coop_member":"no","homes_trad_food":"few","seed_criteria":["productivity"],"seed_sources":["shop"],"seed_challenges":["low_availability"],"traditional_seed_knowledge":"no","soil_enhancers":["manure"],"chem_fertilizer_reliance":"not_used","pest_control":["chemical"],"pesticide_reliance":"partial","marketing_challenges":["low_prices"],"logistics_challenges":["high_transport_cost"],"climate_change_noticed":"yes","climate_changes":["temperature_rise","rainfall_decrease"],"climate_impacts":["production_decrease"],"info_sources":["social_media","supply_shops"],"raises_poultry":"yes","poultry_purpose":["home_consumption","local_sale"],"farmer_type":"type_d","low_input_practices":"yes"},"status":{"owns_land":"reported","land_size_band":"reported","soil_types":"reported","crop_groups":"reported","water_sources":"reported","water_availability":"reported","water_scarcity":"reported","irrigation_need_change":"reported","energy_sources":"reported","production_level":"reported","coop_member":"reported","homes_trad_food":"reported","seed_criteria":"reported","seed_sources":"reported","seed_challenges":"reported","traditional_seed_knowledge":"reported","soil_enhancers":"reported","chem_fertilizer_reliance":"reported","pest_control":"reported","pesticide_reliance":"reported","marketing_challenges":"reported","logistics_challenges":"reported","climate_change_noticed":"reported","climate_changes":"reported","climate_impacts":"reported","info_sources":"reported","raises_poultry":"reported","poultry_purpose":"reported","farmer_type":"reported","low_input_practices":"reported"}}},{"type":"Feature","id":"CH-XXYK5S:chouf_2026","geometry":{"type":"Point","coordinates":[35.54085,33.68498]},"properties":{"entity_type":"survey_respondent_public","respondent_id":"CH-XXYK5S","instrument":"chouf_2026","area_name_en":"Deir Dourit","area_name_ar":"دير دوريت","district_en":"Chouf","district_ar":"الشوف","location_basis":"residence_village","geom_origin":"osm_settlement_point","spatial_precision":"locality","anchor":[35.54079,33.68576],"display_offset_m":87,"c__owns_land":"yes","c__land_size_band":"lt_5_dunum","c__soil_types":"loamy","c__crop_groups":"olives","c__water_sources":"river","c__water_availability":"never","c__water_scarcity":"yes","c__irrigation_need_change":"increase","c__energy_sources":"grid","c__production_level":"medium","c__coop_member":"no","c__homes_trad_food":"some","c__seed_criteria":"productivity","c__seed_sources":"shop","c__seed_challenges":"unreliable_suppliers","c__traditional_seed_knowledge":"no","c__soil_enhancers":"chemical","c__chem_fertilizer_reliance":"partial","c__pest_control":"chemical","c__pesticide_reliance":"partial","c__marketing_challenges":"far_markets","c__logistics_challenges":"high_transport_cost","c__climate_change_noticed":"yes","c__climate_changes":"temperature_rise","c__climate_impacts":"production_decrease","c__info_sources":"social_media","c__raises_poultry":"yes","c__poultry_purpose":"home_consumption","c__farmer_type":"type_d","c__low_input_practices":"yes","values":{"owns_land":"yes","land_size_band":"lt_5_dunum","soil_types":["loamy"],"crop_groups":["olives","tropical_fruits"],"water_sources":["river","tanker","storage"],"water_availability":"never","water_scarcity":"yes","irrigation_need_change":"increase","energy_sources":["grid"],"production_level":"medium","coop_member":"no","homes_trad_food":"some","seed_criteria":["productivity"],"seed_sources":["shop"],"seed_challenges":["unreliable_suppliers"],"traditional_seed_knowledge":"no","soil_enhancers":["chemical","compost","manure"],"chem_fertilizer_reliance":"partial","pest_control":["chemical"],"pesticide_reliance":"partial","marketing_challenges":["far_markets"],"logistics_challenges":["high_transport_cost"],"climate_change_noticed":"yes","climate_changes":["temperature_rise","rainfall_decrease","heatwaves","frost"],"climate_impacts":["production_decrease","season_delay","pests_diseases","pollination"],"info_sources":["social_media","television"],"raises_poultry":"yes","poultry_purpose":["home_consumption"],"farmer_type":"type_d","low_input_practices":"yes"},"status":{"owns_land":"reported","land_size_band":"reported","soil_types":"reported","crop_groups":"reported","water_sources":"reported","water_availability":"reported","water_scarcity":"reported","irrigation_need_change":"reported","energy_sources":"reported","production_level":"reported","coop_member":"reported","homes_trad_food":"reported","seed_criteria":"reported","seed_sources":"reported","seed_challenges":"reported","traditional_seed_knowledge":"reported","soil_enhancers":"reported","chem_fertilizer_reliance":"reported","pest_control":"reported","pesticide_reliance":"reported","marketing_challenges":"reported","logistics_challenges":"reported","climate_change_noticed":"reported","climate_changes":"reported","climate_impacts":"reported","info_sources":"reported","raises_poultry":"reported","poultry_purpose":"reported","farmer_type":"reported","low_input_practices":"reported"}}},{"type":"Feature","id":"CH-Y2JVGN:chouf_2026","geometry":{"type":"Point","coordinates":[35.6224,33.66048]},"properties":{"entity_type":"survey_respondent_public","respondent_id":"CH-Y2JVGN","instrument":"chouf_2026","area_name_en":"Botmeh","area_name_ar":"بطمة","district_en":"Chouf","district_ar":"الشوف","location_basis":"residence_village","geom_origin":"osm_settlement_point","spatial_precision":"locality","anchor":[35.62234,33.66126],"display_offset_m":87,"c__owns_land":"yes","c__land_size_band":"lt_5_dunum","c__soil_types":"calcareous","c__crop_groups":"vegetables","c__water_sources":"tanker","c__water_availability":"never","c__water_scarcity":"yes","c__irrigation_need_change":"unsure","c__energy_sources":"manual","c__production_level":"small","c__coop_member":"yes","c__homes_trad_food":"some","c__seed_criteria":"price","c__seed_sources":"association","c__seed_challenges":"low_availability","c__traditional_seed_knowledge":"no","c__soil_enhancers":"compost","c__chem_fertilizer_reliance":"not_used","c__pest_control":"local","c__pesticide_reliance":"partial","c__marketing_challenges":"low_prices","c__logistics_challenges":"high_transport_cost","c__climate_change_noticed":"yes","c__climate_changes":"rainfall_decrease","c__climate_impacts":"season_delay","c__info_sources":"social_media","c__raises_poultry":"no","c__farmer_type":"type_c","c__low_input_practices":"yes","values":{"owns_land":"yes","land_size_band":"lt_5_dunum","soil_types":["calcareous"],"crop_groups":["vegetables"],"water_sources":["tanker","storage"],"water_availability":"never","water_scarcity":"yes","irrigation_need_change":"unsure","energy_sources":["manual"],"production_level":"small","coop_member":"yes","homes_trad_food":"some","seed_criteria":["price","productivity","pest_resistance"],"seed_sources":["association"],"seed_challenges":["low_availability","unreliable_suppliers"],"traditional_seed_knowledge":"no","soil_enhancers":["compost"],"chem_fertilizer_reliance":"not_used","pest_control":["local"],"pesticide_reliance":"partial","marketing_challenges":["low_prices"],"logistics_challenges":["high_transport_cost"],"climate_change_noticed":"yes","climate_changes":["rainfall_decrease"],"climate_impacts":["season_delay","pollination"],"info_sources":["social_media"],"raises_poultry":"no","poultry_purpose":null,"farmer_type":"type_c","low_input_practices":"yes"},"status":{"owns_land":"reported","land_size_band":"reported","soil_types":"reported","crop_groups":"reported","water_sources":"reported","water_availability":"reported","water_scarcity":"reported","irrigation_need_change":"reported","energy_sources":"reported","production_level":"reported","coop_member":"reported","homes_trad_food":"reported","seed_criteria":"reported","seed_sources":"reported","seed_challenges":"reported","traditional_seed_knowledge":"reported","soil_enhancers":"reported","chem_fertilizer_reliance":"reported","pest_control":"reported","pesticide_reliance":"reported","marketing_challenges":"reported","logistics_challenges":"reported","climate_change_noticed":"reported","climate_changes":"reported","climate_impacts":"reported","info_sources":"reported","raises_poultry":"reported","poultry_purpose":"not_applicable","farmer_type":"reported","low_input_practices":"reported"}}},{"type":"Feature","id":"CH-Y3JRMT:chouf_2026","geometry":{"type":"Point","coordinates":[35.42611,33.695]},"properties":{"entity_type":"survey_respondent_public","respondent_id":"CH-Y3JRMT","instrument":"chouf_2026","area_name_en":"Saadiyat","area_name_ar":"السعديات","district_en":"Chouf","district_ar":"الشوف","location_basis":"residence_village","geom_origin":"osm_place_point","spatial_precision":"locality","anchor":[35.42611,33.695],"display_offset_m":0,"c__owns_land":"yes","c__land_size_band":"gt_2_ha","c__soil_types":"loamy","c__crop_groups":"tropical_fruits","c__water_sources":"well","c__water_availability":"sometimes","c__water_scarcity":"yes","c__irrigation_need_change":"decrease","c__energy_sources":"solar","c__production_level":"small","c__coop_member":"no","c__homes_trad_food":"few","c__seed_criteria":"productivity","c__seed_sources":"neighbour","c__seed_challenges":"high_cost","c__traditional_seed_knowledge":"no","c__soil_enhancers":"chemical","c__chem_fertilizer_reliance":"partial","c__pest_control":"chemical","c__pesticide_reliance":"total","c__marketing_challenges":"low_prices","c__logistics_challenges":"high_transport_cost","c__climate_change_noticed":"yes","c__climate_changes":"temperature_rise","c__climate_impacts":"production_decrease","c__info_sources":"extension_agents","c__raises_poultry":"yes","c__poultry_purpose":"home_consumption","c__farmer_type":"type_a","c__low_input_practices":"yes","values":{"owns_land":"yes","land_size_band":"gt_2_ha","soil_types":["loamy"],"crop_groups":["tropical_fruits"],"water_sources":["well"],"water_availability":"sometimes","water_scarcity":"yes","irrigation_need_change":"decrease","energy_sources":["solar"],"production_level":"small","coop_member":"no","homes_trad_food":"few","seed_criteria":["productivity"],"seed_sources":["neighbour"],"seed_challenges":["high_cost"],"traditional_seed_knowledge":"no","soil_enhancers":["chemical","manure"],"chem_fertilizer_reliance":"partial","pest_control":["chemical","physical"],"pesticide_reliance":"total","marketing_challenges":["low_prices"],"logistics_challenges":["high_transport_cost"],"climate_change_noticed":"yes","climate_changes":["temperature_rise","rainfall_decrease","heatwaves"],"climate_impacts":["production_decrease","pests_diseases","pollination"],"info_sources":["extension_agents"],"raises_poultry":"yes","poultry_purpose":["home_consumption"],"farmer_type":"type_a","low_input_practices":"yes"},"status":{"owns_land":"reported","land_size_band":"reported","soil_types":"reported","crop_groups":"reported","water_sources":"reported","water_availability":"reported","water_scarcity":"reported","irrigation_need_change":"reported","energy_sources":"reported","production_level":"reported","coop_member":"reported","homes_trad_food":"reported","seed_criteria":"reported","seed_sources":"reported","seed_challenges":"reported","traditional_seed_knowledge":"reported","soil_enhancers":"reported","chem_fertilizer_reliance":"reported","pest_control":"reported","pesticide_reliance":"reported","marketing_challenges":"reported","logistics_challenges":"reported","climate_change_noticed":"reported","climate_changes":"reported","climate_impacts":"reported","info_sources":"reported","raises_poultry":"reported","poultry_purpose":"reported","farmer_type":"reported","low_input_practices":"reported"}}},{"type":"Feature","id":"CH-Y5DEBH:chouf_2026","geometry":{"type":"Point","coordinates":[35.63205,33.69454]},"properties":{"entity_type":"survey_respondent_public","respondent_id":"CH-Y5DEBH","instrument":"chouf_2026","area_name_en":"Kfar Nabrakh","area_name_ar":"كفرنبرخ","district_en":"Chouf","district_ar":"الشوف","location_basis":"residence_village","geom_origin":"osm_settlement_point","spatial_precision":"locality","anchor":[35.63329,33.6947],"display_offset_m":117,"c__owns_land":"yes","c__land_size_band":"lt_5_dunum","c__soil_types":"calcareous","c__crop_groups":"apples_pears","c__water_sources":"tanker","c__water_availability":"rarely","c__water_scarcity":"yes","c__irrigation_need_change":"increase","c__energy_sources":"none","c__production_level":"medium","c__coop_member":"no","c__homes_trad_food":"some","c__seed_criteria":"price","c__seed_sources":"shop","c__seed_challenges":"none","c__traditional_seed_knowledge":"yes","c__soil_enhancers":"chemical","c__chem_fertilizer_reliance":"partial","c__pest_control":"chemical","c__pesticide_reliance":"total","c__marketing_challenges":"low_prices","c__logistics_challenges":"high_transport_cost","c__climate_change_noticed":"yes","c__climate_changes":"temperature_rise","c__climate_impacts":"production_decrease","c__info_sources":"social_media","c__raises_poultry":"no","c__farmer_type":"type_a","c__low_input_practices":"yes","values":{"owns_land":"yes","land_size_band":"lt_5_dunum","soil_types":["calcareous"],"crop_groups":["apples_pears","vegetables"],"water_sources":["tanker","canal","storage"],"water_availability":"rarely","water_scarcity":"yes","irrigation_need_change":"increase","energy_sources":["none"],"production_level":"medium","coop_member":"no","homes_trad_food":"some","seed_criteria":["price","productivity"],"seed_sources":["shop","neighbour"],"seed_challenges":["none"],"traditional_seed_knowledge":"yes","soil_enhancers":["chemical","manure"],"chem_fertilizer_reliance":"partial","pest_control":["chemical"],"pesticide_reliance":"total","marketing_challenges":["low_prices"],"logistics_challenges":["high_transport_cost"],"climate_change_noticed":"yes","climate_changes":["temperature_rise","rainfall_decrease"],"climate_impacts":["production_decrease"],"info_sources":["social_media"],"raises_poultry":"no","poultry_purpose":null,"farmer_type":"type_a","low_input_practices":"yes"},"status":{"owns_land":"reported","land_size_band":"reported","soil_types":"reported","crop_groups":"reported","water_sources":"reported","water_availability":"reported","water_scarcity":"reported","irrigation_need_change":"reported","energy_sources":"reported","production_level":"reported","coop_member":"reported","homes_trad_food":"reported","seed_criteria":"reported","seed_sources":"reported","seed_challenges":"reported","traditional_seed_knowledge":"reported","soil_enhancers":"reported","chem_fertilizer_reliance":"reported","pest_control":"reported","pesticide_reliance":"reported","marketing_challenges":"reported","logistics_challenges":"reported","climate_change_noticed":"reported","climate_changes":"reported","climate_impacts":"reported","info_sources":"reported","raises_poultry":"reported","poultry_purpose":"not_applicable","farmer_type":"reported","low_input_practices":"reported"}}},{"type":"Feature","id":"CH-Y64H8F:chouf_2026","geometry":{"type":"Point","coordinates":[35.67068,33.66754]},"properties":{"entity_type":"survey_respondent_public","respondent_id":"CH-Y64H8F","instrument":"chouf_2026","area_name_en":"Maasser Ech-Chouf","area_name_ar":"معاصر الشوف","district_en":"Chouf","district_ar":"الشوف","location_basis":"residence_village","geom_origin":"osm_settlement_point","spatial_precision":"locality","anchor":[35.67062,33.66832],"display_offset_m":87,"c__owns_land":"yes","c__land_size_band":"lt_5_dunum","c__soil_types":"loamy","c__crop_groups":"apples_pears","c__water_sources":"tanker","c__water_availability":"rarely","c__water_scarcity":"yes","c__irrigation_need_change":"increase","c__energy_sources":"manual","c__production_level":"medium","c__coop_member":"no","c__homes_trad_food":"most","c__seed_criteria":"productivity","c__seed_sources":"shop","c__seed_challenges":"low_availability","c__traditional_seed_knowledge":"yes","c__soil_enhancers":"compost","c__chem_fertilizer_reliance":"not_used","c__pest_control":"biological","c__pesticide_reliance":"not_used","c__marketing_challenges":"low_prices","c__logistics_challenges":"high_transport_cost","c__climate_change_noticed":"yes","c__climate_changes":"temperature_rise","c__climate_impacts":"production_decrease","c__info_sources":"social_media","c__raises_poultry":"yes","c__poultry_purpose":"home_consumption","c__farmer_type":"type_c","c__low_input_practices":"yes","values":{"owns_land":"yes","land_size_band":"lt_5_dunum","soil_types":["loamy"],"crop_groups":["apples_pears"],"water_sources":["tanker","storage"],"water_availability":"rarely","water_scarcity":"yes","irrigation_need_change":"increase","energy_sources":["manual"],"production_level":"medium","coop_member":"no","homes_trad_food":"most","seed_criteria":["productivity"],"seed_sources":["shop","own_harvest"],"seed_challenges":["low_availability"],"traditional_seed_knowledge":"yes","soil_enhancers":["compost","biofertilizer","manure"],"chem_fertilizer_reliance":"not_used","pest_control":["biological","physical"],"pesticide_reliance":"not_used","marketing_challenges":["low_prices"],"logistics_challenges":["high_transport_cost"],"climate_change_noticed":"yes","climate_changes":["temperature_rise","rainfall_decrease","heatwaves"],"climate_impacts":["production_decrease","season_delay"],"info_sources":["social_media","supply_shops"],"raises_poultry":"yes","poultry_purpose":["home_consumption","gifts"],"farmer_type":"type_c","low_input_practices":"yes"},"status":{"owns_land":"reported","land_size_band":"reported","soil_types":"reported","crop_groups":"reported","water_sources":"reported","water_availability":"reported","water_scarcity":"reported","irrigation_need_change":"reported","energy_sources":"reported","production_level":"reported","coop_member":"reported","homes_trad_food":"reported","seed_criteria":"reported","seed_sources":"reported","seed_challenges":"reported","traditional_seed_knowledge":"reported","soil_enhancers":"reported","chem_fertilizer_reliance":"reported","pest_control":"reported","pesticide_reliance":"reported","marketing_challenges":"reported","logistics_challenges":"reported","climate_change_noticed":"reported","climate_changes":"reported","climate_impacts":"reported","info_sources":"reported","raises_poultry":"reported","poultry_purpose":"reported","farmer_type":"reported","low_input_practices":"reported"}}},{"type":"Feature","id":"CH-YH7J6T:chouf_2026","geometry":{"type":"Point","coordinates":[35.58087,33.64467]},"properties":{"entity_type":"survey_respondent_public","respondent_id":"CH-YH7J6T","instrument":"chouf_2026","area_name_en":"Mazraat Ech-Chouf","area_name_ar":"مزرعة","district_en":"Chouf","district_ar":"الشوف","location_basis":"residence_village","geom_origin":"osm_settlement_point","spatial_precision":"locality","anchor":[35.5801,33.64614],"display_offset_m":178,"c__owns_land":"yes","c__land_size_band":"lt_5_dunum","c__soil_types":"loamy","c__crop_groups":"olives","c__water_sources":"rain","c__water_availability":"never","c__water_scarcity":"yes","c__irrigation_need_change":"decrease","c__energy_sources":"gasoline","c__production_level":"medium","c__coop_member":"no","c__homes_trad_food":"few","c__seed_criteria":"price","c__seed_sources":"shop","c__seed_challenges":"high_cost","c__traditional_seed_knowledge":"no","c__soil_enhancers":"manure","c__chem_fertilizer_reliance":"not_used","c__pest_control":"chemical","c__pesticide_reliance":"partial","c__marketing_challenges":"no_transport","c__logistics_challenges":"high_transport_cost","c__climate_change_noticed":"yes","c__climate_changes":"temperature_rise","c__climate_impacts":"production_decrease","c__info_sources":"social_media","c__raises_poultry":"yes","c__poultry_purpose":"home_consumption","c__farmer_type":"type_c","c__low_input_practices":"yes","values":{"owns_land":"yes","land_size_band":"lt_5_dunum","soil_types":["loamy","calcareous"],"crop_groups":["olives","vegetables"],"water_sources":["rain"],"water_availability":"never","water_scarcity":"yes","irrigation_need_change":"decrease","energy_sources":["gasoline"],"production_level":"medium","coop_member":"no","homes_trad_food":"few","seed_criteria":["price"],"seed_sources":["shop"],"seed_challenges":["high_cost"],"traditional_seed_knowledge":"no","soil_enhancers":["manure"],"chem_fertilizer_reliance":"not_used","pest_control":["chemical"],"pesticide_reliance":"partial","marketing_challenges":["no_transport"],"logistics_challenges":["high_transport_cost","no_paved_roads","no_transport"],"climate_change_noticed":"yes","climate_changes":["temperature_rise","rainfall_decrease","heatwaves"],"climate_impacts":["production_decrease","season_delay","pests_diseases","pollination"],"info_sources":["social_media","extension_agents","supply_shops","television"],"raises_poultry":"yes","poultry_purpose":["home_consumption"],"farmer_type":"type_c","low_input_practices":"yes"},"status":{"owns_land":"reported","land_size_band":"reported","soil_types":"reported","crop_groups":"reported","water_sources":"reported","water_availability":"reported","water_scarcity":"reported","irrigation_need_change":"reported","energy_sources":"reported","production_level":"reported","coop_member":"reported","homes_trad_food":"reported","seed_criteria":"reported","seed_sources":"reported","seed_challenges":"reported","traditional_seed_knowledge":"reported","soil_enhancers":"reported","chem_fertilizer_reliance":"reported","pest_control":"reported","pesticide_reliance":"reported","marketing_challenges":"reported","logistics_challenges":"reported","climate_change_noticed":"reported","climate_changes":"reported","climate_impacts":"reported","info_sources":"reported","raises_poultry":"reported","poultry_purpose":"reported","farmer_type":"reported","low_input_practices":"reported"}}},{"type":"Feature","id":"CH-YS4JGS:chouf_2026","geometry":{"type":"Point","coordinates":[35.62304,33.66198]},"properties":{"entity_type":"survey_respondent_public","respondent_id":"CH-YS4JGS","instrument":"chouf_2026","area_name_en":"Botmeh","area_name_ar":"بطمة","district_en":"Chouf","district_ar":"الشوف","location_basis":"residence_village","geom_origin":"osm_settlement_point","spatial_precision":"locality","anchor":[35.62234,33.66126],"display_offset_m":103,"c__owns_land":"yes","c__land_size_band":"gt_1_ha","c__soil_types":"loamy","c__water_sources":"tanker","c__water_availability":"sometimes","c__water_scarcity":"yes","c__irrigation_need_change":"no_change","c__energy_sources":"solar","c__production_level":"medium","c__coop_member":"no","c__homes_trad_food":"few","c__seed_criteria":"price","c__seed_sources":"shop","c__seed_challenges":"high_cost","c__traditional_seed_knowledge":"no","c__soil_enhancers":"manure","c__chem_fertilizer_reliance":"not_used","c__pest_control":"chemical","c__pesticide_reliance":"partial","c__marketing_challenges":"low_prices","c__logistics_challenges":"high_transport_cost","c__climate_change_noticed":"yes","c__climate_changes":"temperature_rise","c__climate_impacts":"production_decrease","c__info_sources":"social_media","c__raises_poultry":"yes","c__poultry_purpose":"local_sale","c__farmer_type":"type_d","c__low_input_practices":"yes","values":{"owns_land":"yes","land_size_band":"gt_1_ha","soil_types":["loamy","clay"],"crop_groups":null,"water_sources":["tanker","storage"],"water_availability":"sometimes","water_scarcity":"yes","irrigation_need_change":"no_change","energy_sources":["solar"],"production_level":"medium","coop_member":"no","homes_trad_food":"few","seed_criteria":["price"],"seed_sources":["shop"],"seed_challenges":["high_cost","low_availability","unreliable_suppliers"],"traditional_seed_knowledge":"no","soil_enhancers":["manure"],"chem_fertilizer_reliance":"not_used","pest_control":["chemical"],"pesticide_reliance":"partial","marketing_challenges":["low_prices","weak_demand"],"logistics_challenges":["high_transport_cost"],"climate_change_noticed":"yes","climate_changes":["temperature_rise","rainfall_decrease","heatwaves"],"climate_impacts":["production_decrease","season_delay"],"info_sources":["social_media","supply_shops"],"raises_poultry":"yes","poultry_purpose":["local_sale"],"farmer_type":"type_d","low_input_practices":"yes"},"status":{"owns_land":"reported","land_size_band":"reported","soil_types":"reported","crop_groups":"invalid","water_sources":"reported","water_availability":"reported","water_scarcity":"reported","irrigation_need_change":"reported","energy_sources":"reported","production_level":"reported","coop_member":"reported","homes_trad_food":"reported","seed_criteria":"reported","seed_sources":"reported","seed_challenges":"reported","traditional_seed_knowledge":"reported","soil_enhancers":"reported","chem_fertilizer_reliance":"reported","pest_control":"reported","pesticide_reliance":"reported","marketing_challenges":"reported","logistics_challenges":"reported","climate_change_noticed":"reported","climate_changes":"reported","climate_impacts":"reported","info_sources":"reported","raises_poultry":"reported","poultry_purpose":"reported","farmer_type":"reported","low_input_practices":"reported"}}},{"type":"Feature","id":"CH-YUKCA2:chouf_2026","geometry":{"type":"Point","coordinates":[35.6804,33.70292]},"properties":{"entity_type":"survey_respondent_public","respondent_id":"CH-YUKCA2","instrument":"chouf_2026","area_name_en":"Barouk","area_name_ar":"الباروك","district_en":"Chouf","district_ar":"الشوف","location_basis":"residence_village","geom_origin":"osm_settlement_point","spatial_precision":"locality","anchor":[35.68119,33.70411],"display_offset_m":151,"c__owns_land":"yes","c__land_size_band":"lt_1_ha","c__soil_types":"loamy","c__crop_groups":"other_fruits","c__water_sources":"well","c__water_availability":"rarely","c__water_scarcity":"yes","c__irrigation_need_change":"increase","c__energy_sources":"diesel","c__production_level":"medium","c__coop_member":"no","c__homes_trad_food":"some","c__seed_criteria":"productivity","c__seed_sources":"shop","c__seed_challenges":"high_cost","c__traditional_seed_knowledge":"yes","c__soil_enhancers":"manure","c__chem_fertilizer_reliance":"not_used","c__pest_control":"physical","c__pesticide_reliance":"partial","c__marketing_challenges":"low_prices","c__logistics_challenges":"high_transport_cost","c__climate_change_noticed":"yes","c__climate_changes":"rainfall_decrease","c__climate_impacts":"production_decrease","c__info_sources":"social_media","c__raises_poultry":"yes","c__poultry_purpose":"home_consumption","c__farmer_type":"type_c","c__low_input_practices":"yes","values":{"owns_land":"yes","land_size_band":"lt_1_ha","soil_types":["loamy"],"crop_groups":["other_fruits","vegetables"],"water_sources":["well","canal"],"water_availability":"rarely","water_scarcity":"yes","irrigation_need_change":"increase","energy_sources":["diesel"],"production_level":"medium","coop_member":"no","homes_trad_food":"some","seed_criteria":["productivity"],"seed_sources":["shop"],"seed_challenges":["high_cost","unreliable_suppliers"],"traditional_seed_knowledge":"yes","soil_enhancers":["manure"],"chem_fertilizer_reliance":"not_used","pest_control":["physical"],"pesticide_reliance":"partial","marketing_challenges":["low_prices","far_markets"],"logistics_challenges":["high_transport_cost"],"climate_change_noticed":"yes","climate_changes":["rainfall_decrease"],"climate_impacts":["production_decrease","season_delay","pests_diseases"],"info_sources":["social_media","supply_shops"],"raises_poultry":"yes","poultry_purpose":["home_consumption","gifts"],"farmer_type":"type_c","low_input_practices":"yes"},"status":{"owns_land":"reported","land_size_band":"reported","soil_types":"reported","crop_groups":"reported","water_sources":"reported","water_availability":"reported","water_scarcity":"reported","irrigation_need_change":"reported","energy_sources":"reported","production_level":"reported","coop_member":"reported","homes_trad_food":"reported","seed_criteria":"reported","seed_sources":"reported","seed_challenges":"reported","traditional_seed_knowledge":"reported","soil_enhancers":"reported","chem_fertilizer_reliance":"reported","pest_control":"reported","pesticide_reliance":"reported","marketing_challenges":"reported","logistics_challenges":"reported","climate_change_noticed":"reported","climate_changes":"reported","climate_impacts":"reported","info_sources":"reported","raises_poultry":"reported","poultry_purpose":"reported","farmer_type":"reported","low_input_practices":"reported"}}},{"type":"Feature","id":"CH-YZHN8G:chouf_2026","geometry":{"type":"Point","coordinates":[35.45664,33.73011]},"properties":{"entity_type":"survey_respondent_public","respondent_id":"CH-YZHN8G","instrument":"chouf_2026","area_name_en":"Damour","area_name_ar":"الدامور","district_en":"Chouf","district_ar":"الشوف","location_basis":"residence_village","geom_origin":"osm_settlement_point","spatial_precision":"locality","anchor":[35.45548,33.73076],"display_offset_m":129,"c__owns_land":"yes","c__land_size_band":"gt_1_ha","c__soil_types":"sandy","c__crop_groups":"other_fruits","c__water_sources":"well","c__water_availability":"sometimes","c__water_scarcity":"no","c__irrigation_need_change":"increase","c__energy_sources":"solar","c__production_level":"large","c__coop_member":"no","c__homes_trad_food":"few","c__seed_criteria":"pest_resistance","c__seed_sources":"shop","c__seed_challenges":"low_availability","c__traditional_seed_knowledge":"yes","c__soil_enhancers":"compost","c__chem_fertilizer_reliance":"not_used","c__pest_control":"biological","c__pesticide_reliance":"not_used","c__marketing_challenges":"poor_packaging","c__climate_change_noticed":"yes","c__climate_changes":"temperature_rise","c__climate_impacts":"production_decrease","c__info_sources":"social_media","c__raises_poultry":"yes","c__poultry_purpose":"local_sale","c__farmer_type":"type_c","c__low_input_practices":"yes","values":{"owns_land":"yes","land_size_band":"gt_1_ha","soil_types":["sandy"],"crop_groups":["other_fruits","vegetables"],"water_sources":["well"],"water_availability":"sometimes","water_scarcity":"no","irrigation_need_change":"increase","energy_sources":["solar"],"production_level":"large","coop_member":"no","homes_trad_food":"few","seed_criteria":["pest_resistance"],"seed_sources":["shop"],"seed_challenges":["low_availability"],"traditional_seed_knowledge":"yes","soil_enhancers":["compost","biofertilizer","manure"],"chem_fertilizer_reliance":"not_used","pest_control":["biological","physical"],"pesticide_reliance":"not_used","marketing_challenges":["poor_packaging"],"logistics_challenges":null,"climate_change_noticed":"yes","climate_changes":["temperature_rise"],"climate_impacts":["production_decrease","pests_diseases"],"info_sources":["social_media"],"raises_poultry":"yes","poultry_purpose":["local_sale"],"farmer_type":"type_c","low_input_practices":"yes"},"status":{"owns_land":"reported","land_size_band":"reported","soil_types":"reported","crop_groups":"reported","water_sources":"reported","water_availability":"reported","water_scarcity":"reported","irrigation_need_change":"reported","energy_sources":"reported","production_level":"reported","coop_member":"reported","homes_trad_food":"reported","seed_criteria":"reported","seed_sources":"reported","seed_challenges":"reported","traditional_seed_knowledge":"reported","soil_enhancers":"reported","chem_fertilizer_reliance":"reported","pest_control":"reported","pesticide_reliance":"reported","marketing_challenges":"reported","logistics_challenges":"not_provided","climate_change_noticed":"reported","climate_changes":"reported","climate_impacts":"reported","info_sources":"reported","raises_poultry":"reported","poultry_purpose":"reported","farmer_type":"reported","low_input_practices":"reported"}}},{"type":"Feature","id":"CH-Z56A7E:chouf_2026","geometry":{"type":"Point","coordinates":[35.65298,33.69403]},"properties":{"entity_type":"survey_respondent_public","respondent_id":"CH-Z56A7E","instrument":"chouf_2026","area_name_en":"Batloun","area_name_ar":"بتلون","district_en":"Chouf","district_ar":"الشوف","location_basis":"residence_village","geom_origin":"osm_settlement_point","spatial_precision":"locality","anchor":[35.65221,33.6955],"display_offset_m":178,"c__owns_land":"yes","c__land_size_band":"lt_5_dunum","c__soil_types":"loamy","c__crop_groups":"apples_pears","c__water_sources":"river","c__water_availability":"rarely","c__water_scarcity":"yes","c__irrigation_need_change":"increase","c__energy_sources":"none","c__production_level":"medium","c__coop_member":"yes","c__homes_trad_food":"most","c__seed_criteria":"price","c__seed_sources":"shop","c__seed_challenges":"high_cost","c__traditional_seed_knowledge":"yes","c__soil_enhancers":"chemical","c__chem_fertilizer_reliance":"partial","c__pest_control":"chemical","c__pesticide_reliance":"total","c__climate_change_noticed":"yes","c__climate_changes":"temperature_rise","c__climate_impacts":"production_decrease","c__info_sources":"social_media","c__raises_poultry":"no","c__farmer_type":"type_b","c__low_input_practices":"yes","values":{"owns_land":"yes","land_size_band":"lt_5_dunum","soil_types":["loamy"],"crop_groups":["apples_pears","vegetables"],"water_sources":["river"],"water_availability":"rarely","water_scarcity":"yes","irrigation_need_change":"increase","energy_sources":["none"],"production_level":"medium","coop_member":"yes","homes_trad_food":"most","seed_criteria":["price"],"seed_sources":["shop"],"seed_challenges":["high_cost"],"traditional_seed_knowledge":"yes","soil_enhancers":["chemical","compost","manure"],"chem_fertilizer_reliance":"partial","pest_control":["chemical"],"pesticide_reliance":"total","marketing_challenges":null,"logistics_challenges":null,"climate_change_noticed":"yes","climate_changes":["temperature_rise","rainfall_decrease"],"climate_impacts":["production_decrease","season_delay","pests_diseases"],"info_sources":["social_media","extension_agents"],"raises_poultry":"no","poultry_purpose":null,"farmer_type":"type_b","low_input_practices":"yes"},"status":{"owns_land":"reported","land_size_band":"reported","soil_types":"reported","crop_groups":"reported","water_sources":"reported","water_availability":"reported","water_scarcity":"reported","irrigation_need_change":"reported","energy_sources":"reported","production_level":"reported","coop_member":"reported","homes_trad_food":"reported","seed_criteria":"reported","seed_sources":"reported","seed_challenges":"reported","traditional_seed_knowledge":"reported","soil_enhancers":"reported","chem_fertilizer_reliance":"reported","pest_control":"reported","pesticide_reliance":"reported","marketing_challenges":"not_provided","logistics_challenges":"not_provided","climate_change_noticed":"reported","climate_changes":"reported","climate_impacts":"reported","info_sources":"reported","raises_poultry":"reported","poultry_purpose":"not_applicable","farmer_type":"reported","low_input_practices":"reported"}}},{"type":"Feature","id":"CH-ZBST8J:chouf_2026","geometry":{"type":"Point","coordinates":[35.56231,33.67723]},"properties":{"entity_type":"survey_respondent_public","respondent_id":"CH-ZBST8J","instrument":"chouf_2026","area_name_en":"Baaqline","area_name_ar":"بعقلين","district_en":"Chouf","district_ar":"الشوف","location_basis":"residence_village","geom_origin":"osm_settlement_point","spatial_precision":"locality","anchor":[35.56355,33.67739],"display_offset_m":117,"c__owns_land":"yes","c__land_size_band":"lt_5_dunum","c__soil_types":"clay","c__crop_groups":"legumes","c__water_sources":"public_network","c__water_availability":"sometimes","c__water_scarcity":"yes","c__irrigation_need_change":"increase","c__energy_sources":"manual","c__production_level":"small","c__coop_member":"no","c__homes_trad_food":"few","c__seed_criteria":"productivity","c__seed_sources":"shop","c__seed_challenges":"unsuitable","c__traditional_seed_knowledge":"yes","c__soil_enhancers":"manure","c__chem_fertilizer_reliance":"not_used","c__pest_control":"chemical","c__pesticide_reliance":"not_used","c__logistics_challenges":"no_paved_roads","c__climate_change_noticed":"yes","c__climate_changes":"rainfall_decrease","c__climate_impacts":"production_decrease","c__info_sources":"social_media","c__raises_poultry":"no","c__farmer_type":"type_c","c__low_input_practices":"yes","values":{"owns_land":"yes","land_size_band":"lt_5_dunum","soil_types":["clay"],"crop_groups":["legumes"],"water_sources":["public_network"],"water_availability":"sometimes","water_scarcity":"yes","irrigation_need_change":"increase","energy_sources":["manual"],"production_level":"small","coop_member":"no","homes_trad_food":"few","seed_criteria":["productivity"],"seed_sources":["shop","association"],"seed_challenges":["unsuitable"],"traditional_seed_knowledge":"yes","soil_enhancers":["manure"],"chem_fertilizer_reliance":"not_used","pest_control":["chemical"],"pesticide_reliance":"not_used","marketing_challenges":null,"logistics_challenges":["no_paved_roads"],"climate_change_noticed":"yes","climate_changes":["rainfall_decrease","heatwaves","frost"],"climate_impacts":["production_decrease"],"info_sources":["social_media"],"raises_poultry":"no","poultry_purpose":null,"farmer_type":"type_c","low_input_practices":"yes"},"status":{"owns_land":"reported","land_size_band":"reported","soil_types":"reported","crop_groups":"reported","water_sources":"reported","water_availability":"reported","water_scarcity":"reported","irrigation_need_change":"reported","energy_sources":"reported","production_level":"reported","coop_member":"reported","homes_trad_food":"reported","seed_criteria":"reported","seed_sources":"reported","seed_challenges":"reported","traditional_seed_knowledge":"reported","soil_enhancers":"reported","chem_fertilizer_reliance":"reported","pest_control":"reported","pesticide_reliance":"reported","marketing_challenges":"not_provided","logistics_challenges":"reported","climate_change_noticed":"reported","climate_changes":"reported","climate_impacts":"reported","info_sources":"reported","raises_poultry":"reported","poultry_purpose":"not_applicable","farmer_type":"reported","low_input_practices":"reported"}}},{"type":"Feature","id":"CH-ZCGA32:chouf_2026","geometry":{"type":"Point","coordinates":[35.40572,33.58956]},"properties":{"entity_type":"survey_respondent_public","respondent_id":"CH-ZCGA32","instrument":"chouf_2026","area_name_en":"Aalmane Ech-Chouf","area_name_ar":"علمان الشوف","district_en":"Chouf","district_ar":"الشوف","location_basis":"residence_village","geom_origin":"osm_settlement_point","spatial_precision":"locality","anchor":[35.40697,33.58799],"display_offset_m":209,"c__owns_land":"yes","c__land_size_band":"lt_5_dunum","c__soil_types":"calcareous","c__crop_groups":"citrus","c__water_sources":"well","c__water_availability":"sometimes","c__water_scarcity":"no","c__irrigation_need_change":"increase","c__energy_sources":"grid","c__production_level":"medium","c__coop_member":"no","c__homes_trad_food":"few","c__seed_criteria":"none","c__seed_challenges":"none","c__traditional_seed_knowledge":"no","c__soil_enhancers":"chemical","c__chem_fertilizer_reliance":"total","c__pest_control":"chemical","c__pesticide_reliance":"total","c__marketing_challenges":"low_prices","c__climate_change_noticed":"yes","c__climate_changes":"rainfall_decrease","c__climate_impacts":"pests_diseases","c__info_sources":"social_media","c__raises_poultry":"no","c__farmer_type":"type_a","c__low_input_practices":"no","values":{"owns_land":"yes","land_size_band":"lt_5_dunum","soil_types":["calcareous"],"crop_groups":["citrus","tropical_fruits"],"water_sources":["well"],"water_availability":"sometimes","water_scarcity":"no","irrigation_need_change":"increase","energy_sources":["grid"],"production_level":"medium","coop_member":"no","homes_trad_food":"few","seed_criteria":["none"],"seed_sources":null,"seed_challenges":["none"],"traditional_seed_knowledge":"no","soil_enhancers":["chemical"],"chem_fertilizer_reliance":"total","pest_control":["chemical"],"pesticide_reliance":"total","marketing_challenges":["low_prices"],"logistics_challenges":null,"climate_change_noticed":"yes","climate_changes":["rainfall_decrease"],"climate_impacts":["pests_diseases"],"info_sources":["social_media"],"raises_poultry":"no","poultry_purpose":null,"farmer_type":"type_a","low_input_practices":"no"},"status":{"owns_land":"reported","land_size_band":"reported","soil_types":"reported","crop_groups":"reported","water_sources":"reported","water_availability":"reported","water_scarcity":"reported","irrigation_need_change":"reported","energy_sources":"reported","production_level":"reported","coop_member":"reported","homes_trad_food":"reported","seed_criteria":"reported","seed_sources":"not_provided","seed_challenges":"reported","traditional_seed_knowledge":"reported","soil_enhancers":"reported","chem_fertilizer_reliance":"reported","pest_control":"reported","pesticide_reliance":"reported","marketing_challenges":"reported","logistics_challenges":"not_provided","climate_change_noticed":"reported","climate_changes":"reported","climate_impacts":"reported","info_sources":"reported","raises_poultry":"reported","poultry_purpose":"not_applicable","farmer_type":"reported","low_input_practices":"reported"}}},{"type":"Feature","id":"CH-ZCGYGL:chouf_2026","geometry":{"type":"Point","coordinates":[35.65047,33.6239]},"properties":{"entity_type":"survey_respondent_public","respondent_id":"CH-ZCGYGL","instrument":"chouf_2026","area_name_en":"Mristi","area_name_ar":"مرستى","district_en":"Chouf","district_ar":"الشوف","location_basis":"residence_village","geom_origin":"osm_settlement_point","spatial_precision":"locality","anchor":[35.64859,33.62264],"display_offset_m":223,"c__owns_land":"yes","c__land_size_band":"lt_5_dunum","c__soil_types":"clay","c__crop_groups":"apples_pears","c__water_sources":"rain","c__water_availability":"sometimes","c__water_scarcity":"yes","c__irrigation_need_change":"increase","c__energy_sources":"manual","c__production_level":"medium","c__coop_member":"no","c__homes_trad_food":"almost_all","c__seed_criteria":"price","c__seed_sources":"shop","c__seed_challenges":"high_cost","c__traditional_seed_knowledge":"no","c__soil_enhancers":"manure","c__chem_fertilizer_reliance":"partial","c__pest_control":"chemical","c__pesticide_reliance":"partial","c__marketing_challenges":"low_prices","c__logistics_challenges":"no_paved_roads","c__climate_change_noticed":"yes","c__climate_changes":"temperature_rise","c__climate_impacts":"production_decrease","c__info_sources":"social_media","c__raises_poultry":"no","c__farmer_type":"type_d","c__low_input_practices":"yes","values":{"owns_land":"yes","land_size_band":"lt_5_dunum","soil_types":["clay"],"crop_groups":["apples_pears","vegetables"],"water_sources":["rain","storage"],"water_availability":"sometimes","water_scarcity":"yes","irrigation_need_change":"increase","energy_sources":["manual"],"production_level":"medium","coop_member":"no","homes_trad_food":"almost_all","seed_criteria":["price","productivity"],"seed_sources":["shop"],"seed_challenges":["high_cost"],"traditional_seed_knowledge":"no","soil_enhancers":["manure"],"chem_fertilizer_reliance":"partial","pest_control":["chemical"],"pesticide_reliance":"partial","marketing_challenges":["low_prices"],"logistics_challenges":["no_paved_roads"],"climate_change_noticed":"yes","climate_changes":["temperature_rise","rainfall_decrease"],"climate_impacts":["production_decrease"],"info_sources":["social_media"],"raises_poultry":"no","poultry_purpose":null,"farmer_type":"type_d","low_input_practices":"yes"},"status":{"owns_land":"reported","land_size_band":"reported","soil_types":"reported","crop_groups":"reported","water_sources":"reported","water_availability":"reported","water_scarcity":"reported","irrigation_need_change":"reported","energy_sources":"reported","production_level":"reported","coop_member":"reported","homes_trad_food":"reported","seed_criteria":"reported","seed_sources":"reported","seed_challenges":"reported","traditional_seed_knowledge":"reported","soil_enhancers":"reported","chem_fertilizer_reliance":"reported","pest_control":"reported","pesticide_reliance":"reported","marketing_challenges":"reported","logistics_challenges":"reported","climate_change_noticed":"reported","climate_changes":"reported","climate_impacts":"reported","info_sources":"reported","raises_poultry":"reported","poultry_purpose":"not_applicable","farmer_type":"reported","low_input_practices":"reported"}}},{"type":"Feature","id":"CH-ZDDMP8:chouf_2026","geometry":{"type":"Point","coordinates":[35.58075,33.64773]},"properties":{"entity_type":"survey_respondent_public","respondent_id":"CH-ZDDMP8","instrument":"chouf_2026","area_name_en":"Mazraat Ech-Chouf","area_name_ar":"مزرعة","district_en":"Chouf","district_ar":"الشوف","location_basis":"residence_village","geom_origin":"osm_settlement_point","spatial_precision":"locality","anchor":[35.5801,33.64614],"display_offset_m":187,"c__owns_land":"yes","c__land_size_band":"lt_5_dunum","c__soil_types":"loamy","c__crop_groups":"olives","c__water_sources":"storage","c__water_availability":"sometimes","c__water_scarcity":"yes","c__irrigation_need_change":"increase","c__energy_sources":"manual","c__production_level":"small","c__coop_member":"no","c__homes_trad_food":"some","c__seed_criteria":"none","c__seed_sources":"shop","c__seed_challenges":"high_cost","c__traditional_seed_knowledge":"no","c__soil_enhancers":"manure","c__chem_fertilizer_reliance":"partial","c__pest_control":"chemical","c__pesticide_reliance":"partial","c__climate_change_noticed":"yes","c__climate_changes":"rainfall_decrease","c__climate_impacts":"production_decrease","c__info_sources":"supply_shops","c__raises_poultry":"yes","c__poultry_purpose":"home_consumption","c__farmer_type":"type_d","c__low_input_practices":"yes","values":{"owns_land":"yes","land_size_band":"lt_5_dunum","soil_types":["loamy"],"crop_groups":["olives","vegetables"],"water_sources":["storage"],"water_availability":"sometimes","water_scarcity":"yes","irrigation_need_change":"increase","energy_sources":["manual","gravity"],"production_level":"small","coop_member":"no","homes_trad_food":"some","seed_criteria":["none"],"seed_sources":["shop"],"seed_challenges":["high_cost"],"traditional_seed_knowledge":"no","soil_enhancers":["manure"],"chem_fertilizer_reliance":"partial","pest_control":["chemical"],"pesticide_reliance":"partial","marketing_challenges":null,"logistics_challenges":null,"climate_change_noticed":"yes","climate_changes":["rainfall_decrease"],"climate_impacts":["production_decrease"],"info_sources":["supply_shops"],"raises_poultry":"yes","poultry_purpose":["home_consumption"],"farmer_type":"type_d","low_input_practices":"yes"},"status":{"owns_land":"reported","land_size_band":"reported","soil_types":"reported","crop_groups":"reported","water_sources":"reported","water_availability":"reported","water_scarcity":"reported","irrigation_need_change":"reported","energy_sources":"reported","production_level":"reported","coop_member":"reported","homes_trad_food":"reported","seed_criteria":"reported","seed_sources":"reported","seed_challenges":"reported","traditional_seed_knowledge":"reported","soil_enhancers":"reported","chem_fertilizer_reliance":"reported","pest_control":"reported","pesticide_reliance":"reported","marketing_challenges":"not_provided","logistics_challenges":"not_provided","climate_change_noticed":"reported","climate_changes":"reported","climate_impacts":"reported","info_sources":"reported","raises_poultry":"reported","poultry_purpose":"reported","farmer_type":"reported","low_input_practices":"reported"}}},{"type":"Feature","id":"CH-ZJU39S:chouf_2026","geometry":{"type":"Point","coordinates":[35.68283,33.70457]},"properties":{"entity_type":"survey_respondent_public","respondent_id":"CH-ZJU39S","instrument":"chouf_2026","area_name_en":"Barouk","area_name_ar":"الباروك","district_en":"Chouf","district_ar":"الشوف","location_basis":"residence_village","geom_origin":"osm_settlement_point","spatial_precision":"locality","anchor":[35.68119,33.70411],"display_offset_m":160,"c__owns_land":"yes","c__land_size_band":"lt_1_ha","c__soil_types":"loamy","c__crop_groups":"apples_pears","c__water_sources":"river","c__water_availability":"sometimes","c__water_scarcity":"yes","c__irrigation_need_change":"increase","c__energy_sources":"manual","c__production_level":"medium","c__coop_member":"no","c__homes_trad_food":"few","c__seed_criteria":"productivity","c__seed_sources":"neighbour","c__seed_challenges":"none","c__traditional_seed_knowledge":"yes","c__soil_enhancers":"compost","c__chem_fertilizer_reliance":"not_used","c__pest_control":"biological","c__pesticide_reliance":"not_used","c__marketing_challenges":"low_prices","c__logistics_challenges":"high_transport_cost","c__climate_change_noticed":"yes","c__climate_changes":"temperature_rise","c__climate_impacts":"production_decrease","c__info_sources":"social_media","c__raises_poultry":"yes","c__poultry_purpose":"home_consumption","c__farmer_type":"type_c","c__low_input_practices":"yes","values":{"owns_land":"yes","land_size_band":"lt_1_ha","soil_types":["loamy"],"crop_groups":["apples_pears","vegetables"],"water_sources":["river"],"water_availability":"sometimes","water_scarcity":"yes","irrigation_need_change":"increase","energy_sources":["manual"],"production_level":"medium","coop_member":"no","homes_trad_food":"few","seed_criteria":["productivity","pest_resistance"],"seed_sources":["neighbour","own_harvest"],"seed_challenges":["none"],"traditional_seed_knowledge":"yes","soil_enhancers":["compost"],"chem_fertilizer_reliance":"not_used","pest_control":["biological","physical"],"pesticide_reliance":"not_used","marketing_challenges":["low_prices","weak_demand"],"logistics_challenges":["high_transport_cost"],"climate_change_noticed":"yes","climate_changes":["temperature_rise","rainfall_decrease","frost"],"climate_impacts":["production_decrease","pests_diseases"],"info_sources":["social_media","extension_agents"],"raises_poultry":"yes","poultry_purpose":["home_consumption","local_sale"],"farmer_type":"type_c","low_input_practices":"yes"},"status":{"owns_land":"reported","land_size_band":"reported","soil_types":"reported","crop_groups":"reported","water_sources":"reported","water_availability":"reported","water_scarcity":"reported","irrigation_need_change":"reported","energy_sources":"reported","production_level":"reported","coop_member":"reported","homes_trad_food":"reported","seed_criteria":"reported","seed_sources":"reported","seed_challenges":"reported","traditional_seed_knowledge":"reported","soil_enhancers":"reported","chem_fertilizer_reliance":"reported","pest_control":"reported","pesticide_reliance":"reported","marketing_challenges":"reported","logistics_challenges":"reported","climate_change_noticed":"reported","climate_changes":"reported","climate_impacts":"reported","info_sources":"reported","raises_poultry":"reported","poultry_purpose":"reported","farmer_type":"reported","low_input_practices":"reported"}}},{"type":"Feature","id":"CH-ZXK5WH:chouf_2026","geometry":{"type":"Point","coordinates":[35.61408,33.65104]},"properties":{"entity_type":"survey_respondent_public","respondent_id":"CH-ZXK5WH","instrument":"chouf_2026","area_name_en":"Aain Qania","area_name_ar":"عين قني","district_en":"Chouf","district_ar":"الشوف","location_basis":"residence_village","geom_origin":"osm_settlement_point","spatial_precision":"locality","anchor":[35.61408,33.65104],"display_offset_m":0,"c__owns_land":"yes","c__land_size_band":"lt_5_dunum","c__soil_types":"clay","c__crop_groups":"vegetables","c__water_sources":"river","c__water_availability":"sometimes","c__water_scarcity":"yes","c__irrigation_need_change":"increase","c__energy_sources":"manual","c__production_level":"small","c__coop_member":"no","c__homes_trad_food":"almost_all","c__seed_criteria":"productivity","c__seed_sources":"shop","c__seed_challenges":"high_cost","c__traditional_seed_knowledge":"yes","c__soil_enhancers":"manure","c__chem_fertilizer_reliance":"partial","c__pest_control":"local","c__pesticide_reliance":"partial","c__marketing_challenges":"weak_demand","c__logistics_challenges":"no_transport","c__climate_change_noticed":"yes","c__climate_changes":"temperature_rise","c__climate_impacts":"production_decrease","c__info_sources":"social_media","c__raises_poultry":"yes","c__poultry_purpose":"home_consumption","c__farmer_type":"type_d","c__low_input_practices":"yes","values":{"owns_land":"yes","land_size_band":"lt_5_dunum","soil_types":["clay"],"crop_groups":["vegetables","legumes"],"water_sources":["river"],"water_availability":"sometimes","water_scarcity":"yes","irrigation_need_change":"increase","energy_sources":["manual"],"production_level":"small","coop_member":"no","homes_trad_food":"almost_all","seed_criteria":["productivity"],"seed_sources":["shop","own_harvest"],"seed_challenges":["high_cost","unreliable_suppliers"],"traditional_seed_knowledge":"yes","soil_enhancers":["manure"],"chem_fertilizer_reliance":"partial","pest_control":["local"],"pesticide_reliance":"partial","marketing_challenges":["weak_demand","far_markets"],"logistics_challenges":["no_transport"],"climate_change_noticed":"yes","climate_changes":["temperature_rise","rainfall_decrease"],"climate_impacts":["production_decrease","season_delay"],"info_sources":["social_media","extension_agents"],"raises_poultry":"yes","poultry_purpose":["home_consumption","local_sale"],"farmer_type":"type_d","low_input_practices":"yes"},"status":{"owns_land":"reported","land_size_band":"reported","soil_types":"reported","crop_groups":"reported","water_sources":"reported","water_availability":"reported","water_scarcity":"reported","irrigation_need_change":"reported","energy_sources":"reported","production_level":"reported","coop_member":"reported","homes_trad_food":"reported","seed_criteria":"reported","seed_sources":"reported","seed_challenges":"reported","traditional_seed_knowledge":"reported","soil_enhancers":"reported","chem_fertilizer_reliance":"reported","pest_control":"reported","pesticide_reliance":"reported","marketing_challenges":"reported","logistics_challenges":"reported","climate_change_noticed":"reported","climate_changes":"reported","climate_impacts":"reported","info_sources":"reported","raises_poultry":"reported","poultry_purpose":"reported","farmer_type":"reported","low_input_practices":"reported"}}}]}